0
SECTION
2
HEADER
9
$ACADVER
1
AC1032
9
$INSUNITS
70
4
9
$LTSCALE
40
1
9
$MEASUREMENT
70
1
999
CONDUIT:{"parameters":{"Radius":"12","Spacing":"36"},"constraints":[],"metadata":{"description":"Compare all viewport styles, section contours, material coefficients and transparent overla
999
CONDUIT:p.","modeling":{"version":1,"preferredMode":"3d"},"display3d":{"style":"realistic","environment":"studio","exposure":0,"grid":false,"ground":true,"shadows":true,"ambientOcclusion":
999
CONDUIT:true,"aoStrength":0.65,"aoRadius":0.06,"background":"gradient","backgroundColor":"#f0f5f5","backgroundTop":"#cddde6","groundColor":"#e0e4e4","edgeColor":"#344d58","hiddenColor":"#8
999
CONDUIT:0959d","edgeWidth":1,"silhouetteWidth":1.8,"creaseAngle":35,"edgeDetail":"feature","hiddenDash":7,"xrayOpacity":0.24,"jitter":1.1,"overhang":2.5,"quality":"balanced","sectionCaps":
999
CONDUIT:true,"capColor":"#e2b86c","capHatch":true}}}
9
$HANDSEED
5
136
9
$DWGCODEPAGE
3
ANSI_1252
9
$CLAYER
8
0
9
$TILEMODE
70
1
0
ENDSEC
0
SECTION
2
TABLES
0
TABLE
2
LTYPE
5
113
330
0
100
AcDbSymbolTable
70
4
0
LTYPE
5
114
100
AcDbSymbolTableRecord
100
AcDbLinetypeTableRecord
2
CONTINUOUS
70
0
3
Solid line
72
65
73
0
40
0
330
113
0
LTYPE
5
115
100
AcDbSymbolTableRecord
100
AcDbLinetypeTableRecord
2
DASHED
70
0
3
DASHED
72
65
73
2
40
12
49
8
74
0
49
-4
74
0
330
113
0
LTYPE
5
116
100
AcDbSymbolTableRecord
100
AcDbLinetypeTableRecord
2
CENTER
70
0
3
CENTER
72
65
73
4
40
20
49
12
74
0
49
-3
74
0
49
2
74
0
49
-3
74
0
330
113
0
LTYPE
5
117
100
AcDbSymbolTableRecord
100
AcDbLinetypeTableRecord
2
HIDDEN
70
0
3
HIDDEN
72
65
73
2
40
7
49
4
74
0
49
-3
74
0
330
113
0
ENDTAB
0
TABLE
2
LAYER
5
118
330
0
100
AcDbSymbolTable
70
6
0
LAYER
5
119
100
AcDbSymbolTableRecord
100
AcDbLayerTableRecord
2
0
70
0
62
7
420
3426133
6
CONTINUOUS
330
118
0
LAYER
5
11A
100
AcDbSymbolTableRecord
100
AcDbLayerTableRecord
2
Equipment
70
0
62
7
420
3495011
6
CONTINUOUS
330
118
0
LAYER
5
11B
100
AcDbSymbolTableRecord
100
AcDbLayerTableRecord
2
Process
70
0
62
7
420
1342583
6
CONTINUOUS
330
118
0
LAYER
5
11C
100
AcDbSymbolTableRecord
100
AcDbLayerTableRecord
2
Instruments
70
0
62
7
420
10187334
6
CONTINUOUS
330
118
0
LAYER
5
11D
100
AcDbSymbolTableRecord
100
AcDbLayerTableRecord
2
Electrical
70
0
62
7
420
6584250
6
CONTINUOUS
330
118
0
LAYER
5
11E
100
AcDbSymbolTableRecord
100
AcDbLayerTableRecord
2
Annotations
70
0
62
7
420
7438474
6
CONTINUOUS
330
118
0
ENDTAB
0
TABLE
2
STYLE
5
11F
330
0
100
AcDbSymbolTable
70
1
0
STYLE
5
120
100
AcDbSymbolTableRecord
100
AcDbTextStyleTableRecord
2
STANDARD
70
0
40
0
41
1
50
0
71
0
42
2.5
3
txt
4

330
11F
0
ENDTAB
0
TABLE
2
APPID
5
121
330
0
100
AcDbSymbolTable
70
2
0
APPID
5
122
100
AcDbSymbolTableRecord
100
AcDbRegAppTableRecord
2
CONDUITCAD
70
0
330
121
0
APPID
5
12F
100
AcDbSymbolTableRecord
100
AcDbRegAppTableRecord
2
ACAD
70
0
330
121
0
ENDTAB
0
TABLE
2
BLOCK_RECORD
5
123
330
0
100
AcDbSymbolTable
70
2
0
BLOCK_RECORD
5
124
100
AcDbSymbolTableRecord
100
AcDbBlockTableRecord
2
*Model_Space
340
133
330
123
0
BLOCK_RECORD
5
125
100
AcDbSymbolTableRecord
100
AcDbBlockTableRecord
2
*Paper_Space
340
134
330
123
0
ENDTAB
0
TABLE
2
VPORT
5
12A
330
0
100
AcDbSymbolTable
70
0
0
ENDTAB
0
TABLE
2
VIEW
5
12B
330
0
100
AcDbSymbolTable
70
0
0
ENDTAB
0
TABLE
2
UCS
5
12C
330
0
100
AcDbSymbolTable
70
0
0
ENDTAB
0
TABLE
2
DIMSTYLE
5
12D
330
0
100
AcDbSymbolTable
70
1
100
AcDbDimStyleTable
71
0
0
DIMSTYLE
105
12E
330
12D
100
AcDbSymbolTableRecord
100
AcDbDimStyleTableRecord
2
STANDARD
70
0
340
120
0
ENDTAB
0
ENDSEC
0
SECTION
2
BLOCKS
0
BLOCK
5
126
330
124
100
AcDbEntity
8
0
100
AcDbBlockBegin
2
*Model_Space
70
1
10
0
20
0
30
0
3
*Model_Space
1

1001
CONDUITCAD
1000
{"ports":[]}
0
ENDBLK
5
127
330
124
100
AcDbEntity
8
0
100
AcDbBlockEnd
0
BLOCK
5
128
330
125
100
AcDbEntity
8
0
100
AcDbBlockBegin
2
*Paper_Space
70
1
10
0
20
0
30
0
3
*Paper_Space
1

1001
CONDUITCAD
1000
{"ports":[]}
0
ENDBLK
5
129
330
125
100
AcDbEntity
8
0
100
AcDbBlockEnd
0
ENDSEC
0
SECTION
2
ENTITIES
0
MESH
5
100
330
124
100
AcDbEntity
8
Equipment
62
7
420
5672603
440
33554687
100
AcDbSubDMesh
71
2
72
0
91
0
92
366
10
0
20
0
30
5
10
2.6702512074757734
20
0
30
5.300865053818116
10
2.6033024347053493
20
0.5941867925854853
30
5.300865053818116
10
2.405813207414515
20
1.1585785782827631
30
5.300865053818116
10
2.0876864601028307
20
1.6648743962621138
30
5.300865053818116
10
1.664874396262114
20
2.0876864601028307
30
5.300865053818116
10
1.1585785782827631
20
2.405813207414515
30
5.300865053818116
10
0.5941867925854855
20
2.6033024347053493
30
5.300865053818116
10
1.6350572970772804e-16
20
2.6702512074757734
30
5.300865053818116
10
-0.5941867925854852
20
2.6033024347053493
30
5.300865053818116
10
-1.158578578282763
20
2.405813207414515
30
5.300865053818116
10
-1.6648743962621138
20
2.0876864601028307
30
5.300865053818116
10
-2.0876864601028298
20
1.6648743962621149
30
5.300865053818116
10
-2.405813207414515
20
1.1585785782827633
30
5.300865053818116
10
-2.6033024347053497
20
0.5941867925854846
30
5.300865053818116
10
-2.6702512074757734
20
3.270114594154561e-16
30
5.300865053818116
10
-2.6033024347053497
20
-0.5941867925854839
30
5.300865053818116
10
-2.405813207414515
20
-1.1585785782827627
30
5.300865053818116
10
-2.0876864601028298
20
-1.6648743962621146
30
5.300865053818116
10
-1.6648743962621144
20
-2.08768646010283
30
5.300865053818116
10
-1.1585785782827636
20
-2.405813207414515
30
5.300865053818116
10
-0.5941867925854859
20
-2.6033024347053493
30
5.300865053818116
10
-4.905171891231841e-16
20
-2.6702512074757734
30
5.300865053818116
10
0.5941867925854825
20
-2.6033024347053497
30
5.300865053818116
10
1.1585785782827627
20
-2.4058132074145155
30
5.300865053818116
10
1.6648743962621135
20
-2.0876864601028307
30
5.300865053818116
10
2.08768646010283
20
-1.6648743962621144
30
5.300865053818116
10
2.405813207414516
20
-1.1585785782827613
30
5.300865053818116
10
2.603302434705349
20
-0.594186792585486
30
5.300865053818116
10
5.2066048694106986
20
0
30
6.18837358517097
10
5.076064414890289
20
1.158578578282763
30
6.18837358517097
10
4.69098889480818
20
2.2590611888475993
30
6.18837358517097
10
4.070687603676629
20
3.2462650383855935
30
6.18837358517097
10
3.246265038385594
20
4.070687603676629
30
6.18837358517097
10
2.2590611888475998
20
4.69098889480818
30
6.18837358517097
10
1.1585785782827633
20
5.076064414890289
30
6.18837358517097
10
3.1881259938744174e-16
20
5.2066048694106986
30
6.18837358517097
10
-1.1585785782827627
20
5.076064414890289
30
6.18837358517097
10
-2.259061188847599
20
4.69098889480818
30
6.18837358517097
10
-3.2462650383855935
20
4.07068760367663
30
6.18837358517097
10
-4.070687603676627
20
3.2462650383855958
30
6.18837358517097
10
-4.6909888948081795
20
2.2590611888475998
30
6.18837358517097
10
-5.076064414890289
20
1.1585785782827613
30
6.18837358517097
10
-5.2066048694106986
20
6.376251987748835e-16
30
6.18837358517097
10
-5.076064414890289
20
-1.15857857828276
30
6.18837358517097
10
-4.69098889480818
20
-2.259061188847599
30
6.18837358517097
10
-4.070687603676628
20
-3.246265038385595
30
6.18837358517097
10
-3.2462650383855944
20
-4.070687603676628
30
6.18837358517097
10
-2.2590611888476
20
-4.6909888948081795
30
6.18837358517097
10
-1.158578578282764
20
-5.076064414890289
30
6.18837358517097
10
-9.564377981623253e-16
20
-5.2066048694106986
30
6.18837358517097
10
1.1585785782827576
20
-5.07606441489029
30
6.18837358517097
10
2.2590611888475984
20
-4.69098889480818
30
6.18837358517097
10
3.2462650383855927
20
-4.07068760367663
30
6.18837358517097
10
4.070687603676628
20
-3.2462650383855944
30
6.18837358517097
10
4.690988894808181
20
-2.259061188847596
30
6.18837358517097
10
5.076064414890288
20
-1.1585785782827642
30
6.18837358517097
10
7.481877622304803
20
0
30
7.618022210383643
10
7.294291329513529
20
1.6648743962621138
30
7.618022210383643
10
6.740938811152402
20
3.246265038385593
30
7.618022210383643
10
5.849567473090942
20
4.664874396262114
30
7.618022210383643
10
4.664874396262115
20
5.849567473090942
30
7.618022210383643
10
3.2462650383855935
20
6.740938811152402
30
7.618022210383643
10
1.664874396262114
20
7.294291329513529
30
7.618022210383643
10
4.581328740883894e-16
20
7.481877622304803
30
7.618022210383643
10
-1.6648743962621133
20
7.294291329513529
30
7.618022210383643
10
-3.2462650383855927
20
6.740938811152402
30
7.618022210383643
10
-4.664874396262114
20
5.849567473090943
30
7.618022210383643
10
-5.849567473090939
20
4.664874396262117
30
7.618022210383643
10
-6.740938811152401
20
3.246265038385594
30
7.618022210383643
10
-7.29429132951353
20
1.6648743962621113
30
7.618022210383643
10
-7.481877622304803
20
9.162657481767787e-16
30
7.618022210383643
10
-7.29429132951353
20
-1.6648743962621095
30
7.618022210383643
10
-6.740938811152402
20
-3.246265038385592
30
7.618022210383643
10
-5.84956747309094
20
-4.664874396262116
30
7.618022210383643
10
-4.664874396262116
20
-5.849567473090941
30
7.618022210383643
10
-3.2462650383855944
20
-6.740938811152401
30
7.618022210383643
10
-1.664874396262115
20
-7.294291329513529
30
7.618022210383643
10
-1.374398622265168e-15
20
-7.481877622304803
30
7.618022210383643
10
1.6648743962621058
20
-7.29429132951353
30
7.618022210383643
10
3.246265038385592
20
-6.740938811152403
30
7.618022210383643
10
4.664874396262113
20
-5.849567473090943
30
7.618022210383643
10
5.849567473090941
20
-4.664874396262116
30
7.618022210383643
10
6.740938811152404
20
-3.2462650383855887
30
7.618022210383643
10
7.294291329513528
20
-1.6648743962621155
30
7.618022210383643
10
9.381977789616357
20
0
30
9.518122377695198
10
9.146752018566916
20
2.0876864601028298
30
9.518122377695198
10
8.45286990779629
20
4.070687603676628
30
9.518122377695198
10
7.335125603737886
20
5.849567473090941
30
9.518122377695198
10
5.849567473090942
20
7.335125603737886
30
9.518122377695198
10
4.070687603676629
20
8.45286990779629
30
9.518122377695198
10
2.08768646010283
20
9.146752018566916
30
9.518122377695198
10
5.7448045348626155e-16
20
9.381977789616357
30
9.518122377695198
10
-2.0876864601028293
20
9.146752018566916
30
9.518122377695198
10
-4.070687603676627
20
8.45286990779629
30
9.518122377695198
10
-5.849567473090941
20
7.335125603737887
30
9.518122377695198
10
-7.3351256037378825
20
5.8495674730909455
30
9.518122377695198
10
-8.45286990779629
20
4.070687603676629
30
9.518122377695198
10
-9.146752018566916
20
2.087686460102827
30
9.518122377695198
10
-9.381977789616357
20
1.1489609069725231e-15
30
9.518122377695198
10
-9.146752018566916
20
-2.087686460102825
30
9.518122377695198
10
-8.45286990779629
20
-4.070687603676627
30
9.518122377695198
10
-7.335125603737884
20
-5.849567473090944
30
9.518122377695198
10
-5.849567473090943
20
-7.335125603737885
30
9.518122377695198
10
-4.07068760367663
20
-8.45286990779629
30
9.518122377695198
10
-2.0876864601028315
20
-9.146752018566916
30
9.518122377695198
10
-1.7234413604587847e-15
20
-9.381977789616357
30
9.518122377695198
10
2.08768646010282
20
-9.146752018566918
30
9.518122377695198
10
4.070687603676626
20
-8.452869907796291
30
9.518122377695198
10
5.84956747309094
20
-7.335125603737887
30
9.518122377695198
10
7.335125603737885
20
-5.849567473090943
30
9.518122377695198
10
8.452869907796293
20
-4.070687603676622
30
9.518122377695198
10
9.146752018566914
20
-2.0876864601028324
30
9.518122377695198
10
10.81162641482903
20
0
30
11.793395130589303
10
10.540556367899121
20
2.4058132074145147
30
11.793395130589303
10
9.740938811152402
20
4.6909888948081795
30
11.793395130589303
10
8.452869907796291
20
6.740938811152401
30
11.793395130589303
10
6.740938811152402
20
8.452869907796291
30
11.793395130589303
10
4.6909888948081795
20
9.740938811152402
30
11.793395130589303
10
2.4058132074145155
20
10.540556367899121
30
11.793395130589303
10
6.620211841248673e-16
20
10.81162641482903
30
11.793395130589303
10
-2.405813207414514
20
10.540556367899121
30
11.793395130589303
10
-4.690988894808179
20
9.740938811152402
30
11.793395130589303
10
-6.740938811152401
20
8.452869907796291
30
11.793395130589303
10
-8.452869907796288
20
6.740938811152406
30
11.793395130589303
10
-9.7409388111524
20
4.69098889480818
30
11.793395130589303
10
-10.540556367899123
20
2.4058132074145115
30
11.793395130589303
10
-10.81162641482903
20
1.3240423682497347e-15
30
11.793395130589303
10
-10.540556367899123
20
-2.405813207414509
30
11.793395130589303
10
-9.740938811152402
20
-4.690988894808178
30
11.793395130589303
10
-8.452869907796288
20
-6.740938811152405
30
11.793395130589303
10
-6.740938811152404
20
-8.45286990779629
30
11.793395130589303
10
-4.690988894808181
20
-9.7409388111524
30
11.793395130589303
10
-2.405813207414517
20
-10.540556367899121
30
11.793395130589303
10
-1.986063552374602e-15
20
-10.81162641482903
30
11.793395130589303
10
2.4058132074145036
20
-10.540556367899123
30
11.793395130589303
10
4.690988894808178
20
-9.740938811152404
30
11.793395130589303
10
6.7409388111524
20
-8.452869907796291
30
11.793395130589303
10
8.45286990779629
20
-6.740938811152404
30
11.793395130589303
10
9.740938811152404
20
-4.690988894808172
30
11.793395130589303
10
10.54055636789912
20
-2.4058132074145173
30
11.793395130589303
10
11.699134946181884
20
0
30
14.329748792524228
10
11.405813207414516
20
2.603302434705349
30
14.329748792524228
10
10.540556367899121
20
5.076064414890288
30
14.329748792524228
10
9.146752018566916
20
7.294291329513527
30
14.329748792524228
10
7.294291329513529
20
9.146752018566916
30
14.329748792524228
10
5.076064414890289
20
10.540556367899121
30
14.329748792524228
10
2.6033024347053493
20
11.405813207414516
30
14.329748792524228
10
7.163654082317293e-16
20
11.699134946181884
30
14.329748792524228
10
-2.603302434705348
20
11.405813207414516
30
14.329748792524228
10
-5.076064414890287
20
10.540556367899121
30
14.329748792524228
10
-7.294291329513527
20
9.146752018566918
30
14.329748792524228
10
-9.146752018566913
20
7.294291329513532
30
14.329748792524228
10
-10.54055636789912
20
5.076064414890289
30
14.329748792524228
10
-11.405813207414516
20
2.6033024347053453
30
14.329748792524228
10
-11.699134946181884
20
1.4327308164634586e-15
30
14.329748792524228
10
-11.405813207414516
20
-2.603302434705342
30
14.329748792524228
10
-10.540556367899121
20
-5.076064414890286
30
14.329748792524228
10
-9.146752018566914
20
-7.294291329513531
30
14.329748792524228
10
-7.29429132951353
20
-9.146752018566914
30
14.329748792524228
10
-5.07606441489029
20
-10.54055636789912
30
14.329748792524228
10
-2.603302434705351
20
-11.405813207414516
30
14.329748792524228
10
-2.1490962246951877e-15
20
-11.699134946181884
30
14.329748792524228
10
2.6033024347053364
20
-11.405813207414518
30
14.329748792524228
10
5.076064414890286
20
-10.540556367899123
30
14.329748792524228
10
7.294291329513526
20
-9.146752018566918
30
14.329748792524228
10
9.146752018566914
20
-7.29429132951353
30
14.329748792524228
10
10.540556367899123
20
-5.076064414890281
30
14.329748792524228
10
11.405813207414514
20
-2.6033024347053515
30
14.329748792524228
10
12
20
0
30
17
10
11.699134946181884
20
2.670251207475773
30
17
10
10.81162641482903
20
5.206604869410698
30
17
10
9.381977789616357
20
7.481877622304802
30
17
10
7.481877622304803
20
9.381977789616357
30
17
10
5.2066048694106986
20
10.81162641482903
30
17
10
2.6702512074757734
20
11.699134946181884
30
17
10
7.347880794884119e-16
20
12
30
17
10
-2.670251207475772
20
11.699134946181884
30
17
10
-5.206604869410697
20
10.81162641482903
30
17
10
-7.481877622304802
20
9.381977789616359
30
17
10
-9.381977789616354
20
7.481877622304808
30
17
10
-10.811626414829028
20
5.2066048694106986
30
17
10
-11.699134946181886
20
2.670251207475769
30
17
10
-12
20
1.4695761589768238e-15
30
17
10
-11.699134946181886
20
-2.670251207475766
30
17
10
-10.81162641482903
20
-5.206604869410696
30
17
10
-9.381977789616355
20
-7.481877622304806
30
17
10
-7.481877622304804
20
-9.381977789616357
30
17
10
-5.206604869410699
20
-10.811626414829028
30
17
10
-2.670251207475775
20
-11.699134946181884
30
17
10
-2.204364238465236e-15
20
-12
30
17
10
2.67025120747576
20
-11.699134946181886
30
17
10
5.206604869410695
20
-10.811626414829032
30
17
10
7.4818776223048005
20
-9.381977789616359
30
17
10
9.381977789616357
20
-7.481877622304804
30
17
10
10.811626414829032
20
-5.20660486941069
30
17
10
11.699134946181882
20
-2.6702512074757756
30
17
10
11.699134946181884
20
0
30
19.670251207475772
10
11.405813207414516
20
2.603302434705349
30
19.670251207475772
10
10.540556367899121
20
5.076064414890288
30
19.670251207475772
10
9.146752018566916
20
7.294291329513527
30
19.670251207475772
10
7.294291329513529
20
9.146752018566916
30
19.670251207475772
10
5.076064414890289
20
10.540556367899121
30
19.670251207475772
10
2.6033024347053493
20
11.405813207414516
30
19.670251207475772
10
7.163654082317293e-16
20
11.699134946181884
30
19.670251207475772
10
-2.603302434705348
20
11.405813207414516
30
19.670251207475772
10
-5.076064414890287
20
10.540556367899121
30
19.670251207475772
10
-7.294291329513527
20
9.146752018566918
30
19.670251207475772
10
-9.146752018566913
20
7.294291329513532
30
19.670251207475772
10
-10.54055636789912
20
5.076064414890289
30
19.670251207475772
10
-11.405813207414516
20
2.6033024347053453
30
19.670251207475772
10
-11.699134946181884
20
1.4327308164634586e-15
30
19.670251207475772
10
-11.405813207414516
20
-2.603302434705342
30
19.670251207475772
10
-10.540556367899121
20
-5.076064414890286
30
19.670251207475772
10
-9.146752018566914
20
-7.294291329513531
30
19.670251207475772
10
-7.29429132951353
20
-9.146752018566914
30
19.670251207475772
10
-5.07606441489029
20
-10.54055636789912
30
19.670251207475772
10
-2.603302434705351
20
-11.405813207414516
30
19.670251207475772
10
-2.1490962246951877e-15
20
-11.699134946181884
30
19.670251207475772
10
2.6033024347053364
20
-11.405813207414518
30
19.670251207475772
10
5.076064414890286
20
-10.540556367899123
30
19.670251207475772
10
7.294291329513526
20
-9.146752018566918
30
19.670251207475772
10
9.146752018566914
20
-7.29429132951353
30
19.670251207475772
10
10.540556367899123
20
-5.076064414890281
30
19.670251207475772
10
11.405813207414514
20
-2.6033024347053515
30
19.670251207475772
10
10.81162641482903
20
0
30
22.206604869410697
10
10.540556367899121
20
2.4058132074145147
30
22.206604869410697
10
9.740938811152402
20
4.6909888948081795
30
22.206604869410697
10
8.452869907796291
20
6.740938811152401
30
22.206604869410697
10
6.740938811152402
20
8.452869907796291
30
22.206604869410697
10
4.6909888948081795
20
9.740938811152402
30
22.206604869410697
10
2.4058132074145155
20
10.540556367899121
30
22.206604869410697
10
6.620211841248673e-16
20
10.81162641482903
30
22.206604869410697
10
-2.405813207414514
20
10.540556367899121
30
22.206604869410697
10
-4.690988894808179
20
9.740938811152402
30
22.206604869410697
10
-6.740938811152401
20
8.452869907796291
30
22.206604869410697
10
-8.452869907796288
20
6.740938811152406
30
22.206604869410697
10
-9.7409388111524
20
4.69098889480818
30
22.206604869410697
10
-10.540556367899123
20
2.4058132074145115
30
22.206604869410697
10
-10.81162641482903
20
1.3240423682497347e-15
30
22.206604869410697
10
-10.540556367899123
20
-2.405813207414509
30
22.206604869410697
10
-9.740938811152402
20
-4.690988894808178
30
22.206604869410697
10
-8.452869907796288
20
-6.740938811152405
30
22.206604869410697
10
-6.740938811152404
20
-8.45286990779629
30
22.206604869410697
10
-4.690988894808181
20
-9.7409388111524
30
22.206604869410697
10
-2.405813207414517
20
-10.540556367899121
30
22.206604869410697
10
-1.986063552374602e-15
20
-10.81162641482903
30
22.206604869410697
10
2.4058132074145036
20
-10.540556367899123
30
22.206604869410697
10
4.690988894808178
20
-9.740938811152404
30
22.206604869410697
10
6.7409388111524
20
-8.452869907796291
30
22.206604869410697
10
8.45286990779629
20
-6.740938811152404
30
22.206604869410697
10
9.740938811152404
20
-4.690988894808172
30
22.206604869410697
10
10.54055636789912
20
-2.4058132074145173
30
22.206604869410697
10
9.381977789616357
20
0
30
24.4818776223048
10
9.146752018566916
20
2.0876864601028298
30
24.4818776223048
10
8.45286990779629
20
4.070687603676628
30
24.4818776223048
10
7.335125603737886
20
5.849567473090941
30
24.4818776223048
10
5.849567473090942
20
7.335125603737886
30
24.4818776223048
10
4.070687603676629
20
8.45286990779629
30
24.4818776223048
10
2.08768646010283
20
9.146752018566916
30
24.4818776223048
10
5.7448045348626155e-16
20
9.381977789616357
30
24.4818776223048
10
-2.0876864601028293
20
9.146752018566916
30
24.4818776223048
10
-4.070687603676627
20
8.45286990779629
30
24.4818776223048
10
-5.849567473090941
20
7.335125603737887
30
24.4818776223048
10
-7.3351256037378825
20
5.8495674730909455
30
24.4818776223048
10
-8.45286990779629
20
4.070687603676629
30
24.4818776223048
10
-9.146752018566916
20
2.087686460102827
30
24.4818776223048
10
-9.381977789616357
20
1.1489609069725231e-15
30
24.4818776223048
10
-9.146752018566916
20
-2.087686460102825
30
24.4818776223048
10
-8.45286990779629
20
-4.070687603676627
30
24.4818776223048
10
-7.335125603737884
20
-5.849567473090944
30
24.4818776223048
10
-5.849567473090943
20
-7.335125603737885
30
24.4818776223048
10
-4.07068760367663
20
-8.45286990779629
30
24.4818776223048
10
-2.0876864601028315
20
-9.146752018566916
30
24.4818776223048
10
-1.7234413604587847e-15
20
-9.381977789616357
30
24.4818776223048
10
2.08768646010282
20
-9.146752018566918
30
24.4818776223048
10
4.070687603676626
20
-8.452869907796291
30
24.4818776223048
10
5.84956747309094
20
-7.335125603737887
30
24.4818776223048
10
7.335125603737885
20
-5.849567473090943
30
24.4818776223048
10
8.452869907796293
20
-4.070687603676622
30
24.4818776223048
10
9.146752018566914
20
-2.0876864601028324
30
24.4818776223048
10
7.481877622304808
20
0
30
26.381977789616354
10
7.294291329513532
20
1.6648743962621146
30
26.381977789616354
10
6.7409388111524065
20
3.2462650383855953
30
26.381977789616354
10
5.8495674730909455
20
4.664874396262117
30
26.381977789616354
10
4.6648743962621175
20
5.8495674730909455
30
26.381977789616354
10
3.2462650383855958
20
6.7409388111524065
30
26.381977789616354
10
1.664874396262115
20
7.294291329513532
30
26.381977789616354
10
4.581328740883897e-16
20
7.481877622304808
30
26.381977789616354
10
-1.6648743962621142
20
7.294291329513532
30
26.381977789616354
10
-3.246265038385595
20
6.7409388111524065
30
26.381977789616354
10
-4.664874396262117
20
5.849567473090946
30
26.381977789616354
10
-5.849567473090943
20
4.66487439626212
30
26.381977789616354
10
-6.740938811152406
20
3.246265038385596
30
26.381977789616354
10
-7.294291329513533
20
1.6648743962621124
30
26.381977789616354
10
-7.481877622304808
20
9.162657481767793e-16
30
26.381977789616354
10
-7.294291329513533
20
-1.6648743962621104
30
26.381977789616354
10
-6.7409388111524065
20
-3.2462650383855944
30
26.381977789616354
10
-5.849567473090944
20
-4.664874396262119
30
26.381977789616354
10
-4.664874396262118
20
-5.849567473090945
30
26.381977789616354
10
-3.246265038385596
20
-6.740938811152406
30
26.381977789616354
10
-1.6648743962621162
20
-7.294291329513532
30
26.381977789616354
10
-1.3743986222651688e-15
20
-7.481877622304808
30
26.381977789616354
10
1.6648743962621066
20
-7.294291329513534
30
26.381977789616354
10
3.246265038385594
20
-6.7409388111524065
30
26.381977789616354
10
4.664874396262116
20
-5.849567473090946
30
26.381977789616354
10
5.849567473090945
20
-4.664874396262118
30
26.381977789616354
10
6.740938811152407
20
-3.2462650383855904
30
26.381977789616354
10
7.294291329513532
20
-1.6648743962621164
30
26.381977789616354
10
5.2066048694106986
20
0
30
27.81162641482903
10
5.076064414890289
20
1.158578578282763
30
27.81162641482903
10
4.69098889480818
20
2.2590611888475993
30
27.81162641482903
10
4.070687603676629
20
3.2462650383855935
30
27.81162641482903
10
3.246265038385594
20
4.070687603676629
30
27.81162641482903
10
2.2590611888475998
20
4.69098889480818
30
27.81162641482903
10
1.1585785782827633
20
5.076064414890289
30
27.81162641482903
10
3.1881259938744174e-16
20
5.2066048694106986
30
27.81162641482903
10
-1.1585785782827627
20
5.076064414890289
30
27.81162641482903
10
-2.259061188847599
20
4.69098889480818
30
27.81162641482903
10
-3.2462650383855935
20
4.07068760367663
30
27.81162641482903
10
-4.070687603676627
20
3.2462650383855958
30
27.81162641482903
10
-4.6909888948081795
20
2.2590611888475998
30
27.81162641482903
10
-5.076064414890289
20
1.1585785782827613
30
27.81162641482903
10
-5.2066048694106986
20
6.376251987748835e-16
30
27.81162641482903
10
-5.076064414890289
20
-1.15857857828276
30
27.81162641482903
10
-4.69098889480818
20
-2.259061188847599
30
27.81162641482903
10
-4.070687603676628
20
-3.246265038385595
30
27.81162641482903
10
-3.2462650383855944
20
-4.070687603676628
30
27.81162641482903
10
-2.2590611888476
20
-4.6909888948081795
30
27.81162641482903
10
-1.158578578282764
20
-5.076064414890289
30
27.81162641482903
10
-9.564377981623253e-16
20
-5.2066048694106986
30
27.81162641482903
10
1.1585785782827576
20
-5.07606441489029
30
27.81162641482903
10
2.2590611888475984
20
-4.69098889480818
30
27.81162641482903
10
3.2462650383855927
20
-4.07068760367663
30
27.81162641482903
10
4.070687603676628
20
-3.2462650383855944
30
27.81162641482903
10
4.690988894808181
20
-2.259061188847596
30
27.81162641482903
10
5.076064414890288
20
-1.1585785782827642
30
27.81162641482903
10
2.6702512074757685
20
0
30
28.699134946181886
10
2.6033024347053444
20
0.5941867925854842
30
28.699134946181886
10
2.405813207414511
20
1.158578578282761
30
28.699134946181886
10
2.0876864601028267
20
1.6648743962621106
30
28.699134946181886
10
1.664874396262111
20
2.0876864601028267
30
28.699134946181886
10
1.1585785782827611
20
2.405813207414511
30
28.699134946181886
10
0.5941867925854843
20
2.6033024347053444
30
28.699134946181886
10
1.6350572970772775e-16
20
2.6702512074757685
30
28.699134946181886
10
-0.5941867925854841
20
2.6033024347053444
30
28.699134946181886
10
-1.1585785782827607
20
2.405813207414511
30
28.699134946181886
10
-1.6648743962621106
20
2.087686460102827
30
28.699134946181886
10
-2.0876864601028258
20
1.664874396262112
30
28.699134946181886
10
-2.4058132074145107
20
1.1585785782827611
30
28.699134946181886
10
-2.603302434705345
20
0.5941867925854835
30
28.699134946181886
10
-2.6702512074757685
20
3.270114594154555e-16
30
28.699134946181886
10
-2.603302434705345
20
-0.5941867925854828
30
28.699134946181886
10
-2.405813207414511
20
-1.1585785782827607
30
28.699134946181886
10
-2.087686460102826
20
-1.6648743962621115
30
28.699134946181886
10
-1.6648743962621113
20
-2.087686460102826
30
28.699134946181886
10
-1.1585785782827613
20
-2.4058132074145107
30
28.699134946181886
10
-0.5941867925854848
20
-2.6033024347053444
30
28.699134946181886
10
-4.905171891231832e-16
20
-2.6702512074757685
30
28.699134946181886
10
0.5941867925854815
20
-2.6033024347053453
30
28.699134946181886
10
1.1585785782827605
20
-2.405813207414511
30
28.699134946181886
10
1.6648743962621104
20
-2.087686460102827
30
28.699134946181886
10
2.087686460102826
20
-1.6648743962621113
30
28.699134946181886
10
2.4058132074145115
20
-1.1585785782827593
30
28.699134946181886
10
2.6033024347053444
20
-0.5941867925854849
30
28.699134946181886
10
0
20
0
30
29
93
1904
90
3
90
0
90
2
90
1
90
3
90
365
90
337
90
338
90
4
90
1
90
2
90
30
90
29
90
4
90
29
90
30
90
58
90
57
90
4
90
57
90
58
90
86
90
85
90
4
90
85
90
86
90
114
90
113
90
4
90
113
90
114
90
142
90
141
90
4
90
141
90
142
90
170
90
169
90
4
90
169
90
170
90
198
90
197
90
4
90
197
90
198
90
226
90
225
90
4
90
225
90
226
90
254
90
253
90
4
90
253
90
254
90
282
90
281
90
4
90
281
90
282
90
310
90
309
90
4
90
309
90
310
90
338
90
337
90
3
90
0
90
3
90
2
90
3
90
365
90
338
90
339
90
4
90
2
90
3
90
31
90
30
90
4
90
30
90
31
90
59
90
58
90
4
90
58
90
59
90
87
90
86
90
4
90
86
90
87
90
115
90
114
90
4
90
114
90
115
90
143
90
142
90
4
90
142
90
143
90
171
90
170
90
4
90
170
90
171
90
199
90
198
90
4
90
198
90
199
90
227
90
226
90
4
90
226
90
227
90
255
90
254
90
4
90
254
90
255
90
283
90
282
90
4
90
282
90
283
90
311
90
310
90
4
90
310
90
311
90
339
90
338
90
3
90
0
90
4
90
3
90
3
90
365
90
339
90
340
90
4
90
3
90
4
90
32
90
31
90
4
90
31
90
32
90
60
90
59
90
4
90
59
90
60
90
88
90
87
90
4
90
87
90
88
90
116
90
115
90
4
90
115
90
116
90
144
90
143
90
4
90
143
90
144
90
172
90
171
90
4
90
171
90
172
90
200
90
199
90
4
90
199
90
200
90
228
90
227
90
4
90
227
90
228
90
256
90
255
90
4
90
255
90
256
90
284
90
283
90
4
90
283
90
284
90
312
90
311
90
4
90
311
90
312
90
340
90
339
90
3
90
0
90
5
90
4
90
3
90
365
90
340
90
341
90
4
90
4
90
5
90
33
90
32
90
4
90
32
90
33
90
61
90
60
90
4
90
60
90
61
90
89
90
88
90
4
90
88
90
89
90
117
90
116
90
4
90
116
90
117
90
145
90
144
90
4
90
144
90
145
90
173
90
172
90
4
90
172
90
173
90
201
90
200
90
4
90
200
90
201
90
229
90
228
90
4
90
228
90
229
90
257
90
256
90
4
90
256
90
257
90
285
90
284
90
4
90
284
90
285
90
313
90
312
90
4
90
312
90
313
90
341
90
340
90
3
90
0
90
6
90
5
90
3
90
365
90
341
90
342
90
4
90
5
90
6
90
34
90
33
90
4
90
33
90
34
90
62
90
61
90
4
90
61
90
62
90
90
90
89
90
4
90
89
90
90
90
118
90
117
90
4
90
117
90
118
90
146
90
145
90
4
90
145
90
146
90
174
90
173
90
4
90
173
90
174
90
202
90
201
90
4
90
201
90
202
90
230
90
229
90
4
90
229
90
230
90
258
90
257
90
4
90
257
90
258
90
286
90
285
90
4
90
285
90
286
90
314
90
313
90
4
90
313
90
314
90
342
90
341
90
3
90
0
90
7
90
6
90
3
90
365
90
342
90
343
90
4
90
6
90
7
90
35
90
34
90
4
90
34
90
35
90
63
90
62
90
4
90
62
90
63
90
91
90
90
90
4
90
90
90
91
90
119
90
118
90
4
90
118
90
119
90
147
90
146
90
4
90
146
90
147
90
175
90
174
90
4
90
174
90
175
90
203
90
202
90
4
90
202
90
203
90
231
90
230
90
4
90
230
90
231
90
259
90
258
90
4
90
258
90
259
90
287
90
286
90
4
90
286
90
287
90
315
90
314
90
4
90
314
90
315
90
343
90
342
90
3
90
0
90
8
90
7
90
3
90
365
90
343
90
344
90
4
90
7
90
8
90
36
90
35
90
4
90
35
90
36
90
64
90
63
90
4
90
63
90
64
90
92
90
91
90
4
90
91
90
92
90
120
90
119
90
4
90
119
90
120
90
148
90
147
90
4
90
147
90
148
90
176
90
175
90
4
90
175
90
176
90
204
90
203
90
4
90
203
90
204
90
232
90
231
90
4
90
231
90
232
90
260
90
259
90
4
90
259
90
260
90
288
90
287
90
4
90
287
90
288
90
316
90
315
90
4
90
315
90
316
90
344
90
343
90
3
90
0
90
9
90
8
90
3
90
365
90
344
90
345
90
4
90
8
90
9
90
37
90
36
90
4
90
36
90
37
90
65
90
64
90
4
90
64
90
65
90
93
90
92
90
4
90
92
90
93
90
121
90
120
90
4
90
120
90
121
90
149
90
148
90
4
90
148
90
149
90
177
90
176
90
4
90
176
90
177
90
205
90
204
90
4
90
204
90
205
90
233
90
232
90
4
90
232
90
233
90
261
90
260
90
4
90
260
90
261
90
289
90
288
90
4
90
288
90
289
90
317
90
316
90
4
90
316
90
317
90
345
90
344
90
3
90
0
90
10
90
9
90
3
90
365
90
345
90
346
90
4
90
9
90
10
90
38
90
37
90
4
90
37
90
38
90
66
90
65
90
4
90
65
90
66
90
94
90
93
90
4
90
93
90
94
90
122
90
121
90
4
90
121
90
122
90
150
90
149
90
4
90
149
90
150
90
178
90
177
90
4
90
177
90
178
90
206
90
205
90
4
90
205
90
206
90
234
90
233
90
4
90
233
90
234
90
262
90
261
90
4
90
261
90
262
90
290
90
289
90
4
90
289
90
290
90
318
90
317
90
4
90
317
90
318
90
346
90
345
90
3
90
0
90
11
90
10
90
3
90
365
90
346
90
347
90
4
90
10
90
11
90
39
90
38
90
4
90
38
90
39
90
67
90
66
90
4
90
66
90
67
90
95
90
94
90
4
90
94
90
95
90
123
90
122
90
4
90
122
90
123
90
151
90
150
90
4
90
150
90
151
90
179
90
178
90
4
90
178
90
179
90
207
90
206
90
4
90
206
90
207
90
235
90
234
90
4
90
234
90
235
90
263
90
262
90
4
90
262
90
263
90
291
90
290
90
4
90
290
90
291
90
319
90
318
90
4
90
318
90
319
90
347
90
346
90
3
90
0
90
12
90
11
90
3
90
365
90
347
90
348
90
4
90
11
90
12
90
40
90
39
90
4
90
39
90
40
90
68
90
67
90
4
90
67
90
68
90
96
90
95
90
4
90
95
90
96
90
124
90
123
90
4
90
123
90
124
90
152
90
151
90
4
90
151
90
152
90
180
90
179
90
4
90
179
90
180
90
208
90
207
90
4
90
207
90
208
90
236
90
235
90
4
90
235
90
236
90
264
90
263
90
4
90
263
90
264
90
292
90
291
90
4
90
291
90
292
90
320
90
319
90
4
90
319
90
320
90
348
90
347
90
3
90
0
90
13
90
12
90
3
90
365
90
348
90
349
90
4
90
12
90
13
90
41
90
40
90
4
90
40
90
41
90
69
90
68
90
4
90
68
90
69
90
97
90
96
90
4
90
96
90
97
90
125
90
124
90
4
90
124
90
125
90
153
90
152
90
4
90
152
90
153
90
181
90
180
90
4
90
180
90
181
90
209
90
208
90
4
90
208
90
209
90
237
90
236
90
4
90
236
90
237
90
265
90
264
90
4
90
264
90
265
90
293
90
292
90
4
90
292
90
293
90
321
90
320
90
4
90
320
90
321
90
349
90
348
90
3
90
0
90
14
90
13
90
3
90
365
90
349
90
350
90
4
90
13
90
14
90
42
90
41
90
4
90
41
90
42
90
70
90
69
90
4
90
69
90
70
90
98
90
97
90
4
90
97
90
98
90
126
90
125
90
4
90
125
90
126
90
154
90
153
90
4
90
153
90
154
90
182
90
181
90
4
90
181
90
182
90
210
90
209
90
4
90
209
90
210
90
238
90
237
90
4
90
237
90
238
90
266
90
265
90
4
90
265
90
266
90
294
90
293
90
4
90
293
90
294
90
322
90
321
90
4
90
321
90
322
90
350
90
349
90
3
90
0
90
15
90
14
90
3
90
365
90
350
90
351
90
4
90
14
90
15
90
43
90
42
90
4
90
42
90
43
90
71
90
70
90
4
90
70
90
71
90
99
90
98
90
4
90
98
90
99
90
127
90
126
90
4
90
126
90
127
90
155
90
154
90
4
90
154
90
155
90
183
90
182
90
4
90
182
90
183
90
211
90
210
90
4
90
210
90
211
90
239
90
238
90
4
90
238
90
239
90
267
90
266
90
4
90
266
90
267
90
295
90
294
90
4
90
294
90
295
90
323
90
322
90
4
90
322
90
323
90
351
90
350
90
3
90
0
90
16
90
15
90
3
90
365
90
351
90
352
90
4
90
15
90
16
90
44
90
43
90
4
90
43
90
44
90
72
90
71
90
4
90
71
90
72
90
100
90
99
90
4
90
99
90
100
90
128
90
127
90
4
90
127
90
128
90
156
90
155
90
4
90
155
90
156
90
184
90
183
90
4
90
183
90
184
90
212
90
211
90
4
90
211
90
212
90
240
90
239
90
4
90
239
90
240
90
268
90
267
90
4
90
267
90
268
90
296
90
295
90
4
90
295
90
296
90
324
90
323
90
4
90
323
90
324
90
352
90
351
90
3
90
0
90
17
90
16
90
3
90
365
90
352
90
353
90
4
90
16
90
17
90
45
90
44
90
4
90
44
90
45
90
73
90
72
90
4
90
72
90
73
90
101
90
100
90
4
90
100
90
101
90
129
90
128
90
4
90
128
90
129
90
157
90
156
90
4
90
156
90
157
90
185
90
184
90
4
90
184
90
185
90
213
90
212
90
4
90
212
90
213
90
241
90
240
90
4
90
240
90
241
90
269
90
268
90
4
90
268
90
269
90
297
90
296
90
4
90
296
90
297
90
325
90
324
90
4
90
324
90
325
90
353
90
352
90
3
90
0
90
18
90
17
90
3
90
365
90
353
90
354
90
4
90
17
90
18
90
46
90
45
90
4
90
45
90
46
90
74
90
73
90
4
90
73
90
74
90
102
90
101
90
4
90
101
90
102
90
130
90
129
90
4
90
129
90
130
90
158
90
157
90
4
90
157
90
158
90
186
90
185
90
4
90
185
90
186
90
214
90
213
90
4
90
213
90
214
90
242
90
241
90
4
90
241
90
242
90
270
90
269
90
4
90
269
90
270
90
298
90
297
90
4
90
297
90
298
90
326
90
325
90
4
90
325
90
326
90
354
90
353
90
3
90
0
90
19
90
18
90
3
90
365
90
354
90
355
90
4
90
18
90
19
90
47
90
46
90
4
90
46
90
47
90
75
90
74
90
4
90
74
90
75
90
103
90
102
90
4
90
102
90
103
90
131
90
130
90
4
90
130
90
131
90
159
90
158
90
4
90
158
90
159
90
187
90
186
90
4
90
186
90
187
90
215
90
214
90
4
90
214
90
215
90
243
90
242
90
4
90
242
90
243
90
271
90
270
90
4
90
270
90
271
90
299
90
298
90
4
90
298
90
299
90
327
90
326
90
4
90
326
90
327
90
355
90
354
90
3
90
0
90
20
90
19
90
3
90
365
90
355
90
356
90
4
90
19
90
20
90
48
90
47
90
4
90
47
90
48
90
76
90
75
90
4
90
75
90
76
90
104
90
103
90
4
90
103
90
104
90
132
90
131
90
4
90
131
90
132
90
160
90
159
90
4
90
159
90
160
90
188
90
187
90
4
90
187
90
188
90
216
90
215
90
4
90
215
90
216
90
244
90
243
90
4
90
243
90
244
90
272
90
271
90
4
90
271
90
272
90
300
90
299
90
4
90
299
90
300
90
328
90
327
90
4
90
327
90
328
90
356
90
355
90
3
90
0
90
21
90
20
90
3
90
365
90
356
90
357
90
4
90
20
90
21
90
49
90
48
90
4
90
48
90
49
90
77
90
76
90
4
90
76
90
77
90
105
90
104
90
4
90
104
90
105
90
133
90
132
90
4
90
132
90
133
90
161
90
160
90
4
90
160
90
161
90
189
90
188
90
4
90
188
90
189
90
217
90
216
90
4
90
216
90
217
90
245
90
244
90
4
90
244
90
245
90
273
90
272
90
4
90
272
90
273
90
301
90
300
90
4
90
300
90
301
90
329
90
328
90
4
90
328
90
329
90
357
90
356
90
3
90
0
90
22
90
21
90
3
90
365
90
357
90
358
90
4
90
21
90
22
90
50
90
49
90
4
90
49
90
50
90
78
90
77
90
4
90
77
90
78
90
106
90
105
90
4
90
105
90
106
90
134
90
133
90
4
90
133
90
134
90
162
90
161
90
4
90
161
90
162
90
190
90
189
90
4
90
189
90
190
90
218
90
217
90
4
90
217
90
218
90
246
90
245
90
4
90
245
90
246
90
274
90
273
90
4
90
273
90
274
90
302
90
301
90
4
90
301
90
302
90
330
90
329
90
4
90
329
90
330
90
358
90
357
90
3
90
0
90
23
90
22
90
3
90
365
90
358
90
359
90
4
90
22
90
23
90
51
90
50
90
4
90
50
90
51
90
79
90
78
90
4
90
78
90
79
90
107
90
106
90
4
90
106
90
107
90
135
90
134
90
4
90
134
90
135
90
163
90
162
90
4
90
162
90
163
90
191
90
190
90
4
90
190
90
191
90
219
90
218
90
4
90
218
90
219
90
247
90
246
90
4
90
246
90
247
90
275
90
274
90
4
90
274
90
275
90
303
90
302
90
4
90
302
90
303
90
331
90
330
90
4
90
330
90
331
90
359
90
358
90
3
90
0
90
24
90
23
90
3
90
365
90
359
90
360
90
4
90
23
90
24
90
52
90
51
90
4
90
51
90
52
90
80
90
79
90
4
90
79
90
80
90
108
90
107
90
4
90
107
90
108
90
136
90
135
90
4
90
135
90
136
90
164
90
163
90
4
90
163
90
164
90
192
90
191
90
4
90
191
90
192
90
220
90
219
90
4
90
219
90
220
90
248
90
247
90
4
90
247
90
248
90
276
90
275
90
4
90
275
90
276
90
304
90
303
90
4
90
303
90
304
90
332
90
331
90
4
90
331
90
332
90
360
90
359
90
3
90
0
90
25
90
24
90
3
90
365
90
360
90
361
90
4
90
24
90
25
90
53
90
52
90
4
90
52
90
53
90
81
90
80
90
4
90
80
90
81
90
109
90
108
90
4
90
108
90
109
90
137
90
136
90
4
90
136
90
137
90
165
90
164
90
4
90
164
90
165
90
193
90
192
90
4
90
192
90
193
90
221
90
220
90
4
90
220
90
221
90
249
90
248
90
4
90
248
90
249
90
277
90
276
90
4
90
276
90
277
90
305
90
304
90
4
90
304
90
305
90
333
90
332
90
4
90
332
90
333
90
361
90
360
90
3
90
0
90
26
90
25
90
3
90
365
90
361
90
362
90
4
90
25
90
26
90
54
90
53
90
4
90
53
90
54
90
82
90
81
90
4
90
81
90
82
90
110
90
109
90
4
90
109
90
110
90
138
90
137
90
4
90
137
90
138
90
166
90
165
90
4
90
165
90
166
90
194
90
193
90
4
90
193
90
194
90
222
90
221
90
4
90
221
90
222
90
250
90
249
90
4
90
249
90
250
90
278
90
277
90
4
90
277
90
278
90
306
90
305
90
4
90
305
90
306
90
334
90
333
90
4
90
333
90
334
90
362
90
361
90
3
90
0
90
27
90
26
90
3
90
365
90
362
90
363
90
4
90
26
90
27
90
55
90
54
90
4
90
54
90
55
90
83
90
82
90
4
90
82
90
83
90
111
90
110
90
4
90
110
90
111
90
139
90
138
90
4
90
138
90
139
90
167
90
166
90
4
90
166
90
167
90
195
90
194
90
4
90
194
90
195
90
223
90
222
90
4
90
222
90
223
90
251
90
250
90
4
90
250
90
251
90
279
90
278
90
4
90
278
90
279
90
307
90
306
90
4
90
306
90
307
90
335
90
334
90
4
90
334
90
335
90
363
90
362
90
3
90
0
90
28
90
27
90
3
90
365
90
363
90
364
90
4
90
27
90
28
90
56
90
55
90
4
90
55
90
56
90
84
90
83
90
4
90
83
90
84
90
112
90
111
90
4
90
111
90
112
90
140
90
139
90
4
90
139
90
140
90
168
90
167
90
4
90
167
90
168
90
196
90
195
90
4
90
195
90
196
90
224
90
223
90
4
90
223
90
224
90
252
90
251
90
4
90
251
90
252
90
280
90
279
90
4
90
279
90
280
90
308
90
307
90
4
90
307
90
308
90
336
90
335
90
4
90
335
90
336
90
364
90
363
90
3
90
0
90
1
90
28
90
3
90
365
90
364
90
337
90
4
90
28
90
1
90
29
90
56
90
4
90
56
90
29
90
57
90
84
90
4
90
84
90
57
90
85
90
112
90
4
90
112
90
85
90
113
90
140
90
4
90
140
90
113
90
141
90
168
90
4
90
168
90
141
90
169
90
196
90
4
90
196
90
169
90
197
90
224
90
4
90
224
90
197
90
225
90
252
90
4
90
252
90
225
90
253
90
280
90
4
90
280
90
253
90
281
90
308
90
4
90
308
90
281
90
309
90
336
90
4
90
336
90
309
90
337
90
364
94
0
95
0
90
0
1001
CONDUITCAD
1000
{"id":"e-mukbud42-1","label":"Paint","feature3d":{"version":1,"kind":"sphere","parameters":{"radius":"Radius","segments":28,"x":"0*Spacing","y":"0*Spacing","z":"Radius+5"},"inputs":[],"suppressed":fal
1000
se},"model3dConsumed":false,"appearance3d":{"id":"paint","label":"Paint","color":"#568e9b","metallic":0,"roughness":0.36,"opacity":1,"emission":0},"model3dUserHidden":false}
0
MESH
5
101
330
124
100
AcDbEntity
8
Equipment
62
7
420
7831426
100
AcDbSubDMesh
71
2
72
0
91
0
92
56
10
14
20
0
30
0
10
13.648990770545531
20
3.1152930753884016
30
0
10
12.613564150633868
20
6.074372347645814
30
0
10
10.945640754552418
20
8.728857226022269
30
0
10
8.72885722602227
20
10.945640754552418
30
0
10
6.074372347645815
20
12.613564150633868
30
0
10
3.1152930753884025
20
13.648990770545531
30
0
10
8.572527594031472e-16
20
14
30
0
10
-3.1152930753884007
20
13.648990770545531
30
0
10
-6.074372347645813
20
12.613564150633868
30
0
10
-8.728857226022269
20
10.945640754552418
30
0
10
-10.945640754552413
20
8.728857226022274
30
0
10
-12.613564150633866
20
6.074372347645816
30
0
10
-13.648990770545533
20
3.115293075388397
30
0
10
-14
20
1.7145055188062944e-15
30
0
10
-13.648990770545533
20
-3.1152930753883936
30
0
10
-12.613564150633868
20
-6.074372347645812
30
0
10
-10.945640754552414
20
-8.728857226022274
30
0
10
-8.728857226022273
20
-10.945640754552416
30
0
10
-6.0743723476458165
20
-12.613564150633866
30
0
10
-3.1152930753884043
20
-13.648990770545531
30
0
10
-2.5717582782094417e-15
20
-14
30
0
10
3.1152930753883865
20
-13.648990770545534
30
0
10
6.074372347645811
20
-12.61356415063387
30
0
10
8.728857226022267
20
-10.945640754552418
30
0
10
10.945640754552416
20
-8.728857226022273
30
0
10
12.613564150633872
20
-6.074372347645805
30
0
10
13.64899077054553
20
-3.115293075388405
30
0
10
14
20
0
30
4
10
13.648990770545531
20
3.1152930753884016
30
4
10
12.613564150633868
20
6.074372347645814
30
4
10
10.945640754552418
20
8.728857226022269
30
4
10
8.72885722602227
20
10.945640754552418
30
4
10
6.074372347645815
20
12.613564150633868
30
4
10
3.1152930753884025
20
13.648990770545531
30
4
10
8.572527594031472e-16
20
14
30
4
10
-3.1152930753884007
20
13.648990770545531
30
4
10
-6.074372347645813
20
12.613564150633868
30
4
10
-8.728857226022269
20
10.945640754552418
30
4
10
-10.945640754552413
20
8.728857226022274
30
4
10
-12.613564150633866
20
6.074372347645816
30
4
10
-13.648990770545533
20
3.115293075388397
30
4
10
-14
20
1.7145055188062944e-15
30
4
10
-13.648990770545533
20
-3.1152930753883936
30
4
10
-12.613564150633868
20
-6.074372347645812
30
4
10
-10.945640754552414
20
-8.728857226022274
30
4
10
-8.728857226022273
20
-10.945640754552416
30
4
10
-6.0743723476458165
20
-12.613564150633866
30
4
10
-3.1152930753884043
20
-13.648990770545531
30
4
10
-2.5717582782094417e-15
20
-14
30
4
10
3.1152930753883865
20
-13.648990770545534
30
4
10
6.074372347645811
20
-12.61356415063387
30
4
10
8.728857226022267
20
-10.945640754552418
30
4
10
10.945640754552416
20
-8.728857226022273
30
4
10
12.613564150633872
20
-6.074372347645805
30
4
10
13.64899077054553
20
-3.115293075388405
30
4
93
198
90
28
90
27
90
26
90
25
90
24
90
23
90
22
90
21
90
20
90
19
90
18
90
17
90
16
90
15
90
14
90
13
90
12
90
11
90
10
90
9
90
8
90
7
90
6
90
5
90
4
90
3
90
2
90
1
90
0
90
28
90
28
90
29
90
30
90
31
90
32
90
33
90
34
90
35
90
36
90
37
90
38
90
39
90
40
90
41
90
42
90
43
90
44
90
45
90
46
90
47
90
48
90
49
90
50
90
51
90
52
90
53
90
54
90
55
90
4
90
0
90
1
90
29
90
28
90
4
90
1
90
2
90
30
90
29
90
4
90
2
90
3
90
31
90
30
90
4
90
3
90
4
90
32
90
31
90
4
90
4
90
5
90
33
90
32
90
4
90
5
90
6
90
34
90
33
90
4
90
6
90
7
90
35
90
34
90
4
90
7
90
8
90
36
90
35
90
4
90
8
90
9
90
37
90
36
90
4
90
9
90
10
90
38
90
37
90
4
90
10
90
11
90
39
90
38
90
4
90
11
90
12
90
40
90
39
90
4
90
12
90
13
90
41
90
40
90
4
90
13
90
14
90
42
90
41
90
4
90
14
90
15
90
43
90
42
90
4
90
15
90
16
90
44
90
43
90
4
90
16
90
17
90
45
90
44
90
4
90
17
90
18
90
46
90
45
90
4
90
18
90
19
90
47
90
46
90
4
90
19
90
20
90
48
90
47
90
4
90
20
90
21
90
49
90
48
90
4
90
21
90
22
90
50
90
49
90
4
90
22
90
23
90
51
90
50
90
4
90
23
90
24
90
52
90
51
90
4
90
24
90
25
90
53
90
52
90
4
90
25
90
26
90
54
90
53
90
4
90
26
90
27
90
55
90
54
90
4
90
27
90
0
90
28
90
55
94
0
95
0
90
0
1001
CONDUITCAD
1000
{"id":"e-mukbud47-2","label":"Paint pedestal","feature3d":{"version":1,"kind":"cylinder","parameters":{"radius":14,"height":4,"segments":28,"x":"0*Spacing","y":"0*Spacing"},"inputs":[],"suppressed":fa
1000
lse},"model3dConsumed":false,"appearance3d":{"metallic":0.3,"roughness":0.55,"emission":0,"opacity":1},"model3dUserHidden":false}
0
MESH
5
102
330
124
100
AcDbEntity
8
Equipment
62
7
420
13094353
440
33554687
100
AcDbSubDMesh
71
2
72
0
91
0
92
366
10
36
20
0
30
5
10
38.67025120747577
20
0
30
5.300865053818116
10
38.60330243470535
20
0.5941867925854853
30
5.300865053818116
10
38.40581320741452
20
1.1585785782827631
30
5.300865053818116
10
38.08768646010283
20
1.6648743962621138
30
5.300865053818116
10
37.664874396262114
20
2.0876864601028307
30
5.300865053818116
10
37.158578578282764
20
2.405813207414515
30
5.300865053818116
10
36.59418679258548
20
2.6033024347053493
30
5.300865053818116
10
36
20
2.6702512074757734
30
5.300865053818116
10
35.40581320741452
20
2.6033024347053493
30
5.300865053818116
10
34.841421421717236
20
2.405813207414515
30
5.300865053818116
10
34.335125603737886
20
2.0876864601028307
30
5.300865053818116
10
33.91231353989717
20
1.6648743962621149
30
5.300865053818116
10
33.59418679258548
20
1.1585785782827633
30
5.300865053818116
10
33.39669756529465
20
0.5941867925854846
30
5.300865053818116
10
33.32974879252423
20
3.270114594154561e-16
30
5.300865053818116
10
33.39669756529465
20
-0.5941867925854839
30
5.300865053818116
10
33.59418679258548
20
-1.1585785782827627
30
5.300865053818116
10
33.91231353989717
20
-1.6648743962621146
30
5.300865053818116
10
34.335125603737886
20
-2.08768646010283
30
5.300865053818116
10
34.841421421717236
20
-2.405813207414515
30
5.300865053818116
10
35.40581320741451
20
-2.6033024347053493
30
5.300865053818116
10
36
20
-2.6702512074757734
30
5.300865053818116
10
36.59418679258548
20
-2.6033024347053497
30
5.300865053818116
10
37.158578578282764
20
-2.4058132074145155
30
5.300865053818116
10
37.664874396262114
20
-2.0876864601028307
30
5.300865053818116
10
38.08768646010283
20
-1.6648743962621144
30
5.300865053818116
10
38.40581320741452
20
-1.1585785782827613
30
5.300865053818116
10
38.60330243470535
20
-0.594186792585486
30
5.300865053818116
10
41.2066048694107
20
0
30
6.18837358517097
10
41.07606441489029
20
1.158578578282763
30
6.18837358517097
10
40.69098889480818
20
2.2590611888475993
30
6.18837358517097
10
40.07068760367663
20
3.2462650383855935
30
6.18837358517097
10
39.246265038385594
20
4.070687603676629
30
6.18837358517097
10
38.259061188847596
20
4.69098889480818
30
6.18837358517097
10
37.158578578282764
20
5.076064414890289
30
6.18837358517097
10
36
20
5.2066048694106986
30
6.18837358517097
10
34.841421421717236
20
5.076064414890289
30
6.18837358517097
10
33.740938811152404
20
4.69098889480818
30
6.18837358517097
10
32.753734961614406
20
4.07068760367663
30
6.18837358517097
10
31.929312396323372
20
3.2462650383855958
30
6.18837358517097
10
31.30901110519182
20
2.2590611888475998
30
6.18837358517097
10
30.92393558510971
20
1.1585785782827613
30
6.18837358517097
10
30.793395130589303
20
6.376251987748835e-16
30
6.18837358517097
10
30.92393558510971
20
-1.15857857828276
30
6.18837358517097
10
31.30901110519182
20
-2.259061188847599
30
6.18837358517097
10
31.929312396323372
20
-3.246265038385595
30
6.18837358517097
10
32.753734961614406
20
-4.070687603676628
30
6.18837358517097
10
33.7409388111524
20
-4.6909888948081795
30
6.18837358517097
10
34.841421421717236
20
-5.076064414890289
30
6.18837358517097
10
36
20
-5.2066048694106986
30
6.18837358517097
10
37.15857857828276
20
-5.07606441489029
30
6.18837358517097
10
38.259061188847596
20
-4.69098889480818
30
6.18837358517097
10
39.246265038385594
20
-4.07068760367663
30
6.18837358517097
10
40.07068760367663
20
-3.2462650383855944
30
6.18837358517097
10
40.69098889480818
20
-2.259061188847596
30
6.18837358517097
10
41.07606441489029
20
-1.1585785782827642
30
6.18837358517097
10
43.4818776223048
20
0
30
7.618022210383643
10
43.29429132951353
20
1.6648743962621138
30
7.618022210383643
10
42.740938811152404
20
3.246265038385593
30
7.618022210383643
10
41.84956747309094
20
4.664874396262114
30
7.618022210383643
10
40.664874396262114
20
5.849567473090942
30
7.618022210383643
10
39.246265038385594
20
6.740938811152402
30
7.618022210383643
10
37.664874396262114
20
7.294291329513529
30
7.618022210383643
10
36
20
7.481877622304803
30
7.618022210383643
10
34.335125603737886
20
7.294291329513529
30
7.618022210383643
10
32.753734961614406
20
6.740938811152402
30
7.618022210383643
10
31.335125603737886
20
5.849567473090943
30
7.618022210383643
10
30.15043252690906
20
4.664874396262117
30
7.618022210383643
10
29.2590611888476
20
3.246265038385594
30
7.618022210383643
10
28.70570867048647
20
1.6648743962621113
30
7.618022210383643
10
28.518122377695196
20
9.162657481767787e-16
30
7.618022210383643
10
28.70570867048647
20
-1.6648743962621095
30
7.618022210383643
10
29.259061188847596
20
-3.246265038385592
30
7.618022210383643
10
30.15043252690906
20
-4.664874396262116
30
7.618022210383643
10
31.335125603737886
20
-5.849567473090941
30
7.618022210383643
10
32.753734961614406
20
-6.740938811152401
30
7.618022210383643
10
34.335125603737886
20
-7.294291329513529
30
7.618022210383643
10
36
20
-7.481877622304803
30
7.618022210383643
10
37.66487439626211
20
-7.29429132951353
30
7.618022210383643
10
39.246265038385594
20
-6.740938811152403
30
7.618022210383643
10
40.664874396262114
20
-5.849567473090943
30
7.618022210383643
10
41.84956747309094
20
-4.664874396262116
30
7.618022210383643
10
42.740938811152404
20
-3.2462650383855887
30
7.618022210383643
10
43.29429132951353
20
-1.6648743962621155
30
7.618022210383643
10
45.38197778961636
20
0
30
9.518122377695198
10
45.146752018566914
20
2.0876864601028298
30
9.518122377695198
10
44.45286990779629
20
4.070687603676628
30
9.518122377695198
10
43.335125603737886
20
5.849567473090941
30
9.518122377695198
10
41.84956747309094
20
7.335125603737886
30
9.518122377695198
10
40.07068760367663
20
8.45286990779629
30
9.518122377695198
10
38.08768646010283
20
9.146752018566916
30
9.518122377695198
10
36
20
9.381977789616357
30
9.518122377695198
10
33.91231353989717
20
9.146752018566916
30
9.518122377695198
10
31.929312396323372
20
8.45286990779629
30
9.518122377695198
10
30.150432526909057
20
7.335125603737887
30
9.518122377695198
10
28.664874396262118
20
5.8495674730909455
30
9.518122377695198
10
27.54713009220371
20
4.070687603676629
30
9.518122377695198
10
26.853247981433086
20
2.087686460102827
30
9.518122377695198
10
26.618022210383643
20
1.1489609069725231e-15
30
9.518122377695198
10
26.853247981433086
20
-2.087686460102825
30
9.518122377695198
10
27.54713009220371
20
-4.070687603676627
30
9.518122377695198
10
28.664874396262114
20
-5.849567473090944
30
9.518122377695198
10
30.150432526909057
20
-7.335125603737885
30
9.518122377695198
10
31.92931239632337
20
-8.45286990779629
30
9.518122377695198
10
33.91231353989717
20
-9.146752018566916
30
9.518122377695198
10
36
20
-9.381977789616357
30
9.518122377695198
10
38.08768646010282
20
-9.146752018566918
30
9.518122377695198
10
40.070687603676625
20
-8.452869907796291
30
9.518122377695198
10
41.84956747309094
20
-7.335125603737887
30
9.518122377695198
10
43.335125603737886
20
-5.849567473090943
30
9.518122377695198
10
44.45286990779629
20
-4.070687603676622
30
9.518122377695198
10
45.146752018566914
20
-2.0876864601028324
30
9.518122377695198
10
46.81162641482903
20
0
30
11.793395130589303
10
46.54055636789912
20
2.4058132074145147
30
11.793395130589303
10
45.740938811152404
20
4.6909888948081795
30
11.793395130589303
10
44.45286990779629
20
6.740938811152401
30
11.793395130589303
10
42.740938811152404
20
8.452869907796291
30
11.793395130589303
10
40.69098889480818
20
9.740938811152402
30
11.793395130589303
10
38.40581320741452
20
10.540556367899121
30
11.793395130589303
10
36
20
10.81162641482903
30
11.793395130589303
10
33.59418679258549
20
10.540556367899121
30
11.793395130589303
10
31.30901110519182
20
9.740938811152402
30
11.793395130589303
10
29.2590611888476
20
8.452869907796291
30
11.793395130589303
10
27.547130092203712
20
6.740938811152406
30
11.793395130589303
10
26.2590611888476
20
4.69098889480818
30
11.793395130589303
10
25.45944363210088
20
2.4058132074145115
30
11.793395130589303
10
25.18837358517097
20
1.3240423682497347e-15
30
11.793395130589303
10
25.45944363210088
20
-2.405813207414509
30
11.793395130589303
10
26.259061188847596
20
-4.690988894808178
30
11.793395130589303
10
27.547130092203712
20
-6.740938811152405
30
11.793395130589303
10
29.259061188847596
20
-8.45286990779629
30
11.793395130589303
10
31.309011105191818
20
-9.7409388111524
30
11.793395130589303
10
33.59418679258548
20
-10.540556367899121
30
11.793395130589303
10
36
20
-10.81162641482903
30
11.793395130589303
10
38.4058132074145
20
-10.540556367899123
30
11.793395130589303
10
40.69098889480818
20
-9.740938811152404
30
11.793395130589303
10
42.740938811152404
20
-8.452869907796291
30
11.793395130589303
10
44.45286990779629
20
-6.740938811152404
30
11.793395130589303
10
45.740938811152404
20
-4.690988894808172
30
11.793395130589303
10
46.54055636789912
20
-2.4058132074145173
30
11.793395130589303
10
47.699134946181886
20
0
30
14.329748792524228
10
47.40581320741452
20
2.603302434705349
30
14.329748792524228
10
46.54055636789912
20
5.076064414890288
30
14.329748792524228
10
45.146752018566914
20
7.294291329513527
30
14.329748792524228
10
43.29429132951353
20
9.146752018566916
30
14.329748792524228
10
41.07606441489029
20
10.540556367899121
30
14.329748792524228
10
38.60330243470535
20
11.405813207414516
30
14.329748792524228
10
36
20
11.699134946181884
30
14.329748792524228
10
33.39669756529465
20
11.405813207414516
30
14.329748792524228
10
30.923935585109714
20
10.540556367899121
30
14.329748792524228
10
28.705708670486473
20
9.146752018566918
30
14.329748792524228
10
26.853247981433086
20
7.294291329513532
30
14.329748792524228
10
25.45944363210088
20
5.076064414890289
30
14.329748792524228
10
24.594186792585482
20
2.6033024347053453
30
14.329748792524228
10
24.300865053818114
20
1.4327308164634586e-15
30
14.329748792524228
10
24.594186792585482
20
-2.603302434705342
30
14.329748792524228
10
25.45944363210088
20
-5.076064414890286
30
14.329748792524228
10
26.853247981433086
20
-7.294291329513531
30
14.329748792524228
10
28.70570867048647
20
-9.146752018566914
30
14.329748792524228
10
30.92393558510971
20
-10.54055636789912
30
14.329748792524228
10
33.39669756529465
20
-11.405813207414516
30
14.329748792524228
10
36
20
-11.699134946181884
30
14.329748792524228
10
38.603302434705334
20
-11.405813207414518
30
14.329748792524228
10
41.07606441489028
20
-10.540556367899123
30
14.329748792524228
10
43.29429132951353
20
-9.146752018566918
30
14.329748792524228
10
45.146752018566914
20
-7.29429132951353
30
14.329748792524228
10
46.54055636789912
20
-5.076064414890281
30
14.329748792524228
10
47.40581320741451
20
-2.6033024347053515
30
14.329748792524228
10
48
20
0
30
17
10
47.699134946181886
20
2.670251207475773
30
17
10
46.81162641482903
20
5.206604869410698
30
17
10
45.38197778961636
20
7.481877622304802
30
17
10
43.4818776223048
20
9.381977789616357
30
17
10
41.2066048694107
20
10.81162641482903
30
17
10
38.67025120747577
20
11.699134946181884
30
17
10
36
20
12
30
17
10
33.32974879252423
20
11.699134946181884
30
17
10
30.793395130589303
20
10.81162641482903
30
17
10
28.5181223776952
20
9.381977789616359
30
17
10
26.618022210383646
20
7.481877622304808
30
17
10
25.18837358517097
20
5.2066048694106986
30
17
10
24.300865053818114
20
2.670251207475769
30
17
10
24
20
1.4695761589768238e-15
30
17
10
24.300865053818114
20
-2.670251207475766
30
17
10
25.18837358517097
20
-5.206604869410696
30
17
10
26.618022210383643
20
-7.481877622304806
30
17
10
28.518122377695196
20
-9.381977789616357
30
17
10
30.7933951305893
20
-10.811626414829028
30
17
10
33.32974879252423
20
-11.699134946181884
30
17
10
36
20
-12
30
17
10
38.67025120747576
20
-11.699134946181886
30
17
10
41.2066048694107
20
-10.811626414829032
30
17
10
43.4818776223048
20
-9.381977789616359
30
17
10
45.38197778961636
20
-7.481877622304804
30
17
10
46.811626414829036
20
-5.20660486941069
30
17
10
47.699134946181886
20
-2.6702512074757756
30
17
10
47.699134946181886
20
0
30
19.670251207475772
10
47.40581320741452
20
2.603302434705349
30
19.670251207475772
10
46.54055636789912
20
5.076064414890288
30
19.670251207475772
10
45.146752018566914
20
7.294291329513527
30
19.670251207475772
10
43.29429132951353
20
9.146752018566916
30
19.670251207475772
10
41.07606441489029
20
10.540556367899121
30
19.670251207475772
10
38.60330243470535
20
11.405813207414516
30
19.670251207475772
10
36
20
11.699134946181884
30
19.670251207475772
10
33.39669756529465
20
11.405813207414516
30
19.670251207475772
10
30.923935585109714
20
10.540556367899121
30
19.670251207475772
10
28.705708670486473
20
9.146752018566918
30
19.670251207475772
10
26.853247981433086
20
7.294291329513532
30
19.670251207475772
10
25.45944363210088
20
5.076064414890289
30
19.670251207475772
10
24.594186792585482
20
2.6033024347053453
30
19.670251207475772
10
24.300865053818114
20
1.4327308164634586e-15
30
19.670251207475772
10
24.594186792585482
20
-2.603302434705342
30
19.670251207475772
10
25.45944363210088
20
-5.076064414890286
30
19.670251207475772
10
26.853247981433086
20
-7.294291329513531
30
19.670251207475772
10
28.70570867048647
20
-9.146752018566914
30
19.670251207475772
10
30.92393558510971
20
-10.54055636789912
30
19.670251207475772
10
33.39669756529465
20
-11.405813207414516
30
19.670251207475772
10
36
20
-11.699134946181884
30
19.670251207475772
10
38.603302434705334
20
-11.405813207414518
30
19.670251207475772
10
41.07606441489028
20
-10.540556367899123
30
19.670251207475772
10
43.29429132951353
20
-9.146752018566918
30
19.670251207475772
10
45.146752018566914
20
-7.29429132951353
30
19.670251207475772
10
46.54055636789912
20
-5.076064414890281
30
19.670251207475772
10
47.40581320741451
20
-2.6033024347053515
30
19.670251207475772
10
46.81162641482903
20
0
30
22.206604869410697
10
46.54055636789912
20
2.4058132074145147
30
22.206604869410697
10
45.740938811152404
20
4.6909888948081795
30
22.206604869410697
10
44.45286990779629
20
6.740938811152401
30
22.206604869410697
10
42.740938811152404
20
8.452869907796291
30
22.206604869410697
10
40.69098889480818
20
9.740938811152402
30
22.206604869410697
10
38.40581320741452
20
10.540556367899121
30
22.206604869410697
10
36
20
10.81162641482903
30
22.206604869410697
10
33.59418679258549
20
10.540556367899121
30
22.206604869410697
10
31.30901110519182
20
9.740938811152402
30
22.206604869410697
10
29.2590611888476
20
8.452869907796291
30
22.206604869410697
10
27.547130092203712
20
6.740938811152406
30
22.206604869410697
10
26.2590611888476
20
4.69098889480818
30
22.206604869410697
10
25.45944363210088
20
2.4058132074145115
30
22.206604869410697
10
25.18837358517097
20
1.3240423682497347e-15
30
22.206604869410697
10
25.45944363210088
20
-2.405813207414509
30
22.206604869410697
10
26.259061188847596
20
-4.690988894808178
30
22.206604869410697
10
27.547130092203712
20
-6.740938811152405
30
22.206604869410697
10
29.259061188847596
20
-8.45286990779629
30
22.206604869410697
10
31.309011105191818
20
-9.7409388111524
30
22.206604869410697
10
33.59418679258548
20
-10.540556367899121
30
22.206604869410697
10
36
20
-10.81162641482903
30
22.206604869410697
10
38.4058132074145
20
-10.540556367899123
30
22.206604869410697
10
40.69098889480818
20
-9.740938811152404
30
22.206604869410697
10
42.740938811152404
20
-8.452869907796291
30
22.206604869410697
10
44.45286990779629
20
-6.740938811152404
30
22.206604869410697
10
45.740938811152404
20
-4.690988894808172
30
22.206604869410697
10
46.54055636789912
20
-2.4058132074145173
30
22.206604869410697
10
45.38197778961636
20
0
30
24.4818776223048
10
45.146752018566914
20
2.0876864601028298
30
24.4818776223048
10
44.45286990779629
20
4.070687603676628
30
24.4818776223048
10
43.335125603737886
20
5.849567473090941
30
24.4818776223048
10
41.84956747309094
20
7.335125603737886
30
24.4818776223048
10
40.07068760367663
20
8.45286990779629
30
24.4818776223048
10
38.08768646010283
20
9.146752018566916
30
24.4818776223048
10
36
20
9.381977789616357
30
24.4818776223048
10
33.91231353989717
20
9.146752018566916
30
24.4818776223048
10
31.929312396323372
20
8.45286990779629
30
24.4818776223048
10
30.150432526909057
20
7.335125603737887
30
24.4818776223048
10
28.664874396262118
20
5.8495674730909455
30
24.4818776223048
10
27.54713009220371
20
4.070687603676629
30
24.4818776223048
10
26.853247981433086
20
2.087686460102827
30
24.4818776223048
10
26.618022210383643
20
1.1489609069725231e-15
30
24.4818776223048
10
26.853247981433086
20
-2.087686460102825
30
24.4818776223048
10
27.54713009220371
20
-4.070687603676627
30
24.4818776223048
10
28.664874396262114
20
-5.849567473090944
30
24.4818776223048
10
30.150432526909057
20
-7.335125603737885
30
24.4818776223048
10
31.92931239632337
20
-8.45286990779629
30
24.4818776223048
10
33.91231353989717
20
-9.146752018566916
30
24.4818776223048
10
36
20
-9.381977789616357
30
24.4818776223048
10
38.08768646010282
20
-9.146752018566918
30
24.4818776223048
10
40.070687603676625
20
-8.452869907796291
30
24.4818776223048
10
41.84956747309094
20
-7.335125603737887
30
24.4818776223048
10
43.335125603737886
20
-5.849567473090943
30
24.4818776223048
10
44.45286990779629
20
-4.070687603676622
30
24.4818776223048
10
45.146752018566914
20
-2.0876864601028324
30
24.4818776223048
10
43.48187762230481
20
0
30
26.381977789616354
10
43.294291329513534
20
1.6648743962621146
30
26.381977789616354
10
42.740938811152404
20
3.2462650383855953
30
26.381977789616354
10
41.84956747309094
20
4.664874396262117
30
26.381977789616354
10
40.66487439626212
20
5.8495674730909455
30
26.381977789616354
10
39.246265038385594
20
6.7409388111524065
30
26.381977789616354
10
37.664874396262114
20
7.294291329513532
30
26.381977789616354
10
36
20
7.481877622304808
30
26.381977789616354
10
34.335125603737886
20
7.294291329513532
30
26.381977789616354
10
32.753734961614406
20
6.7409388111524065
30
26.381977789616354
10
31.335125603737882
20
5.849567473090946
30
26.381977789616354
10
30.150432526909057
20
4.66487439626212
30
26.381977789616354
10
29.259061188847596
20
3.246265038385596
30
26.381977789616354
10
28.705708670486466
20
1.6648743962621124
30
26.381977789616354
10
28.518122377695192
20
9.162657481767793e-16
30
26.381977789616354
10
28.705708670486466
20
-1.6648743962621104
30
26.381977789616354
10
29.259061188847593
20
-3.2462650383855944
30
26.381977789616354
10
30.150432526909057
20
-4.664874396262119
30
26.381977789616354
10
31.335125603737882
20
-5.849567473090945
30
26.381977789616354
10
32.753734961614406
20
-6.740938811152406
30
26.381977789616354
10
34.335125603737886
20
-7.294291329513532
30
26.381977789616354
10
36
20
-7.481877622304808
30
26.381977789616354
10
37.66487439626211
20
-7.294291329513534
30
26.381977789616354
10
39.246265038385594
20
-6.7409388111524065
30
26.381977789616354
10
40.664874396262114
20
-5.849567473090946
30
26.381977789616354
10
41.84956747309094
20
-4.664874396262118
30
26.381977789616354
10
42.740938811152404
20
-3.2462650383855904
30
26.381977789616354
10
43.294291329513534
20
-1.6648743962621164
30
26.381977789616354
10
41.2066048694107
20
0
30
27.81162641482903
10
41.07606441489029
20
1.158578578282763
30
27.81162641482903
10
40.69098889480818
20
2.2590611888475993
30
27.81162641482903
10
40.07068760367663
20
3.2462650383855935
30
27.81162641482903
10
39.246265038385594
20
4.070687603676629
30
27.81162641482903
10
38.259061188847596
20
4.69098889480818
30
27.81162641482903
10
37.158578578282764
20
5.076064414890289
30
27.81162641482903
10
36
20
5.2066048694106986
30
27.81162641482903
10
34.841421421717236
20
5.076064414890289
30
27.81162641482903
10
33.740938811152404
20
4.69098889480818
30
27.81162641482903
10
32.753734961614406
20
4.07068760367663
30
27.81162641482903
10
31.929312396323372
20
3.2462650383855958
30
27.81162641482903
10
31.30901110519182
20
2.2590611888475998
30
27.81162641482903
10
30.92393558510971
20
1.1585785782827613
30
27.81162641482903
10
30.793395130589303
20
6.376251987748835e-16
30
27.81162641482903
10
30.92393558510971
20
-1.15857857828276
30
27.81162641482903
10
31.30901110519182
20
-2.259061188847599
30
27.81162641482903
10
31.929312396323372
20
-3.246265038385595
30
27.81162641482903
10
32.753734961614406
20
-4.070687603676628
30
27.81162641482903
10
33.7409388111524
20
-4.6909888948081795
30
27.81162641482903
10
34.841421421717236
20
-5.076064414890289
30
27.81162641482903
10
36
20
-5.2066048694106986
30
27.81162641482903
10
37.15857857828276
20
-5.07606441489029
30
27.81162641482903
10
38.259061188847596
20
-4.69098889480818
30
27.81162641482903
10
39.246265038385594
20
-4.07068760367663
30
27.81162641482903
10
40.07068760367663
20
-3.2462650383855944
30
27.81162641482903
10
40.69098889480818
20
-2.259061188847596
30
27.81162641482903
10
41.07606441489029
20
-1.1585785782827642
30
27.81162641482903
10
38.67025120747577
20
0
30
28.699134946181886
10
38.60330243470534
20
0.5941867925854842
30
28.699134946181886
10
38.40581320741451
20
1.158578578282761
30
28.699134946181886
10
38.08768646010283
20
1.6648743962621106
30
28.699134946181886
10
37.664874396262114
20
2.0876864601028267
30
28.699134946181886
10
37.158578578282764
20
2.405813207414511
30
28.699134946181886
10
36.59418679258548
20
2.6033024347053444
30
28.699134946181886
10
36
20
2.6702512074757685
30
28.699134946181886
10
35.40581320741452
20
2.6033024347053444
30
28.699134946181886
10
34.84142142171724
20
2.405813207414511
30
28.699134946181886
10
34.335125603737886
20
2.087686460102827
30
28.699134946181886
10
33.91231353989718
20
1.664874396262112
30
28.699134946181886
10
33.59418679258549
20
1.1585785782827611
30
28.699134946181886
10
33.39669756529466
20
0.5941867925854835
30
28.699134946181886
10
33.32974879252423
20
3.270114594154555e-16
30
28.699134946181886
10
33.39669756529466
20
-0.5941867925854828
30
28.699134946181886
10
33.59418679258549
20
-1.1585785782827607
30
28.699134946181886
10
33.91231353989718
20
-1.6648743962621115
30
28.699134946181886
10
34.335125603737886
20
-2.087686460102826
30
28.699134946181886
10
34.841421421717236
20
-2.4058132074145107
30
28.699134946181886
10
35.40581320741452
20
-2.6033024347053444
30
28.699134946181886
10
36
20
-2.6702512074757685
30
28.699134946181886
10
36.59418679258548
20
-2.6033024347053453
30
28.699134946181886
10
37.15857857828276
20
-2.405813207414511
30
28.699134946181886
10
37.66487439626211
20
-2.087686460102827
30
28.699134946181886
10
38.08768646010282
20
-1.6648743962621113
30
28.699134946181886
10
38.40581320741451
20
-1.1585785782827593
30
28.699134946181886
10
38.60330243470534
20
-0.5941867925854849
30
28.699134946181886
10
36
20
0
30
29
93
1904
90
3
90
0
90
2
90
1
90
3
90
365
90
337
90
338
90
4
90
1
90
2
90
30
90
29
90
4
90
29
90
30
90
58
90
57
90
4
90
57
90
58
90
86
90
85
90
4
90
85
90
86
90
114
90
113
90
4
90
113
90
114
90
142
90
141
90
4
90
141
90
142
90
170
90
169
90
4
90
169
90
170
90
198
90
197
90
4
90
197
90
198
90
226
90
225
90
4
90
225
90
226
90
254
90
253
90
4
90
253
90
254
90
282
90
281
90
4
90
281
90
282
90
310
90
309
90
4
90
309
90
310
90
338
90
337
90
3
90
0
90
3
90
2
90
3
90
365
90
338
90
339
90
4
90
2
90
3
90
31
90
30
90
4
90
30
90
31
90
59
90
58
90
4
90
58
90
59
90
87
90
86
90
4
90
86
90
87
90
115
90
114
90
4
90
114
90
115
90
143
90
142
90
4
90
142
90
143
90
171
90
170
90
4
90
170
90
171
90
199
90
198
90
4
90
198
90
199
90
227
90
226
90
4
90
226
90
227
90
255
90
254
90
4
90
254
90
255
90
283
90
282
90
4
90
282
90
283
90
311
90
310
90
4
90
310
90
311
90
339
90
338
90
3
90
0
90
4
90
3
90
3
90
365
90
339
90
340
90
4
90
3
90
4
90
32
90
31
90
4
90
31
90
32
90
60
90
59
90
4
90
59
90
60
90
88
90
87
90
4
90
87
90
88
90
116
90
115
90
4
90
115
90
116
90
144
90
143
90
4
90
143
90
144
90
172
90
171
90
4
90
171
90
172
90
200
90
199
90
4
90
199
90
200
90
228
90
227
90
4
90
227
90
228
90
256
90
255
90
4
90
255
90
256
90
284
90
283
90
4
90
283
90
284
90
312
90
311
90
4
90
311
90
312
90
340
90
339
90
3
90
0
90
5
90
4
90
3
90
365
90
340
90
341
90
4
90
4
90
5
90
33
90
32
90
4
90
32
90
33
90
61
90
60
90
4
90
60
90
61
90
89
90
88
90
4
90
88
90
89
90
117
90
116
90
4
90
116
90
117
90
145
90
144
90
4
90
144
90
145
90
173
90
172
90
4
90
172
90
173
90
201
90
200
90
4
90
200
90
201
90
229
90
228
90
4
90
228
90
229
90
257
90
256
90
4
90
256
90
257
90
285
90
284
90
4
90
284
90
285
90
313
90
312
90
4
90
312
90
313
90
341
90
340
90
3
90
0
90
6
90
5
90
3
90
365
90
341
90
342
90
4
90
5
90
6
90
34
90
33
90
4
90
33
90
34
90
62
90
61
90
4
90
61
90
62
90
90
90
89
90
4
90
89
90
90
90
118
90
117
90
4
90
117
90
118
90
146
90
145
90
4
90
145
90
146
90
174
90
173
90
4
90
173
90
174
90
202
90
201
90
4
90
201
90
202
90
230
90
229
90
4
90
229
90
230
90
258
90
257
90
4
90
257
90
258
90
286
90
285
90
4
90
285
90
286
90
314
90
313
90
4
90
313
90
314
90
342
90
341
90
3
90
0
90
7
90
6
90
3
90
365
90
342
90
343
90
4
90
6
90
7
90
35
90
34
90
4
90
34
90
35
90
63
90
62
90
4
90
62
90
63
90
91
90
90
90
4
90
90
90
91
90
119
90
118
90
4
90
118
90
119
90
147
90
146
90
4
90
146
90
147
90
175
90
174
90
4
90
174
90
175
90
203
90
202
90
4
90
202
90
203
90
231
90
230
90
4
90
230
90
231
90
259
90
258
90
4
90
258
90
259
90
287
90
286
90
4
90
286
90
287
90
315
90
314
90
4
90
314
90
315
90
343
90
342
90
3
90
0
90
8
90
7
90
3
90
365
90
343
90
344
90
4
90
7
90
8
90
36
90
35
90
4
90
35
90
36
90
64
90
63
90
4
90
63
90
64
90
92
90
91
90
4
90
91
90
92
90
120
90
119
90
4
90
119
90
120
90
148
90
147
90
4
90
147
90
148
90
176
90
175
90
4
90
175
90
176
90
204
90
203
90
4
90
203
90
204
90
232
90
231
90
4
90
231
90
232
90
260
90
259
90
4
90
259
90
260
90
288
90
287
90
4
90
287
90
288
90
316
90
315
90
4
90
315
90
316
90
344
90
343
90
3
90
0
90
9
90
8
90
3
90
365
90
344
90
345
90
4
90
8
90
9
90
37
90
36
90
4
90
36
90
37
90
65
90
64
90
4
90
64
90
65
90
93
90
92
90
4
90
92
90
93
90
121
90
120
90
4
90
120
90
121
90
149
90
148
90
4
90
148
90
149
90
177
90
176
90
4
90
176
90
177
90
205
90
204
90
4
90
204
90
205
90
233
90
232
90
4
90
232
90
233
90
261
90
260
90
4
90
260
90
261
90
289
90
288
90
4
90
288
90
289
90
317
90
316
90
4
90
316
90
317
90
345
90
344
90
3
90
0
90
10
90
9
90
3
90
365
90
345
90
346
90
4
90
9
90
10
90
38
90
37
90
4
90
37
90
38
90
66
90
65
90
4
90
65
90
66
90
94
90
93
90
4
90
93
90
94
90
122
90
121
90
4
90
121
90
122
90
150
90
149
90
4
90
149
90
150
90
178
90
177
90
4
90
177
90
178
90
206
90
205
90
4
90
205
90
206
90
234
90
233
90
4
90
233
90
234
90
262
90
261
90
4
90
261
90
262
90
290
90
289
90
4
90
289
90
290
90
318
90
317
90
4
90
317
90
318
90
346
90
345
90
3
90
0
90
11
90
10
90
3
90
365
90
346
90
347
90
4
90
10
90
11
90
39
90
38
90
4
90
38
90
39
90
67
90
66
90
4
90
66
90
67
90
95
90
94
90
4
90
94
90
95
90
123
90
122
90
4
90
122
90
123
90
151
90
150
90
4
90
150
90
151
90
179
90
178
90
4
90
178
90
179
90
207
90
206
90
4
90
206
90
207
90
235
90
234
90
4
90
234
90
235
90
263
90
262
90
4
90
262
90
263
90
291
90
290
90
4
90
290
90
291
90
319
90
318
90
4
90
318
90
319
90
347
90
346
90
3
90
0
90
12
90
11
90
3
90
365
90
347
90
348
90
4
90
11
90
12
90
40
90
39
90
4
90
39
90
40
90
68
90
67
90
4
90
67
90
68
90
96
90
95
90
4
90
95
90
96
90
124
90
123
90
4
90
123
90
124
90
152
90
151
90
4
90
151
90
152
90
180
90
179
90
4
90
179
90
180
90
208
90
207
90
4
90
207
90
208
90
236
90
235
90
4
90
235
90
236
90
264
90
263
90
4
90
263
90
264
90
292
90
291
90
4
90
291
90
292
90
320
90
319
90
4
90
319
90
320
90
348
90
347
90
3
90
0
90
13
90
12
90
3
90
365
90
348
90
349
90
4
90
12
90
13
90
41
90
40
90
4
90
40
90
41
90
69
90
68
90
4
90
68
90
69
90
97
90
96
90
4
90
96
90
97
90
125
90
124
90
4
90
124
90
125
90
153
90
152
90
4
90
152
90
153
90
181
90
180
90
4
90
180
90
181
90
209
90
208
90
4
90
208
90
209
90
237
90
236
90
4
90
236
90
237
90
265
90
264
90
4
90
264
90
265
90
293
90
292
90
4
90
292
90
293
90
321
90
320
90
4
90
320
90
321
90
349
90
348
90
3
90
0
90
14
90
13
90
3
90
365
90
349
90
350
90
4
90
13
90
14
90
42
90
41
90
4
90
41
90
42
90
70
90
69
90
4
90
69
90
70
90
98
90
97
90
4
90
97
90
98
90
126
90
125
90
4
90
125
90
126
90
154
90
153
90
4
90
153
90
154
90
182
90
181
90
4
90
181
90
182
90
210
90
209
90
4
90
209
90
210
90
238
90
237
90
4
90
237
90
238
90
266
90
265
90
4
90
265
90
266
90
294
90
293
90
4
90
293
90
294
90
322
90
321
90
4
90
321
90
322
90
350
90
349
90
3
90
0
90
15
90
14
90
3
90
365
90
350
90
351
90
4
90
14
90
15
90
43
90
42
90
4
90
42
90
43
90
71
90
70
90
4
90
70
90
71
90
99
90
98
90
4
90
98
90
99
90
127
90
126
90
4
90
126
90
127
90
155
90
154
90
4
90
154
90
155
90
183
90
182
90
4
90
182
90
183
90
211
90
210
90
4
90
210
90
211
90
239
90
238
90
4
90
238
90
239
90
267
90
266
90
4
90
266
90
267
90
295
90
294
90
4
90
294
90
295
90
323
90
322
90
4
90
322
90
323
90
351
90
350
90
3
90
0
90
16
90
15
90
3
90
365
90
351
90
352
90
4
90
15
90
16
90
44
90
43
90
4
90
43
90
44
90
72
90
71
90
4
90
71
90
72
90
100
90
99
90
4
90
99
90
100
90
128
90
127
90
4
90
127
90
128
90
156
90
155
90
4
90
155
90
156
90
184
90
183
90
4
90
183
90
184
90
212
90
211
90
4
90
211
90
212
90
240
90
239
90
4
90
239
90
240
90
268
90
267
90
4
90
267
90
268
90
296
90
295
90
4
90
295
90
296
90
324
90
323
90
4
90
323
90
324
90
352
90
351
90
3
90
0
90
17
90
16
90
3
90
365
90
352
90
353
90
4
90
16
90
17
90
45
90
44
90
4
90
44
90
45
90
73
90
72
90
4
90
72
90
73
90
101
90
100
90
4
90
100
90
101
90
129
90
128
90
4
90
128
90
129
90
157
90
156
90
4
90
156
90
157
90
185
90
184
90
4
90
184
90
185
90
213
90
212
90
4
90
212
90
213
90
241
90
240
90
4
90
240
90
241
90
269
90
268
90
4
90
268
90
269
90
297
90
296
90
4
90
296
90
297
90
325
90
324
90
4
90
324
90
325
90
353
90
352
90
3
90
0
90
18
90
17
90
3
90
365
90
353
90
354
90
4
90
17
90
18
90
46
90
45
90
4
90
45
90
46
90
74
90
73
90
4
90
73
90
74
90
102
90
101
90
4
90
101
90
102
90
130
90
129
90
4
90
129
90
130
90
158
90
157
90
4
90
157
90
158
90
186
90
185
90
4
90
185
90
186
90
214
90
213
90
4
90
213
90
214
90
242
90
241
90
4
90
241
90
242
90
270
90
269
90
4
90
269
90
270
90
298
90
297
90
4
90
297
90
298
90
326
90
325
90
4
90
325
90
326
90
354
90
353
90
3
90
0
90
19
90
18
90
3
90
365
90
354
90
355
90
4
90
18
90
19
90
47
90
46
90
4
90
46
90
47
90
75
90
74
90
4
90
74
90
75
90
103
90
102
90
4
90
102
90
103
90
131
90
130
90
4
90
130
90
131
90
159
90
158
90
4
90
158
90
159
90
187
90
186
90
4
90
186
90
187
90
215
90
214
90
4
90
214
90
215
90
243
90
242
90
4
90
242
90
243
90
271
90
270
90
4
90
270
90
271
90
299
90
298
90
4
90
298
90
299
90
327
90
326
90
4
90
326
90
327
90
355
90
354
90
3
90
0
90
20
90
19
90
3
90
365
90
355
90
356
90
4
90
19
90
20
90
48
90
47
90
4
90
47
90
48
90
76
90
75
90
4
90
75
90
76
90
104
90
103
90
4
90
103
90
104
90
132
90
131
90
4
90
131
90
132
90
160
90
159
90
4
90
159
90
160
90
188
90
187
90
4
90
187
90
188
90
216
90
215
90
4
90
215
90
216
90
244
90
243
90
4
90
243
90
244
90
272
90
271
90
4
90
271
90
272
90
300
90
299
90
4
90
299
90
300
90
328
90
327
90
4
90
327
90
328
90
356
90
355
90
3
90
0
90
21
90
20
90
3
90
365
90
356
90
357
90
4
90
20
90
21
90
49
90
48
90
4
90
48
90
49
90
77
90
76
90
4
90
76
90
77
90
105
90
104
90
4
90
104
90
105
90
133
90
132
90
4
90
132
90
133
90
161
90
160
90
4
90
160
90
161
90
189
90
188
90
4
90
188
90
189
90
217
90
216
90
4
90
216
90
217
90
245
90
244
90
4
90
244
90
245
90
273
90
272
90
4
90
272
90
273
90
301
90
300
90
4
90
300
90
301
90
329
90
328
90
4
90
328
90
329
90
357
90
356
90
3
90
0
90
22
90
21
90
3
90
365
90
357
90
358
90
4
90
21
90
22
90
50
90
49
90
4
90
49
90
50
90
78
90
77
90
4
90
77
90
78
90
106
90
105
90
4
90
105
90
106
90
134
90
133
90
4
90
133
90
134
90
162
90
161
90
4
90
161
90
162
90
190
90
189
90
4
90
189
90
190
90
218
90
217
90
4
90
217
90
218
90
246
90
245
90
4
90
245
90
246
90
274
90
273
90
4
90
273
90
274
90
302
90
301
90
4
90
301
90
302
90
330
90
329
90
4
90
329
90
330
90
358
90
357
90
3
90
0
90
23
90
22
90
3
90
365
90
358
90
359
90
4
90
22
90
23
90
51
90
50
90
4
90
50
90
51
90
79
90
78
90
4
90
78
90
79
90
107
90
106
90
4
90
106
90
107
90
135
90
134
90
4
90
134
90
135
90
163
90
162
90
4
90
162
90
163
90
191
90
190
90
4
90
190
90
191
90
219
90
218
90
4
90
218
90
219
90
247
90
246
90
4
90
246
90
247
90
275
90
274
90
4
90
274
90
275
90
303
90
302
90
4
90
302
90
303
90
331
90
330
90
4
90
330
90
331
90
359
90
358
90
3
90
0
90
24
90
23
90
3
90
365
90
359
90
360
90
4
90
23
90
24
90
52
90
51
90
4
90
51
90
52
90
80
90
79
90
4
90
79
90
80
90
108
90
107
90
4
90
107
90
108
90
136
90
135
90
4
90
135
90
136
90
164
90
163
90
4
90
163
90
164
90
192
90
191
90
4
90
191
90
192
90
220
90
219
90
4
90
219
90
220
90
248
90
247
90
4
90
247
90
248
90
276
90
275
90
4
90
275
90
276
90
304
90
303
90
4
90
303
90
304
90
332
90
331
90
4
90
331
90
332
90
360
90
359
90
3
90
0
90
25
90
24
90
3
90
365
90
360
90
361
90
4
90
24
90
25
90
53
90
52
90
4
90
52
90
53
90
81
90
80
90
4
90
80
90
81
90
109
90
108
90
4
90
108
90
109
90
137
90
136
90
4
90
136
90
137
90
165
90
164
90
4
90
164
90
165
90
193
90
192
90
4
90
192
90
193
90
221
90
220
90
4
90
220
90
221
90
249
90
248
90
4
90
248
90
249
90
277
90
276
90
4
90
276
90
277
90
305
90
304
90
4
90
304
90
305
90
333
90
332
90
4
90
332
90
333
90
361
90
360
90
3
90
0
90
26
90
25
90
3
90
365
90
361
90
362
90
4
90
25
90
26
90
54
90
53
90
4
90
53
90
54
90
82
90
81
90
4
90
81
90
82
90
110
90
109
90
4
90
109
90
110
90
138
90
137
90
4
90
137
90
138
90
166
90
165
90
4
90
165
90
166
90
194
90
193
90
4
90
193
90
194
90
222
90
221
90
4
90
221
90
222
90
250
90
249
90
4
90
249
90
250
90
278
90
277
90
4
90
277
90
278
90
306
90
305
90
4
90
305
90
306
90
334
90
333
90
4
90
333
90
334
90
362
90
361
90
3
90
0
90
27
90
26
90
3
90
365
90
362
90
363
90
4
90
26
90
27
90
55
90
54
90
4
90
54
90
55
90
83
90
82
90
4
90
82
90
83
90
111
90
110
90
4
90
110
90
111
90
139
90
138
90
4
90
138
90
139
90
167
90
166
90
4
90
166
90
167
90
195
90
194
90
4
90
194
90
195
90
223
90
222
90
4
90
222
90
223
90
251
90
250
90
4
90
250
90
251
90
279
90
278
90
4
90
278
90
279
90
307
90
306
90
4
90
306
90
307
90
335
90
334
90
4
90
334
90
335
90
363
90
362
90
3
90
0
90
28
90
27
90
3
90
365
90
363
90
364
90
4
90
27
90
28
90
56
90
55
90
4
90
55
90
56
90
84
90
83
90
4
90
83
90
84
90
112
90
111
90
4
90
111
90
112
90
140
90
139
90
4
90
139
90
140
90
168
90
167
90
4
90
167
90
168
90
196
90
195
90
4
90
195
90
196
90
224
90
223
90
4
90
223
90
224
90
252
90
251
90
4
90
251
90
252
90
280
90
279
90
4
90
279
90
280
90
308
90
307
90
4
90
307
90
308
90
336
90
335
90
4
90
335
90
336
90
364
90
363
90
3
90
0
90
1
90
28
90
3
90
365
90
364
90
337
90
4
90
28
90
1
90
29
90
56
90
4
90
56
90
29
90
57
90
84
90
4
90
84
90
57
90
85
90
112
90
4
90
112
90
85
90
113
90
140
90
4
90
140
90
113
90
141
90
168
90
4
90
168
90
141
90
169
90
196
90
4
90
196
90
169
90
197
90
224
90
4
90
224
90
197
90
225
90
252
90
4
90
252
90
225
90
253
90
280
90
4
90
280
90
253
90
281
90
308
90
4
90
308
90
281
90
309
90
336
90
4
90
336
90
309
90
337
90
364
94
0
95
0
90
0
1001
CONDUITCAD
1000
{"id":"e-mukbud49-3","label":"Aluminum","feature3d":{"version":1,"kind":"sphere","parameters":{"radius":"Radius","segments":28,"x":"1*Spacing","y":"0*Spacing","z":"Radius+5"},"inputs":[],"suppressed":
1000
false},"model3dConsumed":false,"appearance3d":{"id":"aluminum","label":"Aluminum","color":"#c7cdd1","metallic":1,"roughness":0.24,"opacity":1,"emission":0},"model3dUserHidden":false}
0
MESH
5
103
330
124
100
AcDbEntity
8
Equipment
62
7
420
7831426
100
AcDbSubDMesh
71
2
72
0
91
0
92
56
10
50
20
0
30
0
10
49.64899077054553
20
3.1152930753884016
30
0
10
48.61356415063387
20
6.074372347645814
30
0
10
46.945640754552414
20
8.728857226022269
30
0
10
44.72885722602227
20
10.945640754552418
30
0
10
42.07437234764581
20
12.613564150633868
30
0
10
39.1152930753884
20
13.648990770545531
30
0
10
36
20
14
30
0
10
32.8847069246116
20
13.648990770545531
30
0
10
29.925627652354187
20
12.613564150633868
30
0
10
27.27114277397773
20
10.945640754552418
30
0
10
25.054359245447586
20
8.728857226022274
30
0
10
23.386435849366134
20
6.074372347645816
30
0
10
22.35100922945447
20
3.115293075388397
30
0
10
22
20
1.7145055188062944e-15
30
0
10
22.35100922945447
20
-3.1152930753883936
30
0
10
23.38643584936613
20
-6.074372347645812
30
0
10
25.054359245447586
20
-8.728857226022274
30
0
10
27.27114277397773
20
-10.945640754552416
30
0
10
29.925627652354184
20
-12.613564150633866
30
0
10
32.88470692461159
20
-13.648990770545531
30
0
10
36
20
-14
30
0
10
39.11529307538839
20
-13.648990770545534
30
0
10
42.07437234764581
20
-12.61356415063387
30
0
10
44.72885722602227
20
-10.945640754552418
30
0
10
46.945640754552414
20
-8.728857226022273
30
0
10
48.61356415063387
20
-6.074372347645805
30
0
10
49.64899077054553
20
-3.115293075388405
30
0
10
50
20
0
30
4
10
49.64899077054553
20
3.1152930753884016
30
4
10
48.61356415063387
20
6.074372347645814
30
4
10
46.945640754552414
20
8.728857226022269
30
4
10
44.72885722602227
20
10.945640754552418
30
4
10
42.07437234764581
20
12.613564150633868
30
4
10
39.1152930753884
20
13.648990770545531
30
4
10
36
20
14
30
4
10
32.8847069246116
20
13.648990770545531
30
4
10
29.925627652354187
20
12.613564150633868
30
4
10
27.27114277397773
20
10.945640754552418
30
4
10
25.054359245447586
20
8.728857226022274
30
4
10
23.386435849366134
20
6.074372347645816
30
4
10
22.35100922945447
20
3.115293075388397
30
4
10
22
20
1.7145055188062944e-15
30
4
10
22.35100922945447
20
-3.1152930753883936
30
4
10
23.38643584936613
20
-6.074372347645812
30
4
10
25.054359245447586
20
-8.728857226022274
30
4
10
27.27114277397773
20
-10.945640754552416
30
4
10
29.925627652354184
20
-12.613564150633866
30
4
10
32.88470692461159
20
-13.648990770545531
30
4
10
36
20
-14
30
4
10
39.11529307538839
20
-13.648990770545534
30
4
10
42.07437234764581
20
-12.61356415063387
30
4
10
44.72885722602227
20
-10.945640754552418
30
4
10
46.945640754552414
20
-8.728857226022273
30
4
10
48.61356415063387
20
-6.074372347645805
30
4
10
49.64899077054553
20
-3.115293075388405
30
4
93
198
90
28
90
27
90
26
90
25
90
24
90
23
90
22
90
21
90
20
90
19
90
18
90
17
90
16
90
15
90
14
90
13
90
12
90
11
90
10
90
9
90
8
90
7
90
6
90
5
90
4
90
3
90
2
90
1
90
0
90
28
90
28
90
29
90
30
90
31
90
32
90
33
90
34
90
35
90
36
90
37
90
38
90
39
90
40
90
41
90
42
90
43
90
44
90
45
90
46
90
47
90
48
90
49
90
50
90
51
90
52
90
53
90
54
90
55
90
4
90
0
90
1
90
29
90
28
90
4
90
1
90
2
90
30
90
29
90
4
90
2
90
3
90
31
90
30
90
4
90
3
90
4
90
32
90
31
90
4
90
4
90
5
90
33
90
32
90
4
90
5
90
6
90
34
90
33
90
4
90
6
90
7
90
35
90
34
90
4
90
7
90
8
90
36
90
35
90
4
90
8
90
9
90
37
90
36
90
4
90
9
90
10
90
38
90
37
90
4
90
10
90
11
90
39
90
38
90
4
90
11
90
12
90
40
90
39
90
4
90
12
90
13
90
41
90
40
90
4
90
13
90
14
90
42
90
41
90
4
90
14
90
15
90
43
90
42
90
4
90
15
90
16
90
44
90
43
90
4
90
16
90
17
90
45
90
44
90
4
90
17
90
18
90
46
90
45
90
4
90
18
90
19
90
47
90
46
90
4
90
19
90
20
90
48
90
47
90
4
90
20
90
21
90
49
90
48
90
4
90
21
90
22
90
50
90
49
90
4
90
22
90
23
90
51
90
50
90
4
90
23
90
24
90
52
90
51
90
4
90
24
90
25
90
53
90
52
90
4
90
25
90
26
90
54
90
53
90
4
90
26
90
27
90
55
90
54
90
4
90
27
90
0
90
28
90
55
94
0
95
0
90
0
1001
CONDUITCAD
1000
{"id":"e-mukbud4c-4","label":"Aluminum pedestal","feature3d":{"version":1,"kind":"cylinder","parameters":{"radius":14,"height":4,"segments":28,"x":"1*Spacing","y":"0*Spacing"},"inputs":[],"suppressed"
1000
:false},"model3dConsumed":false,"appearance3d":{"metallic":0.3,"roughness":0.55,"emission":0,"opacity":1},"model3dUserHidden":false}
0
MESH
5
104
330
124
100
AcDbEntity
8
Equipment
62
7
420
10332338
440
33554687
100
AcDbSubDMesh
71
2
72
0
91
0
92
366
10
72
20
0
30
5
10
74.67025120747577
20
0
30
5.300865053818116
10
74.60330243470536
20
0.5941867925854853
30
5.300865053818116
10
74.40581320741451
20
1.1585785782827631
30
5.300865053818116
10
74.08768646010283
20
1.6648743962621138
30
5.300865053818116
10
73.66487439626212
20
2.0876864601028307
30
5.300865053818116
10
73.15857857828276
20
2.405813207414515
30
5.300865053818116
10
72.59418679258549
20
2.6033024347053493
30
5.300865053818116
10
72
20
2.6702512074757734
30
5.300865053818116
10
71.40581320741451
20
2.6033024347053493
30
5.300865053818116
10
70.84142142171724
20
2.405813207414515
30
5.300865053818116
10
70.3351256037379
20
2.0876864601028307
30
5.300865053818116
10
69.91231353989717
20
1.6648743962621149
30
5.300865053818116
10
69.59418679258549
20
1.1585785782827633
30
5.300865053818116
10
69.39669756529464
20
0.5941867925854846
30
5.300865053818116
10
69.32974879252423
20
3.270114594154561e-16
30
5.300865053818116
10
69.39669756529464
20
-0.5941867925854839
30
5.300865053818116
10
69.59418679258549
20
-1.1585785782827627
30
5.300865053818116
10
69.91231353989717
20
-1.6648743962621146
30
5.300865053818116
10
70.33512560373788
20
-2.08768646010283
30
5.300865053818116
10
70.84142142171724
20
-2.405813207414515
30
5.300865053818116
10
71.40581320741451
20
-2.6033024347053493
30
5.300865053818116
10
72
20
-2.6702512074757734
30
5.300865053818116
10
72.59418679258549
20
-2.6033024347053497
30
5.300865053818116
10
73.15857857828276
20
-2.4058132074145155
30
5.300865053818116
10
73.6648743962621
20
-2.0876864601028307
30
5.300865053818116
10
74.08768646010283
20
-1.6648743962621144
30
5.300865053818116
10
74.40581320741451
20
-1.1585785782827613
30
5.300865053818116
10
74.60330243470536
20
-0.594186792585486
30
5.300865053818116
10
77.2066048694107
20
0
30
6.18837358517097
10
77.07606441489028
20
1.158578578282763
30
6.18837358517097
10
76.69098889480819
20
2.2590611888475993
30
6.18837358517097
10
76.07068760367663
20
3.2462650383855935
30
6.18837358517097
10
75.24626503838559
20
4.070687603676629
30
6.18837358517097
10
74.2590611888476
20
4.69098889480818
30
6.18837358517097
10
73.15857857828276
20
5.076064414890289
30
6.18837358517097
10
72
20
5.2066048694106986
30
6.18837358517097
10
70.84142142171724
20
5.076064414890289
30
6.18837358517097
10
69.7409388111524
20
4.69098889480818
30
6.18837358517097
10
68.75373496161441
20
4.07068760367663
30
6.18837358517097
10
67.92931239632337
20
3.2462650383855958
30
6.18837358517097
10
67.30901110519181
20
2.2590611888475998
30
6.18837358517097
10
66.92393558510972
20
1.1585785782827613
30
6.18837358517097
10
66.7933951305893
20
6.376251987748835e-16
30
6.18837358517097
10
66.92393558510972
20
-1.15857857828276
30
6.18837358517097
10
67.30901110519181
20
-2.259061188847599
30
6.18837358517097
10
67.92931239632337
20
-3.246265038385595
30
6.18837358517097
10
68.75373496161441
20
-4.070687603676628
30
6.18837358517097
10
69.7409388111524
20
-4.6909888948081795
30
6.18837358517097
10
70.84142142171724
20
-5.076064414890289
30
6.18837358517097
10
72
20
-5.2066048694106986
30
6.18837358517097
10
73.15857857828276
20
-5.07606441489029
30
6.18837358517097
10
74.2590611888476
20
-4.69098889480818
30
6.18837358517097
10
75.24626503838559
20
-4.07068760367663
30
6.18837358517097
10
76.07068760367663
20
-3.2462650383855944
30
6.18837358517097
10
76.69098889480819
20
-2.259061188847596
30
6.18837358517097
10
77.07606441489028
20
-1.1585785782827642
30
6.18837358517097
10
79.48187762230481
20
0
30
7.618022210383643
10
79.29429132951353
20
1.6648743962621138
30
7.618022210383643
10
78.7409388111524
20
3.246265038385593
30
7.618022210383643
10
77.84956747309094
20
4.664874396262114
30
7.618022210383643
10
76.66487439626212
20
5.849567473090942
30
7.618022210383643
10
75.24626503838559
20
6.740938811152402
30
7.618022210383643
10
73.66487439626212
20
7.294291329513529
30
7.618022210383643
10
72
20
7.481877622304803
30
7.618022210383643
10
70.3351256037379
20
7.294291329513529
30
7.618022210383643
10
68.75373496161441
20
6.740938811152402
30
7.618022210383643
10
67.33512560373788
20
5.849567473090943
30
7.618022210383643
10
66.15043252690906
20
4.664874396262117
30
7.618022210383643
10
65.2590611888476
20
3.246265038385594
30
7.618022210383643
10
64.70570867048647
20
1.6648743962621113
30
7.618022210383643
10
64.51812237769519
20
9.162657481767787e-16
30
7.618022210383643
10
64.70570867048647
20
-1.6648743962621095
30
7.618022210383643
10
65.2590611888476
20
-3.246265038385592
30
7.618022210383643
10
66.15043252690906
20
-4.664874396262116
30
7.618022210383643
10
67.33512560373788
20
-5.849567473090941
30
7.618022210383643
10
68.75373496161441
20
-6.740938811152401
30
7.618022210383643
10
70.33512560373788
20
-7.294291329513529
30
7.618022210383643
10
72
20
-7.481877622304803
30
7.618022210383643
10
73.6648743962621
20
-7.29429132951353
30
7.618022210383643
10
75.24626503838559
20
-6.740938811152403
30
7.618022210383643
10
76.6648743962621
20
-5.849567473090943
30
7.618022210383643
10
77.84956747309094
20
-4.664874396262116
30
7.618022210383643
10
78.7409388111524
20
-3.2462650383855887
30
7.618022210383643
10
79.29429132951353
20
-1.6648743962621155
30
7.618022210383643
10
81.38197778961636
20
0
30
9.518122377695198
10
81.14675201856691
20
2.0876864601028298
30
9.518122377695198
10
80.45286990779628
20
4.070687603676628
30
9.518122377695198
10
79.33512560373788
20
5.849567473090941
30
9.518122377695198
10
77.84956747309094
20
7.335125603737886
30
9.518122377695198
10
76.07068760367663
20
8.45286990779629
30
9.518122377695198
10
74.08768646010283
20
9.146752018566916
30
9.518122377695198
10
72
20
9.381977789616357
30
9.518122377695198
10
69.91231353989717
20
9.146752018566916
30
9.518122377695198
10
67.92931239632337
20
8.45286990779629
30
9.518122377695198
10
66.15043252690906
20
7.335125603737887
30
9.518122377695198
10
64.66487439626212
20
5.8495674730909455
30
9.518122377695198
10
63.54713009220371
20
4.070687603676629
30
9.518122377695198
10
62.853247981433086
20
2.087686460102827
30
9.518122377695198
10
62.61802221038364
20
1.1489609069725231e-15
30
9.518122377695198
10
62.853247981433086
20
-2.087686460102825
30
9.518122377695198
10
63.54713009220371
20
-4.070687603676627
30
9.518122377695198
10
64.66487439626212
20
-5.849567473090944
30
9.518122377695198
10
66.15043252690906
20
-7.335125603737885
30
9.518122377695198
10
67.92931239632337
20
-8.45286990779629
30
9.518122377695198
10
69.91231353989717
20
-9.146752018566916
30
9.518122377695198
10
72
20
-9.381977789616357
30
9.518122377695198
10
74.08768646010282
20
-9.146752018566918
30
9.518122377695198
10
76.07068760367663
20
-8.452869907796291
30
9.518122377695198
10
77.84956747309094
20
-7.335125603737887
30
9.518122377695198
10
79.33512560373788
20
-5.849567473090943
30
9.518122377695198
10
80.4528699077963
20
-4.070687603676622
30
9.518122377695198
10
81.14675201856691
20
-2.0876864601028324
30
9.518122377695198
10
82.81162641482904
20
0
30
11.793395130589303
10
82.54055636789911
20
2.4058132074145147
30
11.793395130589303
10
81.7409388111524
20
4.6909888948081795
30
11.793395130589303
10
80.4528699077963
20
6.740938811152401
30
11.793395130589303
10
78.7409388111524
20
8.452869907796291
30
11.793395130589303
10
76.69098889480819
20
9.740938811152402
30
11.793395130589303
10
74.40581320741451
20
10.540556367899121
30
11.793395130589303
10
72
20
10.81162641482903
30
11.793395130589303
10
69.59418679258549
20
10.540556367899121
30
11.793395130589303
10
67.30901110519181
20
9.740938811152402
30
11.793395130589303
10
65.2590611888476
20
8.452869907796291
30
11.793395130589303
10
63.547130092203716
20
6.740938811152406
30
11.793395130589303
10
62.259061188847596
20
4.69098889480818
30
11.793395130589303
10
61.45944363210088
20
2.4058132074145115
30
11.793395130589303
10
61.18837358517097
20
1.3240423682497347e-15
30
11.793395130589303
10
61.45944363210088
20
-2.405813207414509
30
11.793395130589303
10
62.259061188847596
20
-4.690988894808178
30
11.793395130589303
10
63.547130092203716
20
-6.740938811152405
30
11.793395130589303
10
65.2590611888476
20
-8.45286990779629
30
11.793395130589303
10
67.30901110519181
20
-9.7409388111524
30
11.793395130589303
10
69.59418679258549
20
-10.540556367899121
30
11.793395130589303
10
72
20
-10.81162641482903
30
11.793395130589303
10
74.4058132074145
20
-10.540556367899123
30
11.793395130589303
10
76.69098889480817
20
-9.740938811152404
30
11.793395130589303
10
78.7409388111524
20
-8.452869907796291
30
11.793395130589303
10
80.45286990779628
20
-6.740938811152404
30
11.793395130589303
10
81.7409388111524
20
-4.690988894808172
30
11.793395130589303
10
82.54055636789911
20
-2.4058132074145173
30
11.793395130589303
10
83.69913494618189
20
0
30
14.329748792524228
10
83.40581320741451
20
2.603302434705349
30
14.329748792524228
10
82.54055636789911
20
5.076064414890288
30
14.329748792524228
10
81.14675201856691
20
7.294291329513527
30
14.329748792524228
10
79.29429132951353
20
9.146752018566916
30
14.329748792524228
10
77.07606441489028
20
10.540556367899121
30
14.329748792524228
10
74.60330243470536
20
11.405813207414516
30
14.329748792524228
10
72
20
11.699134946181884
30
14.329748792524228
10
69.39669756529466
20
11.405813207414516
30
14.329748792524228
10
66.92393558510972
20
10.540556367899121
30
14.329748792524228
10
64.70570867048647
20
9.146752018566918
30
14.329748792524228
10
62.853247981433086
20
7.294291329513532
30
14.329748792524228
10
61.45944363210088
20
5.076064414890289
30
14.329748792524228
10
60.59418679258548
20
2.6033024347053453
30
14.329748792524228
10
60.300865053818114
20
1.4327308164634586e-15
30
14.329748792524228
10
60.59418679258548
20
-2.603302434705342
30
14.329748792524228
10
61.45944363210088
20
-5.076064414890286
30
14.329748792524228
10
62.853247981433086
20
-7.294291329513531
30
14.329748792524228
10
64.70570867048647
20
-9.146752018566914
30
14.329748792524228
10
66.92393558510972
20
-10.54055636789912
30
14.329748792524228
10
69.39669756529464
20
-11.405813207414516
30
14.329748792524228
10
72
20
-11.699134946181884
30
14.329748792524228
10
74.60330243470534
20
-11.405813207414518
30
14.329748792524228
10
77.07606441489028
20
-10.540556367899123
30
14.329748792524228
10
79.29429132951353
20
-9.146752018566918
30
14.329748792524228
10
81.14675201856691
20
-7.29429132951353
30
14.329748792524228
10
82.54055636789913
20
-5.076064414890281
30
14.329748792524228
10
83.40581320741451
20
-2.6033024347053515
30
14.329748792524228
10
84
20
0
30
17
10
83.69913494618189
20
2.670251207475773
30
17
10
82.81162641482904
20
5.206604869410698
30
17
10
81.38197778961636
20
7.481877622304802
30
17
10
79.48187762230481
20
9.381977789616357
30
17
10
77.2066048694107
20
10.81162641482903
30
17
10
74.67025120747577
20
11.699134946181884
30
17
10
72
20
12
30
17
10
69.32974879252423
20
11.699134946181884
30
17
10
66.7933951305893
20
10.81162641482903
30
17
10
64.51812237769519
20
9.381977789616359
30
17
10
62.61802221038364
20
7.481877622304808
30
17
10
61.18837358517097
20
5.2066048694106986
30
17
10
60.300865053818114
20
2.670251207475769
30
17
10
60
20
1.4695761589768238e-15
30
17
10
60.300865053818114
20
-2.670251207475766
30
17
10
61.18837358517097
20
-5.206604869410696
30
17
10
62.61802221038364
20
-7.481877622304806
30
17
10
64.51812237769519
20
-9.381977789616357
30
17
10
66.7933951305893
20
-10.811626414829028
30
17
10
69.32974879252423
20
-11.699134946181884
30
17
10
72
20
-12
30
17
10
74.67025120747576
20
-11.699134946181886
30
17
10
77.2066048694107
20
-10.811626414829032
30
17
10
79.48187762230481
20
-9.381977789616359
30
17
10
81.38197778961636
20
-7.481877622304804
30
17
10
82.81162641482904
20
-5.20660486941069
30
17
10
83.69913494618189
20
-2.6702512074757756
30
17
10
83.69913494618189
20
0
30
19.670251207475772
10
83.40581320741451
20
2.603302434705349
30
19.670251207475772
10
82.54055636789911
20
5.076064414890288
30
19.670251207475772
10
81.14675201856691
20
7.294291329513527
30
19.670251207475772
10
79.29429132951353
20
9.146752018566916
30
19.670251207475772
10
77.07606441489028
20
10.540556367899121
30
19.670251207475772
10
74.60330243470536
20
11.405813207414516
30
19.670251207475772
10
72
20
11.699134946181884
30
19.670251207475772
10
69.39669756529466
20
11.405813207414516
30
19.670251207475772
10
66.92393558510972
20
10.540556367899121
30
19.670251207475772
10
64.70570867048647
20
9.146752018566918
30
19.670251207475772
10
62.853247981433086
20
7.294291329513532
30
19.670251207475772
10
61.45944363210088
20
5.076064414890289
30
19.670251207475772
10
60.59418679258548
20
2.6033024347053453
30
19.670251207475772
10
60.300865053818114
20
1.4327308164634586e-15
30
19.670251207475772
10
60.59418679258548
20
-2.603302434705342
30
19.670251207475772
10
61.45944363210088
20
-5.076064414890286
30
19.670251207475772
10
62.853247981433086
20
-7.294291329513531
30
19.670251207475772
10
64.70570867048647
20
-9.146752018566914
30
19.670251207475772
10
66.92393558510972
20
-10.54055636789912
30
19.670251207475772
10
69.39669756529464
20
-11.405813207414516
30
19.670251207475772
10
72
20
-11.699134946181884
30
19.670251207475772
10
74.60330243470534
20
-11.405813207414518
30
19.670251207475772
10
77.07606441489028
20
-10.540556367899123
30
19.670251207475772
10
79.29429132951353
20
-9.146752018566918
30
19.670251207475772
10
81.14675201856691
20
-7.29429132951353
30
19.670251207475772
10
82.54055636789913
20
-5.076064414890281
30
19.670251207475772
10
83.40581320741451
20
-2.6033024347053515
30
19.670251207475772
10
82.81162641482904
20
0
30
22.206604869410697
10
82.54055636789911
20
2.4058132074145147
30
22.206604869410697
10
81.7409388111524
20
4.6909888948081795
30
22.206604869410697
10
80.4528699077963
20
6.740938811152401
30
22.206604869410697
10
78.7409388111524
20
8.452869907796291
30
22.206604869410697
10
76.69098889480819
20
9.740938811152402
30
22.206604869410697
10
74.40581320741451
20
10.540556367899121
30
22.206604869410697
10
72
20
10.81162641482903
30
22.206604869410697
10
69.59418679258549
20
10.540556367899121
30
22.206604869410697
10
67.30901110519181
20
9.740938811152402
30
22.206604869410697
10
65.2590611888476
20
8.452869907796291
30
22.206604869410697
10
63.547130092203716
20
6.740938811152406
30
22.206604869410697
10
62.259061188847596
20
4.69098889480818
30
22.206604869410697
10
61.45944363210088
20
2.4058132074145115
30
22.206604869410697
10
61.18837358517097
20
1.3240423682497347e-15
30
22.206604869410697
10
61.45944363210088
20
-2.405813207414509
30
22.206604869410697
10
62.259061188847596
20
-4.690988894808178
30
22.206604869410697
10
63.547130092203716
20
-6.740938811152405
30
22.206604869410697
10
65.2590611888476
20
-8.45286990779629
30
22.206604869410697
10
67.30901110519181
20
-9.7409388111524
30
22.206604869410697
10
69.59418679258549
20
-10.540556367899121
30
22.206604869410697
10
72
20
-10.81162641482903
30
22.206604869410697
10
74.4058132074145
20
-10.540556367899123
30
22.206604869410697
10
76.69098889480817
20
-9.740938811152404
30
22.206604869410697
10
78.7409388111524
20
-8.452869907796291
30
22.206604869410697
10
80.45286990779628
20
-6.740938811152404
30
22.206604869410697
10
81.7409388111524
20
-4.690988894808172
30
22.206604869410697
10
82.54055636789911
20
-2.4058132074145173
30
22.206604869410697
10
81.38197778961636
20
0
30
24.4818776223048
10
81.14675201856691
20
2.0876864601028298
30
24.4818776223048
10
80.45286990779628
20
4.070687603676628
30
24.4818776223048
10
79.33512560373788
20
5.849567473090941
30
24.4818776223048
10
77.84956747309094
20
7.335125603737886
30
24.4818776223048
10
76.07068760367663
20
8.45286990779629
30
24.4818776223048
10
74.08768646010283
20
9.146752018566916
30
24.4818776223048
10
72
20
9.381977789616357
30
24.4818776223048
10
69.91231353989717
20
9.146752018566916
30
24.4818776223048
10
67.92931239632337
20
8.45286990779629
30
24.4818776223048
10
66.15043252690906
20
7.335125603737887
30
24.4818776223048
10
64.66487439626212
20
5.8495674730909455
30
24.4818776223048
10
63.54713009220371
20
4.070687603676629
30
24.4818776223048
10
62.853247981433086
20
2.087686460102827
30
24.4818776223048
10
62.61802221038364
20
1.1489609069725231e-15
30
24.4818776223048
10
62.853247981433086
20
-2.087686460102825
30
24.4818776223048
10
63.54713009220371
20
-4.070687603676627
30
24.4818776223048
10
64.66487439626212
20
-5.849567473090944
30
24.4818776223048
10
66.15043252690906
20
-7.335125603737885
30
24.4818776223048
10
67.92931239632337
20
-8.45286990779629
30
24.4818776223048
10
69.91231353989717
20
-9.146752018566916
30
24.4818776223048
10
72
20
-9.381977789616357
30
24.4818776223048
10
74.08768646010282
20
-9.146752018566918
30
24.4818776223048
10
76.07068760367663
20
-8.452869907796291
30
24.4818776223048
10
77.84956747309094
20
-7.335125603737887
30
24.4818776223048
10
79.33512560373788
20
-5.849567473090943
30
24.4818776223048
10
80.4528699077963
20
-4.070687603676622
30
24.4818776223048
10
81.14675201856691
20
-2.0876864601028324
30
24.4818776223048
10
79.48187762230481
20
0
30
26.381977789616354
10
79.29429132951353
20
1.6648743962621146
30
26.381977789616354
10
78.7409388111524
20
3.2462650383855953
30
26.381977789616354
10
77.84956747309094
20
4.664874396262117
30
26.381977789616354
10
76.66487439626212
20
5.8495674730909455
30
26.381977789616354
10
75.2462650383856
20
6.7409388111524065
30
26.381977789616354
10
73.66487439626212
20
7.294291329513532
30
26.381977789616354
10
72
20
7.481877622304808
30
26.381977789616354
10
70.33512560373788
20
7.294291329513532
30
26.381977789616354
10
68.7537349616144
20
6.7409388111524065
30
26.381977789616354
10
67.33512560373788
20
5.849567473090946
30
26.381977789616354
10
66.15043252690906
20
4.66487439626212
30
26.381977789616354
10
65.2590611888476
20
3.246265038385596
30
26.381977789616354
10
64.70570867048647
20
1.6648743962621124
30
26.381977789616354
10
64.51812237769519
20
9.162657481767793e-16
30
26.381977789616354
10
64.70570867048647
20
-1.6648743962621104
30
26.381977789616354
10
65.2590611888476
20
-3.2462650383855944
30
26.381977789616354
10
66.15043252690906
20
-4.664874396262119
30
26.381977789616354
10
67.33512560373788
20
-5.849567473090945
30
26.381977789616354
10
68.7537349616144
20
-6.740938811152406
30
26.381977789616354
10
70.33512560373788
20
-7.294291329513532
30
26.381977789616354
10
72
20
-7.481877622304808
30
26.381977789616354
10
73.6648743962621
20
-7.294291329513534
30
26.381977789616354
10
75.24626503838559
20
-6.7409388111524065
30
26.381977789616354
10
76.66487439626212
20
-5.849567473090946
30
26.381977789616354
10
77.84956747309094
20
-4.664874396262118
30
26.381977789616354
10
78.7409388111524
20
-3.2462650383855904
30
26.381977789616354
10
79.29429132951353
20
-1.6648743962621164
30
26.381977789616354
10
77.2066048694107
20
0
30
27.81162641482903
10
77.07606441489028
20
1.158578578282763
30
27.81162641482903
10
76.69098889480819
20
2.2590611888475993
30
27.81162641482903
10
76.07068760367663
20
3.2462650383855935
30
27.81162641482903
10
75.24626503838559
20
4.070687603676629
30
27.81162641482903
10
74.2590611888476
20
4.69098889480818
30
27.81162641482903
10
73.15857857828276
20
5.076064414890289
30
27.81162641482903
10
72
20
5.2066048694106986
30
27.81162641482903
10
70.84142142171724
20
5.076064414890289
30
27.81162641482903
10
69.7409388111524
20
4.69098889480818
30
27.81162641482903
10
68.75373496161441
20
4.07068760367663
30
27.81162641482903
10
67.92931239632337
20
3.2462650383855958
30
27.81162641482903
10
67.30901110519181
20
2.2590611888475998
30
27.81162641482903
10
66.92393558510972
20
1.1585785782827613
30
27.81162641482903
10
66.7933951305893
20
6.376251987748835e-16
30
27.81162641482903
10
66.92393558510972
20
-1.15857857828276
30
27.81162641482903
10
67.30901110519181
20
-2.259061188847599
30
27.81162641482903
10
67.92931239632337
20
-3.246265038385595
30
27.81162641482903
10
68.75373496161441
20
-4.070687603676628
30
27.81162641482903
10
69.7409388111524
20
-4.6909888948081795
30
27.81162641482903
10
70.84142142171724
20
-5.076064414890289
30
27.81162641482903
10
72
20
-5.2066048694106986
30
27.81162641482903
10
73.15857857828276
20
-5.07606441489029
30
27.81162641482903
10
74.2590611888476
20
-4.69098889480818
30
27.81162641482903
10
75.24626503838559
20
-4.07068760367663
30
27.81162641482903
10
76.07068760367663
20
-3.2462650383855944
30
27.81162641482903
10
76.69098889480819
20
-2.259061188847596
30
27.81162641482903
10
77.07606441489028
20
-1.1585785782827642
30
27.81162641482903
10
74.67025120747577
20
0
30
28.699134946181886
10
74.60330243470534
20
0.5941867925854842
30
28.699134946181886
10
74.40581320741451
20
1.158578578282761
30
28.699134946181886
10
74.08768646010283
20
1.6648743962621106
30
28.699134946181886
10
73.6648743962621
20
2.0876864601028267
30
28.699134946181886
10
73.15857857828276
20
2.405813207414511
30
28.699134946181886
10
72.59418679258549
20
2.6033024347053444
30
28.699134946181886
10
72
20
2.6702512074757685
30
28.699134946181886
10
71.40581320741451
20
2.6033024347053444
30
28.699134946181886
10
70.84142142171724
20
2.405813207414511
30
28.699134946181886
10
70.3351256037379
20
2.087686460102827
30
28.699134946181886
10
69.91231353989717
20
1.664874396262112
30
28.699134946181886
10
69.59418679258549
20
1.1585785782827611
30
28.699134946181886
10
69.39669756529466
20
0.5941867925854835
30
28.699134946181886
10
69.32974879252423
20
3.270114594154555e-16
30
28.699134946181886
10
69.39669756529466
20
-0.5941867925854828
30
28.699134946181886
10
69.59418679258549
20
-1.1585785782827607
30
28.699134946181886
10
69.91231353989717
20
-1.6648743962621115
30
28.699134946181886
10
70.3351256037379
20
-2.087686460102826
30
28.699134946181886
10
70.84142142171724
20
-2.4058132074145107
30
28.699134946181886
10
71.40581320741451
20
-2.6033024347053444
30
28.699134946181886
10
72
20
-2.6702512074757685
30
28.699134946181886
10
72.59418679258548
20
-2.6033024347053453
30
28.699134946181886
10
73.15857857828276
20
-2.405813207414511
30
28.699134946181886
10
73.6648743962621
20
-2.087686460102827
30
28.699134946181886
10
74.08768646010283
20
-1.6648743962621113
30
28.699134946181886
10
74.40581320741451
20
-1.1585785782827593
30
28.699134946181886
10
74.60330243470534
20
-0.5941867925854849
30
28.699134946181886
10
72
20
0
30
29
93
1904
90
3
90
0
90
2
90
1
90
3
90
365
90
337
90
338
90
4
90
1
90
2
90
30
90
29
90
4
90
29
90
30
90
58
90
57
90
4
90
57
90
58
90
86
90
85
90
4
90
85
90
86
90
114
90
113
90
4
90
113
90
114
90
142
90
141
90
4
90
141
90
142
90
170
90
169
90
4
90
169
90
170
90
198
90
197
90
4
90
197
90
198
90
226
90
225
90
4
90
225
90
226
90
254
90
253
90
4
90
253
90
254
90
282
90
281
90
4
90
281
90
282
90
310
90
309
90
4
90
309
90
310
90
338
90
337
90
3
90
0
90
3
90
2
90
3
90
365
90
338
90
339
90
4
90
2
90
3
90
31
90
30
90
4
90
30
90
31
90
59
90
58
90
4
90
58
90
59
90
87
90
86
90
4
90
86
90
87
90
115
90
114
90
4
90
114
90
115
90
143
90
142
90
4
90
142
90
143
90
171
90
170
90
4
90
170
90
171
90
199
90
198
90
4
90
198
90
199
90
227
90
226
90
4
90
226
90
227
90
255
90
254
90
4
90
254
90
255
90
283
90
282
90
4
90
282
90
283
90
311
90
310
90
4
90
310
90
311
90
339
90
338
90
3
90
0
90
4
90
3
90
3
90
365
90
339
90
340
90
4
90
3
90
4
90
32
90
31
90
4
90
31
90
32
90
60
90
59
90
4
90
59
90
60
90
88
90
87
90
4
90
87
90
88
90
116
90
115
90
4
90
115
90
116
90
144
90
143
90
4
90
143
90
144
90
172
90
171
90
4
90
171
90
172
90
200
90
199
90
4
90
199
90
200
90
228
90
227
90
4
90
227
90
228
90
256
90
255
90
4
90
255
90
256
90
284
90
283
90
4
90
283
90
284
90
312
90
311
90
4
90
311
90
312
90
340
90
339
90
3
90
0
90
5
90
4
90
3
90
365
90
340
90
341
90
4
90
4
90
5
90
33
90
32
90
4
90
32
90
33
90
61
90
60
90
4
90
60
90
61
90
89
90
88
90
4
90
88
90
89
90
117
90
116
90
4
90
116
90
117
90
145
90
144
90
4
90
144
90
145
90
173
90
172
90
4
90
172
90
173
90
201
90
200
90
4
90
200
90
201
90
229
90
228
90
4
90
228
90
229
90
257
90
256
90
4
90
256
90
257
90
285
90
284
90
4
90
284
90
285
90
313
90
312
90
4
90
312
90
313
90
341
90
340
90
3
90
0
90
6
90
5
90
3
90
365
90
341
90
342
90
4
90
5
90
6
90
34
90
33
90
4
90
33
90
34
90
62
90
61
90
4
90
61
90
62
90
90
90
89
90
4
90
89
90
90
90
118
90
117
90
4
90
117
90
118
90
146
90
145
90
4
90
145
90
146
90
174
90
173
90
4
90
173
90
174
90
202
90
201
90
4
90
201
90
202
90
230
90
229
90
4
90
229
90
230
90
258
90
257
90
4
90
257
90
258
90
286
90
285
90
4
90
285
90
286
90
314
90
313
90
4
90
313
90
314
90
342
90
341
90
3
90
0
90
7
90
6
90
3
90
365
90
342
90
343
90
4
90
6
90
7
90
35
90
34
90
4
90
34
90
35
90
63
90
62
90
4
90
62
90
63
90
91
90
90
90
4
90
90
90
91
90
119
90
118
90
4
90
118
90
119
90
147
90
146
90
4
90
146
90
147
90
175
90
174
90
4
90
174
90
175
90
203
90
202
90
4
90
202
90
203
90
231
90
230
90
4
90
230
90
231
90
259
90
258
90
4
90
258
90
259
90
287
90
286
90
4
90
286
90
287
90
315
90
314
90
4
90
314
90
315
90
343
90
342
90
3
90
0
90
8
90
7
90
3
90
365
90
343
90
344
90
4
90
7
90
8
90
36
90
35
90
4
90
35
90
36
90
64
90
63
90
4
90
63
90
64
90
92
90
91
90
4
90
91
90
92
90
120
90
119
90
4
90
119
90
120
90
148
90
147
90
4
90
147
90
148
90
176
90
175
90
4
90
175
90
176
90
204
90
203
90
4
90
203
90
204
90
232
90
231
90
4
90
231
90
232
90
260
90
259
90
4
90
259
90
260
90
288
90
287
90
4
90
287
90
288
90
316
90
315
90
4
90
315
90
316
90
344
90
343
90
3
90
0
90
9
90
8
90
3
90
365
90
344
90
345
90
4
90
8
90
9
90
37
90
36
90
4
90
36
90
37
90
65
90
64
90
4
90
64
90
65
90
93
90
92
90
4
90
92
90
93
90
121
90
120
90
4
90
120
90
121
90
149
90
148
90
4
90
148
90
149
90
177
90
176
90
4
90
176
90
177
90
205
90
204
90
4
90
204
90
205
90
233
90
232
90
4
90
232
90
233
90
261
90
260
90
4
90
260
90
261
90
289
90
288
90
4
90
288
90
289
90
317
90
316
90
4
90
316
90
317
90
345
90
344
90
3
90
0
90
10
90
9
90
3
90
365
90
345
90
346
90
4
90
9
90
10
90
38
90
37
90
4
90
37
90
38
90
66
90
65
90
4
90
65
90
66
90
94
90
93
90
4
90
93
90
94
90
122
90
121
90
4
90
121
90
122
90
150
90
149
90
4
90
149
90
150
90
178
90
177
90
4
90
177
90
178
90
206
90
205
90
4
90
205
90
206
90
234
90
233
90
4
90
233
90
234
90
262
90
261
90
4
90
261
90
262
90
290
90
289
90
4
90
289
90
290
90
318
90
317
90
4
90
317
90
318
90
346
90
345
90
3
90
0
90
11
90
10
90
3
90
365
90
346
90
347
90
4
90
10
90
11
90
39
90
38
90
4
90
38
90
39
90
67
90
66
90
4
90
66
90
67
90
95
90
94
90
4
90
94
90
95
90
123
90
122
90
4
90
122
90
123
90
151
90
150
90
4
90
150
90
151
90
179
90
178
90
4
90
178
90
179
90
207
90
206
90
4
90
206
90
207
90
235
90
234
90
4
90
234
90
235
90
263
90
262
90
4
90
262
90
263
90
291
90
290
90
4
90
290
90
291
90
319
90
318
90
4
90
318
90
319
90
347
90
346
90
3
90
0
90
12
90
11
90
3
90
365
90
347
90
348
90
4
90
11
90
12
90
40
90
39
90
4
90
39
90
40
90
68
90
67
90
4
90
67
90
68
90
96
90
95
90
4
90
95
90
96
90
124
90
123
90
4
90
123
90
124
90
152
90
151
90
4
90
151
90
152
90
180
90
179
90
4
90
179
90
180
90
208
90
207
90
4
90
207
90
208
90
236
90
235
90
4
90
235
90
236
90
264
90
263
90
4
90
263
90
264
90
292
90
291
90
4
90
291
90
292
90
320
90
319
90
4
90
319
90
320
90
348
90
347
90
3
90
0
90
13
90
12
90
3
90
365
90
348
90
349
90
4
90
12
90
13
90
41
90
40
90
4
90
40
90
41
90
69
90
68
90
4
90
68
90
69
90
97
90
96
90
4
90
96
90
97
90
125
90
124
90
4
90
124
90
125
90
153
90
152
90
4
90
152
90
153
90
181
90
180
90
4
90
180
90
181
90
209
90
208
90
4
90
208
90
209
90
237
90
236
90
4
90
236
90
237
90
265
90
264
90
4
90
264
90
265
90
293
90
292
90
4
90
292
90
293
90
321
90
320
90
4
90
320
90
321
90
349
90
348
90
3
90
0
90
14
90
13
90
3
90
365
90
349
90
350
90
4
90
13
90
14
90
42
90
41
90
4
90
41
90
42
90
70
90
69
90
4
90
69
90
70
90
98
90
97
90
4
90
97
90
98
90
126
90
125
90
4
90
125
90
126
90
154
90
153
90
4
90
153
90
154
90
182
90
181
90
4
90
181
90
182
90
210
90
209
90
4
90
209
90
210
90
238
90
237
90
4
90
237
90
238
90
266
90
265
90
4
90
265
90
266
90
294
90
293
90
4
90
293
90
294
90
322
90
321
90
4
90
321
90
322
90
350
90
349
90
3
90
0
90
15
90
14
90
3
90
365
90
350
90
351
90
4
90
14
90
15
90
43
90
42
90
4
90
42
90
43
90
71
90
70
90
4
90
70
90
71
90
99
90
98
90
4
90
98
90
99
90
127
90
126
90
4
90
126
90
127
90
155
90
154
90
4
90
154
90
155
90
183
90
182
90
4
90
182
90
183
90
211
90
210
90
4
90
210
90
211
90
239
90
238
90
4
90
238
90
239
90
267
90
266
90
4
90
266
90
267
90
295
90
294
90
4
90
294
90
295
90
323
90
322
90
4
90
322
90
323
90
351
90
350
90
3
90
0
90
16
90
15
90
3
90
365
90
351
90
352
90
4
90
15
90
16
90
44
90
43
90
4
90
43
90
44
90
72
90
71
90
4
90
71
90
72
90
100
90
99
90
4
90
99
90
100
90
128
90
127
90
4
90
127
90
128
90
156
90
155
90
4
90
155
90
156
90
184
90
183
90
4
90
183
90
184
90
212
90
211
90
4
90
211
90
212
90
240
90
239
90
4
90
239
90
240
90
268
90
267
90
4
90
267
90
268
90
296
90
295
90
4
90
295
90
296
90
324
90
323
90
4
90
323
90
324
90
352
90
351
90
3
90
0
90
17
90
16
90
3
90
365
90
352
90
353
90
4
90
16
90
17
90
45
90
44
90
4
90
44
90
45
90
73
90
72
90
4
90
72
90
73
90
101
90
100
90
4
90
100
90
101
90
129
90
128
90
4
90
128
90
129
90
157
90
156
90
4
90
156
90
157
90
185
90
184
90
4
90
184
90
185
90
213
90
212
90
4
90
212
90
213
90
241
90
240
90
4
90
240
90
241
90
269
90
268
90
4
90
268
90
269
90
297
90
296
90
4
90
296
90
297
90
325
90
324
90
4
90
324
90
325
90
353
90
352
90
3
90
0
90
18
90
17
90
3
90
365
90
353
90
354
90
4
90
17
90
18
90
46
90
45
90
4
90
45
90
46
90
74
90
73
90
4
90
73
90
74
90
102
90
101
90
4
90
101
90
102
90
130
90
129
90
4
90
129
90
130
90
158
90
157
90
4
90
157
90
158
90
186
90
185
90
4
90
185
90
186
90
214
90
213
90
4
90
213
90
214
90
242
90
241
90
4
90
241
90
242
90
270
90
269
90
4
90
269
90
270
90
298
90
297
90
4
90
297
90
298
90
326
90
325
90
4
90
325
90
326
90
354
90
353
90
3
90
0
90
19
90
18
90
3
90
365
90
354
90
355
90
4
90
18
90
19
90
47
90
46
90
4
90
46
90
47
90
75
90
74
90
4
90
74
90
75
90
103
90
102
90
4
90
102
90
103
90
131
90
130
90
4
90
130
90
131
90
159
90
158
90
4
90
158
90
159
90
187
90
186
90
4
90
186
90
187
90
215
90
214
90
4
90
214
90
215
90
243
90
242
90
4
90
242
90
243
90
271
90
270
90
4
90
270
90
271
90
299
90
298
90
4
90
298
90
299
90
327
90
326
90
4
90
326
90
327
90
355
90
354
90
3
90
0
90
20
90
19
90
3
90
365
90
355
90
356
90
4
90
19
90
20
90
48
90
47
90
4
90
47
90
48
90
76
90
75
90
4
90
75
90
76
90
104
90
103
90
4
90
103
90
104
90
132
90
131
90
4
90
131
90
132
90
160
90
159
90
4
90
159
90
160
90
188
90
187
90
4
90
187
90
188
90
216
90
215
90
4
90
215
90
216
90
244
90
243
90
4
90
243
90
244
90
272
90
271
90
4
90
271
90
272
90
300
90
299
90
4
90
299
90
300
90
328
90
327
90
4
90
327
90
328
90
356
90
355
90
3
90
0
90
21
90
20
90
3
90
365
90
356
90
357
90
4
90
20
90
21
90
49
90
48
90
4
90
48
90
49
90
77
90
76
90
4
90
76
90
77
90
105
90
104
90
4
90
104
90
105
90
133
90
132
90
4
90
132
90
133
90
161
90
160
90
4
90
160
90
161
90
189
90
188
90
4
90
188
90
189
90
217
90
216
90
4
90
216
90
217
90
245
90
244
90
4
90
244
90
245
90
273
90
272
90
4
90
272
90
273
90
301
90
300
90
4
90
300
90
301
90
329
90
328
90
4
90
328
90
329
90
357
90
356
90
3
90
0
90
22
90
21
90
3
90
365
90
357
90
358
90
4
90
21
90
22
90
50
90
49
90
4
90
49
90
50
90
78
90
77
90
4
90
77
90
78
90
106
90
105
90
4
90
105
90
106
90
134
90
133
90
4
90
133
90
134
90
162
90
161
90
4
90
161
90
162
90
190
90
189
90
4
90
189
90
190
90
218
90
217
90
4
90
217
90
218
90
246
90
245
90
4
90
245
90
246
90
274
90
273
90
4
90
273
90
274
90
302
90
301
90
4
90
301
90
302
90
330
90
329
90
4
90
329
90
330
90
358
90
357
90
3
90
0
90
23
90
22
90
3
90
365
90
358
90
359
90
4
90
22
90
23
90
51
90
50
90
4
90
50
90
51
90
79
90
78
90
4
90
78
90
79
90
107
90
106
90
4
90
106
90
107
90
135
90
134
90
4
90
134
90
135
90
163
90
162
90
4
90
162
90
163
90
191
90
190
90
4
90
190
90
191
90
219
90
218
90
4
90
218
90
219
90
247
90
246
90
4
90
246
90
247
90
275
90
274
90
4
90
274
90
275
90
303
90
302
90
4
90
302
90
303
90
331
90
330
90
4
90
330
90
331
90
359
90
358
90
3
90
0
90
24
90
23
90
3
90
365
90
359
90
360
90
4
90
23
90
24
90
52
90
51
90
4
90
51
90
52
90
80
90
79
90
4
90
79
90
80
90
108
90
107
90
4
90
107
90
108
90
136
90
135
90
4
90
135
90
136
90
164
90
163
90
4
90
163
90
164
90
192
90
191
90
4
90
191
90
192
90
220
90
219
90
4
90
219
90
220
90
248
90
247
90
4
90
247
90
248
90
276
90
275
90
4
90
275
90
276
90
304
90
303
90
4
90
303
90
304
90
332
90
331
90
4
90
331
90
332
90
360
90
359
90
3
90
0
90
25
90
24
90
3
90
365
90
360
90
361
90
4
90
24
90
25
90
53
90
52
90
4
90
52
90
53
90
81
90
80
90
4
90
80
90
81
90
109
90
108
90
4
90
108
90
109
90
137
90
136
90
4
90
136
90
137
90
165
90
164
90
4
90
164
90
165
90
193
90
192
90
4
90
192
90
193
90
221
90
220
90
4
90
220
90
221
90
249
90
248
90
4
90
248
90
249
90
277
90
276
90
4
90
276
90
277
90
305
90
304
90
4
90
304
90
305
90
333
90
332
90
4
90
332
90
333
90
361
90
360
90
3
90
0
90
26
90
25
90
3
90
365
90
361
90
362
90
4
90
25
90
26
90
54
90
53
90
4
90
53
90
54
90
82
90
81
90
4
90
81
90
82
90
110
90
109
90
4
90
109
90
110
90
138
90
137
90
4
90
137
90
138
90
166
90
165
90
4
90
165
90
166
90
194
90
193
90
4
90
193
90
194
90
222
90
221
90
4
90
221
90
222
90
250
90
249
90
4
90
249
90
250
90
278
90
277
90
4
90
277
90
278
90
306
90
305
90
4
90
305
90
306
90
334
90
333
90
4
90
333
90
334
90
362
90
361
90
3
90
0
90
27
90
26
90
3
90
365
90
362
90
363
90
4
90
26
90
27
90
55
90
54
90
4
90
54
90
55
90
83
90
82
90
4
90
82
90
83
90
111
90
110
90
4
90
110
90
111
90
139
90
138
90
4
90
138
90
139
90
167
90
166
90
4
90
166
90
167
90
195
90
194
90
4
90
194
90
195
90
223
90
222
90
4
90
222
90
223
90
251
90
250
90
4
90
250
90
251
90
279
90
278
90
4
90
278
90
279
90
307
90
306
90
4
90
306
90
307
90
335
90
334
90
4
90
334
90
335
90
363
90
362
90
3
90
0
90
28
90
27
90
3
90
365
90
363
90
364
90
4
90
27
90
28
90
56
90
55
90
4
90
55
90
56
90
84
90
83
90
4
90
83
90
84
90
112
90
111
90
4
90
111
90
112
90
140
90
139
90
4
90
139
90
140
90
168
90
167
90
4
90
167
90
168
90
196
90
195
90
4
90
195
90
196
90
224
90
223
90
4
90
223
90
224
90
252
90
251
90
4
90
251
90
252
90
280
90
279
90
4
90
279
90
280
90
308
90
307
90
4
90
307
90
308
90
336
90
335
90
4
90
335
90
336
90
364
90
363
90
3
90
0
90
1
90
28
90
3
90
365
90
364
90
337
90
4
90
28
90
1
90
29
90
56
90
4
90
56
90
29
90
57
90
84
90
4
90
84
90
57
90
85
90
112
90
4
90
112
90
85
90
113
90
140
90
4
90
140
90
113
90
141
90
168
90
4
90
168
90
141
90
169
90
196
90
4
90
196
90
169
90
197
90
224
90
4
90
224
90
197
90
225
90
252
90
4
90
252
90
225
90
253
90
280
90
4
90
280
90
253
90
281
90
308
90
4
90
308
90
281
90
309
90
336
90
4
90
336
90
309
90
337
90
364
94
0
95
0
90
0
1001
CONDUITCAD
1000
{"id":"e-mukbud4f-5","label":"Steel","feature3d":{"version":1,"kind":"sphere","parameters":{"radius":"Radius","segments":28,"x":"2*Spacing","y":"0*Spacing","z":"Radius+5"},"inputs":[],"suppressed":fal
1000
se},"model3dConsumed":false,"appearance3d":{"id":"steel","label":"Steel","color":"#9da8b2","metallic":1,"roughness":0.32,"opacity":1,"emission":0},"model3dUserHidden":false}
0
MESH
5
105
330
124
100
AcDbEntity
8
Equipment
62
7
420
7831426
100
AcDbSubDMesh
71
2
72
0
91
0
92
56
10
86
20
0
30
0
10
85.64899077054554
20
3.1152930753884016
30
0
10
84.61356415063386
20
6.074372347645814
30
0
10
82.94564075455241
20
8.728857226022269
30
0
10
80.72885722602227
20
10.945640754552418
30
0
10
78.07437234764582
20
12.613564150633868
30
0
10
75.11529307538841
20
13.648990770545531
30
0
10
72
20
14
30
0
10
68.8847069246116
20
13.648990770545531
30
0
10
65.9256276523542
20
12.613564150633868
30
0
10
63.27114277397773
20
10.945640754552418
30
0
10
61.054359245447586
20
8.728857226022274
30
0
10
59.38643584936614
20
6.074372347645816
30
0
10
58.35100922945447
20
3.115293075388397
30
0
10
58
20
1.7145055188062944e-15
30
0
10
58.35100922945447
20
-3.1152930753883936
30
0
10
59.38643584936613
20
-6.074372347645812
30
0
10
61.054359245447586
20
-8.728857226022274
30
0
10
63.27114277397773
20
-10.945640754552416
30
0
10
65.92562765235418
20
-12.613564150633866
30
0
10
68.88470692461159
20
-13.648990770545531
30
0
10
72
20
-14
30
0
10
75.1152930753884
20
-13.648990770545534
30
0
10
78.0743723476458
20
-12.61356415063387
30
0
10
80.72885722602227
20
-10.945640754552418
30
0
10
82.94564075455241
20
-8.728857226022273
30
0
10
84.61356415063388
20
-6.074372347645805
30
0
10
85.64899077054552
20
-3.115293075388405
30
0
10
86
20
0
30
4
10
85.64899077054554
20
3.1152930753884016
30
4
10
84.61356415063386
20
6.074372347645814
30
4
10
82.94564075455241
20
8.728857226022269
30
4
10
80.72885722602227
20
10.945640754552418
30
4
10
78.07437234764582
20
12.613564150633868
30
4
10
75.11529307538841
20
13.648990770545531
30
4
10
72
20
14
30
4
10
68.8847069246116
20
13.648990770545531
30
4
10
65.9256276523542
20
12.613564150633868
30
4
10
63.27114277397773
20
10.945640754552418
30
4
10
61.054359245447586
20
8.728857226022274
30
4
10
59.38643584936614
20
6.074372347645816
30
4
10
58.35100922945447
20
3.115293075388397
30
4
10
58
20
1.7145055188062944e-15
30
4
10
58.35100922945447
20
-3.1152930753883936
30
4
10
59.38643584936613
20
-6.074372347645812
30
4
10
61.054359245447586
20
-8.728857226022274
30
4
10
63.27114277397773
20
-10.945640754552416
30
4
10
65.92562765235418
20
-12.613564150633866
30
4
10
68.88470692461159
20
-13.648990770545531
30
4
10
72
20
-14
30
4
10
75.1152930753884
20
-13.648990770545534
30
4
10
78.0743723476458
20
-12.61356415063387
30
4
10
80.72885722602227
20
-10.945640754552418
30
4
10
82.94564075455241
20
-8.728857226022273
30
4
10
84.61356415063388
20
-6.074372347645805
30
4
10
85.64899077054552
20
-3.115293075388405
30
4
93
198
90
28
90
27
90
26
90
25
90
24
90
23
90
22
90
21
90
20
90
19
90
18
90
17
90
16
90
15
90
14
90
13
90
12
90
11
90
10
90
9
90
8
90
7
90
6
90
5
90
4
90
3
90
2
90
1
90
0
90
28
90
28
90
29
90
30
90
31
90
32
90
33
90
34
90
35
90
36
90
37
90
38
90
39
90
40
90
41
90
42
90
43
90
44
90
45
90
46
90
47
90
48
90
49
90
50
90
51
90
52
90
53
90
54
90
55
90
4
90
0
90
1
90
29
90
28
90
4
90
1
90
2
90
30
90
29
90
4
90
2
90
3
90
31
90
30
90
4
90
3
90
4
90
32
90
31
90
4
90
4
90
5
90
33
90
32
90
4
90
5
90
6
90
34
90
33
90
4
90
6
90
7
90
35
90
34
90
4
90
7
90
8
90
36
90
35
90
4
90
8
90
9
90
37
90
36
90
4
90
9
90
10
90
38
90
37
90
4
90
10
90
11
90
39
90
38
90
4
90
11
90
12
90
40
90
39
90
4
90
12
90
13
90
41
90
40
90
4
90
13
90
14
90
42
90
41
90
4
90
14
90
15
90
43
90
42
90
4
90
15
90
16
90
44
90
43
90
4
90
16
90
17
90
45
90
44
90
4
90
17
90
18
90
46
90
45
90
4
90
18
90
19
90
47
90
46
90
4
90
19
90
20
90
48
90
47
90
4
90
20
90
21
90
49
90
48
90
4
90
21
90
22
90
50
90
49
90
4
90
22
90
23
90
51
90
50
90
4
90
23
90
24
90
52
90
51
90
4
90
24
90
25
90
53
90
52
90
4
90
25
90
26
90
54
90
53
90
4
90
26
90
27
90
55
90
54
90
4
90
27
90
0
90
28
90
55
94
0
95
0
90
0
1001
CONDUITCAD
1000
{"id":"e-mukbud4j-6","label":"Steel pedestal","feature3d":{"version":1,"kind":"cylinder","parameters":{"radius":14,"height":4,"segments":28,"x":"2*Spacing","y":"0*Spacing"},"inputs":[],"suppressed":fa
1000
lse},"model3dConsumed":false,"appearance3d":{"metallic":0.3,"roughness":0.55,"emission":0,"opacity":1},"model3dUserHidden":false}
0
MESH
5
106
330
124
100
AcDbEntity
8
Equipment
62
7
420
13141077
440
33554687
100
AcDbSubDMesh
71
2
72
0
91
0
92
366
10
0
20
36
30
5
10
2.6702512074757734
20
36
30
5.300865053818116
10
2.6033024347053493
20
36.59418679258548
30
5.300865053818116
10
2.405813207414515
20
37.158578578282764
30
5.300865053818116
10
2.0876864601028307
20
37.664874396262114
30
5.300865053818116
10
1.664874396262114
20
38.08768646010283
30
5.300865053818116
10
1.1585785782827631
20
38.40581320741452
30
5.300865053818116
10
0.5941867925854855
20
38.60330243470535
30
5.300865053818116
10
1.6350572970772804e-16
20
38.67025120747577
30
5.300865053818116
10
-0.5941867925854852
20
38.60330243470535
30
5.300865053818116
10
-1.158578578282763
20
38.40581320741452
30
5.300865053818116
10
-1.6648743962621138
20
38.08768646010283
30
5.300865053818116
10
-2.0876864601028298
20
37.664874396262114
30
5.300865053818116
10
-2.405813207414515
20
37.158578578282764
30
5.300865053818116
10
-2.6033024347053497
20
36.59418679258548
30
5.300865053818116
10
-2.6702512074757734
20
36
30
5.300865053818116
10
-2.6033024347053497
20
35.40581320741452
30
5.300865053818116
10
-2.405813207414515
20
34.841421421717236
30
5.300865053818116
10
-2.0876864601028298
20
34.335125603737886
30
5.300865053818116
10
-1.6648743962621144
20
33.91231353989717
30
5.300865053818116
10
-1.1585785782827636
20
33.59418679258548
30
5.300865053818116
10
-0.5941867925854859
20
33.39669756529465
30
5.300865053818116
10
-4.905171891231841e-16
20
33.32974879252423
30
5.300865053818116
10
0.5941867925854825
20
33.39669756529465
30
5.300865053818116
10
1.1585785782827627
20
33.59418679258548
30
5.300865053818116
10
1.6648743962621135
20
33.91231353989717
30
5.300865053818116
10
2.08768646010283
20
34.335125603737886
30
5.300865053818116
10
2.405813207414516
20
34.841421421717236
30
5.300865053818116
10
2.603302434705349
20
35.40581320741451
30
5.300865053818116
10
5.2066048694106986
20
36
30
6.18837358517097
10
5.076064414890289
20
37.158578578282764
30
6.18837358517097
10
4.69098889480818
20
38.259061188847596
30
6.18837358517097
10
4.070687603676629
20
39.246265038385594
30
6.18837358517097
10
3.246265038385594
20
40.07068760367663
30
6.18837358517097
10
2.2590611888475998
20
40.69098889480818
30
6.18837358517097
10
1.1585785782827633
20
41.07606441489029
30
6.18837358517097
10
3.1881259938744174e-16
20
41.2066048694107
30
6.18837358517097
10
-1.1585785782827627
20
41.07606441489029
30
6.18837358517097
10
-2.259061188847599
20
40.69098889480818
30
6.18837358517097
10
-3.2462650383855935
20
40.07068760367663
30
6.18837358517097
10
-4.070687603676627
20
39.246265038385594
30
6.18837358517097
10
-4.6909888948081795
20
38.259061188847596
30
6.18837358517097
10
-5.076064414890289
20
37.158578578282764
30
6.18837358517097
10
-5.2066048694106986
20
36
30
6.18837358517097
10
-5.076064414890289
20
34.84142142171724
30
6.18837358517097
10
-4.69098889480818
20
33.740938811152404
30
6.18837358517097
10
-4.070687603676628
20
32.753734961614406
30
6.18837358517097
10
-3.2462650383855944
20
31.929312396323372
30
6.18837358517097
10
-2.2590611888476
20
31.30901110519182
30
6.18837358517097
10
-1.158578578282764
20
30.92393558510971
30
6.18837358517097
10
-9.564377981623253e-16
20
30.793395130589303
30
6.18837358517097
10
1.1585785782827576
20
30.92393558510971
30
6.18837358517097
10
2.2590611888475984
20
31.30901110519182
30
6.18837358517097
10
3.2462650383855927
20
31.92931239632337
30
6.18837358517097
10
4.070687603676628
20
32.753734961614406
30
6.18837358517097
10
4.690988894808181
20
33.740938811152404
30
6.18837358517097
10
5.076064414890288
20
34.841421421717236
30
6.18837358517097
10
7.481877622304803
20
36
30
7.618022210383643
10
7.294291329513529
20
37.664874396262114
30
7.618022210383643
10
6.740938811152402
20
39.246265038385594
30
7.618022210383643
10
5.849567473090942
20
40.664874396262114
30
7.618022210383643
10
4.664874396262115
20
41.84956747309094
30
7.618022210383643
10
3.2462650383855935
20
42.740938811152404
30
7.618022210383643
10
1.664874396262114
20
43.29429132951353
30
7.618022210383643
10
4.581328740883894e-16
20
43.4818776223048
30
7.618022210383643
10
-1.6648743962621133
20
43.29429132951353
30
7.618022210383643
10
-3.2462650383855927
20
42.740938811152404
30
7.618022210383643
10
-4.664874396262114
20
41.84956747309094
30
7.618022210383643
10
-5.849567473090939
20
40.664874396262114
30
7.618022210383643
10
-6.740938811152401
20
39.246265038385594
30
7.618022210383643
10
-7.29429132951353
20
37.664874396262114
30
7.618022210383643
10
-7.481877622304803
20
36
30
7.618022210383643
10
-7.29429132951353
20
34.33512560373789
30
7.618022210383643
10
-6.740938811152402
20
32.753734961614406
30
7.618022210383643
10
-5.84956747309094
20
31.335125603737886
30
7.618022210383643
10
-4.664874396262116
20
30.150432526909057
30
7.618022210383643
10
-3.2462650383855944
20
29.2590611888476
30
7.618022210383643
10
-1.664874396262115
20
28.705708670486473
30
7.618022210383643
10
-1.374398622265168e-15
20
28.518122377695196
30
7.618022210383643
10
1.6648743962621058
20
28.70570867048647
30
7.618022210383643
10
3.246265038385592
20
29.259061188847596
30
7.618022210383643
10
4.664874396262113
20
30.150432526909057
30
7.618022210383643
10
5.849567473090941
20
31.335125603737886
30
7.618022210383643
10
6.740938811152404
20
32.75373496161441
30
7.618022210383643
10
7.294291329513528
20
34.335125603737886
30
7.618022210383643
10
9.381977789616357
20
36
30
9.518122377695198
10
9.146752018566916
20
38.08768646010283
30
9.518122377695198
10
8.45286990779629
20
40.07068760367663
30
9.518122377695198
10
7.335125603737886
20
41.84956747309094
30
9.518122377695198
10
5.849567473090942
20
43.335125603737886
30
9.518122377695198
10
4.070687603676629
20
44.45286990779629
30
9.518122377695198
10
2.08768646010283
20
45.146752018566914
30
9.518122377695198
10
5.7448045348626155e-16
20
45.38197778961636
30
9.518122377695198
10
-2.0876864601028293
20
45.146752018566914
30
9.518122377695198
10
-4.070687603676627
20
44.45286990779629
30
9.518122377695198
10
-5.849567473090941
20
43.335125603737886
30
9.518122377695198
10
-7.3351256037378825
20
41.84956747309094
30
9.518122377695198
10
-8.45286990779629
20
40.07068760367663
30
9.518122377695198
10
-9.146752018566916
20
38.08768646010283
30
9.518122377695198
10
-9.381977789616357
20
36
30
9.518122377695198
10
-9.146752018566916
20
33.91231353989718
30
9.518122377695198
10
-8.45286990779629
20
31.929312396323372
30
9.518122377695198
10
-7.335125603737884
20
30.150432526909057
30
9.518122377695198
10
-5.849567473090943
20
28.664874396262114
30
9.518122377695198
10
-4.07068760367663
20
27.54713009220371
30
9.518122377695198
10
-2.0876864601028315
20
26.853247981433086
30
9.518122377695198
10
-1.7234413604587847e-15
20
26.618022210383643
30
9.518122377695198
10
2.08768646010282
20
26.853247981433082
30
9.518122377695198
10
4.070687603676626
20
27.54713009220371
30
9.518122377695198
10
5.84956747309094
20
28.664874396262114
30
9.518122377695198
10
7.335125603737885
20
30.150432526909057
30
9.518122377695198
10
8.452869907796293
20
31.92931239632338
30
9.518122377695198
10
9.146752018566914
20
33.91231353989717
30
9.518122377695198
10
10.81162641482903
20
36
30
11.793395130589303
10
10.540556367899121
20
38.40581320741452
30
11.793395130589303
10
9.740938811152402
20
40.69098889480818
30
11.793395130589303
10
8.452869907796291
20
42.740938811152404
30
11.793395130589303
10
6.740938811152402
20
44.45286990779629
30
11.793395130589303
10
4.6909888948081795
20
45.740938811152404
30
11.793395130589303
10
2.4058132074145155
20
46.54055636789912
30
11.793395130589303
10
6.620211841248673e-16
20
46.81162641482903
30
11.793395130589303
10
-2.405813207414514
20
46.54055636789912
30
11.793395130589303
10
-4.690988894808179
20
45.740938811152404
30
11.793395130589303
10
-6.740938811152401
20
44.45286990779629
30
11.793395130589303
10
-8.452869907796288
20
42.740938811152404
30
11.793395130589303
10
-9.7409388111524
20
40.69098889480818
30
11.793395130589303
10
-10.540556367899123
20
38.40581320741451
30
11.793395130589303
10
-10.81162641482903
20
36
30
11.793395130589303
10
-10.540556367899123
20
33.59418679258549
30
11.793395130589303
10
-9.740938811152402
20
31.30901110519182
30
11.793395130589303
10
-8.452869907796288
20
29.259061188847596
30
11.793395130589303
10
-6.740938811152404
20
27.54713009220371
30
11.793395130589303
10
-4.690988894808181
20
26.2590611888476
30
11.793395130589303
10
-2.405813207414517
20
25.45944363210088
30
11.793395130589303
10
-1.986063552374602e-15
20
25.18837358517097
30
11.793395130589303
10
2.4058132074145036
20
25.45944363210088
30
11.793395130589303
10
4.690988894808178
20
26.259061188847596
30
11.793395130589303
10
6.7409388111524
20
27.54713009220371
30
11.793395130589303
10
8.45286990779629
20
29.259061188847596
30
11.793395130589303
10
9.740938811152404
20
31.30901110519183
30
11.793395130589303
10
10.54055636789912
20
33.59418679258548
30
11.793395130589303
10
11.699134946181884
20
36
30
14.329748792524228
10
11.405813207414516
20
38.60330243470535
30
14.329748792524228
10
10.540556367899121
20
41.07606441489029
30
14.329748792524228
10
9.146752018566916
20
43.29429132951353
30
14.329748792524228
10
7.294291329513529
20
45.146752018566914
30
14.329748792524228
10
5.076064414890289
20
46.54055636789912
30
14.329748792524228
10
2.6033024347053493
20
47.40581320741452
30
14.329748792524228
10
7.163654082317293e-16
20
47.699134946181886
30
14.329748792524228
10
-2.603302434705348
20
47.40581320741452
30
14.329748792524228
10
-5.076064414890287
20
46.54055636789912
30
14.329748792524228
10
-7.294291329513527
20
45.146752018566914
30
14.329748792524228
10
-9.146752018566913
20
43.294291329513534
30
14.329748792524228
10
-10.54055636789912
20
41.07606441489029
30
14.329748792524228
10
-11.405813207414516
20
38.60330243470535
30
14.329748792524228
10
-11.699134946181884
20
36
30
14.329748792524228
10
-11.405813207414516
20
33.39669756529466
30
14.329748792524228
10
-10.540556367899121
20
30.923935585109714
30
14.329748792524228
10
-9.146752018566914
20
28.70570867048647
30
14.329748792524228
10
-7.29429132951353
20
26.853247981433086
30
14.329748792524228
10
-5.07606441489029
20
25.45944363210088
30
14.329748792524228
10
-2.603302434705351
20
24.594186792585482
30
14.329748792524228
10
-2.1490962246951877e-15
20
24.300865053818114
30
14.329748792524228
10
2.6033024347053364
20
24.594186792585482
30
14.329748792524228
10
5.076064414890286
20
25.45944363210088
30
14.329748792524228
10
7.294291329513526
20
26.853247981433082
30
14.329748792524228
10
9.146752018566914
20
28.70570867048647
30
14.329748792524228
10
10.540556367899123
20
30.923935585109717
30
14.329748792524228
10
11.405813207414514
20
33.39669756529465
30
14.329748792524228
10
12
20
36
30
17
10
11.699134946181884
20
38.67025120747577
30
17
10
10.81162641482903
20
41.2066048694107
30
17
10
9.381977789616357
20
43.4818776223048
30
17
10
7.481877622304803
20
45.38197778961636
30
17
10
5.2066048694106986
20
46.81162641482903
30
17
10
2.6702512074757734
20
47.699134946181886
30
17
10
7.347880794884119e-16
20
48
30
17
10
-2.670251207475772
20
47.699134946181886
30
17
10
-5.206604869410697
20
46.81162641482903
30
17
10
-7.481877622304802
20
45.38197778961636
30
17
10
-9.381977789616354
20
43.48187762230481
30
17
10
-10.811626414829028
20
41.2066048694107
30
17
10
-11.699134946181886
20
38.67025120747577
30
17
10
-12
20
36
30
17
10
-11.699134946181886
20
33.329748792524235
30
17
10
-10.81162641482903
20
30.793395130589303
30
17
10
-9.381977789616355
20
28.518122377695192
30
17
10
-7.481877622304804
20
26.618022210383643
30
17
10
-5.206604869410699
20
25.18837358517097
30
17
10
-2.670251207475775
20
24.300865053818114
30
17
10
-2.204364238465236e-15
20
24
30
17
10
2.67025120747576
20
24.300865053818114
30
17
10
5.206604869410695
20
25.188373585170968
30
17
10
7.4818776223048005
20
26.618022210383643
30
17
10
9.381977789616357
20
28.518122377695196
30
17
10
10.811626414829032
20
30.79339513058931
30
17
10
11.699134946181882
20
33.32974879252423
30
17
10
11.699134946181884
20
36
30
19.670251207475772
10
11.405813207414516
20
38.60330243470535
30
19.670251207475772
10
10.540556367899121
20
41.07606441489029
30
19.670251207475772
10
9.146752018566916
20
43.29429132951353
30
19.670251207475772
10
7.294291329513529
20
45.146752018566914
30
19.670251207475772
10
5.076064414890289
20
46.54055636789912
30
19.670251207475772
10
2.6033024347053493
20
47.40581320741452
30
19.670251207475772
10
7.163654082317293e-16
20
47.699134946181886
30
19.670251207475772
10
-2.603302434705348
20
47.40581320741452
30
19.670251207475772
10
-5.076064414890287
20
46.54055636789912
30
19.670251207475772
10
-7.294291329513527
20
45.146752018566914
30
19.670251207475772
10
-9.146752018566913
20
43.294291329513534
30
19.670251207475772
10
-10.54055636789912
20
41.07606441489029
30
19.670251207475772
10
-11.405813207414516
20
38.60330243470535
30
19.670251207475772
10
-11.699134946181884
20
36
30
19.670251207475772
10
-11.405813207414516
20
33.39669756529466
30
19.670251207475772
10
-10.540556367899121
20
30.923935585109714
30
19.670251207475772
10
-9.146752018566914
20
28.70570867048647
30
19.670251207475772
10
-7.29429132951353
20
26.853247981433086
30
19.670251207475772
10
-5.07606441489029
20
25.45944363210088
30
19.670251207475772
10
-2.603302434705351
20
24.594186792585482
30
19.670251207475772
10
-2.1490962246951877e-15
20
24.300865053818114
30
19.670251207475772
10
2.6033024347053364
20
24.594186792585482
30
19.670251207475772
10
5.076064414890286
20
25.45944363210088
30
19.670251207475772
10
7.294291329513526
20
26.853247981433082
30
19.670251207475772
10
9.146752018566914
20
28.70570867048647
30
19.670251207475772
10
10.540556367899123
20
30.923935585109717
30
19.670251207475772
10
11.405813207414514
20
33.39669756529465
30
19.670251207475772
10
10.81162641482903
20
36
30
22.206604869410697
10
10.540556367899121
20
38.40581320741452
30
22.206604869410697
10
9.740938811152402
20
40.69098889480818
30
22.206604869410697
10
8.452869907796291
20
42.740938811152404
30
22.206604869410697
10
6.740938811152402
20
44.45286990779629
30
22.206604869410697
10
4.6909888948081795
20
45.740938811152404
30
22.206604869410697
10
2.4058132074145155
20
46.54055636789912
30
22.206604869410697
10
6.620211841248673e-16
20
46.81162641482903
30
22.206604869410697
10
-2.405813207414514
20
46.54055636789912
30
22.206604869410697
10
-4.690988894808179
20
45.740938811152404
30
22.206604869410697
10
-6.740938811152401
20
44.45286990779629
30
22.206604869410697
10
-8.452869907796288
20
42.740938811152404
30
22.206604869410697
10
-9.7409388111524
20
40.69098889480818
30
22.206604869410697
10
-10.540556367899123
20
38.40581320741451
30
22.206604869410697
10
-10.81162641482903
20
36
30
22.206604869410697
10
-10.540556367899123
20
33.59418679258549
30
22.206604869410697
10
-9.740938811152402
20
31.30901110519182
30
22.206604869410697
10
-8.452869907796288
20
29.259061188847596
30
22.206604869410697
10
-6.740938811152404
20
27.54713009220371
30
22.206604869410697
10
-4.690988894808181
20
26.2590611888476
30
22.206604869410697
10
-2.405813207414517
20
25.45944363210088
30
22.206604869410697
10
-1.986063552374602e-15
20
25.18837358517097
30
22.206604869410697
10
2.4058132074145036
20
25.45944363210088
30
22.206604869410697
10
4.690988894808178
20
26.259061188847596
30
22.206604869410697
10
6.7409388111524
20
27.54713009220371
30
22.206604869410697
10
8.45286990779629
20
29.259061188847596
30
22.206604869410697
10
9.740938811152404
20
31.30901110519183
30
22.206604869410697
10
10.54055636789912
20
33.59418679258548
30
22.206604869410697
10
9.381977789616357
20
36
30
24.4818776223048
10
9.146752018566916
20
38.08768646010283
30
24.4818776223048
10
8.45286990779629
20
40.07068760367663
30
24.4818776223048
10
7.335125603737886
20
41.84956747309094
30
24.4818776223048
10
5.849567473090942
20
43.335125603737886
30
24.4818776223048
10
4.070687603676629
20
44.45286990779629
30
24.4818776223048
10
2.08768646010283
20
45.146752018566914
30
24.4818776223048
10
5.7448045348626155e-16
20
45.38197778961636
30
24.4818776223048
10
-2.0876864601028293
20
45.146752018566914
30
24.4818776223048
10
-4.070687603676627
20
44.45286990779629
30
24.4818776223048
10
-5.849567473090941
20
43.335125603737886
30
24.4818776223048
10
-7.3351256037378825
20
41.84956747309094
30
24.4818776223048
10
-8.45286990779629
20
40.07068760367663
30
24.4818776223048
10
-9.146752018566916
20
38.08768646010283
30
24.4818776223048
10
-9.381977789616357
20
36
30
24.4818776223048
10
-9.146752018566916
20
33.91231353989718
30
24.4818776223048
10
-8.45286990779629
20
31.929312396323372
30
24.4818776223048
10
-7.335125603737884
20
30.150432526909057
30
24.4818776223048
10
-5.849567473090943
20
28.664874396262114
30
24.4818776223048
10
-4.07068760367663
20
27.54713009220371
30
24.4818776223048
10
-2.0876864601028315
20
26.853247981433086
30
24.4818776223048
10
-1.7234413604587847e-15
20
26.618022210383643
30
24.4818776223048
10
2.08768646010282
20
26.853247981433082
30
24.4818776223048
10
4.070687603676626
20
27.54713009220371
30
24.4818776223048
10
5.84956747309094
20
28.664874396262114
30
24.4818776223048
10
7.335125603737885
20
30.150432526909057
30
24.4818776223048
10
8.452869907796293
20
31.92931239632338
30
24.4818776223048
10
9.146752018566914
20
33.91231353989717
30
24.4818776223048
10
7.481877622304808
20
36
30
26.381977789616354
10
7.294291329513532
20
37.664874396262114
30
26.381977789616354
10
6.7409388111524065
20
39.246265038385594
30
26.381977789616354
10
5.8495674730909455
20
40.664874396262114
30
26.381977789616354
10
4.6648743962621175
20
41.84956747309094
30
26.381977789616354
10
3.2462650383855958
20
42.740938811152404
30
26.381977789616354
10
1.664874396262115
20
43.294291329513534
30
26.381977789616354
10
4.581328740883897e-16
20
43.48187762230481
30
26.381977789616354
10
-1.6648743962621142
20
43.294291329513534
30
26.381977789616354
10
-3.246265038385595
20
42.740938811152404
30
26.381977789616354
10
-4.664874396262117
20
41.84956747309094
30
26.381977789616354
10
-5.849567473090943
20
40.66487439626212
30
26.381977789616354
10
-6.740938811152406
20
39.246265038385594
30
26.381977789616354
10
-7.294291329513533
20
37.664874396262114
30
26.381977789616354
10
-7.481877622304808
20
36
30
26.381977789616354
10
-7.294291329513533
20
34.33512560373789
30
26.381977789616354
10
-6.7409388111524065
20
32.753734961614406
30
26.381977789616354
10
-5.849567473090944
20
31.33512560373788
30
26.381977789616354
10
-4.664874396262118
20
30.150432526909057
30
26.381977789616354
10
-3.246265038385596
20
29.259061188847596
30
26.381977789616354
10
-1.6648743962621162
20
28.705708670486466
30
26.381977789616354
10
-1.3743986222651688e-15
20
28.518122377695192
30
26.381977789616354
10
1.6648743962621066
20
28.705708670486466
30
26.381977789616354
10
3.246265038385594
20
29.259061188847593
30
26.381977789616354
10
4.664874396262116
20
30.150432526909054
30
26.381977789616354
10
5.849567473090945
20
31.335125603737882
30
26.381977789616354
10
6.740938811152407
20
32.75373496161441
30
26.381977789616354
10
7.294291329513532
20
34.335125603737886
30
26.381977789616354
10
5.2066048694106986
20
36
30
27.81162641482903
10
5.076064414890289
20
37.158578578282764
30
27.81162641482903
10
4.69098889480818
20
38.259061188847596
30
27.81162641482903
10
4.070687603676629
20
39.246265038385594
30
27.81162641482903
10
3.246265038385594
20
40.07068760367663
30
27.81162641482903
10
2.2590611888475998
20
40.69098889480818
30
27.81162641482903
10
1.1585785782827633
20
41.07606441489029
30
27.81162641482903
10
3.1881259938744174e-16
20
41.2066048694107
30
27.81162641482903
10
-1.1585785782827627
20
41.07606441489029
30
27.81162641482903
10
-2.259061188847599
20
40.69098889480818
30
27.81162641482903
10
-3.2462650383855935
20
40.07068760367663
30
27.81162641482903
10
-4.070687603676627
20
39.246265038385594
30
27.81162641482903
10
-4.6909888948081795
20
38.259061188847596
30
27.81162641482903
10
-5.076064414890289
20
37.158578578282764
30
27.81162641482903
10
-5.2066048694106986
20
36
30
27.81162641482903
10
-5.076064414890289
20
34.84142142171724
30
27.81162641482903
10
-4.69098889480818
20
33.740938811152404
30
27.81162641482903
10
-4.070687603676628
20
32.753734961614406
30
27.81162641482903
10
-3.2462650383855944
20
31.929312396323372
30
27.81162641482903
10
-2.2590611888476
20
31.30901110519182
30
27.81162641482903
10
-1.158578578282764
20
30.92393558510971
30
27.81162641482903
10
-9.564377981623253e-16
20
30.793395130589303
30
27.81162641482903
10
1.1585785782827576
20
30.92393558510971
30
27.81162641482903
10
2.2590611888475984
20
31.30901110519182
30
27.81162641482903
10
3.2462650383855927
20
31.92931239632337
30
27.81162641482903
10
4.070687603676628
20
32.753734961614406
30
27.81162641482903
10
4.690988894808181
20
33.740938811152404
30
27.81162641482903
10
5.076064414890288
20
34.841421421717236
30
27.81162641482903
10
2.6702512074757685
20
36
30
28.699134946181886
10
2.6033024347053444
20
36.59418679258548
30
28.699134946181886
10
2.405813207414511
20
37.158578578282764
30
28.699134946181886
10
2.0876864601028267
20
37.664874396262114
30
28.699134946181886
10
1.664874396262111
20
38.08768646010283
30
28.699134946181886
10
1.1585785782827611
20
38.40581320741451
30
28.699134946181886
10
0.5941867925854843
20
38.60330243470534
30
28.699134946181886
10
1.6350572970772775e-16
20
38.67025120747577
30
28.699134946181886
10
-0.5941867925854841
20
38.60330243470534
30
28.699134946181886
10
-1.1585785782827607
20
38.40581320741451
30
28.699134946181886
10
-1.6648743962621106
20
38.08768646010283
30
28.699134946181886
10
-2.0876864601028258
20
37.664874396262114
30
28.699134946181886
10
-2.4058132074145107
20
37.158578578282764
30
28.699134946181886
10
-2.603302434705345
20
36.59418679258548
30
28.699134946181886
10
-2.6702512074757685
20
36
30
28.699134946181886
10
-2.603302434705345
20
35.40581320741452
30
28.699134946181886
10
-2.405813207414511
20
34.84142142171724
30
28.699134946181886
10
-2.087686460102826
20
34.335125603737886
30
28.699134946181886
10
-1.6648743962621113
20
33.91231353989718
30
28.699134946181886
10
-1.1585785782827613
20
33.59418679258549
30
28.699134946181886
10
-0.5941867925854848
20
33.39669756529466
30
28.699134946181886
10
-4.905171891231832e-16
20
33.32974879252423
30
28.699134946181886
10
0.5941867925854815
20
33.39669756529465
30
28.699134946181886
10
1.1585785782827605
20
33.59418679258549
30
28.699134946181886
10
1.6648743962621104
20
33.91231353989717
30
28.699134946181886
10
2.087686460102826
20
34.335125603737886
30
28.699134946181886
10
2.4058132074145115
20
34.84142142171724
30
28.699134946181886
10
2.6033024347053444
20
35.40581320741452
30
28.699134946181886
10
0
20
36
30
29
93
1904
90
3
90
0
90
2
90
1
90
3
90
365
90
337
90
338
90
4
90
1
90
2
90
30
90
29
90
4
90
29
90
30
90
58
90
57
90
4
90
57
90
58
90
86
90
85
90
4
90
85
90
86
90
114
90
113
90
4
90
113
90
114
90
142
90
141
90
4
90
141
90
142
90
170
90
169
90
4
90
169
90
170
90
198
90
197
90
4
90
197
90
198
90
226
90
225
90
4
90
225
90
226
90
254
90
253
90
4
90
253
90
254
90
282
90
281
90
4
90
281
90
282
90
310
90
309
90
4
90
309
90
310
90
338
90
337
90
3
90
0
90
3
90
2
90
3
90
365
90
338
90
339
90
4
90
2
90
3
90
31
90
30
90
4
90
30
90
31
90
59
90
58
90
4
90
58
90
59
90
87
90
86
90
4
90
86
90
87
90
115
90
114
90
4
90
114
90
115
90
143
90
142
90
4
90
142
90
143
90
171
90
170
90
4
90
170
90
171
90
199
90
198
90
4
90
198
90
199
90
227
90
226
90
4
90
226
90
227
90
255
90
254
90
4
90
254
90
255
90
283
90
282
90
4
90
282
90
283
90
311
90
310
90
4
90
310
90
311
90
339
90
338
90
3
90
0
90
4
90
3
90
3
90
365
90
339
90
340
90
4
90
3
90
4
90
32
90
31
90
4
90
31
90
32
90
60
90
59
90
4
90
59
90
60
90
88
90
87
90
4
90
87
90
88
90
116
90
115
90
4
90
115
90
116
90
144
90
143
90
4
90
143
90
144
90
172
90
171
90
4
90
171
90
172
90
200
90
199
90
4
90
199
90
200
90
228
90
227
90
4
90
227
90
228
90
256
90
255
90
4
90
255
90
256
90
284
90
283
90
4
90
283
90
284
90
312
90
311
90
4
90
311
90
312
90
340
90
339
90
3
90
0
90
5
90
4
90
3
90
365
90
340
90
341
90
4
90
4
90
5
90
33
90
32
90
4
90
32
90
33
90
61
90
60
90
4
90
60
90
61
90
89
90
88
90
4
90
88
90
89
90
117
90
116
90
4
90
116
90
117
90
145
90
144
90
4
90
144
90
145
90
173
90
172
90
4
90
172
90
173
90
201
90
200
90
4
90
200
90
201
90
229
90
228
90
4
90
228
90
229
90
257
90
256
90
4
90
256
90
257
90
285
90
284
90
4
90
284
90
285
90
313
90
312
90
4
90
312
90
313
90
341
90
340
90
3
90
0
90
6
90
5
90
3
90
365
90
341
90
342
90
4
90
5
90
6
90
34
90
33
90
4
90
33
90
34
90
62
90
61
90
4
90
61
90
62
90
90
90
89
90
4
90
89
90
90
90
118
90
117
90
4
90
117
90
118
90
146
90
145
90
4
90
145
90
146
90
174
90
173
90
4
90
173
90
174
90
202
90
201
90
4
90
201
90
202
90
230
90
229
90
4
90
229
90
230
90
258
90
257
90
4
90
257
90
258
90
286
90
285
90
4
90
285
90
286
90
314
90
313
90
4
90
313
90
314
90
342
90
341
90
3
90
0
90
7
90
6
90
3
90
365
90
342
90
343
90
4
90
6
90
7
90
35
90
34
90
4
90
34
90
35
90
63
90
62
90
4
90
62
90
63
90
91
90
90
90
4
90
90
90
91
90
119
90
118
90
4
90
118
90
119
90
147
90
146
90
4
90
146
90
147
90
175
90
174
90
4
90
174
90
175
90
203
90
202
90
4
90
202
90
203
90
231
90
230
90
4
90
230
90
231
90
259
90
258
90
4
90
258
90
259
90
287
90
286
90
4
90
286
90
287
90
315
90
314
90
4
90
314
90
315
90
343
90
342
90
3
90
0
90
8
90
7
90
3
90
365
90
343
90
344
90
4
90
7
90
8
90
36
90
35
90
4
90
35
90
36
90
64
90
63
90
4
90
63
90
64
90
92
90
91
90
4
90
91
90
92
90
120
90
119
90
4
90
119
90
120
90
148
90
147
90
4
90
147
90
148
90
176
90
175
90
4
90
175
90
176
90
204
90
203
90
4
90
203
90
204
90
232
90
231
90
4
90
231
90
232
90
260
90
259
90
4
90
259
90
260
90
288
90
287
90
4
90
287
90
288
90
316
90
315
90
4
90
315
90
316
90
344
90
343
90
3
90
0
90
9
90
8
90
3
90
365
90
344
90
345
90
4
90
8
90
9
90
37
90
36
90
4
90
36
90
37
90
65
90
64
90
4
90
64
90
65
90
93
90
92
90
4
90
92
90
93
90
121
90
120
90
4
90
120
90
121
90
149
90
148
90
4
90
148
90
149
90
177
90
176
90
4
90
176
90
177
90
205
90
204
90
4
90
204
90
205
90
233
90
232
90
4
90
232
90
233
90
261
90
260
90
4
90
260
90
261
90
289
90
288
90
4
90
288
90
289
90
317
90
316
90
4
90
316
90
317
90
345
90
344
90
3
90
0
90
10
90
9
90
3
90
365
90
345
90
346
90
4
90
9
90
10
90
38
90
37
90
4
90
37
90
38
90
66
90
65
90
4
90
65
90
66
90
94
90
93
90
4
90
93
90
94
90
122
90
121
90
4
90
121
90
122
90
150
90
149
90
4
90
149
90
150
90
178
90
177
90
4
90
177
90
178
90
206
90
205
90
4
90
205
90
206
90
234
90
233
90
4
90
233
90
234
90
262
90
261
90
4
90
261
90
262
90
290
90
289
90
4
90
289
90
290
90
318
90
317
90
4
90
317
90
318
90
346
90
345
90
3
90
0
90
11
90
10
90
3
90
365
90
346
90
347
90
4
90
10
90
11
90
39
90
38
90
4
90
38
90
39
90
67
90
66
90
4
90
66
90
67
90
95
90
94
90
4
90
94
90
95
90
123
90
122
90
4
90
122
90
123
90
151
90
150
90
4
90
150
90
151
90
179
90
178
90
4
90
178
90
179
90
207
90
206
90
4
90
206
90
207
90
235
90
234
90
4
90
234
90
235
90
263
90
262
90
4
90
262
90
263
90
291
90
290
90
4
90
290
90
291
90
319
90
318
90
4
90
318
90
319
90
347
90
346
90
3
90
0
90
12
90
11
90
3
90
365
90
347
90
348
90
4
90
11
90
12
90
40
90
39
90
4
90
39
90
40
90
68
90
67
90
4
90
67
90
68
90
96
90
95
90
4
90
95
90
96
90
124
90
123
90
4
90
123
90
124
90
152
90
151
90
4
90
151
90
152
90
180
90
179
90
4
90
179
90
180
90
208
90
207
90
4
90
207
90
208
90
236
90
235
90
4
90
235
90
236
90
264
90
263
90
4
90
263
90
264
90
292
90
291
90
4
90
291
90
292
90
320
90
319
90
4
90
319
90
320
90
348
90
347
90
3
90
0
90
13
90
12
90
3
90
365
90
348
90
349
90
4
90
12
90
13
90
41
90
40
90
4
90
40
90
41
90
69
90
68
90
4
90
68
90
69
90
97
90
96
90
4
90
96
90
97
90
125
90
124
90
4
90
124
90
125
90
153
90
152
90
4
90
152
90
153
90
181
90
180
90
4
90
180
90
181
90
209
90
208
90
4
90
208
90
209
90
237
90
236
90
4
90
236
90
237
90
265
90
264
90
4
90
264
90
265
90
293
90
292
90
4
90
292
90
293
90
321
90
320
90
4
90
320
90
321
90
349
90
348
90
3
90
0
90
14
90
13
90
3
90
365
90
349
90
350
90
4
90
13
90
14
90
42
90
41
90
4
90
41
90
42
90
70
90
69
90
4
90
69
90
70
90
98
90
97
90
4
90
97
90
98
90
126
90
125
90
4
90
125
90
126
90
154
90
153
90
4
90
153
90
154
90
182
90
181
90
4
90
181
90
182
90
210
90
209
90
4
90
209
90
210
90
238
90
237
90
4
90
237
90
238
90
266
90
265
90
4
90
265
90
266
90
294
90
293
90
4
90
293
90
294
90
322
90
321
90
4
90
321
90
322
90
350
90
349
90
3
90
0
90
15
90
14
90
3
90
365
90
350
90
351
90
4
90
14
90
15
90
43
90
42
90
4
90
42
90
43
90
71
90
70
90
4
90
70
90
71
90
99
90
98
90
4
90
98
90
99
90
127
90
126
90
4
90
126
90
127
90
155
90
154
90
4
90
154
90
155
90
183
90
182
90
4
90
182
90
183
90
211
90
210
90
4
90
210
90
211
90
239
90
238
90
4
90
238
90
239
90
267
90
266
90
4
90
266
90
267
90
295
90
294
90
4
90
294
90
295
90
323
90
322
90
4
90
322
90
323
90
351
90
350
90
3
90
0
90
16
90
15
90
3
90
365
90
351
90
352
90
4
90
15
90
16
90
44
90
43
90
4
90
43
90
44
90
72
90
71
90
4
90
71
90
72
90
100
90
99
90
4
90
99
90
100
90
128
90
127
90
4
90
127
90
128
90
156
90
155
90
4
90
155
90
156
90
184
90
183
90
4
90
183
90
184
90
212
90
211
90
4
90
211
90
212
90
240
90
239
90
4
90
239
90
240
90
268
90
267
90
4
90
267
90
268
90
296
90
295
90
4
90
295
90
296
90
324
90
323
90
4
90
323
90
324
90
352
90
351
90
3
90
0
90
17
90
16
90
3
90
365
90
352
90
353
90
4
90
16
90
17
90
45
90
44
90
4
90
44
90
45
90
73
90
72
90
4
90
72
90
73
90
101
90
100
90
4
90
100
90
101
90
129
90
128
90
4
90
128
90
129
90
157
90
156
90
4
90
156
90
157
90
185
90
184
90
4
90
184
90
185
90
213
90
212
90
4
90
212
90
213
90
241
90
240
90
4
90
240
90
241
90
269
90
268
90
4
90
268
90
269
90
297
90
296
90
4
90
296
90
297
90
325
90
324
90
4
90
324
90
325
90
353
90
352
90
3
90
0
90
18
90
17
90
3
90
365
90
353
90
354
90
4
90
17
90
18
90
46
90
45
90
4
90
45
90
46
90
74
90
73
90
4
90
73
90
74
90
102
90
101
90
4
90
101
90
102
90
130
90
129
90
4
90
129
90
130
90
158
90
157
90
4
90
157
90
158
90
186
90
185
90
4
90
185
90
186
90
214
90
213
90
4
90
213
90
214
90
242
90
241
90
4
90
241
90
242
90
270
90
269
90
4
90
269
90
270
90
298
90
297
90
4
90
297
90
298
90
326
90
325
90
4
90
325
90
326
90
354
90
353
90
3
90
0
90
19
90
18
90
3
90
365
90
354
90
355
90
4
90
18
90
19
90
47
90
46
90
4
90
46
90
47
90
75
90
74
90
4
90
74
90
75
90
103
90
102
90
4
90
102
90
103
90
131
90
130
90
4
90
130
90
131
90
159
90
158
90
4
90
158
90
159
90
187
90
186
90
4
90
186
90
187
90
215
90
214
90
4
90
214
90
215
90
243
90
242
90
4
90
242
90
243
90
271
90
270
90
4
90
270
90
271
90
299
90
298
90
4
90
298
90
299
90
327
90
326
90
4
90
326
90
327
90
355
90
354
90
3
90
0
90
20
90
19
90
3
90
365
90
355
90
356
90
4
90
19
90
20
90
48
90
47
90
4
90
47
90
48
90
76
90
75
90
4
90
75
90
76
90
104
90
103
90
4
90
103
90
104
90
132
90
131
90
4
90
131
90
132
90
160
90
159
90
4
90
159
90
160
90
188
90
187
90
4
90
187
90
188
90
216
90
215
90
4
90
215
90
216
90
244
90
243
90
4
90
243
90
244
90
272
90
271
90
4
90
271
90
272
90
300
90
299
90
4
90
299
90
300
90
328
90
327
90
4
90
327
90
328
90
356
90
355
90
3
90
0
90
21
90
20
90
3
90
365
90
356
90
357
90
4
90
20
90
21
90
49
90
48
90
4
90
48
90
49
90
77
90
76
90
4
90
76
90
77
90
105
90
104
90
4
90
104
90
105
90
133
90
132
90
4
90
132
90
133
90
161
90
160
90
4
90
160
90
161
90
189
90
188
90
4
90
188
90
189
90
217
90
216
90
4
90
216
90
217
90
245
90
244
90
4
90
244
90
245
90
273
90
272
90
4
90
272
90
273
90
301
90
300
90
4
90
300
90
301
90
329
90
328
90
4
90
328
90
329
90
357
90
356
90
3
90
0
90
22
90
21
90
3
90
365
90
357
90
358
90
4
90
21
90
22
90
50
90
49
90
4
90
49
90
50
90
78
90
77
90
4
90
77
90
78
90
106
90
105
90
4
90
105
90
106
90
134
90
133
90
4
90
133
90
134
90
162
90
161
90
4
90
161
90
162
90
190
90
189
90
4
90
189
90
190
90
218
90
217
90
4
90
217
90
218
90
246
90
245
90
4
90
245
90
246
90
274
90
273
90
4
90
273
90
274
90
302
90
301
90
4
90
301
90
302
90
330
90
329
90
4
90
329
90
330
90
358
90
357
90
3
90
0
90
23
90
22
90
3
90
365
90
358
90
359
90
4
90
22
90
23
90
51
90
50
90
4
90
50
90
51
90
79
90
78
90
4
90
78
90
79
90
107
90
106
90
4
90
106
90
107
90
135
90
134
90
4
90
134
90
135
90
163
90
162
90
4
90
162
90
163
90
191
90
190
90
4
90
190
90
191
90
219
90
218
90
4
90
218
90
219
90
247
90
246
90
4
90
246
90
247
90
275
90
274
90
4
90
274
90
275
90
303
90
302
90
4
90
302
90
303
90
331
90
330
90
4
90
330
90
331
90
359
90
358
90
3
90
0
90
24
90
23
90
3
90
365
90
359
90
360
90
4
90
23
90
24
90
52
90
51
90
4
90
51
90
52
90
80
90
79
90
4
90
79
90
80
90
108
90
107
90
4
90
107
90
108
90
136
90
135
90
4
90
135
90
136
90
164
90
163
90
4
90
163
90
164
90
192
90
191
90
4
90
191
90
192
90
220
90
219
90
4
90
219
90
220
90
248
90
247
90
4
90
247
90
248
90
276
90
275
90
4
90
275
90
276
90
304
90
303
90
4
90
303
90
304
90
332
90
331
90
4
90
331
90
332
90
360
90
359
90
3
90
0
90
25
90
24
90
3
90
365
90
360
90
361
90
4
90
24
90
25
90
53
90
52
90
4
90
52
90
53
90
81
90
80
90
4
90
80
90
81
90
109
90
108
90
4
90
108
90
109
90
137
90
136
90
4
90
136
90
137
90
165
90
164
90
4
90
164
90
165
90
193
90
192
90
4
90
192
90
193
90
221
90
220
90
4
90
220
90
221
90
249
90
248
90
4
90
248
90
249
90
277
90
276
90
4
90
276
90
277
90
305
90
304
90
4
90
304
90
305
90
333
90
332
90
4
90
332
90
333
90
361
90
360
90
3
90
0
90
26
90
25
90
3
90
365
90
361
90
362
90
4
90
25
90
26
90
54
90
53
90
4
90
53
90
54
90
82
90
81
90
4
90
81
90
82
90
110
90
109
90
4
90
109
90
110
90
138
90
137
90
4
90
137
90
138
90
166
90
165
90
4
90
165
90
166
90
194
90
193
90
4
90
193
90
194
90
222
90
221
90
4
90
221
90
222
90
250
90
249
90
4
90
249
90
250
90
278
90
277
90
4
90
277
90
278
90
306
90
305
90
4
90
305
90
306
90
334
90
333
90
4
90
333
90
334
90
362
90
361
90
3
90
0
90
27
90
26
90
3
90
365
90
362
90
363
90
4
90
26
90
27
90
55
90
54
90
4
90
54
90
55
90
83
90
82
90
4
90
82
90
83
90
111
90
110
90
4
90
110
90
111
90
139
90
138
90
4
90
138
90
139
90
167
90
166
90
4
90
166
90
167
90
195
90
194
90
4
90
194
90
195
90
223
90
222
90
4
90
222
90
223
90
251
90
250
90
4
90
250
90
251
90
279
90
278
90
4
90
278
90
279
90
307
90
306
90
4
90
306
90
307
90
335
90
334
90
4
90
334
90
335
90
363
90
362
90
3
90
0
90
28
90
27
90
3
90
365
90
363
90
364
90
4
90
27
90
28
90
56
90
55
90
4
90
55
90
56
90
84
90
83
90
4
90
83
90
84
90
112
90
111
90
4
90
111
90
112
90
140
90
139
90
4
90
139
90
140
90
168
90
167
90
4
90
167
90
168
90
196
90
195
90
4
90
195
90
196
90
224
90
223
90
4
90
223
90
224
90
252
90
251
90
4
90
251
90
252
90
280
90
279
90
4
90
279
90
280
90
308
90
307
90
4
90
307
90
308
90
336
90
335
90
4
90
335
90
336
90
364
90
363
90
3
90
0
90
1
90
28
90
3
90
365
90
364
90
337
90
4
90
28
90
1
90
29
90
56
90
4
90
56
90
29
90
57
90
84
90
4
90
84
90
57
90
85
90
112
90
4
90
112
90
85
90
113
90
140
90
4
90
140
90
113
90
141
90
168
90
4
90
168
90
141
90
169
90
196
90
4
90
196
90
169
90
197
90
224
90
4
90
224
90
197
90
225
90
252
90
4
90
252
90
225
90
253
90
280
90
4
90
280
90
253
90
281
90
308
90
4
90
308
90
281
90
309
90
336
90
4
90
336
90
309
90
337
90
364
94
0
95
0
90
0
1001
CONDUITCAD
1000
{"id":"e-mukbud4p-7","label":"Copper","feature3d":{"version":1,"kind":"sphere","parameters":{"radius":"Radius","segments":28,"x":"0*Spacing","y":"1*Spacing","z":"Radius+5"},"inputs":[],"suppressed":fa
1000
lse},"model3dConsumed":false,"appearance3d":{"id":"copper","label":"Copper","color":"#c88455","metallic":1,"roughness":0.28,"opacity":1,"emission":0},"model3dUserHidden":false}
0
MESH
5
107
330
124
100
AcDbEntity
8
Equipment
62
7
420
7831426
100
AcDbSubDMesh
71
2
72
0
91
0
92
56
10
14
20
36
30
0
10
13.648990770545531
20
39.1152930753884
30
0
10
12.613564150633868
20
42.07437234764581
30
0
10
10.945640754552418
20
44.72885722602227
30
0
10
8.72885722602227
20
46.945640754552414
30
0
10
6.074372347645815
20
48.61356415063387
30
0
10
3.1152930753884025
20
49.64899077054553
30
0
10
8.572527594031472e-16
20
50
30
0
10
-3.1152930753884007
20
49.64899077054553
30
0
10
-6.074372347645813
20
48.61356415063387
30
0
10
-8.728857226022269
20
46.945640754552414
30
0
10
-10.945640754552413
20
44.72885722602227
30
0
10
-12.613564150633866
20
42.07437234764581
30
0
10
-13.648990770545533
20
39.115293075388394
30
0
10
-14
20
36
30
0
10
-13.648990770545533
20
32.884706924611606
30
0
10
-12.613564150633868
20
29.925627652354187
30
0
10
-10.945640754552414
20
27.271142773977726
30
0
10
-8.728857226022273
20
25.054359245447586
30
0
10
-6.0743723476458165
20
23.386435849366134
30
0
10
-3.1152930753884043
20
22.35100922945447
30
0
10
-2.5717582782094417e-15
20
22
30
0
10
3.1152930753883865
20
22.351009229454466
30
0
10
6.074372347645811
20
23.38643584936613
30
0
10
8.728857226022267
20
25.054359245447582
30
0
10
10.945640754552416
20
27.27114277397773
30
0
10
12.613564150633872
20
29.925627652354194
30
0
10
13.64899077054553
20
32.88470692461159
30
0
10
14
20
36
30
4
10
13.648990770545531
20
39.1152930753884
30
4
10
12.613564150633868
20
42.07437234764581
30
4
10
10.945640754552418
20
44.72885722602227
30
4
10
8.72885722602227
20
46.945640754552414
30
4
10
6.074372347645815
20
48.61356415063387
30
4
10
3.1152930753884025
20
49.64899077054553
30
4
10
8.572527594031472e-16
20
50
30
4
10
-3.1152930753884007
20
49.64899077054553
30
4
10
-6.074372347645813
20
48.61356415063387
30
4
10
-8.728857226022269
20
46.945640754552414
30
4
10
-10.945640754552413
20
44.72885722602227
30
4
10
-12.613564150633866
20
42.07437234764581
30
4
10
-13.648990770545533
20
39.115293075388394
30
4
10
-14
20
36
30
4
10
-13.648990770545533
20
32.884706924611606
30
4
10
-12.613564150633868
20
29.925627652354187
30
4
10
-10.945640754552414
20
27.271142773977726
30
4
10
-8.728857226022273
20
25.054359245447586
30
4
10
-6.0743723476458165
20
23.386435849366134
30
4
10
-3.1152930753884043
20
22.35100922945447
30
4
10
-2.5717582782094417e-15
20
22
30
4
10
3.1152930753883865
20
22.351009229454466
30
4
10
6.074372347645811
20
23.38643584936613
30
4
10
8.728857226022267
20
25.054359245447582
30
4
10
10.945640754552416
20
27.27114277397773
30
4
10
12.613564150633872
20
29.925627652354194
30
4
10
13.64899077054553
20
32.88470692461159
30
4
93
198
90
28
90
27
90
26
90
25
90
24
90
23
90
22
90
21
90
20
90
19
90
18
90
17
90
16
90
15
90
14
90
13
90
12
90
11
90
10
90
9
90
8
90
7
90
6
90
5
90
4
90
3
90
2
90
1
90
0
90
28
90
28
90
29
90
30
90
31
90
32
90
33
90
34
90
35
90
36
90
37
90
38
90
39
90
40
90
41
90
42
90
43
90
44
90
45
90
46
90
47
90
48
90
49
90
50
90
51
90
52
90
53
90
54
90
55
90
4
90
0
90
1
90
29
90
28
90
4
90
1
90
2
90
30
90
29
90
4
90
2
90
3
90
31
90
30
90
4
90
3
90
4
90
32
90
31
90
4
90
4
90
5
90
33
90
32
90
4
90
5
90
6
90
34
90
33
90
4
90
6
90
7
90
35
90
34
90
4
90
7
90
8
90
36
90
35
90
4
90
8
90
9
90
37
90
36
90
4
90
9
90
10
90
38
90
37
90
4
90
10
90
11
90
39
90
38
90
4
90
11
90
12
90
40
90
39
90
4
90
12
90
13
90
41
90
40
90
4
90
13
90
14
90
42
90
41
90
4
90
14
90
15
90
43
90
42
90
4
90
15
90
16
90
44
90
43
90
4
90
16
90
17
90
45
90
44
90
4
90
17
90
18
90
46
90
45
90
4
90
18
90
19
90
47
90
46
90
4
90
19
90
20
90
48
90
47
90
4
90
20
90
21
90
49
90
48
90
4
90
21
90
22
90
50
90
49
90
4
90
22
90
23
90
51
90
50
90
4
90
23
90
24
90
52
90
51
90
4
90
24
90
25
90
53
90
52
90
4
90
25
90
26
90
54
90
53
90
4
90
26
90
27
90
55
90
54
90
4
90
27
90
0
90
28
90
55
94
0
95
0
90
0
1001
CONDUITCAD
1000
{"id":"e-mukbud4u-8","label":"Copper pedestal","feature3d":{"version":1,"kind":"cylinder","parameters":{"radius":14,"height":4,"segments":28,"x":"0*Spacing","y":"1*Spacing"},"inputs":[],"suppressed":f
1000
alse},"model3dConsumed":false,"appearance3d":{"metallic":0.3,"roughness":0.55,"emission":0,"opacity":1},"model3dUserHidden":false}
0
MESH
5
108
330
124
100
AcDbEntity
8
Equipment
62
7
420
13676650
440
33554687
100
AcDbSubDMesh
71
2
72
0
91
0
92
366
10
36
20
36
30
5
10
38.67025120747577
20
36
30
5.300865053818116
10
38.60330243470535
20
36.59418679258548
30
5.300865053818116
10
38.40581320741452
20
37.158578578282764
30
5.300865053818116
10
38.08768646010283
20
37.664874396262114
30
5.300865053818116
10
37.664874396262114
20
38.08768646010283
30
5.300865053818116
10
37.158578578282764
20
38.40581320741452
30
5.300865053818116
10
36.59418679258548
20
38.60330243470535
30
5.300865053818116
10
36
20
38.67025120747577
30
5.300865053818116
10
35.40581320741452
20
38.60330243470535
30
5.300865053818116
10
34.841421421717236
20
38.40581320741452
30
5.300865053818116
10
34.335125603737886
20
38.08768646010283
30
5.300865053818116
10
33.91231353989717
20
37.664874396262114
30
5.300865053818116
10
33.59418679258548
20
37.158578578282764
30
5.300865053818116
10
33.39669756529465
20
36.59418679258548
30
5.300865053818116
10
33.32974879252423
20
36
30
5.300865053818116
10
33.39669756529465
20
35.40581320741452
30
5.300865053818116
10
33.59418679258548
20
34.841421421717236
30
5.300865053818116
10
33.91231353989717
20
34.335125603737886
30
5.300865053818116
10
34.335125603737886
20
33.91231353989717
30
5.300865053818116
10
34.841421421717236
20
33.59418679258548
30
5.300865053818116
10
35.40581320741451
20
33.39669756529465
30
5.300865053818116
10
36
20
33.32974879252423
30
5.300865053818116
10
36.59418679258548
20
33.39669756529465
30
5.300865053818116
10
37.158578578282764
20
33.59418679258548
30
5.300865053818116
10
37.664874396262114
20
33.91231353989717
30
5.300865053818116
10
38.08768646010283
20
34.335125603737886
30
5.300865053818116
10
38.40581320741452
20
34.841421421717236
30
5.300865053818116
10
38.60330243470535
20
35.40581320741451
30
5.300865053818116
10
41.2066048694107
20
36
30
6.18837358517097
10
41.07606441489029
20
37.158578578282764
30
6.18837358517097
10
40.69098889480818
20
38.259061188847596
30
6.18837358517097
10
40.07068760367663
20
39.246265038385594
30
6.18837358517097
10
39.246265038385594
20
40.07068760367663
30
6.18837358517097
10
38.259061188847596
20
40.69098889480818
30
6.18837358517097
10
37.158578578282764
20
41.07606441489029
30
6.18837358517097
10
36
20
41.2066048694107
30
6.18837358517097
10
34.841421421717236
20
41.07606441489029
30
6.18837358517097
10
33.740938811152404
20
40.69098889480818
30
6.18837358517097
10
32.753734961614406
20
40.07068760367663
30
6.18837358517097
10
31.929312396323372
20
39.246265038385594
30
6.18837358517097
10
31.30901110519182
20
38.259061188847596
30
6.18837358517097
10
30.92393558510971
20
37.158578578282764
30
6.18837358517097
10
30.793395130589303
20
36
30
6.18837358517097
10
30.92393558510971
20
34.84142142171724
30
6.18837358517097
10
31.30901110519182
20
33.740938811152404
30
6.18837358517097
10
31.929312396323372
20
32.753734961614406
30
6.18837358517097
10
32.753734961614406
20
31.929312396323372
30
6.18837358517097
10
33.7409388111524
20
31.30901110519182
30
6.18837358517097
10
34.841421421717236
20
30.92393558510971
30
6.18837358517097
10
36
20
30.793395130589303
30
6.18837358517097
10
37.15857857828276
20
30.92393558510971
30
6.18837358517097
10
38.259061188847596
20
31.30901110519182
30
6.18837358517097
10
39.246265038385594
20
31.92931239632337
30
6.18837358517097
10
40.07068760367663
20
32.753734961614406
30
6.18837358517097
10
40.69098889480818
20
33.740938811152404
30
6.18837358517097
10
41.07606441489029
20
34.841421421717236
30
6.18837358517097
10
43.4818776223048
20
36
30
7.618022210383643
10
43.29429132951353
20
37.664874396262114
30
7.618022210383643
10
42.740938811152404
20
39.246265038385594
30
7.618022210383643
10
41.84956747309094
20
40.664874396262114
30
7.618022210383643
10
40.664874396262114
20
41.84956747309094
30
7.618022210383643
10
39.246265038385594
20
42.740938811152404
30
7.618022210383643
10
37.664874396262114
20
43.29429132951353
30
7.618022210383643
10
36
20
43.4818776223048
30
7.618022210383643
10
34.335125603737886
20
43.29429132951353
30
7.618022210383643
10
32.753734961614406
20
42.740938811152404
30
7.618022210383643
10
31.335125603737886
20
41.84956747309094
30
7.618022210383643
10
30.15043252690906
20
40.664874396262114
30
7.618022210383643
10
29.2590611888476
20
39.246265038385594
30
7.618022210383643
10
28.70570867048647
20
37.664874396262114
30
7.618022210383643
10
28.518122377695196
20
36
30
7.618022210383643
10
28.70570867048647
20
34.33512560373789
30
7.618022210383643
10
29.259061188847596
20
32.753734961614406
30
7.618022210383643
10
30.15043252690906
20
31.335125603737886
30
7.618022210383643
10
31.335125603737886
20
30.150432526909057
30
7.618022210383643
10
32.753734961614406
20
29.2590611888476
30
7.618022210383643
10
34.335125603737886
20
28.705708670486473
30
7.618022210383643
10
36
20
28.518122377695196
30
7.618022210383643
10
37.66487439626211
20
28.70570867048647
30
7.618022210383643
10
39.246265038385594
20
29.259061188847596
30
7.618022210383643
10
40.664874396262114
20
30.150432526909057
30
7.618022210383643
10
41.84956747309094
20
31.335125603737886
30
7.618022210383643
10
42.740938811152404
20
32.75373496161441
30
7.618022210383643
10
43.29429132951353
20
34.335125603737886
30
7.618022210383643
10
45.38197778961636
20
36
30
9.518122377695198
10
45.146752018566914
20
38.08768646010283
30
9.518122377695198
10
44.45286990779629
20
40.07068760367663
30
9.518122377695198
10
43.335125603737886
20
41.84956747309094
30
9.518122377695198
10
41.84956747309094
20
43.335125603737886
30
9.518122377695198
10
40.07068760367663
20
44.45286990779629
30
9.518122377695198
10
38.08768646010283
20
45.146752018566914
30
9.518122377695198
10
36
20
45.38197778961636
30
9.518122377695198
10
33.91231353989717
20
45.146752018566914
30
9.518122377695198
10
31.929312396323372
20
44.45286990779629
30
9.518122377695198
10
30.150432526909057
20
43.335125603737886
30
9.518122377695198
10
28.664874396262118
20
41.84956747309094
30
9.518122377695198
10
27.54713009220371
20
40.07068760367663
30
9.518122377695198
10
26.853247981433086
20
38.08768646010283
30
9.518122377695198
10
26.618022210383643
20
36
30
9.518122377695198
10
26.853247981433086
20
33.91231353989718
30
9.518122377695198
10
27.54713009220371
20
31.929312396323372
30
9.518122377695198
10
28.664874396262114
20
30.150432526909057
30
9.518122377695198
10
30.150432526909057
20
28.664874396262114
30
9.518122377695198
10
31.92931239632337
20
27.54713009220371
30
9.518122377695198
10
33.91231353989717
20
26.853247981433086
30
9.518122377695198
10
36
20
26.618022210383643
30
9.518122377695198
10
38.08768646010282
20
26.853247981433082
30
9.518122377695198
10
40.070687603676625
20
27.54713009220371
30
9.518122377695198
10
41.84956747309094
20
28.664874396262114
30
9.518122377695198
10
43.335125603737886
20
30.150432526909057
30
9.518122377695198
10
44.45286990779629
20
31.92931239632338
30
9.518122377695198
10
45.146752018566914
20
33.91231353989717
30
9.518122377695198
10
46.81162641482903
20
36
30
11.793395130589303
10
46.54055636789912
20
38.40581320741452
30
11.793395130589303
10
45.740938811152404
20
40.69098889480818
30
11.793395130589303
10
44.45286990779629
20
42.740938811152404
30
11.793395130589303
10
42.740938811152404
20
44.45286990779629
30
11.793395130589303
10
40.69098889480818
20
45.740938811152404
30
11.793395130589303
10
38.40581320741452
20
46.54055636789912
30
11.793395130589303
10
36
20
46.81162641482903
30
11.793395130589303
10
33.59418679258549
20
46.54055636789912
30
11.793395130589303
10
31.30901110519182
20
45.740938811152404
30
11.793395130589303
10
29.2590611888476
20
44.45286990779629
30
11.793395130589303
10
27.547130092203712
20
42.740938811152404
30
11.793395130589303
10
26.2590611888476
20
40.69098889480818
30
11.793395130589303
10
25.45944363210088
20
38.40581320741451
30
11.793395130589303
10
25.18837358517097
20
36
30
11.793395130589303
10
25.45944363210088
20
33.59418679258549
30
11.793395130589303
10
26.259061188847596
20
31.30901110519182
30
11.793395130589303
10
27.547130092203712
20
29.259061188847596
30
11.793395130589303
10
29.259061188847596
20
27.54713009220371
30
11.793395130589303
10
31.309011105191818
20
26.2590611888476
30
11.793395130589303
10
33.59418679258548
20
25.45944363210088
30
11.793395130589303
10
36
20
25.18837358517097
30
11.793395130589303
10
38.4058132074145
20
25.45944363210088
30
11.793395130589303
10
40.69098889480818
20
26.259061188847596
30
11.793395130589303
10
42.740938811152404
20
27.54713009220371
30
11.793395130589303
10
44.45286990779629
20
29.259061188847596
30
11.793395130589303
10
45.740938811152404
20
31.30901110519183
30
11.793395130589303
10
46.54055636789912
20
33.59418679258548
30
11.793395130589303
10
47.699134946181886
20
36
30
14.329748792524228
10
47.40581320741452
20
38.60330243470535
30
14.329748792524228
10
46.54055636789912
20
41.07606441489029
30
14.329748792524228
10
45.146752018566914
20
43.29429132951353
30
14.329748792524228
10
43.29429132951353
20
45.146752018566914
30
14.329748792524228
10
41.07606441489029
20
46.54055636789912
30
14.329748792524228
10
38.60330243470535
20
47.40581320741452
30
14.329748792524228
10
36
20
47.699134946181886
30
14.329748792524228
10
33.39669756529465
20
47.40581320741452
30
14.329748792524228
10
30.923935585109714
20
46.54055636789912
30
14.329748792524228
10
28.705708670486473
20
45.146752018566914
30
14.329748792524228
10
26.853247981433086
20
43.294291329513534
30
14.329748792524228
10
25.45944363210088
20
41.07606441489029
30
14.329748792524228
10
24.594186792585482
20
38.60330243470535
30
14.329748792524228
10
24.300865053818114
20
36
30
14.329748792524228
10
24.594186792585482
20
33.39669756529466
30
14.329748792524228
10
25.45944363210088
20
30.923935585109714
30
14.329748792524228
10
26.853247981433086
20
28.70570867048647
30
14.329748792524228
10
28.70570867048647
20
26.853247981433086
30
14.329748792524228
10
30.92393558510971
20
25.45944363210088
30
14.329748792524228
10
33.39669756529465
20
24.594186792585482
30
14.329748792524228
10
36
20
24.300865053818114
30
14.329748792524228
10
38.603302434705334
20
24.594186792585482
30
14.329748792524228
10
41.07606441489028
20
25.45944363210088
30
14.329748792524228
10
43.29429132951353
20
26.853247981433082
30
14.329748792524228
10
45.146752018566914
20
28.70570867048647
30
14.329748792524228
10
46.54055636789912
20
30.923935585109717
30
14.329748792524228
10
47.40581320741451
20
33.39669756529465
30
14.329748792524228
10
48
20
36
30
17
10
47.699134946181886
20
38.67025120747577
30
17
10
46.81162641482903
20
41.2066048694107
30
17
10
45.38197778961636
20
43.4818776223048
30
17
10
43.4818776223048
20
45.38197778961636
30
17
10
41.2066048694107
20
46.81162641482903
30
17
10
38.67025120747577
20
47.699134946181886
30
17
10
36
20
48
30
17
10
33.32974879252423
20
47.699134946181886
30
17
10
30.793395130589303
20
46.81162641482903
30
17
10
28.5181223776952
20
45.38197778961636
30
17
10
26.618022210383646
20
43.48187762230481
30
17
10
25.18837358517097
20
41.2066048694107
30
17
10
24.300865053818114
20
38.67025120747577
30
17
10
24
20
36
30
17
10
24.300865053818114
20
33.329748792524235
30
17
10
25.18837358517097
20
30.793395130589303
30
17
10
26.618022210383643
20
28.518122377695192
30
17
10
28.518122377695196
20
26.618022210383643
30
17
10
30.7933951305893
20
25.18837358517097
30
17
10
33.32974879252423
20
24.300865053818114
30
17
10
36
20
24
30
17
10
38.67025120747576
20
24.300865053818114
30
17
10
41.2066048694107
20
25.188373585170968
30
17
10
43.4818776223048
20
26.618022210383643
30
17
10
45.38197778961636
20
28.518122377695196
30
17
10
46.811626414829036
20
30.79339513058931
30
17
10
47.699134946181886
20
33.32974879252423
30
17
10
47.699134946181886
20
36
30
19.670251207475772
10
47.40581320741452
20
38.60330243470535
30
19.670251207475772
10
46.54055636789912
20
41.07606441489029
30
19.670251207475772
10
45.146752018566914
20
43.29429132951353
30
19.670251207475772
10
43.29429132951353
20
45.146752018566914
30
19.670251207475772
10
41.07606441489029
20
46.54055636789912
30
19.670251207475772
10
38.60330243470535
20
47.40581320741452
30
19.670251207475772
10
36
20
47.699134946181886
30
19.670251207475772
10
33.39669756529465
20
47.40581320741452
30
19.670251207475772
10
30.923935585109714
20
46.54055636789912
30
19.670251207475772
10
28.705708670486473
20
45.146752018566914
30
19.670251207475772
10
26.853247981433086
20
43.294291329513534
30
19.670251207475772
10
25.45944363210088
20
41.07606441489029
30
19.670251207475772
10
24.594186792585482
20
38.60330243470535
30
19.670251207475772
10
24.300865053818114
20
36
30
19.670251207475772
10
24.594186792585482
20
33.39669756529466
30
19.670251207475772
10
25.45944363210088
20
30.923935585109714
30
19.670251207475772
10
26.853247981433086
20
28.70570867048647
30
19.670251207475772
10
28.70570867048647
20
26.853247981433086
30
19.670251207475772
10
30.92393558510971
20
25.45944363210088
30
19.670251207475772
10
33.39669756529465
20
24.594186792585482
30
19.670251207475772
10
36
20
24.300865053818114
30
19.670251207475772
10
38.603302434705334
20
24.594186792585482
30
19.670251207475772
10
41.07606441489028
20
25.45944363210088
30
19.670251207475772
10
43.29429132951353
20
26.853247981433082
30
19.670251207475772
10
45.146752018566914
20
28.70570867048647
30
19.670251207475772
10
46.54055636789912
20
30.923935585109717
30
19.670251207475772
10
47.40581320741451
20
33.39669756529465
30
19.670251207475772
10
46.81162641482903
20
36
30
22.206604869410697
10
46.54055636789912
20
38.40581320741452
30
22.206604869410697
10
45.740938811152404
20
40.69098889480818
30
22.206604869410697
10
44.45286990779629
20
42.740938811152404
30
22.206604869410697
10
42.740938811152404
20
44.45286990779629
30
22.206604869410697
10
40.69098889480818
20
45.740938811152404
30
22.206604869410697
10
38.40581320741452
20
46.54055636789912
30
22.206604869410697
10
36
20
46.81162641482903
30
22.206604869410697
10
33.59418679258549
20
46.54055636789912
30
22.206604869410697
10
31.30901110519182
20
45.740938811152404
30
22.206604869410697
10
29.2590611888476
20
44.45286990779629
30
22.206604869410697
10
27.547130092203712
20
42.740938811152404
30
22.206604869410697
10
26.2590611888476
20
40.69098889480818
30
22.206604869410697
10
25.45944363210088
20
38.40581320741451
30
22.206604869410697
10
25.18837358517097
20
36
30
22.206604869410697
10
25.45944363210088
20
33.59418679258549
30
22.206604869410697
10
26.259061188847596
20
31.30901110519182
30
22.206604869410697
10
27.547130092203712
20
29.259061188847596
30
22.206604869410697
10
29.259061188847596
20
27.54713009220371
30
22.206604869410697
10
31.309011105191818
20
26.2590611888476
30
22.206604869410697
10
33.59418679258548
20
25.45944363210088
30
22.206604869410697
10
36
20
25.18837358517097
30
22.206604869410697
10
38.4058132074145
20
25.45944363210088
30
22.206604869410697
10
40.69098889480818
20
26.259061188847596
30
22.206604869410697
10
42.740938811152404
20
27.54713009220371
30
22.206604869410697
10
44.45286990779629
20
29.259061188847596
30
22.206604869410697
10
45.740938811152404
20
31.30901110519183
30
22.206604869410697
10
46.54055636789912
20
33.59418679258548
30
22.206604869410697
10
45.38197778961636
20
36
30
24.4818776223048
10
45.146752018566914
20
38.08768646010283
30
24.4818776223048
10
44.45286990779629
20
40.07068760367663
30
24.4818776223048
10
43.335125603737886
20
41.84956747309094
30
24.4818776223048
10
41.84956747309094
20
43.335125603737886
30
24.4818776223048
10
40.07068760367663
20
44.45286990779629
30
24.4818776223048
10
38.08768646010283
20
45.146752018566914
30
24.4818776223048
10
36
20
45.38197778961636
30
24.4818776223048
10
33.91231353989717
20
45.146752018566914
30
24.4818776223048
10
31.929312396323372
20
44.45286990779629
30
24.4818776223048
10
30.150432526909057
20
43.335125603737886
30
24.4818776223048
10
28.664874396262118
20
41.84956747309094
30
24.4818776223048
10
27.54713009220371
20
40.07068760367663
30
24.4818776223048
10
26.853247981433086
20
38.08768646010283
30
24.4818776223048
10
26.618022210383643
20
36
30
24.4818776223048
10
26.853247981433086
20
33.91231353989718
30
24.4818776223048
10
27.54713009220371
20
31.929312396323372
30
24.4818776223048
10
28.664874396262114
20
30.150432526909057
30
24.4818776223048
10
30.150432526909057
20
28.664874396262114
30
24.4818776223048
10
31.92931239632337
20
27.54713009220371
30
24.4818776223048
10
33.91231353989717
20
26.853247981433086
30
24.4818776223048
10
36
20
26.618022210383643
30
24.4818776223048
10
38.08768646010282
20
26.853247981433082
30
24.4818776223048
10
40.070687603676625
20
27.54713009220371
30
24.4818776223048
10
41.84956747309094
20
28.664874396262114
30
24.4818776223048
10
43.335125603737886
20
30.150432526909057
30
24.4818776223048
10
44.45286990779629
20
31.92931239632338
30
24.4818776223048
10
45.146752018566914
20
33.91231353989717
30
24.4818776223048
10
43.48187762230481
20
36
30
26.381977789616354
10
43.294291329513534
20
37.664874396262114
30
26.381977789616354
10
42.740938811152404
20
39.246265038385594
30
26.381977789616354
10
41.84956747309094
20
40.664874396262114
30
26.381977789616354
10
40.66487439626212
20
41.84956747309094
30
26.381977789616354
10
39.246265038385594
20
42.740938811152404
30
26.381977789616354
10
37.664874396262114
20
43.294291329513534
30
26.381977789616354
10
36
20
43.48187762230481
30
26.381977789616354
10
34.335125603737886
20
43.294291329513534
30
26.381977789616354
10
32.753734961614406
20
42.740938811152404
30
26.381977789616354
10
31.335125603737882
20
41.84956747309094
30
26.381977789616354
10
30.150432526909057
20
40.66487439626212
30
26.381977789616354
10
29.259061188847596
20
39.246265038385594
30
26.381977789616354
10
28.705708670486466
20
37.664874396262114
30
26.381977789616354
10
28.518122377695192
20
36
30
26.381977789616354
10
28.705708670486466
20
34.33512560373789
30
26.381977789616354
10
29.259061188847593
20
32.753734961614406
30
26.381977789616354
10
30.150432526909057
20
31.33512560373788
30
26.381977789616354
10
31.335125603737882
20
30.150432526909057
30
26.381977789616354
10
32.753734961614406
20
29.259061188847596
30
26.381977789616354
10
34.335125603737886
20
28.705708670486466
30
26.381977789616354
10
36
20
28.518122377695192
30
26.381977789616354
10
37.66487439626211
20
28.705708670486466
30
26.381977789616354
10
39.246265038385594
20
29.259061188847593
30
26.381977789616354
10
40.664874396262114
20
30.150432526909054
30
26.381977789616354
10
41.84956747309094
20
31.335125603737882
30
26.381977789616354
10
42.740938811152404
20
32.75373496161441
30
26.381977789616354
10
43.294291329513534
20
34.335125603737886
30
26.381977789616354
10
41.2066048694107
20
36
30
27.81162641482903
10
41.07606441489029
20
37.158578578282764
30
27.81162641482903
10
40.69098889480818
20
38.259061188847596
30
27.81162641482903
10
40.07068760367663
20
39.246265038385594
30
27.81162641482903
10
39.246265038385594
20
40.07068760367663
30
27.81162641482903
10
38.259061188847596
20
40.69098889480818
30
27.81162641482903
10
37.158578578282764
20
41.07606441489029
30
27.81162641482903
10
36
20
41.2066048694107
30
27.81162641482903
10
34.841421421717236
20
41.07606441489029
30
27.81162641482903
10
33.740938811152404
20
40.69098889480818
30
27.81162641482903
10
32.753734961614406
20
40.07068760367663
30
27.81162641482903
10
31.929312396323372
20
39.246265038385594
30
27.81162641482903
10
31.30901110519182
20
38.259061188847596
30
27.81162641482903
10
30.92393558510971
20
37.158578578282764
30
27.81162641482903
10
30.793395130589303
20
36
30
27.81162641482903
10
30.92393558510971
20
34.84142142171724
30
27.81162641482903
10
31.30901110519182
20
33.740938811152404
30
27.81162641482903
10
31.929312396323372
20
32.753734961614406
30
27.81162641482903
10
32.753734961614406
20
31.929312396323372
30
27.81162641482903
10
33.7409388111524
20
31.30901110519182
30
27.81162641482903
10
34.841421421717236
20
30.92393558510971
30
27.81162641482903
10
36
20
30.793395130589303
30
27.81162641482903
10
37.15857857828276
20
30.92393558510971
30
27.81162641482903
10
38.259061188847596
20
31.30901110519182
30
27.81162641482903
10
39.246265038385594
20
31.92931239632337
30
27.81162641482903
10
40.07068760367663
20
32.753734961614406
30
27.81162641482903
10
40.69098889480818
20
33.740938811152404
30
27.81162641482903
10
41.07606441489029
20
34.841421421717236
30
27.81162641482903
10
38.67025120747577
20
36
30
28.699134946181886
10
38.60330243470534
20
36.59418679258548
30
28.699134946181886
10
38.40581320741451
20
37.158578578282764
30
28.699134946181886
10
38.08768646010283
20
37.664874396262114
30
28.699134946181886
10
37.664874396262114
20
38.08768646010283
30
28.699134946181886
10
37.158578578282764
20
38.40581320741451
30
28.699134946181886
10
36.59418679258548
20
38.60330243470534
30
28.699134946181886
10
36
20
38.67025120747577
30
28.699134946181886
10
35.40581320741452
20
38.60330243470534
30
28.699134946181886
10
34.84142142171724
20
38.40581320741451
30
28.699134946181886
10
34.335125603737886
20
38.08768646010283
30
28.699134946181886
10
33.91231353989718
20
37.664874396262114
30
28.699134946181886
10
33.59418679258549
20
37.158578578282764
30
28.699134946181886
10
33.39669756529466
20
36.59418679258548
30
28.699134946181886
10
33.32974879252423
20
36
30
28.699134946181886
10
33.39669756529466
20
35.40581320741452
30
28.699134946181886
10
33.59418679258549
20
34.84142142171724
30
28.699134946181886
10
33.91231353989718
20
34.335125603737886
30
28.699134946181886
10
34.335125603737886
20
33.91231353989718
30
28.699134946181886
10
34.841421421717236
20
33.59418679258549
30
28.699134946181886
10
35.40581320741452
20
33.39669756529466
30
28.699134946181886
10
36
20
33.32974879252423
30
28.699134946181886
10
36.59418679258548
20
33.39669756529465
30
28.699134946181886
10
37.15857857828276
20
33.59418679258549
30
28.699134946181886
10
37.66487439626211
20
33.91231353989717
30
28.699134946181886
10
38.08768646010282
20
34.335125603737886
30
28.699134946181886
10
38.40581320741451
20
34.84142142171724
30
28.699134946181886
10
38.60330243470534
20
35.40581320741452
30
28.699134946181886
10
36
20
36
30
29
93
1904
90
3
90
0
90
2
90
1
90
3
90
365
90
337
90
338
90
4
90
1
90
2
90
30
90
29
90
4
90
29
90
30
90
58
90
57
90
4
90
57
90
58
90
86
90
85
90
4
90
85
90
86
90
114
90
113
90
4
90
113
90
114
90
142
90
141
90
4
90
141
90
142
90
170
90
169
90
4
90
169
90
170
90
198
90
197
90
4
90
197
90
198
90
226
90
225
90
4
90
225
90
226
90
254
90
253
90
4
90
253
90
254
90
282
90
281
90
4
90
281
90
282
90
310
90
309
90
4
90
309
90
310
90
338
90
337
90
3
90
0
90
3
90
2
90
3
90
365
90
338
90
339
90
4
90
2
90
3
90
31
90
30
90
4
90
30
90
31
90
59
90
58
90
4
90
58
90
59
90
87
90
86
90
4
90
86
90
87
90
115
90
114
90
4
90
114
90
115
90
143
90
142
90
4
90
142
90
143
90
171
90
170
90
4
90
170
90
171
90
199
90
198
90
4
90
198
90
199
90
227
90
226
90
4
90
226
90
227
90
255
90
254
90
4
90
254
90
255
90
283
90
282
90
4
90
282
90
283
90
311
90
310
90
4
90
310
90
311
90
339
90
338
90
3
90
0
90
4
90
3
90
3
90
365
90
339
90
340
90
4
90
3
90
4
90
32
90
31
90
4
90
31
90
32
90
60
90
59
90
4
90
59
90
60
90
88
90
87
90
4
90
87
90
88
90
116
90
115
90
4
90
115
90
116
90
144
90
143
90
4
90
143
90
144
90
172
90
171
90
4
90
171
90
172
90
200
90
199
90
4
90
199
90
200
90
228
90
227
90
4
90
227
90
228
90
256
90
255
90
4
90
255
90
256
90
284
90
283
90
4
90
283
90
284
90
312
90
311
90
4
90
311
90
312
90
340
90
339
90
3
90
0
90
5
90
4
90
3
90
365
90
340
90
341
90
4
90
4
90
5
90
33
90
32
90
4
90
32
90
33
90
61
90
60
90
4
90
60
90
61
90
89
90
88
90
4
90
88
90
89
90
117
90
116
90
4
90
116
90
117
90
145
90
144
90
4
90
144
90
145
90
173
90
172
90
4
90
172
90
173
90
201
90
200
90
4
90
200
90
201
90
229
90
228
90
4
90
228
90
229
90
257
90
256
90
4
90
256
90
257
90
285
90
284
90
4
90
284
90
285
90
313
90
312
90
4
90
312
90
313
90
341
90
340
90
3
90
0
90
6
90
5
90
3
90
365
90
341
90
342
90
4
90
5
90
6
90
34
90
33
90
4
90
33
90
34
90
62
90
61
90
4
90
61
90
62
90
90
90
89
90
4
90
89
90
90
90
118
90
117
90
4
90
117
90
118
90
146
90
145
90
4
90
145
90
146
90
174
90
173
90
4
90
173
90
174
90
202
90
201
90
4
90
201
90
202
90
230
90
229
90
4
90
229
90
230
90
258
90
257
90
4
90
257
90
258
90
286
90
285
90
4
90
285
90
286
90
314
90
313
90
4
90
313
90
314
90
342
90
341
90
3
90
0
90
7
90
6
90
3
90
365
90
342
90
343
90
4
90
6
90
7
90
35
90
34
90
4
90
34
90
35
90
63
90
62
90
4
90
62
90
63
90
91
90
90
90
4
90
90
90
91
90
119
90
118
90
4
90
118
90
119
90
147
90
146
90
4
90
146
90
147
90
175
90
174
90
4
90
174
90
175
90
203
90
202
90
4
90
202
90
203
90
231
90
230
90
4
90
230
90
231
90
259
90
258
90
4
90
258
90
259
90
287
90
286
90
4
90
286
90
287
90
315
90
314
90
4
90
314
90
315
90
343
90
342
90
3
90
0
90
8
90
7
90
3
90
365
90
343
90
344
90
4
90
7
90
8
90
36
90
35
90
4
90
35
90
36
90
64
90
63
90
4
90
63
90
64
90
92
90
91
90
4
90
91
90
92
90
120
90
119
90
4
90
119
90
120
90
148
90
147
90
4
90
147
90
148
90
176
90
175
90
4
90
175
90
176
90
204
90
203
90
4
90
203
90
204
90
232
90
231
90
4
90
231
90
232
90
260
90
259
90
4
90
259
90
260
90
288
90
287
90
4
90
287
90
288
90
316
90
315
90
4
90
315
90
316
90
344
90
343
90
3
90
0
90
9
90
8
90
3
90
365
90
344
90
345
90
4
90
8
90
9
90
37
90
36
90
4
90
36
90
37
90
65
90
64
90
4
90
64
90
65
90
93
90
92
90
4
90
92
90
93
90
121
90
120
90
4
90
120
90
121
90
149
90
148
90
4
90
148
90
149
90
177
90
176
90
4
90
176
90
177
90
205
90
204
90
4
90
204
90
205
90
233
90
232
90
4
90
232
90
233
90
261
90
260
90
4
90
260
90
261
90
289
90
288
90
4
90
288
90
289
90
317
90
316
90
4
90
316
90
317
90
345
90
344
90
3
90
0
90
10
90
9
90
3
90
365
90
345
90
346
90
4
90
9
90
10
90
38
90
37
90
4
90
37
90
38
90
66
90
65
90
4
90
65
90
66
90
94
90
93
90
4
90
93
90
94
90
122
90
121
90
4
90
121
90
122
90
150
90
149
90
4
90
149
90
150
90
178
90
177
90
4
90
177
90
178
90
206
90
205
90
4
90
205
90
206
90
234
90
233
90
4
90
233
90
234
90
262
90
261
90
4
90
261
90
262
90
290
90
289
90
4
90
289
90
290
90
318
90
317
90
4
90
317
90
318
90
346
90
345
90
3
90
0
90
11
90
10
90
3
90
365
90
346
90
347
90
4
90
10
90
11
90
39
90
38
90
4
90
38
90
39
90
67
90
66
90
4
90
66
90
67
90
95
90
94
90
4
90
94
90
95
90
123
90
122
90
4
90
122
90
123
90
151
90
150
90
4
90
150
90
151
90
179
90
178
90
4
90
178
90
179
90
207
90
206
90
4
90
206
90
207
90
235
90
234
90
4
90
234
90
235
90
263
90
262
90
4
90
262
90
263
90
291
90
290
90
4
90
290
90
291
90
319
90
318
90
4
90
318
90
319
90
347
90
346
90
3
90
0
90
12
90
11
90
3
90
365
90
347
90
348
90
4
90
11
90
12
90
40
90
39
90
4
90
39
90
40
90
68
90
67
90
4
90
67
90
68
90
96
90
95
90
4
90
95
90
96
90
124
90
123
90
4
90
123
90
124
90
152
90
151
90
4
90
151
90
152
90
180
90
179
90
4
90
179
90
180
90
208
90
207
90
4
90
207
90
208
90
236
90
235
90
4
90
235
90
236
90
264
90
263
90
4
90
263
90
264
90
292
90
291
90
4
90
291
90
292
90
320
90
319
90
4
90
319
90
320
90
348
90
347
90
3
90
0
90
13
90
12
90
3
90
365
90
348
90
349
90
4
90
12
90
13
90
41
90
40
90
4
90
40
90
41
90
69
90
68
90
4
90
68
90
69
90
97
90
96
90
4
90
96
90
97
90
125
90
124
90
4
90
124
90
125
90
153
90
152
90
4
90
152
90
153
90
181
90
180
90
4
90
180
90
181
90
209
90
208
90
4
90
208
90
209
90
237
90
236
90
4
90
236
90
237
90
265
90
264
90
4
90
264
90
265
90
293
90
292
90
4
90
292
90
293
90
321
90
320
90
4
90
320
90
321
90
349
90
348
90
3
90
0
90
14
90
13
90
3
90
365
90
349
90
350
90
4
90
13
90
14
90
42
90
41
90
4
90
41
90
42
90
70
90
69
90
4
90
69
90
70
90
98
90
97
90
4
90
97
90
98
90
126
90
125
90
4
90
125
90
126
90
154
90
153
90
4
90
153
90
154
90
182
90
181
90
4
90
181
90
182
90
210
90
209
90
4
90
209
90
210
90
238
90
237
90
4
90
237
90
238
90
266
90
265
90
4
90
265
90
266
90
294
90
293
90
4
90
293
90
294
90
322
90
321
90
4
90
321
90
322
90
350
90
349
90
3
90
0
90
15
90
14
90
3
90
365
90
350
90
351
90
4
90
14
90
15
90
43
90
42
90
4
90
42
90
43
90
71
90
70
90
4
90
70
90
71
90
99
90
98
90
4
90
98
90
99
90
127
90
126
90
4
90
126
90
127
90
155
90
154
90
4
90
154
90
155
90
183
90
182
90
4
90
182
90
183
90
211
90
210
90
4
90
210
90
211
90
239
90
238
90
4
90
238
90
239
90
267
90
266
90
4
90
266
90
267
90
295
90
294
90
4
90
294
90
295
90
323
90
322
90
4
90
322
90
323
90
351
90
350
90
3
90
0
90
16
90
15
90
3
90
365
90
351
90
352
90
4
90
15
90
16
90
44
90
43
90
4
90
43
90
44
90
72
90
71
90
4
90
71
90
72
90
100
90
99
90
4
90
99
90
100
90
128
90
127
90
4
90
127
90
128
90
156
90
155
90
4
90
155
90
156
90
184
90
183
90
4
90
183
90
184
90
212
90
211
90
4
90
211
90
212
90
240
90
239
90
4
90
239
90
240
90
268
90
267
90
4
90
267
90
268
90
296
90
295
90
4
90
295
90
296
90
324
90
323
90
4
90
323
90
324
90
352
90
351
90
3
90
0
90
17
90
16
90
3
90
365
90
352
90
353
90
4
90
16
90
17
90
45
90
44
90
4
90
44
90
45
90
73
90
72
90
4
90
72
90
73
90
101
90
100
90
4
90
100
90
101
90
129
90
128
90
4
90
128
90
129
90
157
90
156
90
4
90
156
90
157
90
185
90
184
90
4
90
184
90
185
90
213
90
212
90
4
90
212
90
213
90
241
90
240
90
4
90
240
90
241
90
269
90
268
90
4
90
268
90
269
90
297
90
296
90
4
90
296
90
297
90
325
90
324
90
4
90
324
90
325
90
353
90
352
90
3
90
0
90
18
90
17
90
3
90
365
90
353
90
354
90
4
90
17
90
18
90
46
90
45
90
4
90
45
90
46
90
74
90
73
90
4
90
73
90
74
90
102
90
101
90
4
90
101
90
102
90
130
90
129
90
4
90
129
90
130
90
158
90
157
90
4
90
157
90
158
90
186
90
185
90
4
90
185
90
186
90
214
90
213
90
4
90
213
90
214
90
242
90
241
90
4
90
241
90
242
90
270
90
269
90
4
90
269
90
270
90
298
90
297
90
4
90
297
90
298
90
326
90
325
90
4
90
325
90
326
90
354
90
353
90
3
90
0
90
19
90
18
90
3
90
365
90
354
90
355
90
4
90
18
90
19
90
47
90
46
90
4
90
46
90
47
90
75
90
74
90
4
90
74
90
75
90
103
90
102
90
4
90
102
90
103
90
131
90
130
90
4
90
130
90
131
90
159
90
158
90
4
90
158
90
159
90
187
90
186
90
4
90
186
90
187
90
215
90
214
90
4
90
214
90
215
90
243
90
242
90
4
90
242
90
243
90
271
90
270
90
4
90
270
90
271
90
299
90
298
90
4
90
298
90
299
90
327
90
326
90
4
90
326
90
327
90
355
90
354
90
3
90
0
90
20
90
19
90
3
90
365
90
355
90
356
90
4
90
19
90
20
90
48
90
47
90
4
90
47
90
48
90
76
90
75
90
4
90
75
90
76
90
104
90
103
90
4
90
103
90
104
90
132
90
131
90
4
90
131
90
132
90
160
90
159
90
4
90
159
90
160
90
188
90
187
90
4
90
187
90
188
90
216
90
215
90
4
90
215
90
216
90
244
90
243
90
4
90
243
90
244
90
272
90
271
90
4
90
271
90
272
90
300
90
299
90
4
90
299
90
300
90
328
90
327
90
4
90
327
90
328
90
356
90
355
90
3
90
0
90
21
90
20
90
3
90
365
90
356
90
357
90
4
90
20
90
21
90
49
90
48
90
4
90
48
90
49
90
77
90
76
90
4
90
76
90
77
90
105
90
104
90
4
90
104
90
105
90
133
90
132
90
4
90
132
90
133
90
161
90
160
90
4
90
160
90
161
90
189
90
188
90
4
90
188
90
189
90
217
90
216
90
4
90
216
90
217
90
245
90
244
90
4
90
244
90
245
90
273
90
272
90
4
90
272
90
273
90
301
90
300
90
4
90
300
90
301
90
329
90
328
90
4
90
328
90
329
90
357
90
356
90
3
90
0
90
22
90
21
90
3
90
365
90
357
90
358
90
4
90
21
90
22
90
50
90
49
90
4
90
49
90
50
90
78
90
77
90
4
90
77
90
78
90
106
90
105
90
4
90
105
90
106
90
134
90
133
90
4
90
133
90
134
90
162
90
161
90
4
90
161
90
162
90
190
90
189
90
4
90
189
90
190
90
218
90
217
90
4
90
217
90
218
90
246
90
245
90
4
90
245
90
246
90
274
90
273
90
4
90
273
90
274
90
302
90
301
90
4
90
301
90
302
90
330
90
329
90
4
90
329
90
330
90
358
90
357
90
3
90
0
90
23
90
22
90
3
90
365
90
358
90
359
90
4
90
22
90
23
90
51
90
50
90
4
90
50
90
51
90
79
90
78
90
4
90
78
90
79
90
107
90
106
90
4
90
106
90
107
90
135
90
134
90
4
90
134
90
135
90
163
90
162
90
4
90
162
90
163
90
191
90
190
90
4
90
190
90
191
90
219
90
218
90
4
90
218
90
219
90
247
90
246
90
4
90
246
90
247
90
275
90
274
90
4
90
274
90
275
90
303
90
302
90
4
90
302
90
303
90
331
90
330
90
4
90
330
90
331
90
359
90
358
90
3
90
0
90
24
90
23
90
3
90
365
90
359
90
360
90
4
90
23
90
24
90
52
90
51
90
4
90
51
90
52
90
80
90
79
90
4
90
79
90
80
90
108
90
107
90
4
90
107
90
108
90
136
90
135
90
4
90
135
90
136
90
164
90
163
90
4
90
163
90
164
90
192
90
191
90
4
90
191
90
192
90
220
90
219
90
4
90
219
90
220
90
248
90
247
90
4
90
247
90
248
90
276
90
275
90
4
90
275
90
276
90
304
90
303
90
4
90
303
90
304
90
332
90
331
90
4
90
331
90
332
90
360
90
359
90
3
90
0
90
25
90
24
90
3
90
365
90
360
90
361
90
4
90
24
90
25
90
53
90
52
90
4
90
52
90
53
90
81
90
80
90
4
90
80
90
81
90
109
90
108
90
4
90
108
90
109
90
137
90
136
90
4
90
136
90
137
90
165
90
164
90
4
90
164
90
165
90
193
90
192
90
4
90
192
90
193
90
221
90
220
90
4
90
220
90
221
90
249
90
248
90
4
90
248
90
249
90
277
90
276
90
4
90
276
90
277
90
305
90
304
90
4
90
304
90
305
90
333
90
332
90
4
90
332
90
333
90
361
90
360
90
3
90
0
90
26
90
25
90
3
90
365
90
361
90
362
90
4
90
25
90
26
90
54
90
53
90
4
90
53
90
54
90
82
90
81
90
4
90
81
90
82
90
110
90
109
90
4
90
109
90
110
90
138
90
137
90
4
90
137
90
138
90
166
90
165
90
4
90
165
90
166
90
194
90
193
90
4
90
193
90
194
90
222
90
221
90
4
90
221
90
222
90
250
90
249
90
4
90
249
90
250
90
278
90
277
90
4
90
277
90
278
90
306
90
305
90
4
90
305
90
306
90
334
90
333
90
4
90
333
90
334
90
362
90
361
90
3
90
0
90
27
90
26
90
3
90
365
90
362
90
363
90
4
90
26
90
27
90
55
90
54
90
4
90
54
90
55
90
83
90
82
90
4
90
82
90
83
90
111
90
110
90
4
90
110
90
111
90
139
90
138
90
4
90
138
90
139
90
167
90
166
90
4
90
166
90
167
90
195
90
194
90
4
90
194
90
195
90
223
90
222
90
4
90
222
90
223
90
251
90
250
90
4
90
250
90
251
90
279
90
278
90
4
90
278
90
279
90
307
90
306
90
4
90
306
90
307
90
335
90
334
90
4
90
334
90
335
90
363
90
362
90
3
90
0
90
28
90
27
90
3
90
365
90
363
90
364
90
4
90
27
90
28
90
56
90
55
90
4
90
55
90
56
90
84
90
83
90
4
90
83
90
84
90
112
90
111
90
4
90
111
90
112
90
140
90
139
90
4
90
139
90
140
90
168
90
167
90
4
90
167
90
168
90
196
90
195
90
4
90
195
90
196
90
224
90
223
90
4
90
223
90
224
90
252
90
251
90
4
90
251
90
252
90
280
90
279
90
4
90
279
90
280
90
308
90
307
90
4
90
307
90
308
90
336
90
335
90
4
90
335
90
336
90
364
90
363
90
3
90
0
90
1
90
28
90
3
90
365
90
364
90
337
90
4
90
28
90
1
90
29
90
56
90
4
90
56
90
29
90
57
90
84
90
4
90
84
90
57
90
85
90
112
90
4
90
112
90
85
90
113
90
140
90
4
90
140
90
113
90
141
90
168
90
4
90
168
90
141
90
169
90
196
90
4
90
196
90
169
90
197
90
224
90
4
90
224
90
197
90
225
90
252
90
4
90
252
90
225
90
253
90
280
90
4
90
280
90
253
90
281
90
308
90
4
90
308
90
281
90
309
90
336
90
4
90
336
90
309
90
337
90
364
94
0
95
0
90
0
1001
CONDUITCAD
1000
{"id":"e-mukbud4y-9","label":"Brass","feature3d":{"version":1,"kind":"sphere","parameters":{"radius":"Radius","segments":28,"x":"1*Spacing","y":"1*Spacing","z":"Radius+5"},"inputs":[],"suppressed":fal
1000
se},"model3dConsumed":false,"appearance3d":{"id":"brass","label":"Brass","color":"#d0b06a","metallic":1,"roughness":0.22,"opacity":1,"emission":0},"model3dUserHidden":false}
0
MESH
5
109
330
124
100
AcDbEntity
8
Equipment
62
7
420
7831426
100
AcDbSubDMesh
71
2
72
0
91
0
92
56
10
50
20
36
30
0
10
49.64899077054553
20
39.1152930753884
30
0
10
48.61356415063387
20
42.07437234764581
30
0
10
46.945640754552414
20
44.72885722602227
30
0
10
44.72885722602227
20
46.945640754552414
30
0
10
42.07437234764581
20
48.61356415063387
30
0
10
39.1152930753884
20
49.64899077054553
30
0
10
36
20
50
30
0
10
32.8847069246116
20
49.64899077054553
30
0
10
29.925627652354187
20
48.61356415063387
30
0
10
27.27114277397773
20
46.945640754552414
30
0
10
25.054359245447586
20
44.72885722602227
30
0
10
23.386435849366134
20
42.07437234764581
30
0
10
22.35100922945447
20
39.115293075388394
30
0
10
22
20
36
30
0
10
22.35100922945447
20
32.884706924611606
30
0
10
23.38643584936613
20
29.925627652354187
30
0
10
25.054359245447586
20
27.271142773977726
30
0
10
27.27114277397773
20
25.054359245447586
30
0
10
29.925627652354184
20
23.386435849366134
30
0
10
32.88470692461159
20
22.35100922945447
30
0
10
36
20
22
30
0
10
39.11529307538839
20
22.351009229454466
30
0
10
42.07437234764581
20
23.38643584936613
30
0
10
44.72885722602227
20
25.054359245447582
30
0
10
46.945640754552414
20
27.27114277397773
30
0
10
48.61356415063387
20
29.925627652354194
30
0
10
49.64899077054553
20
32.88470692461159
30
0
10
50
20
36
30
4
10
49.64899077054553
20
39.1152930753884
30
4
10
48.61356415063387
20
42.07437234764581
30
4
10
46.945640754552414
20
44.72885722602227
30
4
10
44.72885722602227
20
46.945640754552414
30
4
10
42.07437234764581
20
48.61356415063387
30
4
10
39.1152930753884
20
49.64899077054553
30
4
10
36
20
50
30
4
10
32.8847069246116
20
49.64899077054553
30
4
10
29.925627652354187
20
48.61356415063387
30
4
10
27.27114277397773
20
46.945640754552414
30
4
10
25.054359245447586
20
44.72885722602227
30
4
10
23.386435849366134
20
42.07437234764581
30
4
10
22.35100922945447
20
39.115293075388394
30
4
10
22
20
36
30
4
10
22.35100922945447
20
32.884706924611606
30
4
10
23.38643584936613
20
29.925627652354187
30
4
10
25.054359245447586
20
27.271142773977726
30
4
10
27.27114277397773
20
25.054359245447586
30
4
10
29.925627652354184
20
23.386435849366134
30
4
10
32.88470692461159
20
22.35100922945447
30
4
10
36
20
22
30
4
10
39.11529307538839
20
22.351009229454466
30
4
10
42.07437234764581
20
23.38643584936613
30
4
10
44.72885722602227
20
25.054359245447582
30
4
10
46.945640754552414
20
27.27114277397773
30
4
10
48.61356415063387
20
29.925627652354194
30
4
10
49.64899077054553
20
32.88470692461159
30
4
93
198
90
28
90
27
90
26
90
25
90
24
90
23
90
22
90
21
90
20
90
19
90
18
90
17
90
16
90
15
90
14
90
13
90
12
90
11
90
10
90
9
90
8
90
7
90
6
90
5
90
4
90
3
90
2
90
1
90
0
90
28
90
28
90
29
90
30
90
31
90
32
90
33
90
34
90
35
90
36
90
37
90
38
90
39
90
40
90
41
90
42
90
43
90
44
90
45
90
46
90
47
90
48
90
49
90
50
90
51
90
52
90
53
90
54
90
55
90
4
90
0
90
1
90
29
90
28
90
4
90
1
90
2
90
30
90
29
90
4
90
2
90
3
90
31
90
30
90
4
90
3
90
4
90
32
90
31
90
4
90
4
90
5
90
33
90
32
90
4
90
5
90
6
90
34
90
33
90
4
90
6
90
7
90
35
90
34
90
4
90
7
90
8
90
36
90
35
90
4
90
8
90
9
90
37
90
36
90
4
90
9
90
10
90
38
90
37
90
4
90
10
90
11
90
39
90
38
90
4
90
11
90
12
90
40
90
39
90
4
90
12
90
13
90
41
90
40
90
4
90
13
90
14
90
42
90
41
90
4
90
14
90
15
90
43
90
42
90
4
90
15
90
16
90
44
90
43
90
4
90
16
90
17
90
45
90
44
90
4
90
17
90
18
90
46
90
45
90
4
90
18
90
19
90
47
90
46
90
4
90
19
90
20
90
48
90
47
90
4
90
20
90
21
90
49
90
48
90
4
90
21
90
22
90
50
90
49
90
4
90
22
90
23
90
51
90
50
90
4
90
23
90
24
90
52
90
51
90
4
90
24
90
25
90
53
90
52
90
4
90
25
90
26
90
54
90
53
90
4
90
26
90
27
90
55
90
54
90
4
90
27
90
0
90
28
90
55
94
0
95
0
90
0
1001
CONDUITCAD
1000
{"id":"e-mukbud53-a","label":"Brass pedestal","feature3d":{"version":1,"kind":"cylinder","parameters":{"radius":14,"height":4,"segments":28,"x":"1*Spacing","y":"1*Spacing"},"inputs":[],"suppressed":fa
1000
lse},"model3dConsumed":false,"appearance3d":{"metallic":0.3,"roughness":0.55,"emission":0,"opacity":1},"model3dUserHidden":false}
0
MESH
5
10A
330
124
100
AcDbEntity
8
Equipment
62
7
420
3563388
440
33554687
100
AcDbSubDMesh
71
2
72
0
91
0
92
366
10
72
20
36
30
5
10
74.67025120747577
20
36
30
5.300865053818116
10
74.60330243470536
20
36.59418679258548
30
5.300865053818116
10
74.40581320741451
20
37.158578578282764
30
5.300865053818116
10
74.08768646010283
20
37.664874396262114
30
5.300865053818116
10
73.66487439626212
20
38.08768646010283
30
5.300865053818116
10
73.15857857828276
20
38.40581320741452
30
5.300865053818116
10
72.59418679258549
20
38.60330243470535
30
5.300865053818116
10
72
20
38.67025120747577
30
5.300865053818116
10
71.40581320741451
20
38.60330243470535
30
5.300865053818116
10
70.84142142171724
20
38.40581320741452
30
5.300865053818116
10
70.3351256037379
20
38.08768646010283
30
5.300865053818116
10
69.91231353989717
20
37.664874396262114
30
5.300865053818116
10
69.59418679258549
20
37.158578578282764
30
5.300865053818116
10
69.39669756529464
20
36.59418679258548
30
5.300865053818116
10
69.32974879252423
20
36
30
5.300865053818116
10
69.39669756529464
20
35.40581320741452
30
5.300865053818116
10
69.59418679258549
20
34.841421421717236
30
5.300865053818116
10
69.91231353989717
20
34.335125603737886
30
5.300865053818116
10
70.33512560373788
20
33.91231353989717
30
5.300865053818116
10
70.84142142171724
20
33.59418679258548
30
5.300865053818116
10
71.40581320741451
20
33.39669756529465
30
5.300865053818116
10
72
20
33.32974879252423
30
5.300865053818116
10
72.59418679258549
20
33.39669756529465
30
5.300865053818116
10
73.15857857828276
20
33.59418679258548
30
5.300865053818116
10
73.6648743962621
20
33.91231353989717
30
5.300865053818116
10
74.08768646010283
20
34.335125603737886
30
5.300865053818116
10
74.40581320741451
20
34.841421421717236
30
5.300865053818116
10
74.60330243470536
20
35.40581320741451
30
5.300865053818116
10
77.2066048694107
20
36
30
6.18837358517097
10
77.07606441489028
20
37.158578578282764
30
6.18837358517097
10
76.69098889480819
20
38.259061188847596
30
6.18837358517097
10
76.07068760367663
20
39.246265038385594
30
6.18837358517097
10
75.24626503838559
20
40.07068760367663
30
6.18837358517097
10
74.2590611888476
20
40.69098889480818
30
6.18837358517097
10
73.15857857828276
20
41.07606441489029
30
6.18837358517097
10
72
20
41.2066048694107
30
6.18837358517097
10
70.84142142171724
20
41.07606441489029
30
6.18837358517097
10
69.7409388111524
20
40.69098889480818
30
6.18837358517097
10
68.75373496161441
20
40.07068760367663
30
6.18837358517097
10
67.92931239632337
20
39.246265038385594
30
6.18837358517097
10
67.30901110519181
20
38.259061188847596
30
6.18837358517097
10
66.92393558510972
20
37.158578578282764
30
6.18837358517097
10
66.7933951305893
20
36
30
6.18837358517097
10
66.92393558510972
20
34.84142142171724
30
6.18837358517097
10
67.30901110519181
20
33.740938811152404
30
6.18837358517097
10
67.92931239632337
20
32.753734961614406
30
6.18837358517097
10
68.75373496161441
20
31.929312396323372
30
6.18837358517097
10
69.7409388111524
20
31.30901110519182
30
6.18837358517097
10
70.84142142171724
20
30.92393558510971
30
6.18837358517097
10
72
20
30.793395130589303
30
6.18837358517097
10
73.15857857828276
20
30.92393558510971
30
6.18837358517097
10
74.2590611888476
20
31.30901110519182
30
6.18837358517097
10
75.24626503838559
20
31.92931239632337
30
6.18837358517097
10
76.07068760367663
20
32.753734961614406
30
6.18837358517097
10
76.69098889480819
20
33.740938811152404
30
6.18837358517097
10
77.07606441489028
20
34.841421421717236
30
6.18837358517097
10
79.48187762230481
20
36
30
7.618022210383643
10
79.29429132951353
20
37.664874396262114
30
7.618022210383643
10
78.7409388111524
20
39.246265038385594
30
7.618022210383643
10
77.84956747309094
20
40.664874396262114
30
7.618022210383643
10
76.66487439626212
20
41.84956747309094
30
7.618022210383643
10
75.24626503838559
20
42.740938811152404
30
7.618022210383643
10
73.66487439626212
20
43.29429132951353
30
7.618022210383643
10
72
20
43.4818776223048
30
7.618022210383643
10
70.3351256037379
20
43.29429132951353
30
7.618022210383643
10
68.75373496161441
20
42.740938811152404
30
7.618022210383643
10
67.33512560373788
20
41.84956747309094
30
7.618022210383643
10
66.15043252690906
20
40.664874396262114
30
7.618022210383643
10
65.2590611888476
20
39.246265038385594
30
7.618022210383643
10
64.70570867048647
20
37.664874396262114
30
7.618022210383643
10
64.51812237769519
20
36
30
7.618022210383643
10
64.70570867048647
20
34.33512560373789
30
7.618022210383643
10
65.2590611888476
20
32.753734961614406
30
7.618022210383643
10
66.15043252690906
20
31.335125603737886
30
7.618022210383643
10
67.33512560373788
20
30.150432526909057
30
7.618022210383643
10
68.75373496161441
20
29.2590611888476
30
7.618022210383643
10
70.33512560373788
20
28.705708670486473
30
7.618022210383643
10
72
20
28.518122377695196
30
7.618022210383643
10
73.6648743962621
20
28.70570867048647
30
7.618022210383643
10
75.24626503838559
20
29.259061188847596
30
7.618022210383643
10
76.6648743962621
20
30.150432526909057
30
7.618022210383643
10
77.84956747309094
20
31.335125603737886
30
7.618022210383643
10
78.7409388111524
20
32.75373496161441
30
7.618022210383643
10
79.29429132951353
20
34.335125603737886
30
7.618022210383643
10
81.38197778961636
20
36
30
9.518122377695198
10
81.14675201856691
20
38.08768646010283
30
9.518122377695198
10
80.45286990779628
20
40.07068760367663
30
9.518122377695198
10
79.33512560373788
20
41.84956747309094
30
9.518122377695198
10
77.84956747309094
20
43.335125603737886
30
9.518122377695198
10
76.07068760367663
20
44.45286990779629
30
9.518122377695198
10
74.08768646010283
20
45.146752018566914
30
9.518122377695198
10
72
20
45.38197778961636
30
9.518122377695198
10
69.91231353989717
20
45.146752018566914
30
9.518122377695198
10
67.92931239632337
20
44.45286990779629
30
9.518122377695198
10
66.15043252690906
20
43.335125603737886
30
9.518122377695198
10
64.66487439626212
20
41.84956747309094
30
9.518122377695198
10
63.54713009220371
20
40.07068760367663
30
9.518122377695198
10
62.853247981433086
20
38.08768646010283
30
9.518122377695198
10
62.61802221038364
20
36
30
9.518122377695198
10
62.853247981433086
20
33.91231353989718
30
9.518122377695198
10
63.54713009220371
20
31.929312396323372
30
9.518122377695198
10
64.66487439626212
20
30.150432526909057
30
9.518122377695198
10
66.15043252690906
20
28.664874396262114
30
9.518122377695198
10
67.92931239632337
20
27.54713009220371
30
9.518122377695198
10
69.91231353989717
20
26.853247981433086
30
9.518122377695198
10
72
20
26.618022210383643
30
9.518122377695198
10
74.08768646010282
20
26.853247981433082
30
9.518122377695198
10
76.07068760367663
20
27.54713009220371
30
9.518122377695198
10
77.84956747309094
20
28.664874396262114
30
9.518122377695198
10
79.33512560373788
20
30.150432526909057
30
9.518122377695198
10
80.4528699077963
20
31.92931239632338
30
9.518122377695198
10
81.14675201856691
20
33.91231353989717
30
9.518122377695198
10
82.81162641482904
20
36
30
11.793395130589303
10
82.54055636789911
20
38.40581320741452
30
11.793395130589303
10
81.7409388111524
20
40.69098889480818
30
11.793395130589303
10
80.4528699077963
20
42.740938811152404
30
11.793395130589303
10
78.7409388111524
20
44.45286990779629
30
11.793395130589303
10
76.69098889480819
20
45.740938811152404
30
11.793395130589303
10
74.40581320741451
20
46.54055636789912
30
11.793395130589303
10
72
20
46.81162641482903
30
11.793395130589303
10
69.59418679258549
20
46.54055636789912
30
11.793395130589303
10
67.30901110519181
20
45.740938811152404
30
11.793395130589303
10
65.2590611888476
20
44.45286990779629
30
11.793395130589303
10
63.547130092203716
20
42.740938811152404
30
11.793395130589303
10
62.259061188847596
20
40.69098889480818
30
11.793395130589303
10
61.45944363210088
20
38.40581320741451
30
11.793395130589303
10
61.18837358517097
20
36
30
11.793395130589303
10
61.45944363210088
20
33.59418679258549
30
11.793395130589303
10
62.259061188847596
20
31.30901110519182
30
11.793395130589303
10
63.547130092203716
20
29.259061188847596
30
11.793395130589303
10
65.2590611888476
20
27.54713009220371
30
11.793395130589303
10
67.30901110519181
20
26.2590611888476
30
11.793395130589303
10
69.59418679258549
20
25.45944363210088
30
11.793395130589303
10
72
20
25.18837358517097
30
11.793395130589303
10
74.4058132074145
20
25.45944363210088
30
11.793395130589303
10
76.69098889480817
20
26.259061188847596
30
11.793395130589303
10
78.7409388111524
20
27.54713009220371
30
11.793395130589303
10
80.45286990779628
20
29.259061188847596
30
11.793395130589303
10
81.7409388111524
20
31.30901110519183
30
11.793395130589303
10
82.54055636789911
20
33.59418679258548
30
11.793395130589303
10
83.69913494618189
20
36
30
14.329748792524228
10
83.40581320741451
20
38.60330243470535
30
14.329748792524228
10
82.54055636789911
20
41.07606441489029
30
14.329748792524228
10
81.14675201856691
20
43.29429132951353
30
14.329748792524228
10
79.29429132951353
20
45.146752018566914
30
14.329748792524228
10
77.07606441489028
20
46.54055636789912
30
14.329748792524228
10
74.60330243470536
20
47.40581320741452
30
14.329748792524228
10
72
20
47.699134946181886
30
14.329748792524228
10
69.39669756529466
20
47.40581320741452
30
14.329748792524228
10
66.92393558510972
20
46.54055636789912
30
14.329748792524228
10
64.70570867048647
20
45.146752018566914
30
14.329748792524228
10
62.853247981433086
20
43.294291329513534
30
14.329748792524228
10
61.45944363210088
20
41.07606441489029
30
14.329748792524228
10
60.59418679258548
20
38.60330243470535
30
14.329748792524228
10
60.300865053818114
20
36
30
14.329748792524228
10
60.59418679258548
20
33.39669756529466
30
14.329748792524228
10
61.45944363210088
20
30.923935585109714
30
14.329748792524228
10
62.853247981433086
20
28.70570867048647
30
14.329748792524228
10
64.70570867048647
20
26.853247981433086
30
14.329748792524228
10
66.92393558510972
20
25.45944363210088
30
14.329748792524228
10
69.39669756529464
20
24.594186792585482
30
14.329748792524228
10
72
20
24.300865053818114
30
14.329748792524228
10
74.60330243470534
20
24.594186792585482
30
14.329748792524228
10
77.07606441489028
20
25.45944363210088
30
14.329748792524228
10
79.29429132951353
20
26.853247981433082
30
14.329748792524228
10
81.14675201856691
20
28.70570867048647
30
14.329748792524228
10
82.54055636789913
20
30.923935585109717
30
14.329748792524228
10
83.40581320741451
20
33.39669756529465
30
14.329748792524228
10
84
20
36
30
17
10
83.69913494618189
20
38.67025120747577
30
17
10
82.81162641482904
20
41.2066048694107
30
17
10
81.38197778961636
20
43.4818776223048
30
17
10
79.48187762230481
20
45.38197778961636
30
17
10
77.2066048694107
20
46.81162641482903
30
17
10
74.67025120747577
20
47.699134946181886
30
17
10
72
20
48
30
17
10
69.32974879252423
20
47.699134946181886
30
17
10
66.7933951305893
20
46.81162641482903
30
17
10
64.51812237769519
20
45.38197778961636
30
17
10
62.61802221038364
20
43.48187762230481
30
17
10
61.18837358517097
20
41.2066048694107
30
17
10
60.300865053818114
20
38.67025120747577
30
17
10
60
20
36
30
17
10
60.300865053818114
20
33.329748792524235
30
17
10
61.18837358517097
20
30.793395130589303
30
17
10
62.61802221038364
20
28.518122377695192
30
17
10
64.51812237769519
20
26.618022210383643
30
17
10
66.7933951305893
20
25.18837358517097
30
17
10
69.32974879252423
20
24.300865053818114
30
17
10
72
20
24
30
17
10
74.67025120747576
20
24.300865053818114
30
17
10
77.2066048694107
20
25.188373585170968
30
17
10
79.48187762230481
20
26.618022210383643
30
17
10
81.38197778961636
20
28.518122377695196
30
17
10
82.81162641482904
20
30.79339513058931
30
17
10
83.69913494618189
20
33.32974879252423
30
17
10
83.69913494618189
20
36
30
19.670251207475772
10
83.40581320741451
20
38.60330243470535
30
19.670251207475772
10
82.54055636789911
20
41.07606441489029
30
19.670251207475772
10
81.14675201856691
20
43.29429132951353
30
19.670251207475772
10
79.29429132951353
20
45.146752018566914
30
19.670251207475772
10
77.07606441489028
20
46.54055636789912
30
19.670251207475772
10
74.60330243470536
20
47.40581320741452
30
19.670251207475772
10
72
20
47.699134946181886
30
19.670251207475772
10
69.39669756529466
20
47.40581320741452
30
19.670251207475772
10
66.92393558510972
20
46.54055636789912
30
19.670251207475772
10
64.70570867048647
20
45.146752018566914
30
19.670251207475772
10
62.853247981433086
20
43.294291329513534
30
19.670251207475772
10
61.45944363210088
20
41.07606441489029
30
19.670251207475772
10
60.59418679258548
20
38.60330243470535
30
19.670251207475772
10
60.300865053818114
20
36
30
19.670251207475772
10
60.59418679258548
20
33.39669756529466
30
19.670251207475772
10
61.45944363210088
20
30.923935585109714
30
19.670251207475772
10
62.853247981433086
20
28.70570867048647
30
19.670251207475772
10
64.70570867048647
20
26.853247981433086
30
19.670251207475772
10
66.92393558510972
20
25.45944363210088
30
19.670251207475772
10
69.39669756529464
20
24.594186792585482
30
19.670251207475772
10
72
20
24.300865053818114
30
19.670251207475772
10
74.60330243470534
20
24.594186792585482
30
19.670251207475772
10
77.07606441489028
20
25.45944363210088
30
19.670251207475772
10
79.29429132951353
20
26.853247981433082
30
19.670251207475772
10
81.14675201856691
20
28.70570867048647
30
19.670251207475772
10
82.54055636789913
20
30.923935585109717
30
19.670251207475772
10
83.40581320741451
20
33.39669756529465
30
19.670251207475772
10
82.81162641482904
20
36
30
22.206604869410697
10
82.54055636789911
20
38.40581320741452
30
22.206604869410697
10
81.7409388111524
20
40.69098889480818
30
22.206604869410697
10
80.4528699077963
20
42.740938811152404
30
22.206604869410697
10
78.7409388111524
20
44.45286990779629
30
22.206604869410697
10
76.69098889480819
20
45.740938811152404
30
22.206604869410697
10
74.40581320741451
20
46.54055636789912
30
22.206604869410697
10
72
20
46.81162641482903
30
22.206604869410697
10
69.59418679258549
20
46.54055636789912
30
22.206604869410697
10
67.30901110519181
20
45.740938811152404
30
22.206604869410697
10
65.2590611888476
20
44.45286990779629
30
22.206604869410697
10
63.547130092203716
20
42.740938811152404
30
22.206604869410697
10
62.259061188847596
20
40.69098889480818
30
22.206604869410697
10
61.45944363210088
20
38.40581320741451
30
22.206604869410697
10
61.18837358517097
20
36
30
22.206604869410697
10
61.45944363210088
20
33.59418679258549
30
22.206604869410697
10
62.259061188847596
20
31.30901110519182
30
22.206604869410697
10
63.547130092203716
20
29.259061188847596
30
22.206604869410697
10
65.2590611888476
20
27.54713009220371
30
22.206604869410697
10
67.30901110519181
20
26.2590611888476
30
22.206604869410697
10
69.59418679258549
20
25.45944363210088
30
22.206604869410697
10
72
20
25.18837358517097
30
22.206604869410697
10
74.4058132074145
20
25.45944363210088
30
22.206604869410697
10
76.69098889480817
20
26.259061188847596
30
22.206604869410697
10
78.7409388111524
20
27.54713009220371
30
22.206604869410697
10
80.45286990779628
20
29.259061188847596
30
22.206604869410697
10
81.7409388111524
20
31.30901110519183
30
22.206604869410697
10
82.54055636789911
20
33.59418679258548
30
22.206604869410697
10
81.38197778961636
20
36
30
24.4818776223048
10
81.14675201856691
20
38.08768646010283
30
24.4818776223048
10
80.45286990779628
20
40.07068760367663
30
24.4818776223048
10
79.33512560373788
20
41.84956747309094
30
24.4818776223048
10
77.84956747309094
20
43.335125603737886
30
24.4818776223048
10
76.07068760367663
20
44.45286990779629
30
24.4818776223048
10
74.08768646010283
20
45.146752018566914
30
24.4818776223048
10
72
20
45.38197778961636
30
24.4818776223048
10
69.91231353989717
20
45.146752018566914
30
24.4818776223048
10
67.92931239632337
20
44.45286990779629
30
24.4818776223048
10
66.15043252690906
20
43.335125603737886
30
24.4818776223048
10
64.66487439626212
20
41.84956747309094
30
24.4818776223048
10
63.54713009220371
20
40.07068760367663
30
24.4818776223048
10
62.853247981433086
20
38.08768646010283
30
24.4818776223048
10
62.61802221038364
20
36
30
24.4818776223048
10
62.853247981433086
20
33.91231353989718
30
24.4818776223048
10
63.54713009220371
20
31.929312396323372
30
24.4818776223048
10
64.66487439626212
20
30.150432526909057
30
24.4818776223048
10
66.15043252690906
20
28.664874396262114
30
24.4818776223048
10
67.92931239632337
20
27.54713009220371
30
24.4818776223048
10
69.91231353989717
20
26.853247981433086
30
24.4818776223048
10
72
20
26.618022210383643
30
24.4818776223048
10
74.08768646010282
20
26.853247981433082
30
24.4818776223048
10
76.07068760367663
20
27.54713009220371
30
24.4818776223048
10
77.84956747309094
20
28.664874396262114
30
24.4818776223048
10
79.33512560373788
20
30.150432526909057
30
24.4818776223048
10
80.4528699077963
20
31.92931239632338
30
24.4818776223048
10
81.14675201856691
20
33.91231353989717
30
24.4818776223048
10
79.48187762230481
20
36
30
26.381977789616354
10
79.29429132951353
20
37.664874396262114
30
26.381977789616354
10
78.7409388111524
20
39.246265038385594
30
26.381977789616354
10
77.84956747309094
20
40.664874396262114
30
26.381977789616354
10
76.66487439626212
20
41.84956747309094
30
26.381977789616354
10
75.2462650383856
20
42.740938811152404
30
26.381977789616354
10
73.66487439626212
20
43.294291329513534
30
26.381977789616354
10
72
20
43.48187762230481
30
26.381977789616354
10
70.33512560373788
20
43.294291329513534
30
26.381977789616354
10
68.7537349616144
20
42.740938811152404
30
26.381977789616354
10
67.33512560373788
20
41.84956747309094
30
26.381977789616354
10
66.15043252690906
20
40.66487439626212
30
26.381977789616354
10
65.2590611888476
20
39.246265038385594
30
26.381977789616354
10
64.70570867048647
20
37.664874396262114
30
26.381977789616354
10
64.51812237769519
20
36
30
26.381977789616354
10
64.70570867048647
20
34.33512560373789
30
26.381977789616354
10
65.2590611888476
20
32.753734961614406
30
26.381977789616354
10
66.15043252690906
20
31.33512560373788
30
26.381977789616354
10
67.33512560373788
20
30.150432526909057
30
26.381977789616354
10
68.7537349616144
20
29.259061188847596
30
26.381977789616354
10
70.33512560373788
20
28.705708670486466
30
26.381977789616354
10
72
20
28.518122377695192
30
26.381977789616354
10
73.6648743962621
20
28.705708670486466
30
26.381977789616354
10
75.24626503838559
20
29.259061188847593
30
26.381977789616354
10
76.66487439626212
20
30.150432526909054
30
26.381977789616354
10
77.84956747309094
20
31.335125603737882
30
26.381977789616354
10
78.7409388111524
20
32.75373496161441
30
26.381977789616354
10
79.29429132951353
20
34.335125603737886
30
26.381977789616354
10
77.2066048694107
20
36
30
27.81162641482903
10
77.07606441489028
20
37.158578578282764
30
27.81162641482903
10
76.69098889480819
20
38.259061188847596
30
27.81162641482903
10
76.07068760367663
20
39.246265038385594
30
27.81162641482903
10
75.24626503838559
20
40.07068760367663
30
27.81162641482903
10
74.2590611888476
20
40.69098889480818
30
27.81162641482903
10
73.15857857828276
20
41.07606441489029
30
27.81162641482903
10
72
20
41.2066048694107
30
27.81162641482903
10
70.84142142171724
20
41.07606441489029
30
27.81162641482903
10
69.7409388111524
20
40.69098889480818
30
27.81162641482903
10
68.75373496161441
20
40.07068760367663
30
27.81162641482903
10
67.92931239632337
20
39.246265038385594
30
27.81162641482903
10
67.30901110519181
20
38.259061188847596
30
27.81162641482903
10
66.92393558510972
20
37.158578578282764
30
27.81162641482903
10
66.7933951305893
20
36
30
27.81162641482903
10
66.92393558510972
20
34.84142142171724
30
27.81162641482903
10
67.30901110519181
20
33.740938811152404
30
27.81162641482903
10
67.92931239632337
20
32.753734961614406
30
27.81162641482903
10
68.75373496161441
20
31.929312396323372
30
27.81162641482903
10
69.7409388111524
20
31.30901110519182
30
27.81162641482903
10
70.84142142171724
20
30.92393558510971
30
27.81162641482903
10
72
20
30.793395130589303
30
27.81162641482903
10
73.15857857828276
20
30.92393558510971
30
27.81162641482903
10
74.2590611888476
20
31.30901110519182
30
27.81162641482903
10
75.24626503838559
20
31.92931239632337
30
27.81162641482903
10
76.07068760367663
20
32.753734961614406
30
27.81162641482903
10
76.69098889480819
20
33.740938811152404
30
27.81162641482903
10
77.07606441489028
20
34.841421421717236
30
27.81162641482903
10
74.67025120747577
20
36
30
28.699134946181886
10
74.60330243470534
20
36.59418679258548
30
28.699134946181886
10
74.40581320741451
20
37.158578578282764
30
28.699134946181886
10
74.08768646010283
20
37.664874396262114
30
28.699134946181886
10
73.6648743962621
20
38.08768646010283
30
28.699134946181886
10
73.15857857828276
20
38.40581320741451
30
28.699134946181886
10
72.59418679258549
20
38.60330243470534
30
28.699134946181886
10
72
20
38.67025120747577
30
28.699134946181886
10
71.40581320741451
20
38.60330243470534
30
28.699134946181886
10
70.84142142171724
20
38.40581320741451
30
28.699134946181886
10
70.3351256037379
20
38.08768646010283
30
28.699134946181886
10
69.91231353989717
20
37.664874396262114
30
28.699134946181886
10
69.59418679258549
20
37.158578578282764
30
28.699134946181886
10
69.39669756529466
20
36.59418679258548
30
28.699134946181886
10
69.32974879252423
20
36
30
28.699134946181886
10
69.39669756529466
20
35.40581320741452
30
28.699134946181886
10
69.59418679258549
20
34.84142142171724
30
28.699134946181886
10
69.91231353989717
20
34.335125603737886
30
28.699134946181886
10
70.3351256037379
20
33.91231353989718
30
28.699134946181886
10
70.84142142171724
20
33.59418679258549
30
28.699134946181886
10
71.40581320741451
20
33.39669756529466
30
28.699134946181886
10
72
20
33.32974879252423
30
28.699134946181886
10
72.59418679258548
20
33.39669756529465
30
28.699134946181886
10
73.15857857828276
20
33.59418679258549
30
28.699134946181886
10
73.6648743962621
20
33.91231353989717
30
28.699134946181886
10
74.08768646010283
20
34.335125603737886
30
28.699134946181886
10
74.40581320741451
20
34.84142142171724
30
28.699134946181886
10
74.60330243470534
20
35.40581320741452
30
28.699134946181886
10
72
20
36
30
29
93
1904
90
3
90
0
90
2
90
1
90
3
90
365
90
337
90
338
90
4
90
1
90
2
90
30
90
29
90
4
90
29
90
30
90
58
90
57
90
4
90
57
90
58
90
86
90
85
90
4
90
85
90
86
90
114
90
113
90
4
90
113
90
114
90
142
90
141
90
4
90
141
90
142
90
170
90
169
90
4
90
169
90
170
90
198
90
197
90
4
90
197
90
198
90
226
90
225
90
4
90
225
90
226
90
254
90
253
90
4
90
253
90
254
90
282
90
281
90
4
90
281
90
282
90
310
90
309
90
4
90
309
90
310
90
338
90
337
90
3
90
0
90
3
90
2
90
3
90
365
90
338
90
339
90
4
90
2
90
3
90
31
90
30
90
4
90
30
90
31
90
59
90
58
90
4
90
58
90
59
90
87
90
86
90
4
90
86
90
87
90
115
90
114
90
4
90
114
90
115
90
143
90
142
90
4
90
142
90
143
90
171
90
170
90
4
90
170
90
171
90
199
90
198
90
4
90
198
90
199
90
227
90
226
90
4
90
226
90
227
90
255
90
254
90
4
90
254
90
255
90
283
90
282
90
4
90
282
90
283
90
311
90
310
90
4
90
310
90
311
90
339
90
338
90
3
90
0
90
4
90
3
90
3
90
365
90
339
90
340
90
4
90
3
90
4
90
32
90
31
90
4
90
31
90
32
90
60
90
59
90
4
90
59
90
60
90
88
90
87
90
4
90
87
90
88
90
116
90
115
90
4
90
115
90
116
90
144
90
143
90
4
90
143
90
144
90
172
90
171
90
4
90
171
90
172
90
200
90
199
90
4
90
199
90
200
90
228
90
227
90
4
90
227
90
228
90
256
90
255
90
4
90
255
90
256
90
284
90
283
90
4
90
283
90
284
90
312
90
311
90
4
90
311
90
312
90
340
90
339
90
3
90
0
90
5
90
4
90
3
90
365
90
340
90
341
90
4
90
4
90
5
90
33
90
32
90
4
90
32
90
33
90
61
90
60
90
4
90
60
90
61
90
89
90
88
90
4
90
88
90
89
90
117
90
116
90
4
90
116
90
117
90
145
90
144
90
4
90
144
90
145
90
173
90
172
90
4
90
172
90
173
90
201
90
200
90
4
90
200
90
201
90
229
90
228
90
4
90
228
90
229
90
257
90
256
90
4
90
256
90
257
90
285
90
284
90
4
90
284
90
285
90
313
90
312
90
4
90
312
90
313
90
341
90
340
90
3
90
0
90
6
90
5
90
3
90
365
90
341
90
342
90
4
90
5
90
6
90
34
90
33
90
4
90
33
90
34
90
62
90
61
90
4
90
61
90
62
90
90
90
89
90
4
90
89
90
90
90
118
90
117
90
4
90
117
90
118
90
146
90
145
90
4
90
145
90
146
90
174
90
173
90
4
90
173
90
174
90
202
90
201
90
4
90
201
90
202
90
230
90
229
90
4
90
229
90
230
90
258
90
257
90
4
90
257
90
258
90
286
90
285
90
4
90
285
90
286
90
314
90
313
90
4
90
313
90
314
90
342
90
341
90
3
90
0
90
7
90
6
90
3
90
365
90
342
90
343
90
4
90
6
90
7
90
35
90
34
90
4
90
34
90
35
90
63
90
62
90
4
90
62
90
63
90
91
90
90
90
4
90
90
90
91
90
119
90
118
90
4
90
118
90
119
90
147
90
146
90
4
90
146
90
147
90
175
90
174
90
4
90
174
90
175
90
203
90
202
90
4
90
202
90
203
90
231
90
230
90
4
90
230
90
231
90
259
90
258
90
4
90
258
90
259
90
287
90
286
90
4
90
286
90
287
90
315
90
314
90
4
90
314
90
315
90
343
90
342
90
3
90
0
90
8
90
7
90
3
90
365
90
343
90
344
90
4
90
7
90
8
90
36
90
35
90
4
90
35
90
36
90
64
90
63
90
4
90
63
90
64
90
92
90
91
90
4
90
91
90
92
90
120
90
119
90
4
90
119
90
120
90
148
90
147
90
4
90
147
90
148
90
176
90
175
90
4
90
175
90
176
90
204
90
203
90
4
90
203
90
204
90
232
90
231
90
4
90
231
90
232
90
260
90
259
90
4
90
259
90
260
90
288
90
287
90
4
90
287
90
288
90
316
90
315
90
4
90
315
90
316
90
344
90
343
90
3
90
0
90
9
90
8
90
3
90
365
90
344
90
345
90
4
90
8
90
9
90
37
90
36
90
4
90
36
90
37
90
65
90
64
90
4
90
64
90
65
90
93
90
92
90
4
90
92
90
93
90
121
90
120
90
4
90
120
90
121
90
149
90
148
90
4
90
148
90
149
90
177
90
176
90
4
90
176
90
177
90
205
90
204
90
4
90
204
90
205
90
233
90
232
90
4
90
232
90
233
90
261
90
260
90
4
90
260
90
261
90
289
90
288
90
4
90
288
90
289
90
317
90
316
90
4
90
316
90
317
90
345
90
344
90
3
90
0
90
10
90
9
90
3
90
365
90
345
90
346
90
4
90
9
90
10
90
38
90
37
90
4
90
37
90
38
90
66
90
65
90
4
90
65
90
66
90
94
90
93
90
4
90
93
90
94
90
122
90
121
90
4
90
121
90
122
90
150
90
149
90
4
90
149
90
150
90
178
90
177
90
4
90
177
90
178
90
206
90
205
90
4
90
205
90
206
90
234
90
233
90
4
90
233
90
234
90
262
90
261
90
4
90
261
90
262
90
290
90
289
90
4
90
289
90
290
90
318
90
317
90
4
90
317
90
318
90
346
90
345
90
3
90
0
90
11
90
10
90
3
90
365
90
346
90
347
90
4
90
10
90
11
90
39
90
38
90
4
90
38
90
39
90
67
90
66
90
4
90
66
90
67
90
95
90
94
90
4
90
94
90
95
90
123
90
122
90
4
90
122
90
123
90
151
90
150
90
4
90
150
90
151
90
179
90
178
90
4
90
178
90
179
90
207
90
206
90
4
90
206
90
207
90
235
90
234
90
4
90
234
90
235
90
263
90
262
90
4
90
262
90
263
90
291
90
290
90
4
90
290
90
291
90
319
90
318
90
4
90
318
90
319
90
347
90
346
90
3
90
0
90
12
90
11
90
3
90
365
90
347
90
348
90
4
90
11
90
12
90
40
90
39
90
4
90
39
90
40
90
68
90
67
90
4
90
67
90
68
90
96
90
95
90
4
90
95
90
96
90
124
90
123
90
4
90
123
90
124
90
152
90
151
90
4
90
151
90
152
90
180
90
179
90
4
90
179
90
180
90
208
90
207
90
4
90
207
90
208
90
236
90
235
90
4
90
235
90
236
90
264
90
263
90
4
90
263
90
264
90
292
90
291
90
4
90
291
90
292
90
320
90
319
90
4
90
319
90
320
90
348
90
347
90
3
90
0
90
13
90
12
90
3
90
365
90
348
90
349
90
4
90
12
90
13
90
41
90
40
90
4
90
40
90
41
90
69
90
68
90
4
90
68
90
69
90
97
90
96
90
4
90
96
90
97
90
125
90
124
90
4
90
124
90
125
90
153
90
152
90
4
90
152
90
153
90
181
90
180
90
4
90
180
90
181
90
209
90
208
90
4
90
208
90
209
90
237
90
236
90
4
90
236
90
237
90
265
90
264
90
4
90
264
90
265
90
293
90
292
90
4
90
292
90
293
90
321
90
320
90
4
90
320
90
321
90
349
90
348
90
3
90
0
90
14
90
13
90
3
90
365
90
349
90
350
90
4
90
13
90
14
90
42
90
41
90
4
90
41
90
42
90
70
90
69
90
4
90
69
90
70
90
98
90
97
90
4
90
97
90
98
90
126
90
125
90
4
90
125
90
126
90
154
90
153
90
4
90
153
90
154
90
182
90
181
90
4
90
181
90
182
90
210
90
209
90
4
90
209
90
210
90
238
90
237
90
4
90
237
90
238
90
266
90
265
90
4
90
265
90
266
90
294
90
293
90
4
90
293
90
294
90
322
90
321
90
4
90
321
90
322
90
350
90
349
90
3
90
0
90
15
90
14
90
3
90
365
90
350
90
351
90
4
90
14
90
15
90
43
90
42
90
4
90
42
90
43
90
71
90
70
90
4
90
70
90
71
90
99
90
98
90
4
90
98
90
99
90
127
90
126
90
4
90
126
90
127
90
155
90
154
90
4
90
154
90
155
90
183
90
182
90
4
90
182
90
183
90
211
90
210
90
4
90
210
90
211
90
239
90
238
90
4
90
238
90
239
90
267
90
266
90
4
90
266
90
267
90
295
90
294
90
4
90
294
90
295
90
323
90
322
90
4
90
322
90
323
90
351
90
350
90
3
90
0
90
16
90
15
90
3
90
365
90
351
90
352
90
4
90
15
90
16
90
44
90
43
90
4
90
43
90
44
90
72
90
71
90
4
90
71
90
72
90
100
90
99
90
4
90
99
90
100
90
128
90
127
90
4
90
127
90
128
90
156
90
155
90
4
90
155
90
156
90
184
90
183
90
4
90
183
90
184
90
212
90
211
90
4
90
211
90
212
90
240
90
239
90
4
90
239
90
240
90
268
90
267
90
4
90
267
90
268
90
296
90
295
90
4
90
295
90
296
90
324
90
323
90
4
90
323
90
324
90
352
90
351
90
3
90
0
90
17
90
16
90
3
90
365
90
352
90
353
90
4
90
16
90
17
90
45
90
44
90
4
90
44
90
45
90
73
90
72
90
4
90
72
90
73
90
101
90
100
90
4
90
100
90
101
90
129
90
128
90
4
90
128
90
129
90
157
90
156
90
4
90
156
90
157
90
185
90
184
90
4
90
184
90
185
90
213
90
212
90
4
90
212
90
213
90
241
90
240
90
4
90
240
90
241
90
269
90
268
90
4
90
268
90
269
90
297
90
296
90
4
90
296
90
297
90
325
90
324
90
4
90
324
90
325
90
353
90
352
90
3
90
0
90
18
90
17
90
3
90
365
90
353
90
354
90
4
90
17
90
18
90
46
90
45
90
4
90
45
90
46
90
74
90
73
90
4
90
73
90
74
90
102
90
101
90
4
90
101
90
102
90
130
90
129
90
4
90
129
90
130
90
158
90
157
90
4
90
157
90
158
90
186
90
185
90
4
90
185
90
186
90
214
90
213
90
4
90
213
90
214
90
242
90
241
90
4
90
241
90
242
90
270
90
269
90
4
90
269
90
270
90
298
90
297
90
4
90
297
90
298
90
326
90
325
90
4
90
325
90
326
90
354
90
353
90
3
90
0
90
19
90
18
90
3
90
365
90
354
90
355
90
4
90
18
90
19
90
47
90
46
90
4
90
46
90
47
90
75
90
74
90
4
90
74
90
75
90
103
90
102
90
4
90
102
90
103
90
131
90
130
90
4
90
130
90
131
90
159
90
158
90
4
90
158
90
159
90
187
90
186
90
4
90
186
90
187
90
215
90
214
90
4
90
214
90
215
90
243
90
242
90
4
90
242
90
243
90
271
90
270
90
4
90
270
90
271
90
299
90
298
90
4
90
298
90
299
90
327
90
326
90
4
90
326
90
327
90
355
90
354
90
3
90
0
90
20
90
19
90
3
90
365
90
355
90
356
90
4
90
19
90
20
90
48
90
47
90
4
90
47
90
48
90
76
90
75
90
4
90
75
90
76
90
104
90
103
90
4
90
103
90
104
90
132
90
131
90
4
90
131
90
132
90
160
90
159
90
4
90
159
90
160
90
188
90
187
90
4
90
187
90
188
90
216
90
215
90
4
90
215
90
216
90
244
90
243
90
4
90
243
90
244
90
272
90
271
90
4
90
271
90
272
90
300
90
299
90
4
90
299
90
300
90
328
90
327
90
4
90
327
90
328
90
356
90
355
90
3
90
0
90
21
90
20
90
3
90
365
90
356
90
357
90
4
90
20
90
21
90
49
90
48
90
4
90
48
90
49
90
77
90
76
90
4
90
76
90
77
90
105
90
104
90
4
90
104
90
105
90
133
90
132
90
4
90
132
90
133
90
161
90
160
90
4
90
160
90
161
90
189
90
188
90
4
90
188
90
189
90
217
90
216
90
4
90
216
90
217
90
245
90
244
90
4
90
244
90
245
90
273
90
272
90
4
90
272
90
273
90
301
90
300
90
4
90
300
90
301
90
329
90
328
90
4
90
328
90
329
90
357
90
356
90
3
90
0
90
22
90
21
90
3
90
365
90
357
90
358
90
4
90
21
90
22
90
50
90
49
90
4
90
49
90
50
90
78
90
77
90
4
90
77
90
78
90
106
90
105
90
4
90
105
90
106
90
134
90
133
90
4
90
133
90
134
90
162
90
161
90
4
90
161
90
162
90
190
90
189
90
4
90
189
90
190
90
218
90
217
90
4
90
217
90
218
90
246
90
245
90
4
90
245
90
246
90
274
90
273
90
4
90
273
90
274
90
302
90
301
90
4
90
301
90
302
90
330
90
329
90
4
90
329
90
330
90
358
90
357
90
3
90
0
90
23
90
22
90
3
90
365
90
358
90
359
90
4
90
22
90
23
90
51
90
50
90
4
90
50
90
51
90
79
90
78
90
4
90
78
90
79
90
107
90
106
90
4
90
106
90
107
90
135
90
134
90
4
90
134
90
135
90
163
90
162
90
4
90
162
90
163
90
191
90
190
90
4
90
190
90
191
90
219
90
218
90
4
90
218
90
219
90
247
90
246
90
4
90
246
90
247
90
275
90
274
90
4
90
274
90
275
90
303
90
302
90
4
90
302
90
303
90
331
90
330
90
4
90
330
90
331
90
359
90
358
90
3
90
0
90
24
90
23
90
3
90
365
90
359
90
360
90
4
90
23
90
24
90
52
90
51
90
4
90
51
90
52
90
80
90
79
90
4
90
79
90
80
90
108
90
107
90
4
90
107
90
108
90
136
90
135
90
4
90
135
90
136
90
164
90
163
90
4
90
163
90
164
90
192
90
191
90
4
90
191
90
192
90
220
90
219
90
4
90
219
90
220
90
248
90
247
90
4
90
247
90
248
90
276
90
275
90
4
90
275
90
276
90
304
90
303
90
4
90
303
90
304
90
332
90
331
90
4
90
331
90
332
90
360
90
359
90
3
90
0
90
25
90
24
90
3
90
365
90
360
90
361
90
4
90
24
90
25
90
53
90
52
90
4
90
52
90
53
90
81
90
80
90
4
90
80
90
81
90
109
90
108
90
4
90
108
90
109
90
137
90
136
90
4
90
136
90
137
90
165
90
164
90
4
90
164
90
165
90
193
90
192
90
4
90
192
90
193
90
221
90
220
90
4
90
220
90
221
90
249
90
248
90
4
90
248
90
249
90
277
90
276
90
4
90
276
90
277
90
305
90
304
90
4
90
304
90
305
90
333
90
332
90
4
90
332
90
333
90
361
90
360
90
3
90
0
90
26
90
25
90
3
90
365
90
361
90
362
90
4
90
25
90
26
90
54
90
53
90
4
90
53
90
54
90
82
90
81
90
4
90
81
90
82
90
110
90
109
90
4
90
109
90
110
90
138
90
137
90
4
90
137
90
138
90
166
90
165
90
4
90
165
90
166
90
194
90
193
90
4
90
193
90
194
90
222
90
221
90
4
90
221
90
222
90
250
90
249
90
4
90
249
90
250
90
278
90
277
90
4
90
277
90
278
90
306
90
305
90
4
90
305
90
306
90
334
90
333
90
4
90
333
90
334
90
362
90
361
90
3
90
0
90
27
90
26
90
3
90
365
90
362
90
363
90
4
90
26
90
27
90
55
90
54
90
4
90
54
90
55
90
83
90
82
90
4
90
82
90
83
90
111
90
110
90
4
90
110
90
111
90
139
90
138
90
4
90
138
90
139
90
167
90
166
90
4
90
166
90
167
90
195
90
194
90
4
90
194
90
195
90
223
90
222
90
4
90
222
90
223
90
251
90
250
90
4
90
250
90
251
90
279
90
278
90
4
90
278
90
279
90
307
90
306
90
4
90
306
90
307
90
335
90
334
90
4
90
334
90
335
90
363
90
362
90
3
90
0
90
28
90
27
90
3
90
365
90
363
90
364
90
4
90
27
90
28
90
56
90
55
90
4
90
55
90
56
90
84
90
83
90
4
90
83
90
84
90
112
90
111
90
4
90
111
90
112
90
140
90
139
90
4
90
139
90
140
90
168
90
167
90
4
90
167
90
168
90
196
90
195
90
4
90
195
90
196
90
224
90
223
90
4
90
223
90
224
90
252
90
251
90
4
90
251
90
252
90
280
90
279
90
4
90
279
90
280
90
308
90
307
90
4
90
307
90
308
90
336
90
335
90
4
90
335
90
336
90
364
90
363
90
3
90
0
90
1
90
28
90
3
90
365
90
364
90
337
90
4
90
28
90
1
90
29
90
56
90
4
90
56
90
29
90
57
90
84
90
4
90
84
90
57
90
85
90
112
90
4
90
112
90
85
90
113
90
140
90
4
90
140
90
113
90
141
90
168
90
4
90
168
90
141
90
169
90
196
90
4
90
196
90
169
90
197
90
224
90
4
90
224
90
197
90
225
90
252
90
4
90
252
90
225
90
253
90
280
90
4
90
280
90
253
90
281
90
308
90
4
90
308
90
281
90
309
90
336
90
4
90
336
90
309
90
337
90
364
94
0
95
0
90
0
1001
CONDUITCAD
1000
{"id":"e-mukbud58-b","label":"Polymer","feature3d":{"version":1,"kind":"sphere","parameters":{"radius":"Radius","segments":28,"x":"2*Spacing","y":"1*Spacing","z":"Radius+5"},"inputs":[],"suppressed":f
1000
alse},"model3dConsumed":false,"appearance3d":{"id":"plastic","label":"Polymer","color":"#365f7c","metallic":0,"roughness":0.25,"opacity":1,"emission":0},"model3dUserHidden":false}
0
MESH
5
10B
330
124
100
AcDbEntity
8
Equipment
62
7
420
7831426
100
AcDbSubDMesh
71
2
72
0
91
0
92
56
10
86
20
36
30
0
10
85.64899077054554
20
39.1152930753884
30
0
10
84.61356415063386
20
42.07437234764581
30
0
10
82.94564075455241
20
44.72885722602227
30
0
10
80.72885722602227
20
46.945640754552414
30
0
10
78.07437234764582
20
48.61356415063387
30
0
10
75.11529307538841
20
49.64899077054553
30
0
10
72
20
50
30
0
10
68.8847069246116
20
49.64899077054553
30
0
10
65.9256276523542
20
48.61356415063387
30
0
10
63.27114277397773
20
46.945640754552414
30
0
10
61.054359245447586
20
44.72885722602227
30
0
10
59.38643584936614
20
42.07437234764581
30
0
10
58.35100922945447
20
39.115293075388394
30
0
10
58
20
36
30
0
10
58.35100922945447
20
32.884706924611606
30
0
10
59.38643584936613
20
29.925627652354187
30
0
10
61.054359245447586
20
27.271142773977726
30
0
10
63.27114277397773
20
25.054359245447586
30
0
10
65.92562765235418
20
23.386435849366134
30
0
10
68.88470692461159
20
22.35100922945447
30
0
10
72
20
22
30
0
10
75.1152930753884
20
22.351009229454466
30
0
10
78.0743723476458
20
23.38643584936613
30
0
10
80.72885722602227
20
25.054359245447582
30
0
10
82.94564075455241
20
27.27114277397773
30
0
10
84.61356415063388
20
29.925627652354194
30
0
10
85.64899077054552
20
32.88470692461159
30
0
10
86
20
36
30
4
10
85.64899077054554
20
39.1152930753884
30
4
10
84.61356415063386
20
42.07437234764581
30
4
10
82.94564075455241
20
44.72885722602227
30
4
10
80.72885722602227
20
46.945640754552414
30
4
10
78.07437234764582
20
48.61356415063387
30
4
10
75.11529307538841
20
49.64899077054553
30
4
10
72
20
50
30
4
10
68.8847069246116
20
49.64899077054553
30
4
10
65.9256276523542
20
48.61356415063387
30
4
10
63.27114277397773
20
46.945640754552414
30
4
10
61.054359245447586
20
44.72885722602227
30
4
10
59.38643584936614
20
42.07437234764581
30
4
10
58.35100922945447
20
39.115293075388394
30
4
10
58
20
36
30
4
10
58.35100922945447
20
32.884706924611606
30
4
10
59.38643584936613
20
29.925627652354187
30
4
10
61.054359245447586
20
27.271142773977726
30
4
10
63.27114277397773
20
25.054359245447586
30
4
10
65.92562765235418
20
23.386435849366134
30
4
10
68.88470692461159
20
22.35100922945447
30
4
10
72
20
22
30
4
10
75.1152930753884
20
22.351009229454466
30
4
10
78.0743723476458
20
23.38643584936613
30
4
10
80.72885722602227
20
25.054359245447582
30
4
10
82.94564075455241
20
27.27114277397773
30
4
10
84.61356415063388
20
29.925627652354194
30
4
10
85.64899077054552
20
32.88470692461159
30
4
93
198
90
28
90
27
90
26
90
25
90
24
90
23
90
22
90
21
90
20
90
19
90
18
90
17
90
16
90
15
90
14
90
13
90
12
90
11
90
10
90
9
90
8
90
7
90
6
90
5
90
4
90
3
90
2
90
1
90
0
90
28
90
28
90
29
90
30
90
31
90
32
90
33
90
34
90
35
90
36
90
37
90
38
90
39
90
40
90
41
90
42
90
43
90
44
90
45
90
46
90
47
90
48
90
49
90
50
90
51
90
52
90
53
90
54
90
55
90
4
90
0
90
1
90
29
90
28
90
4
90
1
90
2
90
30
90
29
90
4
90
2
90
3
90
31
90
30
90
4
90
3
90
4
90
32
90
31
90
4
90
4
90
5
90
33
90
32
90
4
90
5
90
6
90
34
90
33
90
4
90
6
90
7
90
35
90
34
90
4
90
7
90
8
90
36
90
35
90
4
90
8
90
9
90
37
90
36
90
4
90
9
90
10
90
38
90
37
90
4
90
10
90
11
90
39
90
38
90
4
90
11
90
12
90
40
90
39
90
4
90
12
90
13
90
41
90
40
90
4
90
13
90
14
90
42
90
41
90
4
90
14
90
15
90
43
90
42
90
4
90
15
90
16
90
44
90
43
90
4
90
16
90
17
90
45
90
44
90
4
90
17
90
18
90
46
90
45
90
4
90
18
90
19
90
47
90
46
90
4
90
19
90
20
90
48
90
47
90
4
90
20
90
21
90
49
90
48
90
4
90
21
90
22
90
50
90
49
90
4
90
22
90
23
90
51
90
50
90
4
90
23
90
24
90
52
90
51
90
4
90
24
90
25
90
53
90
52
90
4
90
25
90
26
90
54
90
53
90
4
90
26
90
27
90
55
90
54
90
4
90
27
90
0
90
28
90
55
94
0
95
0
90
0
1001
CONDUITCAD
1000
{"id":"e-mukbud5f-c","label":"Polymer pedestal","feature3d":{"version":1,"kind":"cylinder","parameters":{"radius":14,"height":4,"segments":28,"x":"2*Spacing","y":"1*Spacing"},"inputs":[],"suppressed":
1000
false},"model3dConsumed":false,"appearance3d":{"metallic":0.3,"roughness":0.55,"emission":0,"opacity":1},"model3dUserHidden":false}
0
MESH
5
10C
330
124
100
AcDbEntity
8
Equipment
62
7
420
3422267
440
33554687
100
AcDbSubDMesh
71
2
72
0
91
0
92
366
10
0
20
72
30
5
10
2.6702512074757734
20
72
30
5.300865053818116
10
2.6033024347053493
20
72.59418679258549
30
5.300865053818116
10
2.405813207414515
20
73.15857857828276
30
5.300865053818116
10
2.0876864601028307
20
73.6648743962621
30
5.300865053818116
10
1.664874396262114
20
74.08768646010283
30
5.300865053818116
10
1.1585785782827631
20
74.40581320741451
30
5.300865053818116
10
0.5941867925854855
20
74.60330243470536
30
5.300865053818116
10
1.6350572970772804e-16
20
74.67025120747577
30
5.300865053818116
10
-0.5941867925854852
20
74.60330243470536
30
5.300865053818116
10
-1.158578578282763
20
74.40581320741451
30
5.300865053818116
10
-1.6648743962621138
20
74.08768646010283
30
5.300865053818116
10
-2.0876864601028298
20
73.66487439626212
30
5.300865053818116
10
-2.405813207414515
20
73.15857857828276
30
5.300865053818116
10
-2.6033024347053497
20
72.59418679258549
30
5.300865053818116
10
-2.6702512074757734
20
72
30
5.300865053818116
10
-2.6033024347053497
20
71.40581320741451
30
5.300865053818116
10
-2.405813207414515
20
70.84142142171724
30
5.300865053818116
10
-2.0876864601028298
20
70.33512560373788
30
5.300865053818116
10
-1.6648743962621144
20
69.91231353989717
30
5.300865053818116
10
-1.1585785782827636
20
69.59418679258549
30
5.300865053818116
10
-0.5941867925854859
20
69.39669756529464
30
5.300865053818116
10
-4.905171891231841e-16
20
69.32974879252423
30
5.300865053818116
10
0.5941867925854825
20
69.39669756529464
30
5.300865053818116
10
1.1585785782827627
20
69.59418679258549
30
5.300865053818116
10
1.6648743962621135
20
69.91231353989717
30
5.300865053818116
10
2.08768646010283
20
70.33512560373788
30
5.300865053818116
10
2.405813207414516
20
70.84142142171724
30
5.300865053818116
10
2.603302434705349
20
71.40581320741451
30
5.300865053818116
10
5.2066048694106986
20
72
30
6.18837358517097
10
5.076064414890289
20
73.15857857828276
30
6.18837358517097
10
4.69098889480818
20
74.2590611888476
30
6.18837358517097
10
4.070687603676629
20
75.24626503838559
30
6.18837358517097
10
3.246265038385594
20
76.07068760367663
30
6.18837358517097
10
2.2590611888475998
20
76.69098889480819
30
6.18837358517097
10
1.1585785782827633
20
77.07606441489028
30
6.18837358517097
10
3.1881259938744174e-16
20
77.2066048694107
30
6.18837358517097
10
-1.1585785782827627
20
77.07606441489028
30
6.18837358517097
10
-2.259061188847599
20
76.69098889480819
30
6.18837358517097
10
-3.2462650383855935
20
76.07068760367663
30
6.18837358517097
10
-4.070687603676627
20
75.2462650383856
30
6.18837358517097
10
-4.6909888948081795
20
74.2590611888476
30
6.18837358517097
10
-5.076064414890289
20
73.15857857828276
30
6.18837358517097
10
-5.2066048694106986
20
72
30
6.18837358517097
10
-5.076064414890289
20
70.84142142171724
30
6.18837358517097
10
-4.69098889480818
20
69.7409388111524
30
6.18837358517097
10
-4.070687603676628
20
68.7537349616144
30
6.18837358517097
10
-3.2462650383855944
20
67.92931239632337
30
6.18837358517097
10
-2.2590611888476
20
67.30901110519181
30
6.18837358517097
10
-1.158578578282764
20
66.92393558510972
30
6.18837358517097
10
-9.564377981623253e-16
20
66.7933951305893
30
6.18837358517097
10
1.1585785782827576
20
66.92393558510972
30
6.18837358517097
10
2.2590611888475984
20
67.30901110519181
30
6.18837358517097
10
3.2462650383855927
20
67.92931239632337
30
6.18837358517097
10
4.070687603676628
20
68.75373496161441
30
6.18837358517097
10
4.690988894808181
20
69.7409388111524
30
6.18837358517097
10
5.076064414890288
20
70.84142142171723
30
6.18837358517097
10
7.481877622304803
20
72
30
7.618022210383643
10
7.294291329513529
20
73.6648743962621
30
7.618022210383643
10
6.740938811152402
20
75.24626503838559
30
7.618022210383643
10
5.849567473090942
20
76.66487439626212
30
7.618022210383643
10
4.664874396262115
20
77.84956747309094
30
7.618022210383643
10
3.2462650383855935
20
78.7409388111524
30
7.618022210383643
10
1.664874396262114
20
79.29429132951353
30
7.618022210383643
10
4.581328740883894e-16
20
79.48187762230481
30
7.618022210383643
10
-1.6648743962621133
20
79.29429132951353
30
7.618022210383643
10
-3.2462650383855927
20
78.7409388111524
30
7.618022210383643
10
-4.664874396262114
20
77.84956747309094
30
7.618022210383643
10
-5.849567473090939
20
76.66487439626212
30
7.618022210383643
10
-6.740938811152401
20
75.24626503838559
30
7.618022210383643
10
-7.29429132951353
20
73.6648743962621
30
7.618022210383643
10
-7.481877622304803
20
72
30
7.618022210383643
10
-7.29429132951353
20
70.3351256037379
30
7.618022210383643
10
-6.740938811152402
20
68.75373496161441
30
7.618022210383643
10
-5.84956747309094
20
67.33512560373788
30
7.618022210383643
10
-4.664874396262116
20
66.15043252690906
30
7.618022210383643
10
-3.2462650383855944
20
65.2590611888476
30
7.618022210383643
10
-1.664874396262115
20
64.70570867048647
30
7.618022210383643
10
-1.374398622265168e-15
20
64.51812237769519
30
7.618022210383643
10
1.6648743962621058
20
64.70570867048647
30
7.618022210383643
10
3.246265038385592
20
65.2590611888476
30
7.618022210383643
10
4.664874396262113
20
66.15043252690906
30
7.618022210383643
10
5.849567473090941
20
67.33512560373788
30
7.618022210383643
10
6.740938811152404
20
68.75373496161441
30
7.618022210383643
10
7.294291329513528
20
70.33512560373788
30
7.618022210383643
10
9.381977789616357
20
72
30
9.518122377695198
10
9.146752018566916
20
74.08768646010283
30
9.518122377695198
10
8.45286990779629
20
76.07068760367663
30
9.518122377695198
10
7.335125603737886
20
77.84956747309094
30
9.518122377695198
10
5.849567473090942
20
79.33512560373788
30
9.518122377695198
10
4.070687603676629
20
80.45286990779628
30
9.518122377695198
10
2.08768646010283
20
81.14675201856691
30
9.518122377695198
10
5.7448045348626155e-16
20
81.38197778961636
30
9.518122377695198
10
-2.0876864601028293
20
81.14675201856691
30
9.518122377695198
10
-4.070687603676627
20
80.45286990779628
30
9.518122377695198
10
-5.849567473090941
20
79.3351256037379
30
9.518122377695198
10
-7.3351256037378825
20
77.84956747309094
30
9.518122377695198
10
-8.45286990779629
20
76.07068760367663
30
9.518122377695198
10
-9.146752018566916
20
74.08768646010283
30
9.518122377695198
10
-9.381977789616357
20
72
30
9.518122377695198
10
-9.146752018566916
20
69.91231353989717
30
9.518122377695198
10
-8.45286990779629
20
67.92931239632337
30
9.518122377695198
10
-7.335125603737884
20
66.15043252690906
30
9.518122377695198
10
-5.849567473090943
20
64.66487439626212
30
9.518122377695198
10
-4.07068760367663
20
63.54713009220371
30
9.518122377695198
10
-2.0876864601028315
20
62.853247981433086
30
9.518122377695198
10
-1.7234413604587847e-15
20
62.61802221038364
30
9.518122377695198
10
2.08768646010282
20
62.853247981433086
30
9.518122377695198
10
4.070687603676626
20
63.54713009220371
30
9.518122377695198
10
5.84956747309094
20
64.6648743962621
30
9.518122377695198
10
7.335125603737885
20
66.15043252690906
30
9.518122377695198
10
8.452869907796293
20
67.92931239632338
30
9.518122377695198
10
9.146752018566914
20
69.91231353989717
30
9.518122377695198
10
10.81162641482903
20
72
30
11.793395130589303
10
10.540556367899121
20
74.40581320741451
30
11.793395130589303
10
9.740938811152402
20
76.69098889480819
30
11.793395130589303
10
8.452869907796291
20
78.7409388111524
30
11.793395130589303
10
6.740938811152402
20
80.4528699077963
30
11.793395130589303
10
4.6909888948081795
20
81.7409388111524
30
11.793395130589303
10
2.4058132074145155
20
82.54055636789911
30
11.793395130589303
10
6.620211841248673e-16
20
82.81162641482904
30
11.793395130589303
10
-2.405813207414514
20
82.54055636789911
30
11.793395130589303
10
-4.690988894808179
20
81.7409388111524
30
11.793395130589303
10
-6.740938811152401
20
80.4528699077963
30
11.793395130589303
10
-8.452869907796288
20
78.7409388111524
30
11.793395130589303
10
-9.7409388111524
20
76.69098889480819
30
11.793395130589303
10
-10.540556367899123
20
74.40581320741451
30
11.793395130589303
10
-10.81162641482903
20
72
30
11.793395130589303
10
-10.540556367899123
20
69.59418679258549
30
11.793395130589303
10
-9.740938811152402
20
67.30901110519183
30
11.793395130589303
10
-8.452869907796288
20
65.2590611888476
30
11.793395130589303
10
-6.740938811152404
20
63.54713009220371
30
11.793395130589303
10
-4.690988894808181
20
62.259061188847596
30
11.793395130589303
10
-2.405813207414517
20
61.45944363210088
30
11.793395130589303
10
-1.986063552374602e-15
20
61.18837358517097
30
11.793395130589303
10
2.4058132074145036
20
61.45944363210088
30
11.793395130589303
10
4.690988894808178
20
62.259061188847596
30
11.793395130589303
10
6.7409388111524
20
63.54713009220371
30
11.793395130589303
10
8.45286990779629
20
65.2590611888476
30
11.793395130589303
10
9.740938811152404
20
67.30901110519183
30
11.793395130589303
10
10.54055636789912
20
69.59418679258549
30
11.793395130589303
10
11.699134946181884
20
72
30
14.329748792524228
10
11.405813207414516
20
74.60330243470536
30
14.329748792524228
10
10.540556367899121
20
77.07606441489028
30
14.329748792524228
10
9.146752018566916
20
79.29429132951353
30
14.329748792524228
10
7.294291329513529
20
81.14675201856691
30
14.329748792524228
10
5.076064414890289
20
82.54055636789911
30
14.329748792524228
10
2.6033024347053493
20
83.40581320741451
30
14.329748792524228
10
7.163654082317293e-16
20
83.69913494618189
30
14.329748792524228
10
-2.603302434705348
20
83.40581320741451
30
14.329748792524228
10
-5.076064414890287
20
82.54055636789911
30
14.329748792524228
10
-7.294291329513527
20
81.14675201856691
30
14.329748792524228
10
-9.146752018566913
20
79.29429132951353
30
14.329748792524228
10
-10.54055636789912
20
77.07606441489028
30
14.329748792524228
10
-11.405813207414516
20
74.60330243470534
30
14.329748792524228
10
-11.699134946181884
20
72
30
14.329748792524228
10
-11.405813207414516
20
69.39669756529466
30
14.329748792524228
10
-10.540556367899121
20
66.92393558510972
30
14.329748792524228
10
-9.146752018566914
20
64.70570867048647
30
14.329748792524228
10
-7.29429132951353
20
62.853247981433086
30
14.329748792524228
10
-5.07606441489029
20
61.45944363210088
30
14.329748792524228
10
-2.603302434705351
20
60.59418679258548
30
14.329748792524228
10
-2.1490962246951877e-15
20
60.300865053818114
30
14.329748792524228
10
2.6033024347053364
20
60.59418679258548
30
14.329748792524228
10
5.076064414890286
20
61.45944363210088
30
14.329748792524228
10
7.294291329513526
20
62.853247981433086
30
14.329748792524228
10
9.146752018566914
20
64.70570867048647
30
14.329748792524228
10
10.540556367899123
20
66.92393558510972
30
14.329748792524228
10
11.405813207414514
20
69.39669756529464
30
14.329748792524228
10
12
20
72
30
17
10
11.699134946181884
20
74.67025120747577
30
17
10
10.81162641482903
20
77.2066048694107
30
17
10
9.381977789616357
20
79.48187762230481
30
17
10
7.481877622304803
20
81.38197778961636
30
17
10
5.2066048694106986
20
82.81162641482904
30
17
10
2.6702512074757734
20
83.69913494618189
30
17
10
7.347880794884119e-16
20
84
30
17
10
-2.670251207475772
20
83.69913494618189
30
17
10
-5.206604869410697
20
82.81162641482904
30
17
10
-7.481877622304802
20
81.38197778961636
30
17
10
-9.381977789616354
20
79.48187762230481
30
17
10
-10.811626414829028
20
77.2066048694107
30
17
10
-11.699134946181886
20
74.67025120747577
30
17
10
-12
20
72
30
17
10
-11.699134946181886
20
69.32974879252423
30
17
10
-10.81162641482903
20
66.7933951305893
30
17
10
-9.381977789616355
20
64.51812237769519
30
17
10
-7.481877622304804
20
62.61802221038364
30
17
10
-5.206604869410699
20
61.18837358517097
30
17
10
-2.670251207475775
20
60.300865053818114
30
17
10
-2.204364238465236e-15
20
60
30
17
10
2.67025120747576
20
60.300865053818114
30
17
10
5.206604869410695
20
61.188373585170964
30
17
10
7.4818776223048005
20
62.61802221038364
30
17
10
9.381977789616357
20
64.51812237769519
30
17
10
10.811626414829032
20
66.79339513058932
30
17
10
11.699134946181882
20
69.32974879252423
30
17
10
11.699134946181884
20
72
30
19.670251207475772
10
11.405813207414516
20
74.60330243470536
30
19.670251207475772
10
10.540556367899121
20
77.07606441489028
30
19.670251207475772
10
9.146752018566916
20
79.29429132951353
30
19.670251207475772
10
7.294291329513529
20
81.14675201856691
30
19.670251207475772
10
5.076064414890289
20
82.54055636789911
30
19.670251207475772
10
2.6033024347053493
20
83.40581320741451
30
19.670251207475772
10
7.163654082317293e-16
20
83.69913494618189
30
19.670251207475772
10
-2.603302434705348
20
83.40581320741451
30
19.670251207475772
10
-5.076064414890287
20
82.54055636789911
30
19.670251207475772
10
-7.294291329513527
20
81.14675201856691
30
19.670251207475772
10
-9.146752018566913
20
79.29429132951353
30
19.670251207475772
10
-10.54055636789912
20
77.07606441489028
30
19.670251207475772
10
-11.405813207414516
20
74.60330243470534
30
19.670251207475772
10
-11.699134946181884
20
72
30
19.670251207475772
10
-11.405813207414516
20
69.39669756529466
30
19.670251207475772
10
-10.540556367899121
20
66.92393558510972
30
19.670251207475772
10
-9.146752018566914
20
64.70570867048647
30
19.670251207475772
10
-7.29429132951353
20
62.853247981433086
30
19.670251207475772
10
-5.07606441489029
20
61.45944363210088
30
19.670251207475772
10
-2.603302434705351
20
60.59418679258548
30
19.670251207475772
10
-2.1490962246951877e-15
20
60.300865053818114
30
19.670251207475772
10
2.6033024347053364
20
60.59418679258548
30
19.670251207475772
10
5.076064414890286
20
61.45944363210088
30
19.670251207475772
10
7.294291329513526
20
62.853247981433086
30
19.670251207475772
10
9.146752018566914
20
64.70570867048647
30
19.670251207475772
10
10.540556367899123
20
66.92393558510972
30
19.670251207475772
10
11.405813207414514
20
69.39669756529464
30
19.670251207475772
10
10.81162641482903
20
72
30
22.206604869410697
10
10.540556367899121
20
74.40581320741451
30
22.206604869410697
10
9.740938811152402
20
76.69098889480819
30
22.206604869410697
10
8.452869907796291
20
78.7409388111524
30
22.206604869410697
10
6.740938811152402
20
80.4528699077963
30
22.206604869410697
10
4.6909888948081795
20
81.7409388111524
30
22.206604869410697
10
2.4058132074145155
20
82.54055636789911
30
22.206604869410697
10
6.620211841248673e-16
20
82.81162641482904
30
22.206604869410697
10
-2.405813207414514
20
82.54055636789911
30
22.206604869410697
10
-4.690988894808179
20
81.7409388111524
30
22.206604869410697
10
-6.740938811152401
20
80.4528699077963
30
22.206604869410697
10
-8.452869907796288
20
78.7409388111524
30
22.206604869410697
10
-9.7409388111524
20
76.69098889480819
30
22.206604869410697
10
-10.540556367899123
20
74.40581320741451
30
22.206604869410697
10
-10.81162641482903
20
72
30
22.206604869410697
10
-10.540556367899123
20
69.59418679258549
30
22.206604869410697
10
-9.740938811152402
20
67.30901110519183
30
22.206604869410697
10
-8.452869907796288
20
65.2590611888476
30
22.206604869410697
10
-6.740938811152404
20
63.54713009220371
30
22.206604869410697
10
-4.690988894808181
20
62.259061188847596
30
22.206604869410697
10
-2.405813207414517
20
61.45944363210088
30
22.206604869410697
10
-1.986063552374602e-15
20
61.18837358517097
30
22.206604869410697
10
2.4058132074145036
20
61.45944363210088
30
22.206604869410697
10
4.690988894808178
20
62.259061188847596
30
22.206604869410697
10
6.7409388111524
20
63.54713009220371
30
22.206604869410697
10
8.45286990779629
20
65.2590611888476
30
22.206604869410697
10
9.740938811152404
20
67.30901110519183
30
22.206604869410697
10
10.54055636789912
20
69.59418679258549
30
22.206604869410697
10
9.381977789616357
20
72
30
24.4818776223048
10
9.146752018566916
20
74.08768646010283
30
24.4818776223048
10
8.45286990779629
20
76.07068760367663
30
24.4818776223048
10
7.335125603737886
20
77.84956747309094
30
24.4818776223048
10
5.849567473090942
20
79.33512560373788
30
24.4818776223048
10
4.070687603676629
20
80.45286990779628
30
24.4818776223048
10
2.08768646010283
20
81.14675201856691
30
24.4818776223048
10
5.7448045348626155e-16
20
81.38197778961636
30
24.4818776223048
10
-2.0876864601028293
20
81.14675201856691
30
24.4818776223048
10
-4.070687603676627
20
80.45286990779628
30
24.4818776223048
10
-5.849567473090941
20
79.3351256037379
30
24.4818776223048
10
-7.3351256037378825
20
77.84956747309094
30
24.4818776223048
10
-8.45286990779629
20
76.07068760367663
30
24.4818776223048
10
-9.146752018566916
20
74.08768646010283
30
24.4818776223048
10
-9.381977789616357
20
72
30
24.4818776223048
10
-9.146752018566916
20
69.91231353989717
30
24.4818776223048
10
-8.45286990779629
20
67.92931239632337
30
24.4818776223048
10
-7.335125603737884
20
66.15043252690906
30
24.4818776223048
10
-5.849567473090943
20
64.66487439626212
30
24.4818776223048
10
-4.07068760367663
20
63.54713009220371
30
24.4818776223048
10
-2.0876864601028315
20
62.853247981433086
30
24.4818776223048
10
-1.7234413604587847e-15
20
62.61802221038364
30
24.4818776223048
10
2.08768646010282
20
62.853247981433086
30
24.4818776223048
10
4.070687603676626
20
63.54713009220371
30
24.4818776223048
10
5.84956747309094
20
64.6648743962621
30
24.4818776223048
10
7.335125603737885
20
66.15043252690906
30
24.4818776223048
10
8.452869907796293
20
67.92931239632338
30
24.4818776223048
10
9.146752018566914
20
69.91231353989717
30
24.4818776223048
10
7.481877622304808
20
72
30
26.381977789616354
10
7.294291329513532
20
73.66487439626212
30
26.381977789616354
10
6.7409388111524065
20
75.2462650383856
30
26.381977789616354
10
5.8495674730909455
20
76.66487439626212
30
26.381977789616354
10
4.6648743962621175
20
77.84956747309094
30
26.381977789616354
10
3.2462650383855958
20
78.7409388111524
30
26.381977789616354
10
1.664874396262115
20
79.29429132951353
30
26.381977789616354
10
4.581328740883897e-16
20
79.48187762230481
30
26.381977789616354
10
-1.6648743962621142
20
79.29429132951353
30
26.381977789616354
10
-3.246265038385595
20
78.7409388111524
30
26.381977789616354
10
-4.664874396262117
20
77.84956747309094
30
26.381977789616354
10
-5.849567473090943
20
76.66487439626212
30
26.381977789616354
10
-6.740938811152406
20
75.2462650383856
30
26.381977789616354
10
-7.294291329513533
20
73.6648743962621
30
26.381977789616354
10
-7.481877622304808
20
72
30
26.381977789616354
10
-7.294291329513533
20
70.3351256037379
30
26.381977789616354
10
-6.7409388111524065
20
68.75373496161441
30
26.381977789616354
10
-5.849567473090944
20
67.33512560373788
30
26.381977789616354
10
-4.664874396262118
20
66.15043252690906
30
26.381977789616354
10
-3.246265038385596
20
65.2590611888476
30
26.381977789616354
10
-1.6648743962621162
20
64.70570867048647
30
26.381977789616354
10
-1.3743986222651688e-15
20
64.51812237769519
30
26.381977789616354
10
1.6648743962621066
20
64.70570867048647
30
26.381977789616354
10
3.246265038385594
20
65.2590611888476
30
26.381977789616354
10
4.664874396262116
20
66.15043252690906
30
26.381977789616354
10
5.849567473090945
20
67.33512560373788
30
26.381977789616354
10
6.740938811152407
20
68.75373496161441
30
26.381977789616354
10
7.294291329513532
20
70.33512560373788
30
26.381977789616354
10
5.2066048694106986
20
72
30
27.81162641482903
10
5.076064414890289
20
73.15857857828276
30
27.81162641482903
10
4.69098889480818
20
74.2590611888476
30
27.81162641482903
10
4.070687603676629
20
75.24626503838559
30
27.81162641482903
10
3.246265038385594
20
76.07068760367663
30
27.81162641482903
10
2.2590611888475998
20
76.69098889480819
30
27.81162641482903
10
1.1585785782827633
20
77.07606441489028
30
27.81162641482903
10
3.1881259938744174e-16
20
77.2066048694107
30
27.81162641482903
10
-1.1585785782827627
20
77.07606441489028
30
27.81162641482903
10
-2.259061188847599
20
76.69098889480819
30
27.81162641482903
10
-3.2462650383855935
20
76.07068760367663
30
27.81162641482903
10
-4.070687603676627
20
75.2462650383856
30
27.81162641482903
10
-4.6909888948081795
20
74.2590611888476
30
27.81162641482903
10
-5.076064414890289
20
73.15857857828276
30
27.81162641482903
10
-5.2066048694106986
20
72
30
27.81162641482903
10
-5.076064414890289
20
70.84142142171724
30
27.81162641482903
10
-4.69098889480818
20
69.7409388111524
30
27.81162641482903
10
-4.070687603676628
20
68.7537349616144
30
27.81162641482903
10
-3.2462650383855944
20
67.92931239632337
30
27.81162641482903
10
-2.2590611888476
20
67.30901110519181
30
27.81162641482903
10
-1.158578578282764
20
66.92393558510972
30
27.81162641482903
10
-9.564377981623253e-16
20
66.7933951305893
30
27.81162641482903
10
1.1585785782827576
20
66.92393558510972
30
27.81162641482903
10
2.2590611888475984
20
67.30901110519181
30
27.81162641482903
10
3.2462650383855927
20
67.92931239632337
30
27.81162641482903
10
4.070687603676628
20
68.75373496161441
30
27.81162641482903
10
4.690988894808181
20
69.7409388111524
30
27.81162641482903
10
5.076064414890288
20
70.84142142171723
30
27.81162641482903
10
2.6702512074757685
20
72
30
28.699134946181886
10
2.6033024347053444
20
72.59418679258549
30
28.699134946181886
10
2.405813207414511
20
73.15857857828276
30
28.699134946181886
10
2.0876864601028267
20
73.6648743962621
30
28.699134946181886
10
1.664874396262111
20
74.08768646010283
30
28.699134946181886
10
1.1585785782827611
20
74.40581320741451
30
28.699134946181886
10
0.5941867925854843
20
74.60330243470534
30
28.699134946181886
10
1.6350572970772775e-16
20
74.67025120747577
30
28.699134946181886
10
-0.5941867925854841
20
74.60330243470534
30
28.699134946181886
10
-1.1585785782827607
20
74.40581320741451
30
28.699134946181886
10
-1.6648743962621106
20
74.08768646010283
30
28.699134946181886
10
-2.0876864601028258
20
73.6648743962621
30
28.699134946181886
10
-2.4058132074145107
20
73.15857857828276
30
28.699134946181886
10
-2.603302434705345
20
72.59418679258549
30
28.699134946181886
10
-2.6702512074757685
20
72
30
28.699134946181886
10
-2.603302434705345
20
71.40581320741451
30
28.699134946181886
10
-2.405813207414511
20
70.84142142171724
30
28.699134946181886
10
-2.087686460102826
20
70.3351256037379
30
28.699134946181886
10
-1.6648743962621113
20
69.91231353989717
30
28.699134946181886
10
-1.1585785782827613
20
69.59418679258549
30
28.699134946181886
10
-0.5941867925854848
20
69.39669756529466
30
28.699134946181886
10
-4.905171891231832e-16
20
69.32974879252423
30
28.699134946181886
10
0.5941867925854815
20
69.39669756529466
30
28.699134946181886
10
1.1585785782827605
20
69.59418679258549
30
28.699134946181886
10
1.6648743962621104
20
69.91231353989717
30
28.699134946181886
10
2.087686460102826
20
70.3351256037379
30
28.699134946181886
10
2.4058132074145115
20
70.84142142171724
30
28.699134946181886
10
2.6033024347053444
20
71.40581320741451
30
28.699134946181886
10
0
20
72
30
29
93
1904
90
3
90
0
90
2
90
1
90
3
90
365
90
337
90
338
90
4
90
1
90
2
90
30
90
29
90
4
90
29
90
30
90
58
90
57
90
4
90
57
90
58
90
86
90
85
90
4
90
85
90
86
90
114
90
113
90
4
90
113
90
114
90
142
90
141
90
4
90
141
90
142
90
170
90
169
90
4
90
169
90
170
90
198
90
197
90
4
90
197
90
198
90
226
90
225
90
4
90
225
90
226
90
254
90
253
90
4
90
253
90
254
90
282
90
281
90
4
90
281
90
282
90
310
90
309
90
4
90
309
90
310
90
338
90
337
90
3
90
0
90
3
90
2
90
3
90
365
90
338
90
339
90
4
90
2
90
3
90
31
90
30
90
4
90
30
90
31
90
59
90
58
90
4
90
58
90
59
90
87
90
86
90
4
90
86
90
87
90
115
90
114
90
4
90
114
90
115
90
143
90
142
90
4
90
142
90
143
90
171
90
170
90
4
90
170
90
171
90
199
90
198
90
4
90
198
90
199
90
227
90
226
90
4
90
226
90
227
90
255
90
254
90
4
90
254
90
255
90
283
90
282
90
4
90
282
90
283
90
311
90
310
90
4
90
310
90
311
90
339
90
338
90
3
90
0
90
4
90
3
90
3
90
365
90
339
90
340
90
4
90
3
90
4
90
32
90
31
90
4
90
31
90
32
90
60
90
59
90
4
90
59
90
60
90
88
90
87
90
4
90
87
90
88
90
116
90
115
90
4
90
115
90
116
90
144
90
143
90
4
90
143
90
144
90
172
90
171
90
4
90
171
90
172
90
200
90
199
90
4
90
199
90
200
90
228
90
227
90
4
90
227
90
228
90
256
90
255
90
4
90
255
90
256
90
284
90
283
90
4
90
283
90
284
90
312
90
311
90
4
90
311
90
312
90
340
90
339
90
3
90
0
90
5
90
4
90
3
90
365
90
340
90
341
90
4
90
4
90
5
90
33
90
32
90
4
90
32
90
33
90
61
90
60
90
4
90
60
90
61
90
89
90
88
90
4
90
88
90
89
90
117
90
116
90
4
90
116
90
117
90
145
90
144
90
4
90
144
90
145
90
173
90
172
90
4
90
172
90
173
90
201
90
200
90
4
90
200
90
201
90
229
90
228
90
4
90
228
90
229
90
257
90
256
90
4
90
256
90
257
90
285
90
284
90
4
90
284
90
285
90
313
90
312
90
4
90
312
90
313
90
341
90
340
90
3
90
0
90
6
90
5
90
3
90
365
90
341
90
342
90
4
90
5
90
6
90
34
90
33
90
4
90
33
90
34
90
62
90
61
90
4
90
61
90
62
90
90
90
89
90
4
90
89
90
90
90
118
90
117
90
4
90
117
90
118
90
146
90
145
90
4
90
145
90
146
90
174
90
173
90
4
90
173
90
174
90
202
90
201
90
4
90
201
90
202
90
230
90
229
90
4
90
229
90
230
90
258
90
257
90
4
90
257
90
258
90
286
90
285
90
4
90
285
90
286
90
314
90
313
90
4
90
313
90
314
90
342
90
341
90
3
90
0
90
7
90
6
90
3
90
365
90
342
90
343
90
4
90
6
90
7
90
35
90
34
90
4
90
34
90
35
90
63
90
62
90
4
90
62
90
63
90
91
90
90
90
4
90
90
90
91
90
119
90
118
90
4
90
118
90
119
90
147
90
146
90
4
90
146
90
147
90
175
90
174
90
4
90
174
90
175
90
203
90
202
90
4
90
202
90
203
90
231
90
230
90
4
90
230
90
231
90
259
90
258
90
4
90
258
90
259
90
287
90
286
90
4
90
286
90
287
90
315
90
314
90
4
90
314
90
315
90
343
90
342
90
3
90
0
90
8
90
7
90
3
90
365
90
343
90
344
90
4
90
7
90
8
90
36
90
35
90
4
90
35
90
36
90
64
90
63
90
4
90
63
90
64
90
92
90
91
90
4
90
91
90
92
90
120
90
119
90
4
90
119
90
120
90
148
90
147
90
4
90
147
90
148
90
176
90
175
90
4
90
175
90
176
90
204
90
203
90
4
90
203
90
204
90
232
90
231
90
4
90
231
90
232
90
260
90
259
90
4
90
259
90
260
90
288
90
287
90
4
90
287
90
288
90
316
90
315
90
4
90
315
90
316
90
344
90
343
90
3
90
0
90
9
90
8
90
3
90
365
90
344
90
345
90
4
90
8
90
9
90
37
90
36
90
4
90
36
90
37
90
65
90
64
90
4
90
64
90
65
90
93
90
92
90
4
90
92
90
93
90
121
90
120
90
4
90
120
90
121
90
149
90
148
90
4
90
148
90
149
90
177
90
176
90
4
90
176
90
177
90
205
90
204
90
4
90
204
90
205
90
233
90
232
90
4
90
232
90
233
90
261
90
260
90
4
90
260
90
261
90
289
90
288
90
4
90
288
90
289
90
317
90
316
90
4
90
316
90
317
90
345
90
344
90
3
90
0
90
10
90
9
90
3
90
365
90
345
90
346
90
4
90
9
90
10
90
38
90
37
90
4
90
37
90
38
90
66
90
65
90
4
90
65
90
66
90
94
90
93
90
4
90
93
90
94
90
122
90
121
90
4
90
121
90
122
90
150
90
149
90
4
90
149
90
150
90
178
90
177
90
4
90
177
90
178
90
206
90
205
90
4
90
205
90
206
90
234
90
233
90
4
90
233
90
234
90
262
90
261
90
4
90
261
90
262
90
290
90
289
90
4
90
289
90
290
90
318
90
317
90
4
90
317
90
318
90
346
90
345
90
3
90
0
90
11
90
10
90
3
90
365
90
346
90
347
90
4
90
10
90
11
90
39
90
38
90
4
90
38
90
39
90
67
90
66
90
4
90
66
90
67
90
95
90
94
90
4
90
94
90
95
90
123
90
122
90
4
90
122
90
123
90
151
90
150
90
4
90
150
90
151
90
179
90
178
90
4
90
178
90
179
90
207
90
206
90
4
90
206
90
207
90
235
90
234
90
4
90
234
90
235
90
263
90
262
90
4
90
262
90
263
90
291
90
290
90
4
90
290
90
291
90
319
90
318
90
4
90
318
90
319
90
347
90
346
90
3
90
0
90
12
90
11
90
3
90
365
90
347
90
348
90
4
90
11
90
12
90
40
90
39
90
4
90
39
90
40
90
68
90
67
90
4
90
67
90
68
90
96
90
95
90
4
90
95
90
96
90
124
90
123
90
4
90
123
90
124
90
152
90
151
90
4
90
151
90
152
90
180
90
179
90
4
90
179
90
180
90
208
90
207
90
4
90
207
90
208
90
236
90
235
90
4
90
235
90
236
90
264
90
263
90
4
90
263
90
264
90
292
90
291
90
4
90
291
90
292
90
320
90
319
90
4
90
319
90
320
90
348
90
347
90
3
90
0
90
13
90
12
90
3
90
365
90
348
90
349
90
4
90
12
90
13
90
41
90
40
90
4
90
40
90
41
90
69
90
68
90
4
90
68
90
69
90
97
90
96
90
4
90
96
90
97
90
125
90
124
90
4
90
124
90
125
90
153
90
152
90
4
90
152
90
153
90
181
90
180
90
4
90
180
90
181
90
209
90
208
90
4
90
208
90
209
90
237
90
236
90
4
90
236
90
237
90
265
90
264
90
4
90
264
90
265
90
293
90
292
90
4
90
292
90
293
90
321
90
320
90
4
90
320
90
321
90
349
90
348
90
3
90
0
90
14
90
13
90
3
90
365
90
349
90
350
90
4
90
13
90
14
90
42
90
41
90
4
90
41
90
42
90
70
90
69
90
4
90
69
90
70
90
98
90
97
90
4
90
97
90
98
90
126
90
125
90
4
90
125
90
126
90
154
90
153
90
4
90
153
90
154
90
182
90
181
90
4
90
181
90
182
90
210
90
209
90
4
90
209
90
210
90
238
90
237
90
4
90
237
90
238
90
266
90
265
90
4
90
265
90
266
90
294
90
293
90
4
90
293
90
294
90
322
90
321
90
4
90
321
90
322
90
350
90
349
90
3
90
0
90
15
90
14
90
3
90
365
90
350
90
351
90
4
90
14
90
15
90
43
90
42
90
4
90
42
90
43
90
71
90
70
90
4
90
70
90
71
90
99
90
98
90
4
90
98
90
99
90
127
90
126
90
4
90
126
90
127
90
155
90
154
90
4
90
154
90
155
90
183
90
182
90
4
90
182
90
183
90
211
90
210
90
4
90
210
90
211
90
239
90
238
90
4
90
238
90
239
90
267
90
266
90
4
90
266
90
267
90
295
90
294
90
4
90
294
90
295
90
323
90
322
90
4
90
322
90
323
90
351
90
350
90
3
90
0
90
16
90
15
90
3
90
365
90
351
90
352
90
4
90
15
90
16
90
44
90
43
90
4
90
43
90
44
90
72
90
71
90
4
90
71
90
72
90
100
90
99
90
4
90
99
90
100
90
128
90
127
90
4
90
127
90
128
90
156
90
155
90
4
90
155
90
156
90
184
90
183
90
4
90
183
90
184
90
212
90
211
90
4
90
211
90
212
90
240
90
239
90
4
90
239
90
240
90
268
90
267
90
4
90
267
90
268
90
296
90
295
90
4
90
295
90
296
90
324
90
323
90
4
90
323
90
324
90
352
90
351
90
3
90
0
90
17
90
16
90
3
90
365
90
352
90
353
90
4
90
16
90
17
90
45
90
44
90
4
90
44
90
45
90
73
90
72
90
4
90
72
90
73
90
101
90
100
90
4
90
100
90
101
90
129
90
128
90
4
90
128
90
129
90
157
90
156
90
4
90
156
90
157
90
185
90
184
90
4
90
184
90
185
90
213
90
212
90
4
90
212
90
213
90
241
90
240
90
4
90
240
90
241
90
269
90
268
90
4
90
268
90
269
90
297
90
296
90
4
90
296
90
297
90
325
90
324
90
4
90
324
90
325
90
353
90
352
90
3
90
0
90
18
90
17
90
3
90
365
90
353
90
354
90
4
90
17
90
18
90
46
90
45
90
4
90
45
90
46
90
74
90
73
90
4
90
73
90
74
90
102
90
101
90
4
90
101
90
102
90
130
90
129
90
4
90
129
90
130
90
158
90
157
90
4
90
157
90
158
90
186
90
185
90
4
90
185
90
186
90
214
90
213
90
4
90
213
90
214
90
242
90
241
90
4
90
241
90
242
90
270
90
269
90
4
90
269
90
270
90
298
90
297
90
4
90
297
90
298
90
326
90
325
90
4
90
325
90
326
90
354
90
353
90
3
90
0
90
19
90
18
90
3
90
365
90
354
90
355
90
4
90
18
90
19
90
47
90
46
90
4
90
46
90
47
90
75
90
74
90
4
90
74
90
75
90
103
90
102
90
4
90
102
90
103
90
131
90
130
90
4
90
130
90
131
90
159
90
158
90
4
90
158
90
159
90
187
90
186
90
4
90
186
90
187
90
215
90
214
90
4
90
214
90
215
90
243
90
242
90
4
90
242
90
243
90
271
90
270
90
4
90
270
90
271
90
299
90
298
90
4
90
298
90
299
90
327
90
326
90
4
90
326
90
327
90
355
90
354
90
3
90
0
90
20
90
19
90
3
90
365
90
355
90
356
90
4
90
19
90
20
90
48
90
47
90
4
90
47
90
48
90
76
90
75
90
4
90
75
90
76
90
104
90
103
90
4
90
103
90
104
90
132
90
131
90
4
90
131
90
132
90
160
90
159
90
4
90
159
90
160
90
188
90
187
90
4
90
187
90
188
90
216
90
215
90
4
90
215
90
216
90
244
90
243
90
4
90
243
90
244
90
272
90
271
90
4
90
271
90
272
90
300
90
299
90
4
90
299
90
300
90
328
90
327
90
4
90
327
90
328
90
356
90
355
90
3
90
0
90
21
90
20
90
3
90
365
90
356
90
357
90
4
90
20
90
21
90
49
90
48
90
4
90
48
90
49
90
77
90
76
90
4
90
76
90
77
90
105
90
104
90
4
90
104
90
105
90
133
90
132
90
4
90
132
90
133
90
161
90
160
90
4
90
160
90
161
90
189
90
188
90
4
90
188
90
189
90
217
90
216
90
4
90
216
90
217
90
245
90
244
90
4
90
244
90
245
90
273
90
272
90
4
90
272
90
273
90
301
90
300
90
4
90
300
90
301
90
329
90
328
90
4
90
328
90
329
90
357
90
356
90
3
90
0
90
22
90
21
90
3
90
365
90
357
90
358
90
4
90
21
90
22
90
50
90
49
90
4
90
49
90
50
90
78
90
77
90
4
90
77
90
78
90
106
90
105
90
4
90
105
90
106
90
134
90
133
90
4
90
133
90
134
90
162
90
161
90
4
90
161
90
162
90
190
90
189
90
4
90
189
90
190
90
218
90
217
90
4
90
217
90
218
90
246
90
245
90
4
90
245
90
246
90
274
90
273
90
4
90
273
90
274
90
302
90
301
90
4
90
301
90
302
90
330
90
329
90
4
90
329
90
330
90
358
90
357
90
3
90
0
90
23
90
22
90
3
90
365
90
358
90
359
90
4
90
22
90
23
90
51
90
50
90
4
90
50
90
51
90
79
90
78
90
4
90
78
90
79
90
107
90
106
90
4
90
106
90
107
90
135
90
134
90
4
90
134
90
135
90
163
90
162
90
4
90
162
90
163
90
191
90
190
90
4
90
190
90
191
90
219
90
218
90
4
90
218
90
219
90
247
90
246
90
4
90
246
90
247
90
275
90
274
90
4
90
274
90
275
90
303
90
302
90
4
90
302
90
303
90
331
90
330
90
4
90
330
90
331
90
359
90
358
90
3
90
0
90
24
90
23
90
3
90
365
90
359
90
360
90
4
90
23
90
24
90
52
90
51
90
4
90
51
90
52
90
80
90
79
90
4
90
79
90
80
90
108
90
107
90
4
90
107
90
108
90
136
90
135
90
4
90
135
90
136
90
164
90
163
90
4
90
163
90
164
90
192
90
191
90
4
90
191
90
192
90
220
90
219
90
4
90
219
90
220
90
248
90
247
90
4
90
247
90
248
90
276
90
275
90
4
90
275
90
276
90
304
90
303
90
4
90
303
90
304
90
332
90
331
90
4
90
331
90
332
90
360
90
359
90
3
90
0
90
25
90
24
90
3
90
365
90
360
90
361
90
4
90
24
90
25
90
53
90
52
90
4
90
52
90
53
90
81
90
80
90
4
90
80
90
81
90
109
90
108
90
4
90
108
90
109
90
137
90
136
90
4
90
136
90
137
90
165
90
164
90
4
90
164
90
165
90
193
90
192
90
4
90
192
90
193
90
221
90
220
90
4
90
220
90
221
90
249
90
248
90
4
90
248
90
249
90
277
90
276
90
4
90
276
90
277
90
305
90
304
90
4
90
304
90
305
90
333
90
332
90
4
90
332
90
333
90
361
90
360
90
3
90
0
90
26
90
25
90
3
90
365
90
361
90
362
90
4
90
25
90
26
90
54
90
53
90
4
90
53
90
54
90
82
90
81
90
4
90
81
90
82
90
110
90
109
90
4
90
109
90
110
90
138
90
137
90
4
90
137
90
138
90
166
90
165
90
4
90
165
90
166
90
194
90
193
90
4
90
193
90
194
90
222
90
221
90
4
90
221
90
222
90
250
90
249
90
4
90
249
90
250
90
278
90
277
90
4
90
277
90
278
90
306
90
305
90
4
90
305
90
306
90
334
90
333
90
4
90
333
90
334
90
362
90
361
90
3
90
0
90
27
90
26
90
3
90
365
90
362
90
363
90
4
90
26
90
27
90
55
90
54
90
4
90
54
90
55
90
83
90
82
90
4
90
82
90
83
90
111
90
110
90
4
90
110
90
111
90
139
90
138
90
4
90
138
90
139
90
167
90
166
90
4
90
166
90
167
90
195
90
194
90
4
90
194
90
195
90
223
90
222
90
4
90
222
90
223
90
251
90
250
90
4
90
250
90
251
90
279
90
278
90
4
90
278
90
279
90
307
90
306
90
4
90
306
90
307
90
335
90
334
90
4
90
334
90
335
90
363
90
362
90
3
90
0
90
28
90
27
90
3
90
365
90
363
90
364
90
4
90
27
90
28
90
56
90
55
90
4
90
55
90
56
90
84
90
83
90
4
90
83
90
84
90
112
90
111
90
4
90
111
90
112
90
140
90
139
90
4
90
139
90
140
90
168
90
167
90
4
90
167
90
168
90
196
90
195
90
4
90
195
90
196
90
224
90
223
90
4
90
223
90
224
90
252
90
251
90
4
90
251
90
252
90
280
90
279
90
4
90
279
90
280
90
308
90
307
90
4
90
307
90
308
90
336
90
335
90
4
90
335
90
336
90
364
90
363
90
3
90
0
90
1
90
28
90
3
90
365
90
364
90
337
90
4
90
28
90
1
90
29
90
56
90
4
90
56
90
29
90
57
90
84
90
4
90
84
90
57
90
85
90
112
90
4
90
112
90
85
90
113
90
140
90
4
90
140
90
113
90
141
90
168
90
4
90
168
90
141
90
169
90
196
90
4
90
196
90
169
90
197
90
224
90
4
90
224
90
197
90
225
90
252
90
4
90
252
90
225
90
253
90
280
90
4
90
280
90
253
90
281
90
308
90
4
90
308
90
281
90
309
90
336
90
4
90
336
90
309
90
337
90
364
94
0
95
0
90
0
1001
CONDUITCAD
1000
{"id":"e-mukbud5l-d","label":"Rubber","feature3d":{"version":1,"kind":"sphere","parameters":{"radius":"Radius","segments":28,"x":"0*Spacing","y":"2*Spacing","z":"Radius+5"},"inputs":[],"suppressed":fa
1000
lse},"model3dConsumed":false,"appearance3d":{"id":"rubber","label":"Rubber","color":"#34383b","metallic":0,"roughness":0.9,"opacity":1,"emission":0},"model3dUserHidden":false}
0
MESH
5
10D
330
124
100
AcDbEntity
8
Equipment
62
7
420
7831426
100
AcDbSubDMesh
71
2
72
0
91
0
92
56
10
14
20
72
30
0
10
13.648990770545531
20
75.11529307538841
30
0
10
12.613564150633868
20
78.07437234764582
30
0
10
10.945640754552418
20
80.72885722602227
30
0
10
8.72885722602227
20
82.94564075455241
30
0
10
6.074372347645815
20
84.61356415063386
30
0
10
3.1152930753884025
20
85.64899077054554
30
0
10
8.572527594031472e-16
20
86
30
0
10
-3.1152930753884007
20
85.64899077054554
30
0
10
-6.074372347645813
20
84.61356415063386
30
0
10
-8.728857226022269
20
82.94564075455241
30
0
10
-10.945640754552413
20
80.72885722602227
30
0
10
-12.613564150633866
20
78.07437234764582
30
0
10
-13.648990770545533
20
75.1152930753884
30
0
10
-14
20
72
30
0
10
-13.648990770545533
20
68.8847069246116
30
0
10
-12.613564150633868
20
65.9256276523542
30
0
10
-10.945640754552414
20
63.27114277397773
30
0
10
-8.728857226022273
20
61.054359245447586
30
0
10
-6.0743723476458165
20
59.38643584936614
30
0
10
-3.1152930753884043
20
58.35100922945447
30
0
10
-2.5717582782094417e-15
20
58
30
0
10
3.1152930753883865
20
58.35100922945446
30
0
10
6.074372347645811
20
59.38643584936613
30
0
10
8.728857226022267
20
61.054359245447586
30
0
10
10.945640754552416
20
63.27114277397773
30
0
10
12.613564150633872
20
65.9256276523542
30
0
10
13.64899077054553
20
68.88470692461159
30
0
10
14
20
72
30
4
10
13.648990770545531
20
75.11529307538841
30
4
10
12.613564150633868
20
78.07437234764582
30
4
10
10.945640754552418
20
80.72885722602227
30
4
10
8.72885722602227
20
82.94564075455241
30
4
10
6.074372347645815
20
84.61356415063386
30
4
10
3.1152930753884025
20
85.64899077054554
30
4
10
8.572527594031472e-16
20
86
30
4
10
-3.1152930753884007
20
85.64899077054554
30
4
10
-6.074372347645813
20
84.61356415063386
30
4
10
-8.728857226022269
20
82.94564075455241
30
4
10
-10.945640754552413
20
80.72885722602227
30
4
10
-12.613564150633866
20
78.07437234764582
30
4
10
-13.648990770545533
20
75.1152930753884
30
4
10
-14
20
72
30
4
10
-13.648990770545533
20
68.8847069246116
30
4
10
-12.613564150633868
20
65.9256276523542
30
4
10
-10.945640754552414
20
63.27114277397773
30
4
10
-8.728857226022273
20
61.054359245447586
30
4
10
-6.0743723476458165
20
59.38643584936614
30
4
10
-3.1152930753884043
20
58.35100922945447
30
4
10
-2.5717582782094417e-15
20
58
30
4
10
3.1152930753883865
20
58.35100922945446
30
4
10
6.074372347645811
20
59.38643584936613
30
4
10
8.728857226022267
20
61.054359245447586
30
4
10
10.945640754552416
20
63.27114277397773
30
4
10
12.613564150633872
20
65.9256276523542
30
4
10
13.64899077054553
20
68.88470692461159
30
4
93
198
90
28
90
27
90
26
90
25
90
24
90
23
90
22
90
21
90
20
90
19
90
18
90
17
90
16
90
15
90
14
90
13
90
12
90
11
90
10
90
9
90
8
90
7
90
6
90
5
90
4
90
3
90
2
90
1
90
0
90
28
90
28
90
29
90
30
90
31
90
32
90
33
90
34
90
35
90
36
90
37
90
38
90
39
90
40
90
41
90
42
90
43
90
44
90
45
90
46
90
47
90
48
90
49
90
50
90
51
90
52
90
53
90
54
90
55
90
4
90
0
90
1
90
29
90
28
90
4
90
1
90
2
90
30
90
29
90
4
90
2
90
3
90
31
90
30
90
4
90
3
90
4
90
32
90
31
90
4
90
4
90
5
90
33
90
32
90
4
90
5
90
6
90
34
90
33
90
4
90
6
90
7
90
35
90
34
90
4
90
7
90
8
90
36
90
35
90
4
90
8
90
9
90
37
90
36
90
4
90
9
90
10
90
38
90
37
90
4
90
10
90
11
90
39
90
38
90
4
90
11
90
12
90
40
90
39
90
4
90
12
90
13
90
41
90
40
90
4
90
13
90
14
90
42
90
41
90
4
90
14
90
15
90
43
90
42
90
4
90
15
90
16
90
44
90
43
90
4
90
16
90
17
90
45
90
44
90
4
90
17
90
18
90
46
90
45
90
4
90
18
90
19
90
47
90
46
90
4
90
19
90
20
90
48
90
47
90
4
90
20
90
21
90
49
90
48
90
4
90
21
90
22
90
50
90
49
90
4
90
22
90
23
90
51
90
50
90
4
90
23
90
24
90
52
90
51
90
4
90
24
90
25
90
53
90
52
90
4
90
25
90
26
90
54
90
53
90
4
90
26
90
27
90
55
90
54
90
4
90
27
90
0
90
28
90
55
94
0
95
0
90
0
1001
CONDUITCAD
1000
{"id":"e-mukbud5s-e","label":"Rubber pedestal","feature3d":{"version":1,"kind":"cylinder","parameters":{"radius":14,"height":4,"segments":28,"x":"0*Spacing","y":"2*Spacing"},"inputs":[],"suppressed":f
1000
alse},"model3dConsumed":false,"appearance3d":{"metallic":0.3,"roughness":0.55,"emission":0,"opacity":1},"model3dUserHidden":false}
0
MESH
5
10E
330
124
100
AcDbEntity
8
Equipment
62
7
420
14867920
440
33554687
100
AcDbSubDMesh
71
2
72
0
91
0
92
366
10
36
20
72
30
5
10
38.67025120747577
20
72
30
5.300865053818116
10
38.60330243470535
20
72.59418679258549
30
5.300865053818116
10
38.40581320741452
20
73.15857857828276
30
5.300865053818116
10
38.08768646010283
20
73.6648743962621
30
5.300865053818116
10
37.664874396262114
20
74.08768646010283
30
5.300865053818116
10
37.158578578282764
20
74.40581320741451
30
5.300865053818116
10
36.59418679258548
20
74.60330243470536
30
5.300865053818116
10
36
20
74.67025120747577
30
5.300865053818116
10
35.40581320741452
20
74.60330243470536
30
5.300865053818116
10
34.841421421717236
20
74.40581320741451
30
5.300865053818116
10
34.335125603737886
20
74.08768646010283
30
5.300865053818116
10
33.91231353989717
20
73.66487439626212
30
5.300865053818116
10
33.59418679258548
20
73.15857857828276
30
5.300865053818116
10
33.39669756529465
20
72.59418679258549
30
5.300865053818116
10
33.32974879252423
20
72
30
5.300865053818116
10
33.39669756529465
20
71.40581320741451
30
5.300865053818116
10
33.59418679258548
20
70.84142142171724
30
5.300865053818116
10
33.91231353989717
20
70.33512560373788
30
5.300865053818116
10
34.335125603737886
20
69.91231353989717
30
5.300865053818116
10
34.841421421717236
20
69.59418679258549
30
5.300865053818116
10
35.40581320741451
20
69.39669756529464
30
5.300865053818116
10
36
20
69.32974879252423
30
5.300865053818116
10
36.59418679258548
20
69.39669756529464
30
5.300865053818116
10
37.158578578282764
20
69.59418679258549
30
5.300865053818116
10
37.664874396262114
20
69.91231353989717
30
5.300865053818116
10
38.08768646010283
20
70.33512560373788
30
5.300865053818116
10
38.40581320741452
20
70.84142142171724
30
5.300865053818116
10
38.60330243470535
20
71.40581320741451
30
5.300865053818116
10
41.2066048694107
20
72
30
6.18837358517097
10
41.07606441489029
20
73.15857857828276
30
6.18837358517097
10
40.69098889480818
20
74.2590611888476
30
6.18837358517097
10
40.07068760367663
20
75.24626503838559
30
6.18837358517097
10
39.246265038385594
20
76.07068760367663
30
6.18837358517097
10
38.259061188847596
20
76.69098889480819
30
6.18837358517097
10
37.158578578282764
20
77.07606441489028
30
6.18837358517097
10
36
20
77.2066048694107
30
6.18837358517097
10
34.841421421717236
20
77.07606441489028
30
6.18837358517097
10
33.740938811152404
20
76.69098889480819
30
6.18837358517097
10
32.753734961614406
20
76.07068760367663
30
6.18837358517097
10
31.929312396323372
20
75.2462650383856
30
6.18837358517097
10
31.30901110519182
20
74.2590611888476
30
6.18837358517097
10
30.92393558510971
20
73.15857857828276
30
6.18837358517097
10
30.793395130589303
20
72
30
6.18837358517097
10
30.92393558510971
20
70.84142142171724
30
6.18837358517097
10
31.30901110519182
20
69.7409388111524
30
6.18837358517097
10
31.929312396323372
20
68.7537349616144
30
6.18837358517097
10
32.753734961614406
20
67.92931239632337
30
6.18837358517097
10
33.7409388111524
20
67.30901110519181
30
6.18837358517097
10
34.841421421717236
20
66.92393558510972
30
6.18837358517097
10
36
20
66.7933951305893
30
6.18837358517097
10
37.15857857828276
20
66.92393558510972
30
6.18837358517097
10
38.259061188847596
20
67.30901110519181
30
6.18837358517097
10
39.246265038385594
20
67.92931239632337
30
6.18837358517097
10
40.07068760367663
20
68.75373496161441
30
6.18837358517097
10
40.69098889480818
20
69.7409388111524
30
6.18837358517097
10
41.07606441489029
20
70.84142142171723
30
6.18837358517097
10
43.4818776223048
20
72
30
7.618022210383643
10
43.29429132951353
20
73.6648743962621
30
7.618022210383643
10
42.740938811152404
20
75.24626503838559
30
7.618022210383643
10
41.84956747309094
20
76.66487439626212
30
7.618022210383643
10
40.664874396262114
20
77.84956747309094
30
7.618022210383643
10
39.246265038385594
20
78.7409388111524
30
7.618022210383643
10
37.664874396262114
20
79.29429132951353
30
7.618022210383643
10
36
20
79.48187762230481
30
7.618022210383643
10
34.335125603737886
20
79.29429132951353
30
7.618022210383643
10
32.753734961614406
20
78.7409388111524
30
7.618022210383643
10
31.335125603737886
20
77.84956747309094
30
7.618022210383643
10
30.15043252690906
20
76.66487439626212
30
7.618022210383643
10
29.2590611888476
20
75.24626503838559
30
7.618022210383643
10
28.70570867048647
20
73.6648743962621
30
7.618022210383643
10
28.518122377695196
20
72
30
7.618022210383643
10
28.70570867048647
20
70.3351256037379
30
7.618022210383643
10
29.259061188847596
20
68.75373496161441
30
7.618022210383643
10
30.15043252690906
20
67.33512560373788
30
7.618022210383643
10
31.335125603737886
20
66.15043252690906
30
7.618022210383643
10
32.753734961614406
20
65.2590611888476
30
7.618022210383643
10
34.335125603737886
20
64.70570867048647
30
7.618022210383643
10
36
20
64.51812237769519
30
7.618022210383643
10
37.66487439626211
20
64.70570867048647
30
7.618022210383643
10
39.246265038385594
20
65.2590611888476
30
7.618022210383643
10
40.664874396262114
20
66.15043252690906
30
7.618022210383643
10
41.84956747309094
20
67.33512560373788
30
7.618022210383643
10
42.740938811152404
20
68.75373496161441
30
7.618022210383643
10
43.29429132951353
20
70.33512560373788
30
7.618022210383643
10
45.38197778961636
20
72
30
9.518122377695198
10
45.146752018566914
20
74.08768646010283
30
9.518122377695198
10
44.45286990779629
20
76.07068760367663
30
9.518122377695198
10
43.335125603737886
20
77.84956747309094
30
9.518122377695198
10
41.84956747309094
20
79.33512560373788
30
9.518122377695198
10
40.07068760367663
20
80.45286990779628
30
9.518122377695198
10
38.08768646010283
20
81.14675201856691
30
9.518122377695198
10
36
20
81.38197778961636
30
9.518122377695198
10
33.91231353989717
20
81.14675201856691
30
9.518122377695198
10
31.929312396323372
20
80.45286990779628
30
9.518122377695198
10
30.150432526909057
20
79.3351256037379
30
9.518122377695198
10
28.664874396262118
20
77.84956747309094
30
9.518122377695198
10
27.54713009220371
20
76.07068760367663
30
9.518122377695198
10
26.853247981433086
20
74.08768646010283
30
9.518122377695198
10
26.618022210383643
20
72
30
9.518122377695198
10
26.853247981433086
20
69.91231353989717
30
9.518122377695198
10
27.54713009220371
20
67.92931239632337
30
9.518122377695198
10
28.664874396262114
20
66.15043252690906
30
9.518122377695198
10
30.150432526909057
20
64.66487439626212
30
9.518122377695198
10
31.92931239632337
20
63.54713009220371
30
9.518122377695198
10
33.91231353989717
20
62.853247981433086
30
9.518122377695198
10
36
20
62.61802221038364
30
9.518122377695198
10
38.08768646010282
20
62.853247981433086
30
9.518122377695198
10
40.070687603676625
20
63.54713009220371
30
9.518122377695198
10
41.84956747309094
20
64.6648743962621
30
9.518122377695198
10
43.335125603737886
20
66.15043252690906
30
9.518122377695198
10
44.45286990779629
20
67.92931239632338
30
9.518122377695198
10
45.146752018566914
20
69.91231353989717
30
9.518122377695198
10
46.81162641482903
20
72
30
11.793395130589303
10
46.54055636789912
20
74.40581320741451
30
11.793395130589303
10
45.740938811152404
20
76.69098889480819
30
11.793395130589303
10
44.45286990779629
20
78.7409388111524
30
11.793395130589303
10
42.740938811152404
20
80.4528699077963
30
11.793395130589303
10
40.69098889480818
20
81.7409388111524
30
11.793395130589303
10
38.40581320741452
20
82.54055636789911
30
11.793395130589303
10
36
20
82.81162641482904
30
11.793395130589303
10
33.59418679258549
20
82.54055636789911
30
11.793395130589303
10
31.30901110519182
20
81.7409388111524
30
11.793395130589303
10
29.2590611888476
20
80.4528699077963
30
11.793395130589303
10
27.547130092203712
20
78.7409388111524
30
11.793395130589303
10
26.2590611888476
20
76.69098889480819
30
11.793395130589303
10
25.45944363210088
20
74.40581320741451
30
11.793395130589303
10
25.18837358517097
20
72
30
11.793395130589303
10
25.45944363210088
20
69.59418679258549
30
11.793395130589303
10
26.259061188847596
20
67.30901110519183
30
11.793395130589303
10
27.547130092203712
20
65.2590611888476
30
11.793395130589303
10
29.259061188847596
20
63.54713009220371
30
11.793395130589303
10
31.309011105191818
20
62.259061188847596
30
11.793395130589303
10
33.59418679258548
20
61.45944363210088
30
11.793395130589303
10
36
20
61.18837358517097
30
11.793395130589303
10
38.4058132074145
20
61.45944363210088
30
11.793395130589303
10
40.69098889480818
20
62.259061188847596
30
11.793395130589303
10
42.740938811152404
20
63.54713009220371
30
11.793395130589303
10
44.45286990779629
20
65.2590611888476
30
11.793395130589303
10
45.740938811152404
20
67.30901110519183
30
11.793395130589303
10
46.54055636789912
20
69.59418679258549
30
11.793395130589303
10
47.699134946181886
20
72
30
14.329748792524228
10
47.40581320741452
20
74.60330243470536
30
14.329748792524228
10
46.54055636789912
20
77.07606441489028
30
14.329748792524228
10
45.146752018566914
20
79.29429132951353
30
14.329748792524228
10
43.29429132951353
20
81.14675201856691
30
14.329748792524228
10
41.07606441489029
20
82.54055636789911
30
14.329748792524228
10
38.60330243470535
20
83.40581320741451
30
14.329748792524228
10
36
20
83.69913494618189
30
14.329748792524228
10
33.39669756529465
20
83.40581320741451
30
14.329748792524228
10
30.923935585109714
20
82.54055636789911
30
14.329748792524228
10
28.705708670486473
20
81.14675201856691
30
14.329748792524228
10
26.853247981433086
20
79.29429132951353
30
14.329748792524228
10
25.45944363210088
20
77.07606441489028
30
14.329748792524228
10
24.594186792585482
20
74.60330243470534
30
14.329748792524228
10
24.300865053818114
20
72
30
14.329748792524228
10
24.594186792585482
20
69.39669756529466
30
14.329748792524228
10
25.45944363210088
20
66.92393558510972
30
14.329748792524228
10
26.853247981433086
20
64.70570867048647
30
14.329748792524228
10
28.70570867048647
20
62.853247981433086
30
14.329748792524228
10
30.92393558510971
20
61.45944363210088
30
14.329748792524228
10
33.39669756529465
20
60.59418679258548
30
14.329748792524228
10
36
20
60.300865053818114
30
14.329748792524228
10
38.603302434705334
20
60.59418679258548
30
14.329748792524228
10
41.07606441489028
20
61.45944363210088
30
14.329748792524228
10
43.29429132951353
20
62.853247981433086
30
14.329748792524228
10
45.146752018566914
20
64.70570867048647
30
14.329748792524228
10
46.54055636789912
20
66.92393558510972
30
14.329748792524228
10
47.40581320741451
20
69.39669756529464
30
14.329748792524228
10
48
20
72
30
17
10
47.699134946181886
20
74.67025120747577
30
17
10
46.81162641482903
20
77.2066048694107
30
17
10
45.38197778961636
20
79.48187762230481
30
17
10
43.4818776223048
20
81.38197778961636
30
17
10
41.2066048694107
20
82.81162641482904
30
17
10
38.67025120747577
20
83.69913494618189
30
17
10
36
20
84
30
17
10
33.32974879252423
20
83.69913494618189
30
17
10
30.793395130589303
20
82.81162641482904
30
17
10
28.5181223776952
20
81.38197778961636
30
17
10
26.618022210383646
20
79.48187762230481
30
17
10
25.18837358517097
20
77.2066048694107
30
17
10
24.300865053818114
20
74.67025120747577
30
17
10
24
20
72
30
17
10
24.300865053818114
20
69.32974879252423
30
17
10
25.18837358517097
20
66.7933951305893
30
17
10
26.618022210383643
20
64.51812237769519
30
17
10
28.518122377695196
20
62.61802221038364
30
17
10
30.7933951305893
20
61.18837358517097
30
17
10
33.32974879252423
20
60.300865053818114
30
17
10
36
20
60
30
17
10
38.67025120747576
20
60.300865053818114
30
17
10
41.2066048694107
20
61.188373585170964
30
17
10
43.4818776223048
20
62.61802221038364
30
17
10
45.38197778961636
20
64.51812237769519
30
17
10
46.811626414829036
20
66.79339513058932
30
17
10
47.699134946181886
20
69.32974879252423
30
17
10
47.699134946181886
20
72
30
19.670251207475772
10
47.40581320741452
20
74.60330243470536
30
19.670251207475772
10
46.54055636789912
20
77.07606441489028
30
19.670251207475772
10
45.146752018566914
20
79.29429132951353
30
19.670251207475772
10
43.29429132951353
20
81.14675201856691
30
19.670251207475772
10
41.07606441489029
20
82.54055636789911
30
19.670251207475772
10
38.60330243470535
20
83.40581320741451
30
19.670251207475772
10
36
20
83.69913494618189
30
19.670251207475772
10
33.39669756529465
20
83.40581320741451
30
19.670251207475772
10
30.923935585109714
20
82.54055636789911
30
19.670251207475772
10
28.705708670486473
20
81.14675201856691
30
19.670251207475772
10
26.853247981433086
20
79.29429132951353
30
19.670251207475772
10
25.45944363210088
20
77.07606441489028
30
19.670251207475772
10
24.594186792585482
20
74.60330243470534
30
19.670251207475772
10
24.300865053818114
20
72
30
19.670251207475772
10
24.594186792585482
20
69.39669756529466
30
19.670251207475772
10
25.45944363210088
20
66.92393558510972
30
19.670251207475772
10
26.853247981433086
20
64.70570867048647
30
19.670251207475772
10
28.70570867048647
20
62.853247981433086
30
19.670251207475772
10
30.92393558510971
20
61.45944363210088
30
19.670251207475772
10
33.39669756529465
20
60.59418679258548
30
19.670251207475772
10
36
20
60.300865053818114
30
19.670251207475772
10
38.603302434705334
20
60.59418679258548
30
19.670251207475772
10
41.07606441489028
20
61.45944363210088
30
19.670251207475772
10
43.29429132951353
20
62.853247981433086
30
19.670251207475772
10
45.146752018566914
20
64.70570867048647
30
19.670251207475772
10
46.54055636789912
20
66.92393558510972
30
19.670251207475772
10
47.40581320741451
20
69.39669756529464
30
19.670251207475772
10
46.81162641482903
20
72
30
22.206604869410697
10
46.54055636789912
20
74.40581320741451
30
22.206604869410697
10
45.740938811152404
20
76.69098889480819
30
22.206604869410697
10
44.45286990779629
20
78.7409388111524
30
22.206604869410697
10
42.740938811152404
20
80.4528699077963
30
22.206604869410697
10
40.69098889480818
20
81.7409388111524
30
22.206604869410697
10
38.40581320741452
20
82.54055636789911
30
22.206604869410697
10
36
20
82.81162641482904
30
22.206604869410697
10
33.59418679258549
20
82.54055636789911
30
22.206604869410697
10
31.30901110519182
20
81.7409388111524
30
22.206604869410697
10
29.2590611888476
20
80.4528699077963
30
22.206604869410697
10
27.547130092203712
20
78.7409388111524
30
22.206604869410697
10
26.2590611888476
20
76.69098889480819
30
22.206604869410697
10
25.45944363210088
20
74.40581320741451
30
22.206604869410697
10
25.18837358517097
20
72
30
22.206604869410697
10
25.45944363210088
20
69.59418679258549
30
22.206604869410697
10
26.259061188847596
20
67.30901110519183
30
22.206604869410697
10
27.547130092203712
20
65.2590611888476
30
22.206604869410697
10
29.259061188847596
20
63.54713009220371
30
22.206604869410697
10
31.309011105191818
20
62.259061188847596
30
22.206604869410697
10
33.59418679258548
20
61.45944363210088
30
22.206604869410697
10
36
20
61.18837358517097
30
22.206604869410697
10
38.4058132074145
20
61.45944363210088
30
22.206604869410697
10
40.69098889480818
20
62.259061188847596
30
22.206604869410697
10
42.740938811152404
20
63.54713009220371
30
22.206604869410697
10
44.45286990779629
20
65.2590611888476
30
22.206604869410697
10
45.740938811152404
20
67.30901110519183
30
22.206604869410697
10
46.54055636789912
20
69.59418679258549
30
22.206604869410697
10
45.38197778961636
20
72
30
24.4818776223048
10
45.146752018566914
20
74.08768646010283
30
24.4818776223048
10
44.45286990779629
20
76.07068760367663
30
24.4818776223048
10
43.335125603737886
20
77.84956747309094
30
24.4818776223048
10
41.84956747309094
20
79.33512560373788
30
24.4818776223048
10
40.07068760367663
20
80.45286990779628
30
24.4818776223048
10
38.08768646010283
20
81.14675201856691
30
24.4818776223048
10
36
20
81.38197778961636
30
24.4818776223048
10
33.91231353989717
20
81.14675201856691
30
24.4818776223048
10
31.929312396323372
20
80.45286990779628
30
24.4818776223048
10
30.150432526909057
20
79.3351256037379
30
24.4818776223048
10
28.664874396262118
20
77.84956747309094
30
24.4818776223048
10
27.54713009220371
20
76.07068760367663
30
24.4818776223048
10
26.853247981433086
20
74.08768646010283
30
24.4818776223048
10
26.618022210383643
20
72
30
24.4818776223048
10
26.853247981433086
20
69.91231353989717
30
24.4818776223048
10
27.54713009220371
20
67.92931239632337
30
24.4818776223048
10
28.664874396262114
20
66.15043252690906
30
24.4818776223048
10
30.150432526909057
20
64.66487439626212
30
24.4818776223048
10
31.92931239632337
20
63.54713009220371
30
24.4818776223048
10
33.91231353989717
20
62.853247981433086
30
24.4818776223048
10
36
20
62.61802221038364
30
24.4818776223048
10
38.08768646010282
20
62.853247981433086
30
24.4818776223048
10
40.070687603676625
20
63.54713009220371
30
24.4818776223048
10
41.84956747309094
20
64.6648743962621
30
24.4818776223048
10
43.335125603737886
20
66.15043252690906
30
24.4818776223048
10
44.45286990779629
20
67.92931239632338
30
24.4818776223048
10
45.146752018566914
20
69.91231353989717
30
24.4818776223048
10
43.48187762230481
20
72
30
26.381977789616354
10
43.294291329513534
20
73.66487439626212
30
26.381977789616354
10
42.740938811152404
20
75.2462650383856
30
26.381977789616354
10
41.84956747309094
20
76.66487439626212
30
26.381977789616354
10
40.66487439626212
20
77.84956747309094
30
26.381977789616354
10
39.246265038385594
20
78.7409388111524
30
26.381977789616354
10
37.664874396262114
20
79.29429132951353
30
26.381977789616354
10
36
20
79.48187762230481
30
26.381977789616354
10
34.335125603737886
20
79.29429132951353
30
26.381977789616354
10
32.753734961614406
20
78.7409388111524
30
26.381977789616354
10
31.335125603737882
20
77.84956747309094
30
26.381977789616354
10
30.150432526909057
20
76.66487439626212
30
26.381977789616354
10
29.259061188847596
20
75.2462650383856
30
26.381977789616354
10
28.705708670486466
20
73.6648743962621
30
26.381977789616354
10
28.518122377695192
20
72
30
26.381977789616354
10
28.705708670486466
20
70.3351256037379
30
26.381977789616354
10
29.259061188847593
20
68.75373496161441
30
26.381977789616354
10
30.150432526909057
20
67.33512560373788
30
26.381977789616354
10
31.335125603737882
20
66.15043252690906
30
26.381977789616354
10
32.753734961614406
20
65.2590611888476
30
26.381977789616354
10
34.335125603737886
20
64.70570867048647
30
26.381977789616354
10
36
20
64.51812237769519
30
26.381977789616354
10
37.66487439626211
20
64.70570867048647
30
26.381977789616354
10
39.246265038385594
20
65.2590611888476
30
26.381977789616354
10
40.664874396262114
20
66.15043252690906
30
26.381977789616354
10
41.84956747309094
20
67.33512560373788
30
26.381977789616354
10
42.740938811152404
20
68.75373496161441
30
26.381977789616354
10
43.294291329513534
20
70.33512560373788
30
26.381977789616354
10
41.2066048694107
20
72
30
27.81162641482903
10
41.07606441489029
20
73.15857857828276
30
27.81162641482903
10
40.69098889480818
20
74.2590611888476
30
27.81162641482903
10
40.07068760367663
20
75.24626503838559
30
27.81162641482903
10
39.246265038385594
20
76.07068760367663
30
27.81162641482903
10
38.259061188847596
20
76.69098889480819
30
27.81162641482903
10
37.158578578282764
20
77.07606441489028
30
27.81162641482903
10
36
20
77.2066048694107
30
27.81162641482903
10
34.841421421717236
20
77.07606441489028
30
27.81162641482903
10
33.740938811152404
20
76.69098889480819
30
27.81162641482903
10
32.753734961614406
20
76.07068760367663
30
27.81162641482903
10
31.929312396323372
20
75.2462650383856
30
27.81162641482903
10
31.30901110519182
20
74.2590611888476
30
27.81162641482903
10
30.92393558510971
20
73.15857857828276
30
27.81162641482903
10
30.793395130589303
20
72
30
27.81162641482903
10
30.92393558510971
20
70.84142142171724
30
27.81162641482903
10
31.30901110519182
20
69.7409388111524
30
27.81162641482903
10
31.929312396323372
20
68.7537349616144
30
27.81162641482903
10
32.753734961614406
20
67.92931239632337
30
27.81162641482903
10
33.7409388111524
20
67.30901110519181
30
27.81162641482903
10
34.841421421717236
20
66.92393558510972
30
27.81162641482903
10
36
20
66.7933951305893
30
27.81162641482903
10
37.15857857828276
20
66.92393558510972
30
27.81162641482903
10
38.259061188847596
20
67.30901110519181
30
27.81162641482903
10
39.246265038385594
20
67.92931239632337
30
27.81162641482903
10
40.07068760367663
20
68.75373496161441
30
27.81162641482903
10
40.69098889480818
20
69.7409388111524
30
27.81162641482903
10
41.07606441489029
20
70.84142142171723
30
27.81162641482903
10
38.67025120747577
20
72
30
28.699134946181886
10
38.60330243470534
20
72.59418679258549
30
28.699134946181886
10
38.40581320741451
20
73.15857857828276
30
28.699134946181886
10
38.08768646010283
20
73.6648743962621
30
28.699134946181886
10
37.664874396262114
20
74.08768646010283
30
28.699134946181886
10
37.158578578282764
20
74.40581320741451
30
28.699134946181886
10
36.59418679258548
20
74.60330243470534
30
28.699134946181886
10
36
20
74.67025120747577
30
28.699134946181886
10
35.40581320741452
20
74.60330243470534
30
28.699134946181886
10
34.84142142171724
20
74.40581320741451
30
28.699134946181886
10
34.335125603737886
20
74.08768646010283
30
28.699134946181886
10
33.91231353989718
20
73.6648743962621
30
28.699134946181886
10
33.59418679258549
20
73.15857857828276
30
28.699134946181886
10
33.39669756529466
20
72.59418679258549
30
28.699134946181886
10
33.32974879252423
20
72
30
28.699134946181886
10
33.39669756529466
20
71.40581320741451
30
28.699134946181886
10
33.59418679258549
20
70.84142142171724
30
28.699134946181886
10
33.91231353989718
20
70.3351256037379
30
28.699134946181886
10
34.335125603737886
20
69.91231353989717
30
28.699134946181886
10
34.841421421717236
20
69.59418679258549
30
28.699134946181886
10
35.40581320741452
20
69.39669756529466
30
28.699134946181886
10
36
20
69.32974879252423
30
28.699134946181886
10
36.59418679258548
20
69.39669756529466
30
28.699134946181886
10
37.15857857828276
20
69.59418679258549
30
28.699134946181886
10
37.66487439626211
20
69.91231353989717
30
28.699134946181886
10
38.08768646010282
20
70.3351256037379
30
28.699134946181886
10
38.40581320741451
20
70.84142142171724
30
28.699134946181886
10
38.60330243470534
20
71.40581320741451
30
28.699134946181886
10
36
20
72
30
29
93
1904
90
3
90
0
90
2
90
1
90
3
90
365
90
337
90
338
90
4
90
1
90
2
90
30
90
29
90
4
90
29
90
30
90
58
90
57
90
4
90
57
90
58
90
86
90
85
90
4
90
85
90
86
90
114
90
113
90
4
90
113
90
114
90
142
90
141
90
4
90
141
90
142
90
170
90
169
90
4
90
169
90
170
90
198
90
197
90
4
90
197
90
198
90
226
90
225
90
4
90
225
90
226
90
254
90
253
90
4
90
253
90
254
90
282
90
281
90
4
90
281
90
282
90
310
90
309
90
4
90
309
90
310
90
338
90
337
90
3
90
0
90
3
90
2
90
3
90
365
90
338
90
339
90
4
90
2
90
3
90
31
90
30
90
4
90
30
90
31
90
59
90
58
90
4
90
58
90
59
90
87
90
86
90
4
90
86
90
87
90
115
90
114
90
4
90
114
90
115
90
143
90
142
90
4
90
142
90
143
90
171
90
170
90
4
90
170
90
171
90
199
90
198
90
4
90
198
90
199
90
227
90
226
90
4
90
226
90
227
90
255
90
254
90
4
90
254
90
255
90
283
90
282
90
4
90
282
90
283
90
311
90
310
90
4
90
310
90
311
90
339
90
338
90
3
90
0
90
4
90
3
90
3
90
365
90
339
90
340
90
4
90
3
90
4
90
32
90
31
90
4
90
31
90
32
90
60
90
59
90
4
90
59
90
60
90
88
90
87
90
4
90
87
90
88
90
116
90
115
90
4
90
115
90
116
90
144
90
143
90
4
90
143
90
144
90
172
90
171
90
4
90
171
90
172
90
200
90
199
90
4
90
199
90
200
90
228
90
227
90
4
90
227
90
228
90
256
90
255
90
4
90
255
90
256
90
284
90
283
90
4
90
283
90
284
90
312
90
311
90
4
90
311
90
312
90
340
90
339
90
3
90
0
90
5
90
4
90
3
90
365
90
340
90
341
90
4
90
4
90
5
90
33
90
32
90
4
90
32
90
33
90
61
90
60
90
4
90
60
90
61
90
89
90
88
90
4
90
88
90
89
90
117
90
116
90
4
90
116
90
117
90
145
90
144
90
4
90
144
90
145
90
173
90
172
90
4
90
172
90
173
90
201
90
200
90
4
90
200
90
201
90
229
90
228
90
4
90
228
90
229
90
257
90
256
90
4
90
256
90
257
90
285
90
284
90
4
90
284
90
285
90
313
90
312
90
4
90
312
90
313
90
341
90
340
90
3
90
0
90
6
90
5
90
3
90
365
90
341
90
342
90
4
90
5
90
6
90
34
90
33
90
4
90
33
90
34
90
62
90
61
90
4
90
61
90
62
90
90
90
89
90
4
90
89
90
90
90
118
90
117
90
4
90
117
90
118
90
146
90
145
90
4
90
145
90
146
90
174
90
173
90
4
90
173
90
174
90
202
90
201
90
4
90
201
90
202
90
230
90
229
90
4
90
229
90
230
90
258
90
257
90
4
90
257
90
258
90
286
90
285
90
4
90
285
90
286
90
314
90
313
90
4
90
313
90
314
90
342
90
341
90
3
90
0
90
7
90
6
90
3
90
365
90
342
90
343
90
4
90
6
90
7
90
35
90
34
90
4
90
34
90
35
90
63
90
62
90
4
90
62
90
63
90
91
90
90
90
4
90
90
90
91
90
119
90
118
90
4
90
118
90
119
90
147
90
146
90
4
90
146
90
147
90
175
90
174
90
4
90
174
90
175
90
203
90
202
90
4
90
202
90
203
90
231
90
230
90
4
90
230
90
231
90
259
90
258
90
4
90
258
90
259
90
287
90
286
90
4
90
286
90
287
90
315
90
314
90
4
90
314
90
315
90
343
90
342
90
3
90
0
90
8
90
7
90
3
90
365
90
343
90
344
90
4
90
7
90
8
90
36
90
35
90
4
90
35
90
36
90
64
90
63
90
4
90
63
90
64
90
92
90
91
90
4
90
91
90
92
90
120
90
119
90
4
90
119
90
120
90
148
90
147
90
4
90
147
90
148
90
176
90
175
90
4
90
175
90
176
90
204
90
203
90
4
90
203
90
204
90
232
90
231
90
4
90
231
90
232
90
260
90
259
90
4
90
259
90
260
90
288
90
287
90
4
90
287
90
288
90
316
90
315
90
4
90
315
90
316
90
344
90
343
90
3
90
0
90
9
90
8
90
3
90
365
90
344
90
345
90
4
90
8
90
9
90
37
90
36
90
4
90
36
90
37
90
65
90
64
90
4
90
64
90
65
90
93
90
92
90
4
90
92
90
93
90
121
90
120
90
4
90
120
90
121
90
149
90
148
90
4
90
148
90
149
90
177
90
176
90
4
90
176
90
177
90
205
90
204
90
4
90
204
90
205
90
233
90
232
90
4
90
232
90
233
90
261
90
260
90
4
90
260
90
261
90
289
90
288
90
4
90
288
90
289
90
317
90
316
90
4
90
316
90
317
90
345
90
344
90
3
90
0
90
10
90
9
90
3
90
365
90
345
90
346
90
4
90
9
90
10
90
38
90
37
90
4
90
37
90
38
90
66
90
65
90
4
90
65
90
66
90
94
90
93
90
4
90
93
90
94
90
122
90
121
90
4
90
121
90
122
90
150
90
149
90
4
90
149
90
150
90
178
90
177
90
4
90
177
90
178
90
206
90
205
90
4
90
205
90
206
90
234
90
233
90
4
90
233
90
234
90
262
90
261
90
4
90
261
90
262
90
290
90
289
90
4
90
289
90
290
90
318
90
317
90
4
90
317
90
318
90
346
90
345
90
3
90
0
90
11
90
10
90
3
90
365
90
346
90
347
90
4
90
10
90
11
90
39
90
38
90
4
90
38
90
39
90
67
90
66
90
4
90
66
90
67
90
95
90
94
90
4
90
94
90
95
90
123
90
122
90
4
90
122
90
123
90
151
90
150
90
4
90
150
90
151
90
179
90
178
90
4
90
178
90
179
90
207
90
206
90
4
90
206
90
207
90
235
90
234
90
4
90
234
90
235
90
263
90
262
90
4
90
262
90
263
90
291
90
290
90
4
90
290
90
291
90
319
90
318
90
4
90
318
90
319
90
347
90
346
90
3
90
0
90
12
90
11
90
3
90
365
90
347
90
348
90
4
90
11
90
12
90
40
90
39
90
4
90
39
90
40
90
68
90
67
90
4
90
67
90
68
90
96
90
95
90
4
90
95
90
96
90
124
90
123
90
4
90
123
90
124
90
152
90
151
90
4
90
151
90
152
90
180
90
179
90
4
90
179
90
180
90
208
90
207
90
4
90
207
90
208
90
236
90
235
90
4
90
235
90
236
90
264
90
263
90
4
90
263
90
264
90
292
90
291
90
4
90
291
90
292
90
320
90
319
90
4
90
319
90
320
90
348
90
347
90
3
90
0
90
13
90
12
90
3
90
365
90
348
90
349
90
4
90
12
90
13
90
41
90
40
90
4
90
40
90
41
90
69
90
68
90
4
90
68
90
69
90
97
90
96
90
4
90
96
90
97
90
125
90
124
90
4
90
124
90
125
90
153
90
152
90
4
90
152
90
153
90
181
90
180
90
4
90
180
90
181
90
209
90
208
90
4
90
208
90
209
90
237
90
236
90
4
90
236
90
237
90
265
90
264
90
4
90
264
90
265
90
293
90
292
90
4
90
292
90
293
90
321
90
320
90
4
90
320
90
321
90
349
90
348
90
3
90
0
90
14
90
13
90
3
90
365
90
349
90
350
90
4
90
13
90
14
90
42
90
41
90
4
90
41
90
42
90
70
90
69
90
4
90
69
90
70
90
98
90
97
90
4
90
97
90
98
90
126
90
125
90
4
90
125
90
126
90
154
90
153
90
4
90
153
90
154
90
182
90
181
90
4
90
181
90
182
90
210
90
209
90
4
90
209
90
210
90
238
90
237
90
4
90
237
90
238
90
266
90
265
90
4
90
265
90
266
90
294
90
293
90
4
90
293
90
294
90
322
90
321
90
4
90
321
90
322
90
350
90
349
90
3
90
0
90
15
90
14
90
3
90
365
90
350
90
351
90
4
90
14
90
15
90
43
90
42
90
4
90
42
90
43
90
71
90
70
90
4
90
70
90
71
90
99
90
98
90
4
90
98
90
99
90
127
90
126
90
4
90
126
90
127
90
155
90
154
90
4
90
154
90
155
90
183
90
182
90
4
90
182
90
183
90
211
90
210
90
4
90
210
90
211
90
239
90
238
90
4
90
238
90
239
90
267
90
266
90
4
90
266
90
267
90
295
90
294
90
4
90
294
90
295
90
323
90
322
90
4
90
322
90
323
90
351
90
350
90
3
90
0
90
16
90
15
90
3
90
365
90
351
90
352
90
4
90
15
90
16
90
44
90
43
90
4
90
43
90
44
90
72
90
71
90
4
90
71
90
72
90
100
90
99
90
4
90
99
90
100
90
128
90
127
90
4
90
127
90
128
90
156
90
155
90
4
90
155
90
156
90
184
90
183
90
4
90
183
90
184
90
212
90
211
90
4
90
211
90
212
90
240
90
239
90
4
90
239
90
240
90
268
90
267
90
4
90
267
90
268
90
296
90
295
90
4
90
295
90
296
90
324
90
323
90
4
90
323
90
324
90
352
90
351
90
3
90
0
90
17
90
16
90
3
90
365
90
352
90
353
90
4
90
16
90
17
90
45
90
44
90
4
90
44
90
45
90
73
90
72
90
4
90
72
90
73
90
101
90
100
90
4
90
100
90
101
90
129
90
128
90
4
90
128
90
129
90
157
90
156
90
4
90
156
90
157
90
185
90
184
90
4
90
184
90
185
90
213
90
212
90
4
90
212
90
213
90
241
90
240
90
4
90
240
90
241
90
269
90
268
90
4
90
268
90
269
90
297
90
296
90
4
90
296
90
297
90
325
90
324
90
4
90
324
90
325
90
353
90
352
90
3
90
0
90
18
90
17
90
3
90
365
90
353
90
354
90
4
90
17
90
18
90
46
90
45
90
4
90
45
90
46
90
74
90
73
90
4
90
73
90
74
90
102
90
101
90
4
90
101
90
102
90
130
90
129
90
4
90
129
90
130
90
158
90
157
90
4
90
157
90
158
90
186
90
185
90
4
90
185
90
186
90
214
90
213
90
4
90
213
90
214
90
242
90
241
90
4
90
241
90
242
90
270
90
269
90
4
90
269
90
270
90
298
90
297
90
4
90
297
90
298
90
326
90
325
90
4
90
325
90
326
90
354
90
353
90
3
90
0
90
19
90
18
90
3
90
365
90
354
90
355
90
4
90
18
90
19
90
47
90
46
90
4
90
46
90
47
90
75
90
74
90
4
90
74
90
75
90
103
90
102
90
4
90
102
90
103
90
131
90
130
90
4
90
130
90
131
90
159
90
158
90
4
90
158
90
159
90
187
90
186
90
4
90
186
90
187
90
215
90
214
90
4
90
214
90
215
90
243
90
242
90
4
90
242
90
243
90
271
90
270
90
4
90
270
90
271
90
299
90
298
90
4
90
298
90
299
90
327
90
326
90
4
90
326
90
327
90
355
90
354
90
3
90
0
90
20
90
19
90
3
90
365
90
355
90
356
90
4
90
19
90
20
90
48
90
47
90
4
90
47
90
48
90
76
90
75
90
4
90
75
90
76
90
104
90
103
90
4
90
103
90
104
90
132
90
131
90
4
90
131
90
132
90
160
90
159
90
4
90
159
90
160
90
188
90
187
90
4
90
187
90
188
90
216
90
215
90
4
90
215
90
216
90
244
90
243
90
4
90
243
90
244
90
272
90
271
90
4
90
271
90
272
90
300
90
299
90
4
90
299
90
300
90
328
90
327
90
4
90
327
90
328
90
356
90
355
90
3
90
0
90
21
90
20
90
3
90
365
90
356
90
357
90
4
90
20
90
21
90
49
90
48
90
4
90
48
90
49
90
77
90
76
90
4
90
76
90
77
90
105
90
104
90
4
90
104
90
105
90
133
90
132
90
4
90
132
90
133
90
161
90
160
90
4
90
160
90
161
90
189
90
188
90
4
90
188
90
189
90
217
90
216
90
4
90
216
90
217
90
245
90
244
90
4
90
244
90
245
90
273
90
272
90
4
90
272
90
273
90
301
90
300
90
4
90
300
90
301
90
329
90
328
90
4
90
328
90
329
90
357
90
356
90
3
90
0
90
22
90
21
90
3
90
365
90
357
90
358
90
4
90
21
90
22
90
50
90
49
90
4
90
49
90
50
90
78
90
77
90
4
90
77
90
78
90
106
90
105
90
4
90
105
90
106
90
134
90
133
90
4
90
133
90
134
90
162
90
161
90
4
90
161
90
162
90
190
90
189
90
4
90
189
90
190
90
218
90
217
90
4
90
217
90
218
90
246
90
245
90
4
90
245
90
246
90
274
90
273
90
4
90
273
90
274
90
302
90
301
90
4
90
301
90
302
90
330
90
329
90
4
90
329
90
330
90
358
90
357
90
3
90
0
90
23
90
22
90
3
90
365
90
358
90
359
90
4
90
22
90
23
90
51
90
50
90
4
90
50
90
51
90
79
90
78
90
4
90
78
90
79
90
107
90
106
90
4
90
106
90
107
90
135
90
134
90
4
90
134
90
135
90
163
90
162
90
4
90
162
90
163
90
191
90
190
90
4
90
190
90
191
90
219
90
218
90
4
90
218
90
219
90
247
90
246
90
4
90
246
90
247
90
275
90
274
90
4
90
274
90
275
90
303
90
302
90
4
90
302
90
303
90
331
90
330
90
4
90
330
90
331
90
359
90
358
90
3
90
0
90
24
90
23
90
3
90
365
90
359
90
360
90
4
90
23
90
24
90
52
90
51
90
4
90
51
90
52
90
80
90
79
90
4
90
79
90
80
90
108
90
107
90
4
90
107
90
108
90
136
90
135
90
4
90
135
90
136
90
164
90
163
90
4
90
163
90
164
90
192
90
191
90
4
90
191
90
192
90
220
90
219
90
4
90
219
90
220
90
248
90
247
90
4
90
247
90
248
90
276
90
275
90
4
90
275
90
276
90
304
90
303
90
4
90
303
90
304
90
332
90
331
90
4
90
331
90
332
90
360
90
359
90
3
90
0
90
25
90
24
90
3
90
365
90
360
90
361
90
4
90
24
90
25
90
53
90
52
90
4
90
52
90
53
90
81
90
80
90
4
90
80
90
81
90
109
90
108
90
4
90
108
90
109
90
137
90
136
90
4
90
136
90
137
90
165
90
164
90
4
90
164
90
165
90
193
90
192
90
4
90
192
90
193
90
221
90
220
90
4
90
220
90
221
90
249
90
248
90
4
90
248
90
249
90
277
90
276
90
4
90
276
90
277
90
305
90
304
90
4
90
304
90
305
90
333
90
332
90
4
90
332
90
333
90
361
90
360
90
3
90
0
90
26
90
25
90
3
90
365
90
361
90
362
90
4
90
25
90
26
90
54
90
53
90
4
90
53
90
54
90
82
90
81
90
4
90
81
90
82
90
110
90
109
90
4
90
109
90
110
90
138
90
137
90
4
90
137
90
138
90
166
90
165
90
4
90
165
90
166
90
194
90
193
90
4
90
193
90
194
90
222
90
221
90
4
90
221
90
222
90
250
90
249
90
4
90
249
90
250
90
278
90
277
90
4
90
277
90
278
90
306
90
305
90
4
90
305
90
306
90
334
90
333
90
4
90
333
90
334
90
362
90
361
90
3
90
0
90
27
90
26
90
3
90
365
90
362
90
363
90
4
90
26
90
27
90
55
90
54
90
4
90
54
90
55
90
83
90
82
90
4
90
82
90
83
90
111
90
110
90
4
90
110
90
111
90
139
90
138
90
4
90
138
90
139
90
167
90
166
90
4
90
166
90
167
90
195
90
194
90
4
90
194
90
195
90
223
90
222
90
4
90
222
90
223
90
251
90
250
90
4
90
250
90
251
90
279
90
278
90
4
90
278
90
279
90
307
90
306
90
4
90
306
90
307
90
335
90
334
90
4
90
334
90
335
90
363
90
362
90
3
90
0
90
28
90
27
90
3
90
365
90
363
90
364
90
4
90
27
90
28
90
56
90
55
90
4
90
55
90
56
90
84
90
83
90
4
90
83
90
84
90
112
90
111
90
4
90
111
90
112
90
140
90
139
90
4
90
139
90
140
90
168
90
167
90
4
90
167
90
168
90
196
90
195
90
4
90
195
90
196
90
224
90
223
90
4
90
223
90
224
90
252
90
251
90
4
90
251
90
252
90
280
90
279
90
4
90
279
90
280
90
308
90
307
90
4
90
307
90
308
90
336
90
335
90
4
90
335
90
336
90
364
90
363
90
3
90
0
90
1
90
28
90
3
90
365
90
364
90
337
90
4
90
28
90
1
90
29
90
56
90
4
90
56
90
29
90
57
90
84
90
4
90
84
90
57
90
85
90
112
90
4
90
112
90
85
90
113
90
140
90
4
90
140
90
113
90
141
90
168
90
4
90
168
90
141
90
169
90
196
90
4
90
196
90
169
90
197
90
224
90
4
90
224
90
197
90
225
90
252
90
4
90
252
90
225
90
253
90
280
90
4
90
280
90
253
90
281
90
308
90
4
90
308
90
281
90
309
90
336
90
4
90
336
90
309
90
337
90
364
94
0
95
0
90
0
1001
CONDUITCAD
1000
{"id":"e-mukbud5y-f","label":"Ceramic","feature3d":{"version":1,"kind":"sphere","parameters":{"radius":"Radius","segments":28,"x":"1*Spacing","y":"2*Spacing","z":"Radius+5"},"inputs":[],"suppressed":f
1000
alse},"model3dConsumed":false,"appearance3d":{"id":"ceramic","label":"Ceramic","color":"#e2ddd0","metallic":0,"roughness":0.18,"opacity":1,"emission":0},"model3dUserHidden":false}
0
MESH
5
10F
330
124
100
AcDbEntity
8
Equipment
62
7
420
7831426
100
AcDbSubDMesh
71
2
72
0
91
0
92
56
10
50
20
72
30
0
10
49.64899077054553
20
75.11529307538841
30
0
10
48.61356415063387
20
78.07437234764582
30
0
10
46.945640754552414
20
80.72885722602227
30
0
10
44.72885722602227
20
82.94564075455241
30
0
10
42.07437234764581
20
84.61356415063386
30
0
10
39.1152930753884
20
85.64899077054554
30
0
10
36
20
86
30
0
10
32.8847069246116
20
85.64899077054554
30
0
10
29.925627652354187
20
84.61356415063386
30
0
10
27.27114277397773
20
82.94564075455241
30
0
10
25.054359245447586
20
80.72885722602227
30
0
10
23.386435849366134
20
78.07437234764582
30
0
10
22.35100922945447
20
75.1152930753884
30
0
10
22
20
72
30
0
10
22.35100922945447
20
68.8847069246116
30
0
10
23.38643584936613
20
65.9256276523542
30
0
10
25.054359245447586
20
63.27114277397773
30
0
10
27.27114277397773
20
61.054359245447586
30
0
10
29.925627652354184
20
59.38643584936614
30
0
10
32.88470692461159
20
58.35100922945447
30
0
10
36
20
58
30
0
10
39.11529307538839
20
58.35100922945446
30
0
10
42.07437234764581
20
59.38643584936613
30
0
10
44.72885722602227
20
61.054359245447586
30
0
10
46.945640754552414
20
63.27114277397773
30
0
10
48.61356415063387
20
65.9256276523542
30
0
10
49.64899077054553
20
68.88470692461159
30
0
10
50
20
72
30
4
10
49.64899077054553
20
75.11529307538841
30
4
10
48.61356415063387
20
78.07437234764582
30
4
10
46.945640754552414
20
80.72885722602227
30
4
10
44.72885722602227
20
82.94564075455241
30
4
10
42.07437234764581
20
84.61356415063386
30
4
10
39.1152930753884
20
85.64899077054554
30
4
10
36
20
86
30
4
10
32.8847069246116
20
85.64899077054554
30
4
10
29.925627652354187
20
84.61356415063386
30
4
10
27.27114277397773
20
82.94564075455241
30
4
10
25.054359245447586
20
80.72885722602227
30
4
10
23.386435849366134
20
78.07437234764582
30
4
10
22.35100922945447
20
75.1152930753884
30
4
10
22
20
72
30
4
10
22.35100922945447
20
68.8847069246116
30
4
10
23.38643584936613
20
65.9256276523542
30
4
10
25.054359245447586
20
63.27114277397773
30
4
10
27.27114277397773
20
61.054359245447586
30
4
10
29.925627652354184
20
59.38643584936614
30
4
10
32.88470692461159
20
58.35100922945447
30
4
10
36
20
58
30
4
10
39.11529307538839
20
58.35100922945446
30
4
10
42.07437234764581
20
59.38643584936613
30
4
10
44.72885722602227
20
61.054359245447586
30
4
10
46.945640754552414
20
63.27114277397773
30
4
10
48.61356415063387
20
65.9256276523542
30
4
10
49.64899077054553
20
68.88470692461159
30
4
93
198
90
28
90
27
90
26
90
25
90
24
90
23
90
22
90
21
90
20
90
19
90
18
90
17
90
16
90
15
90
14
90
13
90
12
90
11
90
10
90
9
90
8
90
7
90
6
90
5
90
4
90
3
90
2
90
1
90
0
90
28
90
28
90
29
90
30
90
31
90
32
90
33
90
34
90
35
90
36
90
37
90
38
90
39
90
40
90
41
90
42
90
43
90
44
90
45
90
46
90
47
90
48
90
49
90
50
90
51
90
52
90
53
90
54
90
55
90
4
90
0
90
1
90
29
90
28
90
4
90
1
90
2
90
30
90
29
90
4
90
2
90
3
90
31
90
30
90
4
90
3
90
4
90
32
90
31
90
4
90
4
90
5
90
33
90
32
90
4
90
5
90
6
90
34
90
33
90
4
90
6
90
7
90
35
90
34
90
4
90
7
90
8
90
36
90
35
90
4
90
8
90
9
90
37
90
36
90
4
90
9
90
10
90
38
90
37
90
4
90
10
90
11
90
39
90
38
90
4
90
11
90
12
90
40
90
39
90
4
90
12
90
13
90
41
90
40
90
4
90
13
90
14
90
42
90
41
90
4
90
14
90
15
90
43
90
42
90
4
90
15
90
16
90
44
90
43
90
4
90
16
90
17
90
45
90
44
90
4
90
17
90
18
90
46
90
45
90
4
90
18
90
19
90
47
90
46
90
4
90
19
90
20
90
48
90
47
90
4
90
20
90
21
90
49
90
48
90
4
90
21
90
22
90
50
90
49
90
4
90
22
90
23
90
51
90
50
90
4
90
23
90
24
90
52
90
51
90
4
90
24
90
25
90
53
90
52
90
4
90
25
90
26
90
54
90
53
90
4
90
26
90
27
90
55
90
54
90
4
90
27
90
0
90
28
90
55
94
0
95
0
90
0
1001
CONDUITCAD
1000
{"id":"e-mukbud67-g","label":"Ceramic pedestal","feature3d":{"version":1,"kind":"cylinder","parameters":{"radius":14,"height":4,"segments":28,"x":"1*Spacing","y":"2*Spacing"},"inputs":[],"suppressed":
1000
false},"model3dConsumed":false,"appearance3d":{"metallic":0.3,"roughness":0.55,"emission":0,"opacity":1},"model3dUserHidden":false}
0
MESH
5
110
330
124
100
AcDbEntity
8
Equipment
62
7
420
10011589
440
33554503
100
AcDbSubDMesh
71
2
72
0
91
0
92
366
10
72
20
72
30
5
10
74.67025120747577
20
72
30
5.300865053818116
10
74.60330243470536
20
72.59418679258549
30
5.300865053818116
10
74.40581320741451
20
73.15857857828276
30
5.300865053818116
10
74.08768646010283
20
73.6648743962621
30
5.300865053818116
10
73.66487439626212
20
74.08768646010283
30
5.300865053818116
10
73.15857857828276
20
74.40581320741451
30
5.300865053818116
10
72.59418679258549
20
74.60330243470536
30
5.300865053818116
10
72
20
74.67025120747577
30
5.300865053818116
10
71.40581320741451
20
74.60330243470536
30
5.300865053818116
10
70.84142142171724
20
74.40581320741451
30
5.300865053818116
10
70.3351256037379
20
74.08768646010283
30
5.300865053818116
10
69.91231353989717
20
73.66487439626212
30
5.300865053818116
10
69.59418679258549
20
73.15857857828276
30
5.300865053818116
10
69.39669756529464
20
72.59418679258549
30
5.300865053818116
10
69.32974879252423
20
72
30
5.300865053818116
10
69.39669756529464
20
71.40581320741451
30
5.300865053818116
10
69.59418679258549
20
70.84142142171724
30
5.300865053818116
10
69.91231353989717
20
70.33512560373788
30
5.300865053818116
10
70.33512560373788
20
69.91231353989717
30
5.300865053818116
10
70.84142142171724
20
69.59418679258549
30
5.300865053818116
10
71.40581320741451
20
69.39669756529464
30
5.300865053818116
10
72
20
69.32974879252423
30
5.300865053818116
10
72.59418679258549
20
69.39669756529464
30
5.300865053818116
10
73.15857857828276
20
69.59418679258549
30
5.300865053818116
10
73.6648743962621
20
69.91231353989717
30
5.300865053818116
10
74.08768646010283
20
70.33512560373788
30
5.300865053818116
10
74.40581320741451
20
70.84142142171724
30
5.300865053818116
10
74.60330243470536
20
71.40581320741451
30
5.300865053818116
10
77.2066048694107
20
72
30
6.18837358517097
10
77.07606441489028
20
73.15857857828276
30
6.18837358517097
10
76.69098889480819
20
74.2590611888476
30
6.18837358517097
10
76.07068760367663
20
75.24626503838559
30
6.18837358517097
10
75.24626503838559
20
76.07068760367663
30
6.18837358517097
10
74.2590611888476
20
76.69098889480819
30
6.18837358517097
10
73.15857857828276
20
77.07606441489028
30
6.18837358517097
10
72
20
77.2066048694107
30
6.18837358517097
10
70.84142142171724
20
77.07606441489028
30
6.18837358517097
10
69.7409388111524
20
76.69098889480819
30
6.18837358517097
10
68.75373496161441
20
76.07068760367663
30
6.18837358517097
10
67.92931239632337
20
75.2462650383856
30
6.18837358517097
10
67.30901110519181
20
74.2590611888476
30
6.18837358517097
10
66.92393558510972
20
73.15857857828276
30
6.18837358517097
10
66.7933951305893
20
72
30
6.18837358517097
10
66.92393558510972
20
70.84142142171724
30
6.18837358517097
10
67.30901110519181
20
69.7409388111524
30
6.18837358517097
10
67.92931239632337
20
68.7537349616144
30
6.18837358517097
10
68.75373496161441
20
67.92931239632337
30
6.18837358517097
10
69.7409388111524
20
67.30901110519181
30
6.18837358517097
10
70.84142142171724
20
66.92393558510972
30
6.18837358517097
10
72
20
66.7933951305893
30
6.18837358517097
10
73.15857857828276
20
66.92393558510972
30
6.18837358517097
10
74.2590611888476
20
67.30901110519181
30
6.18837358517097
10
75.24626503838559
20
67.92931239632337
30
6.18837358517097
10
76.07068760367663
20
68.75373496161441
30
6.18837358517097
10
76.69098889480819
20
69.7409388111524
30
6.18837358517097
10
77.07606441489028
20
70.84142142171723
30
6.18837358517097
10
79.48187762230481
20
72
30
7.618022210383643
10
79.29429132951353
20
73.6648743962621
30
7.618022210383643
10
78.7409388111524
20
75.24626503838559
30
7.618022210383643
10
77.84956747309094
20
76.66487439626212
30
7.618022210383643
10
76.66487439626212
20
77.84956747309094
30
7.618022210383643
10
75.24626503838559
20
78.7409388111524
30
7.618022210383643
10
73.66487439626212
20
79.29429132951353
30
7.618022210383643
10
72
20
79.48187762230481
30
7.618022210383643
10
70.3351256037379
20
79.29429132951353
30
7.618022210383643
10
68.75373496161441
20
78.7409388111524
30
7.618022210383643
10
67.33512560373788
20
77.84956747309094
30
7.618022210383643
10
66.15043252690906
20
76.66487439626212
30
7.618022210383643
10
65.2590611888476
20
75.24626503838559
30
7.618022210383643
10
64.70570867048647
20
73.6648743962621
30
7.618022210383643
10
64.51812237769519
20
72
30
7.618022210383643
10
64.70570867048647
20
70.3351256037379
30
7.618022210383643
10
65.2590611888476
20
68.75373496161441
30
7.618022210383643
10
66.15043252690906
20
67.33512560373788
30
7.618022210383643
10
67.33512560373788
20
66.15043252690906
30
7.618022210383643
10
68.75373496161441
20
65.2590611888476
30
7.618022210383643
10
70.33512560373788
20
64.70570867048647
30
7.618022210383643
10
72
20
64.51812237769519
30
7.618022210383643
10
73.6648743962621
20
64.70570867048647
30
7.618022210383643
10
75.24626503838559
20
65.2590611888476
30
7.618022210383643
10
76.6648743962621
20
66.15043252690906
30
7.618022210383643
10
77.84956747309094
20
67.33512560373788
30
7.618022210383643
10
78.7409388111524
20
68.75373496161441
30
7.618022210383643
10
79.29429132951353
20
70.33512560373788
30
7.618022210383643
10
81.38197778961636
20
72
30
9.518122377695198
10
81.14675201856691
20
74.08768646010283
30
9.518122377695198
10
80.45286990779628
20
76.07068760367663
30
9.518122377695198
10
79.33512560373788
20
77.84956747309094
30
9.518122377695198
10
77.84956747309094
20
79.33512560373788
30
9.518122377695198
10
76.07068760367663
20
80.45286990779628
30
9.518122377695198
10
74.08768646010283
20
81.14675201856691
30
9.518122377695198
10
72
20
81.38197778961636
30
9.518122377695198
10
69.91231353989717
20
81.14675201856691
30
9.518122377695198
10
67.92931239632337
20
80.45286990779628
30
9.518122377695198
10
66.15043252690906
20
79.3351256037379
30
9.518122377695198
10
64.66487439626212
20
77.84956747309094
30
9.518122377695198
10
63.54713009220371
20
76.07068760367663
30
9.518122377695198
10
62.853247981433086
20
74.08768646010283
30
9.518122377695198
10
62.61802221038364
20
72
30
9.518122377695198
10
62.853247981433086
20
69.91231353989717
30
9.518122377695198
10
63.54713009220371
20
67.92931239632337
30
9.518122377695198
10
64.66487439626212
20
66.15043252690906
30
9.518122377695198
10
66.15043252690906
20
64.66487439626212
30
9.518122377695198
10
67.92931239632337
20
63.54713009220371
30
9.518122377695198
10
69.91231353989717
20
62.853247981433086
30
9.518122377695198
10
72
20
62.61802221038364
30
9.518122377695198
10
74.08768646010282
20
62.853247981433086
30
9.518122377695198
10
76.07068760367663
20
63.54713009220371
30
9.518122377695198
10
77.84956747309094
20
64.6648743962621
30
9.518122377695198
10
79.33512560373788
20
66.15043252690906
30
9.518122377695198
10
80.4528699077963
20
67.92931239632338
30
9.518122377695198
10
81.14675201856691
20
69.91231353989717
30
9.518122377695198
10
82.81162641482904
20
72
30
11.793395130589303
10
82.54055636789911
20
74.40581320741451
30
11.793395130589303
10
81.7409388111524
20
76.69098889480819
30
11.793395130589303
10
80.4528699077963
20
78.7409388111524
30
11.793395130589303
10
78.7409388111524
20
80.4528699077963
30
11.793395130589303
10
76.69098889480819
20
81.7409388111524
30
11.793395130589303
10
74.40581320741451
20
82.54055636789911
30
11.793395130589303
10
72
20
82.81162641482904
30
11.793395130589303
10
69.59418679258549
20
82.54055636789911
30
11.793395130589303
10
67.30901110519181
20
81.7409388111524
30
11.793395130589303
10
65.2590611888476
20
80.4528699077963
30
11.793395130589303
10
63.547130092203716
20
78.7409388111524
30
11.793395130589303
10
62.259061188847596
20
76.69098889480819
30
11.793395130589303
10
61.45944363210088
20
74.40581320741451
30
11.793395130589303
10
61.18837358517097
20
72
30
11.793395130589303
10
61.45944363210088
20
69.59418679258549
30
11.793395130589303
10
62.259061188847596
20
67.30901110519183
30
11.793395130589303
10
63.547130092203716
20
65.2590611888476
30
11.793395130589303
10
65.2590611888476
20
63.54713009220371
30
11.793395130589303
10
67.30901110519181
20
62.259061188847596
30
11.793395130589303
10
69.59418679258549
20
61.45944363210088
30
11.793395130589303
10
72
20
61.18837358517097
30
11.793395130589303
10
74.4058132074145
20
61.45944363210088
30
11.793395130589303
10
76.69098889480817
20
62.259061188847596
30
11.793395130589303
10
78.7409388111524
20
63.54713009220371
30
11.793395130589303
10
80.45286990779628
20
65.2590611888476
30
11.793395130589303
10
81.7409388111524
20
67.30901110519183
30
11.793395130589303
10
82.54055636789911
20
69.59418679258549
30
11.793395130589303
10
83.69913494618189
20
72
30
14.329748792524228
10
83.40581320741451
20
74.60330243470536
30
14.329748792524228
10
82.54055636789911
20
77.07606441489028
30
14.329748792524228
10
81.14675201856691
20
79.29429132951353
30
14.329748792524228
10
79.29429132951353
20
81.14675201856691
30
14.329748792524228
10
77.07606441489028
20
82.54055636789911
30
14.329748792524228
10
74.60330243470536
20
83.40581320741451
30
14.329748792524228
10
72
20
83.69913494618189
30
14.329748792524228
10
69.39669756529466
20
83.40581320741451
30
14.329748792524228
10
66.92393558510972
20
82.54055636789911
30
14.329748792524228
10
64.70570867048647
20
81.14675201856691
30
14.329748792524228
10
62.853247981433086
20
79.29429132951353
30
14.329748792524228
10
61.45944363210088
20
77.07606441489028
30
14.329748792524228
10
60.59418679258548
20
74.60330243470534
30
14.329748792524228
10
60.300865053818114
20
72
30
14.329748792524228
10
60.59418679258548
20
69.39669756529466
30
14.329748792524228
10
61.45944363210088
20
66.92393558510972
30
14.329748792524228
10
62.853247981433086
20
64.70570867048647
30
14.329748792524228
10
64.70570867048647
20
62.853247981433086
30
14.329748792524228
10
66.92393558510972
20
61.45944363210088
30
14.329748792524228
10
69.39669756529464
20
60.59418679258548
30
14.329748792524228
10
72
20
60.300865053818114
30
14.329748792524228
10
74.60330243470534
20
60.59418679258548
30
14.329748792524228
10
77.07606441489028
20
61.45944363210088
30
14.329748792524228
10
79.29429132951353
20
62.853247981433086
30
14.329748792524228
10
81.14675201856691
20
64.70570867048647
30
14.329748792524228
10
82.54055636789913
20
66.92393558510972
30
14.329748792524228
10
83.40581320741451
20
69.39669756529464
30
14.329748792524228
10
84
20
72
30
17
10
83.69913494618189
20
74.67025120747577
30
17
10
82.81162641482904
20
77.2066048694107
30
17
10
81.38197778961636
20
79.48187762230481
30
17
10
79.48187762230481
20
81.38197778961636
30
17
10
77.2066048694107
20
82.81162641482904
30
17
10
74.67025120747577
20
83.69913494618189
30
17
10
72
20
84
30
17
10
69.32974879252423
20
83.69913494618189
30
17
10
66.7933951305893
20
82.81162641482904
30
17
10
64.51812237769519
20
81.38197778961636
30
17
10
62.61802221038364
20
79.48187762230481
30
17
10
61.18837358517097
20
77.2066048694107
30
17
10
60.300865053818114
20
74.67025120747577
30
17
10
60
20
72
30
17
10
60.300865053818114
20
69.32974879252423
30
17
10
61.18837358517097
20
66.7933951305893
30
17
10
62.61802221038364
20
64.51812237769519
30
17
10
64.51812237769519
20
62.61802221038364
30
17
10
66.7933951305893
20
61.18837358517097
30
17
10
69.32974879252423
20
60.300865053818114
30
17
10
72
20
60
30
17
10
74.67025120747576
20
60.300865053818114
30
17
10
77.2066048694107
20
61.188373585170964
30
17
10
79.48187762230481
20
62.61802221038364
30
17
10
81.38197778961636
20
64.51812237769519
30
17
10
82.81162641482904
20
66.79339513058932
30
17
10
83.69913494618189
20
69.32974879252423
30
17
10
83.69913494618189
20
72
30
19.670251207475772
10
83.40581320741451
20
74.60330243470536
30
19.670251207475772
10
82.54055636789911
20
77.07606441489028
30
19.670251207475772
10
81.14675201856691
20
79.29429132951353
30
19.670251207475772
10
79.29429132951353
20
81.14675201856691
30
19.670251207475772
10
77.07606441489028
20
82.54055636789911
30
19.670251207475772
10
74.60330243470536
20
83.40581320741451
30
19.670251207475772
10
72
20
83.69913494618189
30
19.670251207475772
10
69.39669756529466
20
83.40581320741451
30
19.670251207475772
10
66.92393558510972
20
82.54055636789911
30
19.670251207475772
10
64.70570867048647
20
81.14675201856691
30
19.670251207475772
10
62.853247981433086
20
79.29429132951353
30
19.670251207475772
10
61.45944363210088
20
77.07606441489028
30
19.670251207475772
10
60.59418679258548
20
74.60330243470534
30
19.670251207475772
10
60.300865053818114
20
72
30
19.670251207475772
10
60.59418679258548
20
69.39669756529466
30
19.670251207475772
10
61.45944363210088
20
66.92393558510972
30
19.670251207475772
10
62.853247981433086
20
64.70570867048647
30
19.670251207475772
10
64.70570867048647
20
62.853247981433086
30
19.670251207475772
10
66.92393558510972
20
61.45944363210088
30
19.670251207475772
10
69.39669756529464
20
60.59418679258548
30
19.670251207475772
10
72
20
60.300865053818114
30
19.670251207475772
10
74.60330243470534
20
60.59418679258548
30
19.670251207475772
10
77.07606441489028
20
61.45944363210088
30
19.670251207475772
10
79.29429132951353
20
62.853247981433086
30
19.670251207475772
10
81.14675201856691
20
64.70570867048647
30
19.670251207475772
10
82.54055636789913
20
66.92393558510972
30
19.670251207475772
10
83.40581320741451
20
69.39669756529464
30
19.670251207475772
10
82.81162641482904
20
72
30
22.206604869410697
10
82.54055636789911
20
74.40581320741451
30
22.206604869410697
10
81.7409388111524
20
76.69098889480819
30
22.206604869410697
10
80.4528699077963
20
78.7409388111524
30
22.206604869410697
10
78.7409388111524
20
80.4528699077963
30
22.206604869410697
10
76.69098889480819
20
81.7409388111524
30
22.206604869410697
10
74.40581320741451
20
82.54055636789911
30
22.206604869410697
10
72
20
82.81162641482904
30
22.206604869410697
10
69.59418679258549
20
82.54055636789911
30
22.206604869410697
10
67.30901110519181
20
81.7409388111524
30
22.206604869410697
10
65.2590611888476
20
80.4528699077963
30
22.206604869410697
10
63.547130092203716
20
78.7409388111524
30
22.206604869410697
10
62.259061188847596
20
76.69098889480819
30
22.206604869410697
10
61.45944363210088
20
74.40581320741451
30
22.206604869410697
10
61.18837358517097
20
72
30
22.206604869410697
10
61.45944363210088
20
69.59418679258549
30
22.206604869410697
10
62.259061188847596
20
67.30901110519183
30
22.206604869410697
10
63.547130092203716
20
65.2590611888476
30
22.206604869410697
10
65.2590611888476
20
63.54713009220371
30
22.206604869410697
10
67.30901110519181
20
62.259061188847596
30
22.206604869410697
10
69.59418679258549
20
61.45944363210088
30
22.206604869410697
10
72
20
61.18837358517097
30
22.206604869410697
10
74.4058132074145
20
61.45944363210088
30
22.206604869410697
10
76.69098889480817
20
62.259061188847596
30
22.206604869410697
10
78.7409388111524
20
63.54713009220371
30
22.206604869410697
10
80.45286990779628
20
65.2590611888476
30
22.206604869410697
10
81.7409388111524
20
67.30901110519183
30
22.206604869410697
10
82.54055636789911
20
69.59418679258549
30
22.206604869410697
10
81.38197778961636
20
72
30
24.4818776223048
10
81.14675201856691
20
74.08768646010283
30
24.4818776223048
10
80.45286990779628
20
76.07068760367663
30
24.4818776223048
10
79.33512560373788
20
77.84956747309094
30
24.4818776223048
10
77.84956747309094
20
79.33512560373788
30
24.4818776223048
10
76.07068760367663
20
80.45286990779628
30
24.4818776223048
10
74.08768646010283
20
81.14675201856691
30
24.4818776223048
10
72
20
81.38197778961636
30
24.4818776223048
10
69.91231353989717
20
81.14675201856691
30
24.4818776223048
10
67.92931239632337
20
80.45286990779628
30
24.4818776223048
10
66.15043252690906
20
79.3351256037379
30
24.4818776223048
10
64.66487439626212
20
77.84956747309094
30
24.4818776223048
10
63.54713009220371
20
76.07068760367663
30
24.4818776223048
10
62.853247981433086
20
74.08768646010283
30
24.4818776223048
10
62.61802221038364
20
72
30
24.4818776223048
10
62.853247981433086
20
69.91231353989717
30
24.4818776223048
10
63.54713009220371
20
67.92931239632337
30
24.4818776223048
10
64.66487439626212
20
66.15043252690906
30
24.4818776223048
10
66.15043252690906
20
64.66487439626212
30
24.4818776223048
10
67.92931239632337
20
63.54713009220371
30
24.4818776223048
10
69.91231353989717
20
62.853247981433086
30
24.4818776223048
10
72
20
62.61802221038364
30
24.4818776223048
10
74.08768646010282
20
62.853247981433086
30
24.4818776223048
10
76.07068760367663
20
63.54713009220371
30
24.4818776223048
10
77.84956747309094
20
64.6648743962621
30
24.4818776223048
10
79.33512560373788
20
66.15043252690906
30
24.4818776223048
10
80.4528699077963
20
67.92931239632338
30
24.4818776223048
10
81.14675201856691
20
69.91231353989717
30
24.4818776223048
10
79.48187762230481
20
72
30
26.381977789616354
10
79.29429132951353
20
73.66487439626212
30
26.381977789616354
10
78.7409388111524
20
75.2462650383856
30
26.381977789616354
10
77.84956747309094
20
76.66487439626212
30
26.381977789616354
10
76.66487439626212
20
77.84956747309094
30
26.381977789616354
10
75.2462650383856
20
78.7409388111524
30
26.381977789616354
10
73.66487439626212
20
79.29429132951353
30
26.381977789616354
10
72
20
79.48187762230481
30
26.381977789616354
10
70.33512560373788
20
79.29429132951353
30
26.381977789616354
10
68.7537349616144
20
78.7409388111524
30
26.381977789616354
10
67.33512560373788
20
77.84956747309094
30
26.381977789616354
10
66.15043252690906
20
76.66487439626212
30
26.381977789616354
10
65.2590611888476
20
75.2462650383856
30
26.381977789616354
10
64.70570867048647
20
73.6648743962621
30
26.381977789616354
10
64.51812237769519
20
72
30
26.381977789616354
10
64.70570867048647
20
70.3351256037379
30
26.381977789616354
10
65.2590611888476
20
68.75373496161441
30
26.381977789616354
10
66.15043252690906
20
67.33512560373788
30
26.381977789616354
10
67.33512560373788
20
66.15043252690906
30
26.381977789616354
10
68.7537349616144
20
65.2590611888476
30
26.381977789616354
10
70.33512560373788
20
64.70570867048647
30
26.381977789616354
10
72
20
64.51812237769519
30
26.381977789616354
10
73.6648743962621
20
64.70570867048647
30
26.381977789616354
10
75.24626503838559
20
65.2590611888476
30
26.381977789616354
10
76.66487439626212
20
66.15043252690906
30
26.381977789616354
10
77.84956747309094
20
67.33512560373788
30
26.381977789616354
10
78.7409388111524
20
68.75373496161441
30
26.381977789616354
10
79.29429132951353
20
70.33512560373788
30
26.381977789616354
10
77.2066048694107
20
72
30
27.81162641482903
10
77.07606441489028
20
73.15857857828276
30
27.81162641482903
10
76.69098889480819
20
74.2590611888476
30
27.81162641482903
10
76.07068760367663
20
75.24626503838559
30
27.81162641482903
10
75.24626503838559
20
76.07068760367663
30
27.81162641482903
10
74.2590611888476
20
76.69098889480819
30
27.81162641482903
10
73.15857857828276
20
77.07606441489028
30
27.81162641482903
10
72
20
77.2066048694107
30
27.81162641482903
10
70.84142142171724
20
77.07606441489028
30
27.81162641482903
10
69.7409388111524
20
76.69098889480819
30
27.81162641482903
10
68.75373496161441
20
76.07068760367663
30
27.81162641482903
10
67.92931239632337
20
75.2462650383856
30
27.81162641482903
10
67.30901110519181
20
74.2590611888476
30
27.81162641482903
10
66.92393558510972
20
73.15857857828276
30
27.81162641482903
10
66.7933951305893
20
72
30
27.81162641482903
10
66.92393558510972
20
70.84142142171724
30
27.81162641482903
10
67.30901110519181
20
69.7409388111524
30
27.81162641482903
10
67.92931239632337
20
68.7537349616144
30
27.81162641482903
10
68.75373496161441
20
67.92931239632337
30
27.81162641482903
10
69.7409388111524
20
67.30901110519181
30
27.81162641482903
10
70.84142142171724
20
66.92393558510972
30
27.81162641482903
10
72
20
66.7933951305893
30
27.81162641482903
10
73.15857857828276
20
66.92393558510972
30
27.81162641482903
10
74.2590611888476
20
67.30901110519181
30
27.81162641482903
10
75.24626503838559
20
67.92931239632337
30
27.81162641482903
10
76.07068760367663
20
68.75373496161441
30
27.81162641482903
10
76.69098889480819
20
69.7409388111524
30
27.81162641482903
10
77.07606441489028
20
70.84142142171723
30
27.81162641482903
10
74.67025120747577
20
72
30
28.699134946181886
10
74.60330243470534
20
72.59418679258549
30
28.699134946181886
10
74.40581320741451
20
73.15857857828276
30
28.699134946181886
10
74.08768646010283
20
73.6648743962621
30
28.699134946181886
10
73.6648743962621
20
74.08768646010283
30
28.699134946181886
10
73.15857857828276
20
74.40581320741451
30
28.699134946181886
10
72.59418679258549
20
74.60330243470534
30
28.699134946181886
10
72
20
74.67025120747577
30
28.699134946181886
10
71.40581320741451
20
74.60330243470534
30
28.699134946181886
10
70.84142142171724
20
74.40581320741451
30
28.699134946181886
10
70.3351256037379
20
74.08768646010283
30
28.699134946181886
10
69.91231353989717
20
73.6648743962621
30
28.699134946181886
10
69.59418679258549
20
73.15857857828276
30
28.699134946181886
10
69.39669756529466
20
72.59418679258549
30
28.699134946181886
10
69.32974879252423
20
72
30
28.699134946181886
10
69.39669756529466
20
71.40581320741451
30
28.699134946181886
10
69.59418679258549
20
70.84142142171724
30
28.699134946181886
10
69.91231353989717
20
70.3351256037379
30
28.699134946181886
10
70.3351256037379
20
69.91231353989717
30
28.699134946181886
10
70.84142142171724
20
69.59418679258549
30
28.699134946181886
10
71.40581320741451
20
69.39669756529466
30
28.699134946181886
10
72
20
69.32974879252423
30
28.699134946181886
10
72.59418679258548
20
69.39669756529466
30
28.699134946181886
10
73.15857857828276
20
69.59418679258549
30
28.699134946181886
10
73.6648743962621
20
69.91231353989717
30
28.699134946181886
10
74.08768646010283
20
70.3351256037379
30
28.699134946181886
10
74.40581320741451
20
70.84142142171724
30
28.699134946181886
10
74.60330243470534
20
71.40581320741451
30
28.699134946181886
10
72
20
72
30
29
93
1904
90
3
90
0
90
2
90
1
90
3
90
365
90
337
90
338
90
4
90
1
90
2
90
30
90
29
90
4
90
29
90
30
90
58
90
57
90
4
90
57
90
58
90
86
90
85
90
4
90
85
90
86
90
114
90
113
90
4
90
113
90
114
90
142
90
141
90
4
90
141
90
142
90
170
90
169
90
4
90
169
90
170
90
198
90
197
90
4
90
197
90
198
90
226
90
225
90
4
90
225
90
226
90
254
90
253
90
4
90
253
90
254
90
282
90
281
90
4
90
281
90
282
90
310
90
309
90
4
90
309
90
310
90
338
90
337
90
3
90
0
90
3
90
2
90
3
90
365
90
338
90
339
90
4
90
2
90
3
90
31
90
30
90
4
90
30
90
31
90
59
90
58
90
4
90
58
90
59
90
87
90
86
90
4
90
86
90
87
90
115
90
114
90
4
90
114
90
115
90
143
90
142
90
4
90
142
90
143
90
171
90
170
90
4
90
170
90
171
90
199
90
198
90
4
90
198
90
199
90
227
90
226
90
4
90
226
90
227
90
255
90
254
90
4
90
254
90
255
90
283
90
282
90
4
90
282
90
283
90
311
90
310
90
4
90
310
90
311
90
339
90
338
90
3
90
0
90
4
90
3
90
3
90
365
90
339
90
340
90
4
90
3
90
4
90
32
90
31
90
4
90
31
90
32
90
60
90
59
90
4
90
59
90
60
90
88
90
87
90
4
90
87
90
88
90
116
90
115
90
4
90
115
90
116
90
144
90
143
90
4
90
143
90
144
90
172
90
171
90
4
90
171
90
172
90
200
90
199
90
4
90
199
90
200
90
228
90
227
90
4
90
227
90
228
90
256
90
255
90
4
90
255
90
256
90
284
90
283
90
4
90
283
90
284
90
312
90
311
90
4
90
311
90
312
90
340
90
339
90
3
90
0
90
5
90
4
90
3
90
365
90
340
90
341
90
4
90
4
90
5
90
33
90
32
90
4
90
32
90
33
90
61
90
60
90
4
90
60
90
61
90
89
90
88
90
4
90
88
90
89
90
117
90
116
90
4
90
116
90
117
90
145
90
144
90
4
90
144
90
145
90
173
90
172
90
4
90
172
90
173
90
201
90
200
90
4
90
200
90
201
90
229
90
228
90
4
90
228
90
229
90
257
90
256
90
4
90
256
90
257
90
285
90
284
90
4
90
284
90
285
90
313
90
312
90
4
90
312
90
313
90
341
90
340
90
3
90
0
90
6
90
5
90
3
90
365
90
341
90
342
90
4
90
5
90
6
90
34
90
33
90
4
90
33
90
34
90
62
90
61
90
4
90
61
90
62
90
90
90
89
90
4
90
89
90
90
90
118
90
117
90
4
90
117
90
118
90
146
90
145
90
4
90
145
90
146
90
174
90
173
90
4
90
173
90
174
90
202
90
201
90
4
90
201
90
202
90
230
90
229
90
4
90
229
90
230
90
258
90
257
90
4
90
257
90
258
90
286
90
285
90
4
90
285
90
286
90
314
90
313
90
4
90
313
90
314
90
342
90
341
90
3
90
0
90
7
90
6
90
3
90
365
90
342
90
343
90
4
90
6
90
7
90
35
90
34
90
4
90
34
90
35
90
63
90
62
90
4
90
62
90
63
90
91
90
90
90
4
90
90
90
91
90
119
90
118
90
4
90
118
90
119
90
147
90
146
90
4
90
146
90
147
90
175
90
174
90
4
90
174
90
175
90
203
90
202
90
4
90
202
90
203
90
231
90
230
90
4
90
230
90
231
90
259
90
258
90
4
90
258
90
259
90
287
90
286
90
4
90
286
90
287
90
315
90
314
90
4
90
314
90
315
90
343
90
342
90
3
90
0
90
8
90
7
90
3
90
365
90
343
90
344
90
4
90
7
90
8
90
36
90
35
90
4
90
35
90
36
90
64
90
63
90
4
90
63
90
64
90
92
90
91
90
4
90
91
90
92
90
120
90
119
90
4
90
119
90
120
90
148
90
147
90
4
90
147
90
148
90
176
90
175
90
4
90
175
90
176
90
204
90
203
90
4
90
203
90
204
90
232
90
231
90
4
90
231
90
232
90
260
90
259
90
4
90
259
90
260
90
288
90
287
90
4
90
287
90
288
90
316
90
315
90
4
90
315
90
316
90
344
90
343
90
3
90
0
90
9
90
8
90
3
90
365
90
344
90
345
90
4
90
8
90
9
90
37
90
36
90
4
90
36
90
37
90
65
90
64
90
4
90
64
90
65
90
93
90
92
90
4
90
92
90
93
90
121
90
120
90
4
90
120
90
121
90
149
90
148
90
4
90
148
90
149
90
177
90
176
90
4
90
176
90
177
90
205
90
204
90
4
90
204
90
205
90
233
90
232
90
4
90
232
90
233
90
261
90
260
90
4
90
260
90
261
90
289
90
288
90
4
90
288
90
289
90
317
90
316
90
4
90
316
90
317
90
345
90
344
90
3
90
0
90
10
90
9
90
3
90
365
90
345
90
346
90
4
90
9
90
10
90
38
90
37
90
4
90
37
90
38
90
66
90
65
90
4
90
65
90
66
90
94
90
93
90
4
90
93
90
94
90
122
90
121
90
4
90
121
90
122
90
150
90
149
90
4
90
149
90
150
90
178
90
177
90
4
90
177
90
178
90
206
90
205
90
4
90
205
90
206
90
234
90
233
90
4
90
233
90
234
90
262
90
261
90
4
90
261
90
262
90
290
90
289
90
4
90
289
90
290
90
318
90
317
90
4
90
317
90
318
90
346
90
345
90
3
90
0
90
11
90
10
90
3
90
365
90
346
90
347
90
4
90
10
90
11
90
39
90
38
90
4
90
38
90
39
90
67
90
66
90
4
90
66
90
67
90
95
90
94
90
4
90
94
90
95
90
123
90
122
90
4
90
122
90
123
90
151
90
150
90
4
90
150
90
151
90
179
90
178
90
4
90
178
90
179
90
207
90
206
90
4
90
206
90
207
90
235
90
234
90
4
90
234
90
235
90
263
90
262
90
4
90
262
90
263
90
291
90
290
90
4
90
290
90
291
90
319
90
318
90
4
90
318
90
319
90
347
90
346
90
3
90
0
90
12
90
11
90
3
90
365
90
347
90
348
90
4
90
11
90
12
90
40
90
39
90
4
90
39
90
40
90
68
90
67
90
4
90
67
90
68
90
96
90
95
90
4
90
95
90
96
90
124
90
123
90
4
90
123
90
124
90
152
90
151
90
4
90
151
90
152
90
180
90
179
90
4
90
179
90
180
90
208
90
207
90
4
90
207
90
208
90
236
90
235
90
4
90
235
90
236
90
264
90
263
90
4
90
263
90
264
90
292
90
291
90
4
90
291
90
292
90
320
90
319
90
4
90
319
90
320
90
348
90
347
90
3
90
0
90
13
90
12
90
3
90
365
90
348
90
349
90
4
90
12
90
13
90
41
90
40
90
4
90
40
90
41
90
69
90
68
90
4
90
68
90
69
90
97
90
96
90
4
90
96
90
97
90
125
90
124
90
4
90
124
90
125
90
153
90
152
90
4
90
152
90
153
90
181
90
180
90
4
90
180
90
181
90
209
90
208
90
4
90
208
90
209
90
237
90
236
90
4
90
236
90
237
90
265
90
264
90
4
90
264
90
265
90
293
90
292
90
4
90
292
90
293
90
321
90
320
90
4
90
320
90
321
90
349
90
348
90
3
90
0
90
14
90
13
90
3
90
365
90
349
90
350
90
4
90
13
90
14
90
42
90
41
90
4
90
41
90
42
90
70
90
69
90
4
90
69
90
70
90
98
90
97
90
4
90
97
90
98
90
126
90
125
90
4
90
125
90
126
90
154
90
153
90
4
90
153
90
154
90
182
90
181
90
4
90
181
90
182
90
210
90
209
90
4
90
209
90
210
90
238
90
237
90
4
90
237
90
238
90
266
90
265
90
4
90
265
90
266
90
294
90
293
90
4
90
293
90
294
90
322
90
321
90
4
90
321
90
322
90
350
90
349
90
3
90
0
90
15
90
14
90
3
90
365
90
350
90
351
90
4
90
14
90
15
90
43
90
42
90
4
90
42
90
43
90
71
90
70
90
4
90
70
90
71
90
99
90
98
90
4
90
98
90
99
90
127
90
126
90
4
90
126
90
127
90
155
90
154
90
4
90
154
90
155
90
183
90
182
90
4
90
182
90
183
90
211
90
210
90
4
90
210
90
211
90
239
90
238
90
4
90
238
90
239
90
267
90
266
90
4
90
266
90
267
90
295
90
294
90
4
90
294
90
295
90
323
90
322
90
4
90
322
90
323
90
351
90
350
90
3
90
0
90
16
90
15
90
3
90
365
90
351
90
352
90
4
90
15
90
16
90
44
90
43
90
4
90
43
90
44
90
72
90
71
90
4
90
71
90
72
90
100
90
99
90
4
90
99
90
100
90
128
90
127
90
4
90
127
90
128
90
156
90
155
90
4
90
155
90
156
90
184
90
183
90
4
90
183
90
184
90
212
90
211
90
4
90
211
90
212
90
240
90
239
90
4
90
239
90
240
90
268
90
267
90
4
90
267
90
268
90
296
90
295
90
4
90
295
90
296
90
324
90
323
90
4
90
323
90
324
90
352
90
351
90
3
90
0
90
17
90
16
90
3
90
365
90
352
90
353
90
4
90
16
90
17
90
45
90
44
90
4
90
44
90
45
90
73
90
72
90
4
90
72
90
73
90
101
90
100
90
4
90
100
90
101
90
129
90
128
90
4
90
128
90
129
90
157
90
156
90
4
90
156
90
157
90
185
90
184
90
4
90
184
90
185
90
213
90
212
90
4
90
212
90
213
90
241
90
240
90
4
90
240
90
241
90
269
90
268
90
4
90
268
90
269
90
297
90
296
90
4
90
296
90
297
90
325
90
324
90
4
90
324
90
325
90
353
90
352
90
3
90
0
90
18
90
17
90
3
90
365
90
353
90
354
90
4
90
17
90
18
90
46
90
45
90
4
90
45
90
46
90
74
90
73
90
4
90
73
90
74
90
102
90
101
90
4
90
101
90
102
90
130
90
129
90
4
90
129
90
130
90
158
90
157
90
4
90
157
90
158
90
186
90
185
90
4
90
185
90
186
90
214
90
213
90
4
90
213
90
214
90
242
90
241
90
4
90
241
90
242
90
270
90
269
90
4
90
269
90
270
90
298
90
297
90
4
90
297
90
298
90
326
90
325
90
4
90
325
90
326
90
354
90
353
90
3
90
0
90
19
90
18
90
3
90
365
90
354
90
355
90
4
90
18
90
19
90
47
90
46
90
4
90
46
90
47
90
75
90
74
90
4
90
74
90
75
90
103
90
102
90
4
90
102
90
103
90
131
90
130
90
4
90
130
90
131
90
159
90
158
90
4
90
158
90
159
90
187
90
186
90
4
90
186
90
187
90
215
90
214
90
4
90
214
90
215
90
243
90
242
90
4
90
242
90
243
90
271
90
270
90
4
90
270
90
271
90
299
90
298
90
4
90
298
90
299
90
327
90
326
90
4
90
326
90
327
90
355
90
354
90
3
90
0
90
20
90
19
90
3
90
365
90
355
90
356
90
4
90
19
90
20
90
48
90
47
90
4
90
47
90
48
90
76
90
75
90
4
90
75
90
76
90
104
90
103
90
4
90
103
90
104
90
132
90
131
90
4
90
131
90
132
90
160
90
159
90
4
90
159
90
160
90
188
90
187
90
4
90
187
90
188
90
216
90
215
90
4
90
215
90
216
90
244
90
243
90
4
90
243
90
244
90
272
90
271
90
4
90
271
90
272
90
300
90
299
90
4
90
299
90
300
90
328
90
327
90
4
90
327
90
328
90
356
90
355
90
3
90
0
90
21
90
20
90
3
90
365
90
356
90
357
90
4
90
20
90
21
90
49
90
48
90
4
90
48
90
49
90
77
90
76
90
4
90
76
90
77
90
105
90
104
90
4
90
104
90
105
90
133
90
132
90
4
90
132
90
133
90
161
90
160
90
4
90
160
90
161
90
189
90
188
90
4
90
188
90
189
90
217
90
216
90
4
90
216
90
217
90
245
90
244
90
4
90
244
90
245
90
273
90
272
90
4
90
272
90
273
90
301
90
300
90
4
90
300
90
301
90
329
90
328
90
4
90
328
90
329
90
357
90
356
90
3
90
0
90
22
90
21
90
3
90
365
90
357
90
358
90
4
90
21
90
22
90
50
90
49
90
4
90
49
90
50
90
78
90
77
90
4
90
77
90
78
90
106
90
105
90
4
90
105
90
106
90
134
90
133
90
4
90
133
90
134
90
162
90
161
90
4
90
161
90
162
90
190
90
189
90
4
90
189
90
190
90
218
90
217
90
4
90
217
90
218
90
246
90
245
90
4
90
245
90
246
90
274
90
273
90
4
90
273
90
274
90
302
90
301
90
4
90
301
90
302
90
330
90
329
90
4
90
329
90
330
90
358
90
357
90
3
90
0
90
23
90
22
90
3
90
365
90
358
90
359
90
4
90
22
90
23
90
51
90
50
90
4
90
50
90
51
90
79
90
78
90
4
90
78
90
79
90
107
90
106
90
4
90
106
90
107
90
135
90
134
90
4
90
134
90
135
90
163
90
162
90
4
90
162
90
163
90
191
90
190
90
4
90
190
90
191
90
219
90
218
90
4
90
218
90
219
90
247
90
246
90
4
90
246
90
247
90
275
90
274
90
4
90
274
90
275
90
303
90
302
90
4
90
302
90
303
90
331
90
330
90
4
90
330
90
331
90
359
90
358
90
3
90
0
90
24
90
23
90
3
90
365
90
359
90
360
90
4
90
23
90
24
90
52
90
51
90
4
90
51
90
52
90
80
90
79
90
4
90
79
90
80
90
108
90
107
90
4
90
107
90
108
90
136
90
135
90
4
90
135
90
136
90
164
90
163
90
4
90
163
90
164
90
192
90
191
90
4
90
191
90
192
90
220
90
219
90
4
90
219
90
220
90
248
90
247
90
4
90
247
90
248
90
276
90
275
90
4
90
275
90
276
90
304
90
303
90
4
90
303
90
304
90
332
90
331
90
4
90
331
90
332
90
360
90
359
90
3
90
0
90
25
90
24
90
3
90
365
90
360
90
361
90
4
90
24
90
25
90
53
90
52
90
4
90
52
90
53
90
81
90
80
90
4
90
80
90
81
90
109
90
108
90
4
90
108
90
109
90
137
90
136
90
4
90
136
90
137
90
165
90
164
90
4
90
164
90
165
90
193
90
192
90
4
90
192
90
193
90
221
90
220
90
4
90
220
90
221
90
249
90
248
90
4
90
248
90
249
90
277
90
276
90
4
90
276
90
277
90
305
90
304
90
4
90
304
90
305
90
333
90
332
90
4
90
332
90
333
90
361
90
360
90
3
90
0
90
26
90
25
90
3
90
365
90
361
90
362
90
4
90
25
90
26
90
54
90
53
90
4
90
53
90
54
90
82
90
81
90
4
90
81
90
82
90
110
90
109
90
4
90
109
90
110
90
138
90
137
90
4
90
137
90
138
90
166
90
165
90
4
90
165
90
166
90
194
90
193
90
4
90
193
90
194
90
222
90
221
90
4
90
221
90
222
90
250
90
249
90
4
90
249
90
250
90
278
90
277
90
4
90
277
90
278
90
306
90
305
90
4
90
305
90
306
90
334
90
333
90
4
90
333
90
334
90
362
90
361
90
3
90
0
90
27
90
26
90
3
90
365
90
362
90
363
90
4
90
26
90
27
90
55
90
54
90
4
90
54
90
55
90
83
90
82
90
4
90
82
90
83
90
111
90
110
90
4
90
110
90
111
90
139
90
138
90
4
90
138
90
139
90
167
90
166
90
4
90
166
90
167
90
195
90
194
90
4
90
194
90
195
90
223
90
222
90
4
90
222
90
223
90
251
90
250
90
4
90
250
90
251
90
279
90
278
90
4
90
278
90
279
90
307
90
306
90
4
90
306
90
307
90
335
90
334
90
4
90
334
90
335
90
363
90
362
90
3
90
0
90
28
90
27
90
3
90
365
90
363
90
364
90
4
90
27
90
28
90
56
90
55
90
4
90
55
90
56
90
84
90
83
90
4
90
83
90
84
90
112
90
111
90
4
90
111
90
112
90
140
90
139
90
4
90
139
90
140
90
168
90
167
90
4
90
167
90
168
90
196
90
195
90
4
90
195
90
196
90
224
90
223
90
4
90
223
90
224
90
252
90
251
90
4
90
251
90
252
90
280
90
279
90
4
90
279
90
280
90
308
90
307
90
4
90
307
90
308
90
336
90
335
90
4
90
335
90
336
90
364
90
363
90
3
90
0
90
1
90
28
90
3
90
365
90
364
90
337
90
4
90
28
90
1
90
29
90
56
90
4
90
56
90
29
90
57
90
84
90
4
90
84
90
57
90
85
90
112
90
4
90
112
90
85
90
113
90
140
90
4
90
140
90
113
90
141
90
168
90
4
90
168
90
141
90
169
90
196
90
4
90
196
90
169
90
197
90
224
90
4
90
224
90
197
90
225
90
252
90
4
90
252
90
225
90
253
90
280
90
4
90
280
90
253
90
281
90
308
90
4
90
308
90
281
90
309
90
336
90
4
90
336
90
309
90
337
90
364
94
0
95
0
90
0
1001
CONDUITCAD
1000
{"id":"e-mukbud6g-h","label":"Transparent polymer","feature3d":{"version":1,"kind":"sphere","parameters":{"radius":"Radius","segments":28,"x":"2*Spacing","y":"2*Spacing","z":"Radius+5"},"inputs":[],"s
1000
uppressed":false},"model3dConsumed":false,"appearance3d":{"id":"transparent","label":"Transparent polymer","color":"#98c3c5","metallic":0,"roughness":0.12,"opacity":0.28,"emission":0},"model3dUserHidd
1000
en":false}
0
MESH
5
111
330
124
100
AcDbEntity
8
Equipment
62
7
420
7831426
100
AcDbSubDMesh
71
2
72
0
91
0
92
56
10
86
20
72
30
0
10
85.64899077054554
20
75.11529307538841
30
0
10
84.61356415063386
20
78.07437234764582
30
0
10
82.94564075455241
20
80.72885722602227
30
0
10
80.72885722602227
20
82.94564075455241
30
0
10
78.07437234764582
20
84.61356415063386
30
0
10
75.11529307538841
20
85.64899077054554
30
0
10
72
20
86
30
0
10
68.8847069246116
20
85.64899077054554
30
0
10
65.9256276523542
20
84.61356415063386
30
0
10
63.27114277397773
20
82.94564075455241
30
0
10
61.054359245447586
20
80.72885722602227
30
0
10
59.38643584936614
20
78.07437234764582
30
0
10
58.35100922945447
20
75.1152930753884
30
0
10
58
20
72
30
0
10
58.35100922945447
20
68.8847069246116
30
0
10
59.38643584936613
20
65.9256276523542
30
0
10
61.054359245447586
20
63.27114277397773
30
0
10
63.27114277397773
20
61.054359245447586
30
0
10
65.92562765235418
20
59.38643584936614
30
0
10
68.88470692461159
20
58.35100922945447
30
0
10
72
20
58
30
0
10
75.1152930753884
20
58.35100922945446
30
0
10
78.0743723476458
20
59.38643584936613
30
0
10
80.72885722602227
20
61.054359245447586
30
0
10
82.94564075455241
20
63.27114277397773
30
0
10
84.61356415063388
20
65.9256276523542
30
0
10
85.64899077054552
20
68.88470692461159
30
0
10
86
20
72
30
4
10
85.64899077054554
20
75.11529307538841
30
4
10
84.61356415063386
20
78.07437234764582
30
4
10
82.94564075455241
20
80.72885722602227
30
4
10
80.72885722602227
20
82.94564075455241
30
4
10
78.07437234764582
20
84.61356415063386
30
4
10
75.11529307538841
20
85.64899077054554
30
4
10
72
20
86
30
4
10
68.8847069246116
20
85.64899077054554
30
4
10
65.9256276523542
20
84.61356415063386
30
4
10
63.27114277397773
20
82.94564075455241
30
4
10
61.054359245447586
20
80.72885722602227
30
4
10
59.38643584936614
20
78.07437234764582
30
4
10
58.35100922945447
20
75.1152930753884
30
4
10
58
20
72
30
4
10
58.35100922945447
20
68.8847069246116
30
4
10
59.38643584936613
20
65.9256276523542
30
4
10
61.054359245447586
20
63.27114277397773
30
4
10
63.27114277397773
20
61.054359245447586
30
4
10
65.92562765235418
20
59.38643584936614
30
4
10
68.88470692461159
20
58.35100922945447
30
4
10
72
20
58
30
4
10
75.1152930753884
20
58.35100922945446
30
4
10
78.0743723476458
20
59.38643584936613
30
4
10
80.72885722602227
20
61.054359245447586
30
4
10
82.94564075455241
20
63.27114277397773
30
4
10
84.61356415063388
20
65.9256276523542
30
4
10
85.64899077054552
20
68.88470692461159
30
4
93
198
90
28
90
27
90
26
90
25
90
24
90
23
90
22
90
21
90
20
90
19
90
18
90
17
90
16
90
15
90
14
90
13
90
12
90
11
90
10
90
9
90
8
90
7
90
6
90
5
90
4
90
3
90
2
90
1
90
0
90
28
90
28
90
29
90
30
90
31
90
32
90
33
90
34
90
35
90
36
90
37
90
38
90
39
90
40
90
41
90
42
90
43
90
44
90
45
90
46
90
47
90
48
90
49
90
50
90
51
90
52
90
53
90
54
90
55
90
4
90
0
90
1
90
29
90
28
90
4
90
1
90
2
90
30
90
29
90
4
90
2
90
3
90
31
90
30
90
4
90
3
90
4
90
32
90
31
90
4
90
4
90
5
90
33
90
32
90
4
90
5
90
6
90
34
90
33
90
4
90
6
90
7
90
35
90
34
90
4
90
7
90
8
90
36
90
35
90
4
90
8
90
9
90
37
90
36
90
4
90
9
90
10
90
38
90
37
90
4
90
10
90
11
90
39
90
38
90
4
90
11
90
12
90
40
90
39
90
4
90
12
90
13
90
41
90
40
90
4
90
13
90
14
90
42
90
41
90
4
90
14
90
15
90
43
90
42
90
4
90
15
90
16
90
44
90
43
90
4
90
16
90
17
90
45
90
44
90
4
90
17
90
18
90
46
90
45
90
4
90
18
90
19
90
47
90
46
90
4
90
19
90
20
90
48
90
47
90
4
90
20
90
21
90
49
90
48
90
4
90
21
90
22
90
50
90
49
90
4
90
22
90
23
90
51
90
50
90
4
90
23
90
24
90
52
90
51
90
4
90
24
90
25
90
53
90
52
90
4
90
25
90
26
90
54
90
53
90
4
90
26
90
27
90
55
90
54
90
4
90
27
90
0
90
28
90
55
94
0
95
0
90
0
1001
CONDUITCAD
1000
{"id":"e-mukbud6q-i","label":"Transparent polymer pedestal","feature3d":{"version":1,"kind":"cylinder","parameters":{"radius":14,"height":4,"segments":28,"x":"2*Spacing","y":"2*Spacing"},"inputs":[],"
1000
suppressed":false},"model3dConsumed":false,"appearance3d":{"metallic":0.3,"roughness":0.55,"emission":0,"opacity":1},"model3dUserHidden":false}
0
MESH
5
112
330
124
100
AcDbEntity
8
Equipment
62
7
420
13141077
100
AcDbSubDMesh
71
2
72
0
91
0
92
640
10
-18.304481869954856
20
36
30
18.469266270539638
10
-19.171572875253812
20
36
30
17.17157287525381
10
-20.46926627053964
20
36
30
16.304481869954852
10
-22
20
36
30
16
10
-23.530733729460362
20
36
30
16.304481869954856
10
-24.82842712474619
20
36
30
17.17157287525381
10
-25.695518130045148
20
36
30
18.46926627053964
10
-26
20
36
30
20
10
-25.695518130045148
20
36
30
21.53073372946036
10
-24.82842712474619
20
36
30
22.82842712474619
10
-23.53073372946036
20
36
30
23.695518130045148
10
-22
20
36
30
24
10
-20.46926627053964
20
36
30
23.695518130045148
10
-19.17157287525381
20
36
30
22.82842712474619
10
-18.304481869954852
20
36
30
21.53073372946036
10
-18
20
36
30
20
10
-18.571589699783985
20
39.39392677244424
30
18.469266270539638
10
-19.42800537595268
20
39.2582838548891
30
17.17157287525381
10
-20.70972201214381
20
39.05527988281133
30
16.304481869954852
10
-22.22160986928752
20
38.815820370724154
30
16
10
-23.73349772643123
20
38.57636085863699
30
16.304481869954856
10
-25.015214362622363
20
38.37335688655921
30
17.17157287525381
10
-25.87163003879106
20
38.23771396900407
30
18.46926627053964
10
-26.172363231668072
20
38.19008251056323
30
20
10
-25.87163003879106
20
38.23771396900407
30
21.53073372946036
10
-25.01521436262236
20
38.37335688655921
30
22.82842712474619
10
-23.733497726431228
20
38.57636085863699
30
23.695518130045148
10
-22.22160986928752
20
38.815820370724154
30
24
10
-20.70972201214381
20
39.05527988281133
30
23.695518130045148
10
-19.428005375952676
20
39.25828385488911
30
22.82842712474619
10
-18.57158969978398
20
39.393926772444246
30
21.53073372946036
10
-18.27085650690697
20
39.44155823088508
30
20
10
-19.36633610802092
20
42.70428380395373
30
18.469266270539638
10
-20.190988658831408
20
42.43633794764669
30
17.17157287525381
10
-21.42516841857118
20
42.03532863501525
30
16.304481869954852
10
-22.880982706687238
20
41.56230589874905
30
16
10
-24.336796994803297
20
41.08928316248286
30
16.304481869954856
10
-25.570976754543068
20
40.68827384985141
30
17.17157287525381
10
-26.395629305353555
20
40.420327993544376
30
18.46926627053964
10
-26.68520877186785
20
40.326237921249266
30
20
10
-26.395629305353555
20
40.420327993544376
30
21.53073372946036
10
-25.570976754543068
20
40.68827384985141
30
22.82842712474619
10
-24.336796994803294
20
41.08928316248286
30
23.695518130045148
10
-22.880982706687238
20
41.56230589874905
30
24
10
-21.42516841857118
20
42.03532863501525
30
23.695518130045148
10
-20.190988658831404
20
42.43633794764669
30
22.82842712474619
10
-19.366336108020917
20
42.70428380395373
30
21.53073372946036
10
-19.076756641506623
20
42.798373876248846
30
20
10
-20.66915180048276
20
45.849559117967594
30
18.469266270539638
10
-21.44173554326918
20
45.45590803915225
30
17.17157287525381
10
-22.597988824865006
20
44.86676756611773
30
16.304481869954852
10
-23.96188256460938
20
44.17182899531184
30
16
10
-25.325776304353752
20
43.47689042450595
30
16.304481869954856
10
-26.482029585949583
20
42.88774995147143
30
17.17157287525381
10
-27.254613328736
20
42.49409887265609
30
18.46926627053964
10
-27.52590866136285
20
42.355866996353654
30
20
10
-27.254613328736
20
42.49409887265609
30
21.53073372946036
10
-26.48202958594958
20
42.88774995147143
30
22.82842712474619
10
-25.32577630435375
20
43.47689042450595
30
23.695518130045148
10
-23.96188256460938
20
44.17182899531184
30
24
10
-22.597988824865006
20
44.86676756611773
30
23.695518130045148
10
-21.441735543269175
20
45.455908039152256
30
22.82842712474619
10
-20.669151800482755
20
45.849559117967594
30
21.53073372946036
10
-20.397856467855906
20
45.98779099427003
30
20
10
-22.447957131023696
20
48.75230559768451
30
18.469266270539638
10
-23.14944848998021
20
48.24264229237433
30
17.17157287525381
10
-24.199304500254573
20
47.47987725262797
30
16.304481869954852
10
-25.437694101250948
20
46.58013454126451
30
16
10
-26.676083702247322
20
45.68039182990106
30
16.304481869954856
10
-27.725939712521686
20
44.9176267901547
30
17.17157287525381
10
-28.427431071478196
20
44.40796348484452
30
18.46926627053964
10
-28.673762078750734
20
44.22899353209462
30
20
10
-28.427431071478196
20
44.40796348484452
30
21.53073372946036
10
-27.725939712521683
20
44.9176267901547
30
22.82842712474619
10
-26.67608370224732
20
45.68039182990106
30
23.695518130045148
10
-25.437694101250948
20
46.58013454126451
30
24
10
-24.199304500254573
20
47.47987725262797
30
23.695518130045148
10
-23.14944848998021
20
48.24264229237433
30
22.82842712474619
10
-22.447957131023696
20
48.75230559768451
30
21.53073372946036
10
-22.201626123751154
20
48.93127555043441
30
20
10
-24.658952008889393
20
51.34104799111061
30
18.469266270539638
10
-25.272077938642145
20
50.72792206135785
30
17.17157287525381
10
-26.189685738349752
20
49.81031426165025
30
16.304481869954852
10
-27.27207793864214
20
48.72792206135786
30
16
10
-28.354470138934538
20
47.645529861065455
30
16.304481869954856
10
-29.272077938642145
20
46.72792206135785
30
17.17157287525381
10
-29.885203868394896
20
46.114796131605104
30
18.46926627053964
10
-30.100505063388333
20
45.89949493661166
30
20
10
-29.885203868394896
20
46.114796131605104
30
21.53073372946036
10
-29.27207793864214
20
46.72792206135786
30
22.82842712474619
10
-28.354470138934538
20
47.64552986106546
30
23.695518130045148
10
-27.27207793864214
20
48.72792206135786
30
24
10
-26.189685738349752
20
49.81031426165025
30
23.695518130045148
10
-25.27207793864214
20
50.72792206135786
30
22.82842712474619
10
-24.65895200888939
20
51.34104799111061
30
21.53073372946036
10
-24.443650813895953
20
51.55634918610404
30
20
10
-27.24769440231549
20
53.5520428689763
30
18.469266270539638
10
-27.757357707625673
20
52.85055151001979
30
17.17157287525381
10
-28.520122747372028
20
51.80069549974543
30
16.304481869954852
10
-29.419865458735483
20
50.56230589874905
30
16
10
-30.319608170098938
20
49.323916297752675
30
16.304481869954856
10
-31.0823732098453
20
48.274060287478314
30
17.17157287525381
10
-31.592036515155478
20
47.572568928521804
30
18.46926627053964
10
-31.771006467905377
20
47.326237921249266
30
20
10
-31.592036515155478
20
47.572568928521804
30
21.53073372946036
10
-31.082373209845297
20
48.27406028747832
30
22.82842712474619
10
-30.319608170098938
20
49.32391629775268
30
23.695518130045148
10
-29.419865458735483
20
50.56230589874905
30
24
10
-28.520122747372028
20
51.80069549974543
30
23.695518130045148
10
-27.75735770762567
20
52.85055151001979
30
22.82842712474619
10
-27.24769440231549
20
53.5520428689763
30
21.53073372946036
10
-27.068724449565593
20
53.798373876248846
30
20
10
-30.150440882032406
20
55.33084819951724
30
18.469266270539638
10
-30.544091960847744
20
54.558264456730825
30
17.17157287525381
10
-31.13323243388227
20
53.40201117513499
30
16.304481869954852
10
-31.82817100468816
20
52.03811743539062
30
16
10
-32.52310957549405
20
50.67422369564625
30
16.304481869954856
10
-33.11225004852857
20
49.51797041405042
30
17.17157287525381
10
-33.50590112734391
20
48.745386671264
30
18.46926627053964
10
-33.644133003646346
20
48.47409133863715
30
20
10
-33.50590112734391
20
48.745386671264
30
21.53073372946036
10
-33.112250048528566
20
49.51797041405042
30
22.82842712474619
10
-32.52310957549405
20
50.67422369564625
30
23.695518130045148
10
-31.82817100468816
20
52.03811743539062
30
24
10
-31.13323243388227
20
53.40201117513499
30
23.695518130045148
10
-30.544091960847744
20
54.558264456730825
30
22.82842712474619
10
-30.150440882032406
20
55.33084819951725
30
21.53073372946036
10
-30.01220900572997
20
55.60214353214409
30
20
10
-33.29571619604627
20
56.63366389197908
30
18.469266270539638
10
-33.56366205235331
20
55.80901134116859
30
17.17157287525381
10
-33.96467136498475
20
54.574831581428825
30
16.304481869954852
10
-34.43769410125095
20
53.119017293312766
30
16
10
-34.91071683751714
20
51.663203005196706
30
16.304481869954856
10
-35.31172615014859
20
50.42902324545693
30
17.17157287525381
10
-35.579672006455624
20
49.60437069464645
30
18.46926627053964
10
-35.673762078750734
20
49.31479122813215
30
20
10
-35.579672006455624
20
49.60437069464645
30
21.53073372946036
10
-35.31172615014859
20
50.42902324545693
30
22.82842712474619
10
-34.91071683751714
20
51.663203005196706
30
23.695518130045148
10
-34.43769410125095
20
53.119017293312766
30
24
10
-33.96467136498475
20
54.574831581428825
30
23.695518130045148
10
-33.5636620523533
20
55.8090113411686
30
22.82842712474619
10
-33.29571619604627
20
56.63366389197908
30
21.53073372946036
10
-33.201626123751154
20
56.92324335849338
30
20
10
-36.606073227555754
20
57.428410300216015
30
18.469266270539638
10
-36.74171614511089
20
56.57199462404732
30
17.17157287525381
10
-36.94472011718867
20
55.290277987856186
30
16.304481869954852
10
-37.184179629275846
20
53.77839013071248
30
16
10
-37.42363914136301
20
52.26650227356877
30
16.304481869954856
10
-37.62664311344079
20
50.98478563737764
30
17.17157287525381
10
-37.76228603099593
20
50.12836996120894
30
18.46926627053964
10
-37.80991748943677
20
49.82763676833193
30
20
10
-37.76228603099593
20
50.12836996120894
30
21.53073372946036
10
-37.62664311344079
20
50.98478563737764
30
22.82842712474619
10
-37.42363914136301
20
52.266502273568776
30
23.695518130045148
10
-37.184179629275846
20
53.77839013071248
30
24
10
-36.94472011718867
20
55.290277987856186
30
23.695518130045148
10
-36.74171614511089
20
56.57199462404732
30
22.82842712474619
10
-36.606073227555754
20
57.428410300216015
30
21.53073372946036
10
-36.55844176911492
20
57.729143493093034
30
20
10
-40
20
57.695518130045144
30
18.469266270539638
10
-40
20
56.828427124746185
30
17.17157287525381
10
-40
20
55.53073372946036
30
16.304481869954852
10
-40
20
54
30
16
10
-40
20
52.469266270539634
30
16.304481869954856
10
-40
20
51.17157287525381
30
17.17157287525381
10
-40
20
50.304481869954856
30
18.46926627053964
10
-40
20
50
30
20
10
-40
20
50.304481869954856
30
21.53073372946036
10
-40
20
51.17157287525381
30
22.82842712474619
10
-40
20
52.46926627053964
30
23.695518130045148
10
-40
20
54
30
24
10
-40
20
55.53073372946036
30
23.695518130045148
10
-40
20
56.82842712474619
30
22.82842712474619
10
-40
20
57.695518130045144
30
21.53073372946036
10
-40
20
58
30
20
10
-43.39392677244424
20
57.428410300216015
30
18.469266270539638
10
-43.2582838548891
20
56.57199462404732
30
17.17157287525381
10
-43.05527988281132
20
55.290277987856186
30
16.304481869954852
10
-42.815820370724154
20
53.77839013071248
30
16
10
-42.57636085863698
20
52.26650227356877
30
16.304481869954856
10
-42.3733568865592
20
50.98478563737764
30
17.17157287525381
10
-42.23771396900406
20
50.12836996120894
30
18.46926627053964
10
-42.19008251056323
20
49.82763676833193
30
20
10
-42.23771396900406
20
50.12836996120894
30
21.53073372946036
10
-42.3733568865592
20
50.98478563737764
30
22.82842712474619
10
-42.57636085863698
20
52.266502273568776
30
23.695518130045148
10
-42.815820370724154
20
53.77839013071248
30
24
10
-43.05527988281132
20
55.290277987856186
30
23.695518130045148
10
-43.2582838548891
20
56.57199462404732
30
22.82842712474619
10
-43.39392677244424
20
57.428410300216015
30
21.53073372946036
10
-43.44155823088507
20
57.729143493093034
30
20
10
-46.70428380395373
20
56.63366389197908
30
18.469266270539638
10
-46.43633794764669
20
55.80901134116859
30
17.17157287525381
10
-46.03532863501525
20
54.574831581428825
30
16.304481869954852
10
-45.56230589874905
20
53.119017293312766
30
16
10
-45.08928316248286
20
51.663203005196706
30
16.304481869954856
10
-44.68827384985141
20
50.42902324545693
30
17.17157287525381
10
-44.420327993544376
20
49.60437069464645
30
18.46926627053964
10
-44.32623792124926
20
49.31479122813215
30
20
10
-44.420327993544376
20
49.60437069464645
30
21.53073372946036
10
-44.68827384985141
20
50.42902324545693
30
22.82842712474619
10
-45.08928316248286
20
51.663203005196706
30
23.695518130045148
10
-45.56230589874905
20
53.119017293312766
30
24
10
-46.03532863501525
20
54.574831581428825
30
23.695518130045148
10
-46.43633794764669
20
55.8090113411686
30
22.82842712474619
10
-46.70428380395373
20
56.63366389197908
30
21.53073372946036
10
-46.79837387624884
20
56.92324335849338
30
20
10
-49.849559117967594
20
55.33084819951724
30
18.469266270539638
10
-49.45590803915225
20
54.558264456730825
30
17.17157287525381
10
-48.86676756611773
20
53.402011175134994
30
16.304481869954852
10
-48.17182899531184
20
52.03811743539062
30
16
10
-47.47689042450595
20
50.67422369564625
30
16.304481869954856
10
-46.88774995147143
20
49.51797041405042
30
17.17157287525381
10
-46.49409887265609
20
48.745386671264
30
18.46926627053964
10
-46.355866996353654
20
48.47409133863715
30
20
10
-46.49409887265609
20
48.745386671264
30
21.53073372946036
10
-46.88774995147143
20
49.517970414050424
30
22.82842712474619
10
-47.47689042450595
20
50.67422369564625
30
23.695518130045148
10
-48.17182899531184
20
52.03811743539062
30
24
10
-48.86676756611773
20
53.402011175134994
30
23.695518130045148
10
-49.455908039152256
20
54.558264456730825
30
22.82842712474619
10
-49.849559117967594
20
55.33084819951725
30
21.53073372946036
10
-49.98779099427003
20
55.6021435321441
30
20
10
-52.75230559768451
20
53.5520428689763
30
18.469266270539638
10
-52.24264229237433
20
52.85055151001979
30
17.17157287525381
10
-51.47987725262797
20
51.80069549974543
30
16.304481869954852
10
-50.58013454126451
20
50.56230589874905
30
16
10
-49.680391829901055
20
49.323916297752675
30
16.304481869954856
10
-48.9176267901547
20
48.274060287478314
30
17.17157287525381
10
-48.407963484844515
20
47.572568928521804
30
18.46926627053964
10
-48.22899353209462
20
47.326237921249266
30
20
10
-48.407963484844515
20
47.572568928521804
30
21.53073372946036
10
-48.9176267901547
20
48.27406028747832
30
22.82842712474619
10
-49.68039182990106
20
49.32391629775268
30
23.695518130045148
10
-50.58013454126451
20
50.56230589874905
30
24
10
-51.47987725262797
20
51.80069549974543
30
23.695518130045148
10
-52.24264229237433
20
52.85055151001979
30
22.82842712474619
10
-52.75230559768451
20
53.5520428689763
30
21.53073372946036
10
-52.93127555043441
20
53.798373876248846
30
20
10
-55.34104799111061
20
51.34104799111061
30
18.469266270539638
10
-54.72792206135785
20
50.72792206135786
30
17.17157287525381
10
-53.81031426165025
20
49.81031426165025
30
16.304481869954852
10
-52.72792206135786
20
48.72792206135786
30
16
10
-51.645529861065455
20
47.64552986106546
30
16.304481869954856
10
-50.72792206135785
20
46.72792206135786
30
17.17157287525381
10
-50.114796131605104
20
46.114796131605104
30
18.46926627053964
10
-49.89949493661166
20
45.89949493661167
30
20
10
-50.114796131605104
20
46.114796131605104
30
21.53073372946036
10
-50.72792206135786
20
46.72792206135786
30
22.82842712474619
10
-51.64552986106546
20
47.64552986106546
30
23.695518130045148
10
-52.72792206135786
20
48.72792206135786
30
24
10
-53.81031426165025
20
49.81031426165025
30
23.695518130045148
10
-54.72792206135786
20
50.72792206135786
30
22.82842712474619
10
-55.34104799111061
20
51.341047991110614
30
21.53073372946036
10
-55.55634918610404
20
51.55634918610404
30
20
10
-57.5520428689763
20
48.75230559768451
30
18.469266270539638
10
-56.850551510019784
20
48.24264229237433
30
17.17157287525381
10
-55.80069549974542
20
47.47987725262797
30
16.304481869954852
10
-54.56230589874905
20
46.58013454126452
30
16
10
-53.323916297752675
20
45.68039182990106
30
16.304481869954856
10
-52.274060287478314
20
44.9176267901547
30
17.17157287525381
10
-51.572568928521804
20
44.40796348484452
30
18.46926627053964
10
-51.32623792124926
20
44.22899353209463
30
20
10
-51.572568928521804
20
44.40796348484452
30
21.53073372946036
10
-52.274060287478314
20
44.917626790154706
30
22.82842712474619
10
-53.32391629775268
20
45.68039182990106
30
23.695518130045148
10
-54.56230589874905
20
46.58013454126452
30
24
10
-55.80069549974542
20
47.47987725262797
30
23.695518130045148
10
-56.85055151001979
20
48.242642292374335
30
22.82842712474619
10
-57.5520428689763
20
48.75230559768451
30
21.53073372946036
10
-57.798373876248846
20
48.931275550434414
30
20
10
-59.33084819951724
20
45.849559117967594
30
18.469266270539638
10
-58.558264456730825
20
45.455908039152256
30
17.17157287525381
10
-57.40201117513499
20
44.86676756611773
30
16.304481869954852
10
-56.03811743539062
20
44.17182899531184
30
16
10
-54.67422369564625
20
43.47689042450595
30
16.304481869954856
10
-53.51797041405042
20
42.88774995147143
30
17.17157287525381
10
-52.745386671264
20
42.49409887265609
30
18.46926627053964
10
-52.47409133863715
20
42.355866996353654
30
20
10
-52.745386671264
20
42.49409887265609
30
21.53073372946036
10
-53.51797041405042
20
42.887749951471434
30
22.82842712474619
10
-54.67422369564625
20
43.47689042450595
30
23.695518130045148
10
-56.03811743539062
20
44.17182899531184
30
24
10
-57.40201117513499
20
44.86676756611773
30
23.695518130045148
10
-58.558264456730825
20
45.455908039152256
30
22.82842712474619
10
-59.33084819951725
20
45.849559117967594
30
21.53073372946036
10
-59.60214353214409
20
45.98779099427003
30
20
10
-60.63366389197908
20
42.70428380395373
30
18.469266270539638
10
-59.80901134116859
20
42.4363379476467
30
17.17157287525381
10
-58.574831581428825
20
42.03532863501525
30
16.304481869954852
10
-57.119017293312766
20
41.56230589874905
30
16
10
-55.663203005196706
20
41.08928316248286
30
16.304481869954856
10
-54.42902324545693
20
40.68827384985141
30
17.17157287525381
10
-53.60437069464645
20
40.420327993544376
30
18.46926627053964
10
-53.31479122813215
20
40.326237921249266
30
20
10
-53.60437069464645
20
40.420327993544376
30
21.53073372946036
10
-54.42902324545693
20
40.68827384985141
30
22.82842712474619
10
-55.663203005196706
20
41.08928316248286
30
23.695518130045148
10
-57.119017293312766
20
41.56230589874905
30
24
10
-58.574831581428825
20
42.03532863501525
30
23.695518130045148
10
-59.8090113411686
20
42.4363379476467
30
22.82842712474619
10
-60.63366389197908
20
42.704283803953736
30
21.53073372946036
10
-60.92324335849338
20
42.798373876248846
30
20
10
-61.428410300216015
20
39.393926772444246
30
18.469266270539638
10
-60.57199462404732
20
39.25828385488911
30
17.17157287525381
10
-59.290277987856186
20
39.05527988281133
30
16.304481869954852
10
-57.77839013071248
20
38.815820370724154
30
16
10
-56.26650227356876
20
38.57636085863699
30
16.304481869954856
10
-54.984785637377634
20
38.37335688655921
30
17.17157287525381
10
-54.12836996120894
20
38.23771396900407
30
18.46926627053964
10
-53.82763676833193
20
38.190082510563236
30
20
10
-54.12836996120894
20
38.23771396900407
30
21.53073372946036
10
-54.98478563737764
20
38.37335688655921
30
22.82842712474619
10
-56.26650227356877
20
38.57636085863699
30
23.695518130045148
10
-57.77839013071248
20
38.815820370724154
30
24
10
-59.290277987856186
20
39.05527988281133
30
23.695518130045148
10
-60.57199462404732
20
39.25828385488911
30
22.82842712474619
10
-61.428410300216015
20
39.393926772444246
30
21.53073372946036
10
-61.729143493093034
20
39.44155823088508
30
20
10
-61.695518130045144
20
36
30
18.469266270539638
10
-60.828427124746185
20
36
30
17.17157287525381
10
-59.53073372946036
20
36
30
16.304481869954852
10
-58
20
36
30
16
10
-56.469266270539634
20
36
30
16.304481869954856
10
-55.17157287525381
20
36
30
17.17157287525381
10
-54.304481869954856
20
36
30
18.46926627053964
10
-54
20
36
30
20
10
-54.304481869954856
20
36
30
21.53073372946036
10
-55.17157287525381
20
36
30
22.82842712474619
10
-56.46926627053964
20
36
30
23.695518130045148
10
-58
20
36
30
24
10
-59.53073372946036
20
36
30
23.695518130045148
10
-60.82842712474619
20
36
30
22.82842712474619
10
-61.695518130045144
20
36
30
21.53073372946036
10
-62
20
36
30
20
10
-61.428410300216015
20
32.60607322755576
30
18.469266270539638
10
-60.57199462404732
20
32.7417161451109
30
17.17157287525381
10
-59.290277987856186
20
32.94472011718868
30
16.304481869954852
10
-57.77839013071248
20
33.184179629275846
30
16
10
-56.26650227356877
20
33.42363914136302
30
16.304481869954856
10
-54.98478563737764
20
33.62664311344079
30
17.17157287525381
10
-54.12836996120894
20
33.76228603099593
30
18.46926627053964
10
-53.82763676833193
20
33.80991748943677
30
20
10
-54.12836996120894
20
33.76228603099593
30
21.53073372946036
10
-54.98478563737764
20
33.62664311344079
30
22.82842712474619
10
-56.266502273568776
20
33.42363914136301
30
23.695518130045148
10
-57.77839013071248
20
33.184179629275846
30
24
10
-59.290277987856186
20
32.94472011718868
30
23.695518130045148
10
-60.57199462404732
20
32.7417161451109
30
22.82842712474619
10
-61.428410300216015
20
32.60607322755576
30
21.53073372946036
10
-61.729143493093034
20
32.55844176911492
30
20
10
-60.63366389197908
20
29.295716196046282
30
18.469266270539638
10
-59.8090113411686
20
29.563662052353315
30
17.17157287525381
10
-58.574831581428825
20
29.964671364984763
30
16.304481869954852
10
-57.119017293312766
20
30.437694101250955
30
16
10
-55.663203005196706
20
30.91071683751715
30
16.304481869954856
10
-54.42902324545693
20
31.311726150148598
30
17.17157287525381
10
-53.60437069464645
20
31.57967200645563
30
18.46926627053964
10
-53.31479122813215
20
31.673762078750745
30
20
10
-53.60437069464645
20
31.57967200645563
30
21.53073372946036
10
-54.42902324545694
20
31.311726150148598
30
22.82842712474619
10
-55.663203005196706
20
30.91071683751715
30
23.695518130045148
10
-57.119017293312766
20
30.437694101250955
30
24
10
-58.574831581428825
20
29.964671364984763
30
23.695518130045148
10
-59.8090113411686
20
29.563662052353315
30
22.82842712474619
10
-60.63366389197908
20
29.29571619604628
30
21.53073372946036
10
-60.92324335849338
20
29.20162612375117
30
20
10
-59.33084819951724
20
26.15044088203241
30
18.469266270539638
10
-58.558264456730825
20
26.544091960847748
30
17.17157287525381
10
-57.402011175134994
20
27.13323243388227
30
16.304481869954852
10
-56.03811743539062
20
27.82817100468816
30
16
10
-54.67422369564625
20
28.52310957549405
30
16.304481869954856
10
-53.51797041405042
20
29.112250048528573
30
17.17157287525381
10
-52.745386671264
20
29.50590112734391
30
18.46926627053964
10
-52.47409133863715
20
29.644133003646346
30
20
10
-52.745386671264
20
29.50590112734391
30
21.53073372946036
10
-53.517970414050424
20
29.112250048528573
30
22.82842712474619
10
-54.67422369564625
20
28.523109575494047
30
23.695518130045148
10
-56.03811743539062
20
27.82817100468816
30
24
10
-57.402011175134994
20
27.13323243388227
30
23.695518130045148
10
-58.558264456730825
20
26.544091960847744
30
22.82842712474619
10
-59.33084819951725
20
26.150440882032406
30
21.53073372946036
10
-59.6021435321441
20
26.01220900572997
30
20
10
-57.5520428689763
20
23.247694402315492
30
18.469266270539638
10
-56.85055151001979
20
23.757357707625673
30
17.17157287525381
10
-55.80069549974543
20
24.520122747372028
30
16.304481869954852
10
-54.56230589874905
20
25.419865458735487
30
16
10
-53.323916297752675
20
26.31960817009894
30
16.304481869954856
10
-52.274060287478314
20
27.0823732098453
30
17.17157287525381
10
-51.572568928521804
20
27.59203651515548
30
18.46926627053964
10
-51.326237921249266
20
27.77100646790538
30
20
10
-51.572568928521804
20
27.59203651515548
30
21.53073372946036
10
-52.27406028747832
20
27.0823732098453
30
22.82842712474619
10
-53.32391629775268
20
26.319608170098938
30
23.695518130045148
10
-54.56230589874905
20
25.419865458735487
30
24
10
-55.80069549974543
20
24.520122747372028
30
23.695518130045148
10
-56.85055151001979
20
23.757357707625673
30
22.82842712474619
10
-57.5520428689763
20
23.24769440231549
30
21.53073372946036
10
-57.798373876248846
20
23.068724449565593
30
20
10
-55.341047991110614
20
20.658952008889393
30
18.469266270539638
10
-54.72792206135786
20
21.27207793864215
30
17.17157287525381
10
-53.81031426165025
20
22.189685738349752
30
16.304481869954852
10
-52.72792206135786
20
23.272077938642145
30
16
10
-51.64552986106546
20
24.35447013893454
30
16.304481869954856
10
-50.72792206135786
20
25.27207793864215
30
17.17157287525381
10
-50.114796131605104
20
25.8852038683949
30
18.46926627053964
10
-49.89949493661167
20
26.100505063388336
30
20
10
-50.114796131605104
20
25.8852038683949
30
21.53073372946036
10
-50.72792206135786
20
25.272077938642145
30
22.82842712474619
10
-51.64552986106546
20
24.354470138934538
30
23.695518130045148
10
-52.72792206135786
20
23.272077938642145
30
24
10
-53.81031426165025
20
22.189685738349752
30
23.695518130045148
10
-54.72792206135786
20
21.272077938642145
30
22.82842712474619
10
-55.341047991110614
20
20.658952008889393
30
21.53073372946036
10
-55.55634918610405
20
20.443650813895957
30
20
10
-52.75230559768451
20
18.4479571310237
30
18.469266270539638
10
-52.24264229237433
20
19.149448489980212
30
17.17157287525381
10
-51.47987725262797
20
20.199304500254577
30
16.304481869954852
10
-50.58013454126452
20
21.437694101250948
30
16
10
-49.68039182990106
20
22.676083702247325
30
16.304481869954856
10
-48.9176267901547
20
23.725939712521686
30
17.17157287525381
10
-48.40796348484452
20
24.4274310714782
30
18.46926627053964
10
-48.22899353209463
20
24.673762078750737
30
20
10
-48.40796348484452
20
24.4274310714782
30
21.53073372946036
10
-48.917626790154706
20
23.725939712521686
30
22.82842712474619
10
-49.68039182990106
20
22.67608370224732
30
23.695518130045148
10
-50.58013454126452
20
21.437694101250948
30
24
10
-51.47987725262797
20
20.199304500254577
30
23.695518130045148
10
-52.242642292374335
20
19.14944848998021
30
22.82842712474619
10
-52.75230559768451
20
18.447957131023696
30
21.53073372946036
10
-52.931275550434414
20
18.201626123751158
30
20
10
-49.849559117967594
20
16.66915180048276
30
18.469266270539638
10
-49.455908039152256
20
17.44173554326918
30
17.17157287525381
10
-48.86676756611773
20
18.59798882486501
30
16.304481869954852
10
-48.17182899531184
20
19.96188256460938
30
16
10
-47.47689042450595
20
21.325776304353752
30
16.304481869954856
10
-46.887749951471434
20
22.482029585949583
30
17.17157287525381
10
-46.49409887265609
20
23.254613328736003
30
18.46926627053964
10
-46.355866996353654
20
23.525908661362852
30
20
10
-46.49409887265609
20
23.254613328736003
30
21.53073372946036
10
-46.887749951471434
20
22.482029585949583
30
22.82842712474619
10
-47.47689042450595
20
21.325776304353752
30
23.695518130045148
10
-48.17182899531184
20
19.96188256460938
30
24
10
-48.86676756611773
20
18.59798882486501
30
23.695518130045148
10
-49.455908039152256
20
17.441735543269175
30
22.82842712474619
10
-49.8495591179676
20
16.669151800482755
30
21.53073372946036
10
-49.98779099427003
20
16.39785646785591
30
20
10
-46.704283803953736
20
15.36633610802092
30
18.469266270539638
10
-46.4363379476467
20
16.190988658831408
30
17.17157287525381
10
-46.03532863501525
20
17.42516841857118
30
16.304481869954852
10
-45.56230589874906
20
18.880982706687238
30
16
10
-45.08928316248286
20
20.336796994803297
30
16.304481869954856
10
-44.68827384985141
20
21.570976754543068
30
17.17157287525381
10
-44.420327993544376
20
22.395629305353555
30
18.46926627053964
10
-44.326237921249266
20
22.68520877186785
30
20
10
-44.420327993544376
20
22.395629305353555
30
21.53073372946036
10
-44.68827384985141
20
21.570976754543068
30
22.82842712474619
10
-45.089283162482864
20
20.336796994803294
30
23.695518130045148
10
-45.56230589874906
20
18.880982706687238
30
24
10
-46.03532863501525
20
17.42516841857118
30
23.695518130045148
10
-46.4363379476467
20
16.190988658831404
30
22.82842712474619
10
-46.704283803953736
20
15.366336108020917
30
21.53073372946036
10
-46.798373876248846
20
15.076756641506623
30
20
10
-43.393926772444246
20
14.571589699783988
30
18.469266270539638
10
-43.25828385488911
20
15.428005375952683
30
17.17157287525381
10
-43.05527988281133
20
16.709722012143814
30
16.304481869954852
10
-42.81582037072416
20
18.221609869287523
30
16
10
-42.57636085863699
20
19.733497726431235
30
16.304481869954856
10
-42.37335688655921
20
21.015214362622366
30
17.17157287525381
10
-42.23771396900407
20
21.87163003879106
30
18.46926627053964
10
-42.190082510563236
20
22.172363231668072
30
20
10
-42.23771396900407
20
21.87163003879106
30
21.53073372946036
10
-42.37335688655921
20
21.015214362622363
30
22.82842712474619
10
-42.57636085863699
20
19.73349772643123
30
23.695518130045148
10
-42.81582037072416
20
18.221609869287523
30
24
10
-43.05527988281133
20
16.709722012143814
30
23.695518130045148
10
-43.25828385488911
20
15.42800537595268
30
22.82842712474619
10
-43.393926772444246
20
14.571589699783985
30
21.53073372946036
10
-43.441558230885086
20
14.27085650690697
30
20
10
-40.00000000000001
20
14.304481869954856
30
18.469266270539638
10
-40.00000000000001
20
15.171572875253812
30
17.17157287525381
10
-40.00000000000001
20
16.46926627053964
30
16.304481869954852
10
-40
20
18
30
16
10
-40
20
19.530733729460362
30
16.304481869954856
10
-40
20
20.82842712474619
30
17.17157287525381
10
-40
20
21.695518130045148
30
18.46926627053964
10
-40
20
22
30
20
10
-40
20
21.695518130045148
30
21.53073372946036
10
-40
20
20.82842712474619
30
22.82842712474619
10
-40
20
19.53073372946036
30
23.695518130045148
10
-40
20
18
30
24
10
-40.00000000000001
20
16.46926627053964
30
23.695518130045148
10
-40.00000000000001
20
15.171572875253808
30
22.82842712474619
10
-40.00000000000001
20
14.304481869954852
30
21.53073372946036
10
-40.00000000000001
20
14
30
20
10
-36.60607322755576
20
14.571589699783985
30
18.469266270539638
10
-36.7417161451109
20
15.42800537595268
30
17.17157287525381
10
-36.94472011718868
20
16.70972201214381
30
16.304481869954852
10
-37.184179629275846
20
18.22160986928752
30
16
10
-37.42363914136302
20
19.73349772643123
30
16.304481869954856
10
-37.62664311344079
20
21.015214362622363
30
17.17157287525381
10
-37.76228603099594
20
21.87163003879106
30
18.46926627053964
10
-37.80991748943677
20
22.172363231668072
30
20
10
-37.76228603099594
20
21.87163003879106
30
21.53073372946036
10
-37.62664311344079
20
21.01521436262236
30
22.82842712474619
10
-37.42363914136302
20
19.733497726431228
30
23.695518130045148
10
-37.184179629275846
20
18.22160986928752
30
24
10
-36.94472011718868
20
16.70972201214381
30
23.695518130045148
10
-36.7417161451109
20
15.428005375952676
30
22.82842712474619
10
-36.60607322755576
20
14.571589699783981
30
21.53073372946036
10
-36.55844176911493
20
14.27085650690697
30
20
10
-33.29571619604627
20
15.36633610802092
30
18.469266270539638
10
-33.56366205235331
20
16.190988658831408
30
17.17157287525381
10
-33.96467136498475
20
17.42516841857118
30
16.304481869954852
10
-34.43769410125095
20
18.880982706687234
30
16
10
-34.91071683751714
20
20.336796994803294
30
16.304481869954856
10
-35.311726150148594
20
21.570976754543068
30
17.17157287525381
10
-35.579672006455624
20
22.395629305353552
30
18.46926627053964
10
-35.67376207875074
20
22.68520877186785
30
20
10
-35.579672006455624
20
22.395629305353552
30
21.53073372946036
10
-35.311726150148594
20
21.570976754543064
30
22.82842712474619
10
-34.91071683751714
20
20.336796994803294
30
23.695518130045148
10
-34.43769410125095
20
18.880982706687234
30
24
10
-33.96467136498475
20
17.42516841857118
30
23.695518130045148
10
-33.56366205235331
20
16.190988658831404
30
22.82842712474619
10
-33.29571619604627
20
15.366336108020917
30
21.53073372946036
10
-33.20162612375116
20
15.07675664150662
30
20
10
-30.150440882032413
20
16.669151800482755
30
18.469266270539638
10
-30.54409196084775
20
17.441735543269175
30
17.17157287525381
10
-31.13323243388227
20
18.597988824865006
30
16.304481869954852
10
-31.82817100468816
20
19.961882564609375
30
16
10
-32.52310957549405
20
21.325776304353752
30
16.304481869954856
10
-33.11225004852857
20
22.48202958594958
30
17.17157287525381
10
-33.50590112734391
20
23.254613328736
30
18.46926627053964
10
-33.644133003646346
20
23.52590866136285
30
20
10
-33.50590112734391
20
23.254613328736
30
21.53073372946036
10
-33.11225004852857
20
22.482029585949576
30
22.82842712474619
10
-32.52310957549405
20
21.325776304353745
30
23.695518130045148
10
-31.82817100468816
20
19.961882564609375
30
24
10
-31.13323243388227
20
18.597988824865006
30
23.695518130045148
10
-30.544091960847748
20
17.44173554326917
30
22.82842712474619
10
-30.15044088203241
20
16.66915180048275
30
21.53073372946036
10
-30.01220900572997
20
16.397856467855902
30
20
10
-27.247694402315496
20
18.447957131023696
30
18.469266270539638
10
-27.757357707625676
20
19.14944848998021
30
17.17157287525381
10
-28.520122747372035
20
20.19930450025457
30
16.304481869954852
10
-29.419865458735487
20
21.437694101250944
30
16
10
-30.319608170098945
20
22.67608370224732
30
16.304481869954856
10
-31.0823732098453
20
23.725939712521683
30
17.17157287525381
10
-31.592036515155485
20
24.427431071478196
30
18.46926627053964
10
-31.77100646790538
20
24.673762078750734
30
20
10
-31.592036515155485
20
24.427431071478196
30
21.53073372946036
10
-31.0823732098453
20
23.72593971252168
30
22.82842712474619
10
-30.31960817009894
20
22.67608370224732
30
23.695518130045148
10
-29.419865458735487
20
21.437694101250944
30
24
10
-28.520122747372035
20
20.19930450025457
30
23.695518130045148
10
-27.757357707625673
20
19.149448489980205
30
22.82842712474619
10
-27.247694402315492
20
18.447957131023692
30
21.53073372946036
10
-27.068724449565597
20
18.201626123751154
30
20
10
-24.658952008889397
20
20.65895200888939
30
18.469266270539638
10
-25.27207793864215
20
21.27207793864214
30
17.17157287525381
10
-26.189685738349752
20
22.18968573834975
30
16.304481869954852
10
-27.27207793864215
20
23.27207793864214
30
16
10
-28.354470138934545
20
24.354470138934538
30
16.304481869954856
10
-29.27207793864215
20
25.27207793864214
30
17.17157287525381
10
-29.885203868394903
20
25.885203868394896
30
18.46926627053964
10
-30.100505063388336
20
26.100505063388333
30
20
10
-29.885203868394903
20
25.885203868394896
30
21.53073372946036
10
-29.27207793864215
20
25.27207793864214
30
22.82842712474619
10
-28.35447013893454
20
24.354470138934538
30
23.695518130045148
10
-27.27207793864215
20
23.27207793864214
30
24
10
-26.189685738349752
20
22.18968573834975
30
23.695518130045148
10
-25.27207793864215
20
21.27207793864214
30
22.82842712474619
10
-24.658952008889393
20
20.658952008889386
30
21.53073372946036
10
-24.443650813895957
20
20.44365081389595
30
20
10
-22.4479571310237
20
23.247694402315485
30
18.469266270539638
10
-23.149448489980212
20
23.757357707625665
30
17.17157287525381
10
-24.199304500254577
20
24.520122747372024
30
16.304481869954852
10
-25.437694101250948
20
25.41986545873548
30
16
10
-26.676083702247325
20
26.319608170098938
30
16.304481869954856
10
-27.725939712521686
20
27.082373209845294
30
17.17157287525381
10
-28.4274310714782
20
27.592036515155478
30
18.46926627053964
10
-28.673762078750737
20
27.771006467905373
30
20
10
-28.4274310714782
20
27.592036515155478
30
21.53073372946036
10
-27.725939712521686
20
27.082373209845294
30
22.82842712474619
10
-26.67608370224732
20
26.319608170098935
30
23.695518130045148
10
-25.437694101250948
20
25.41986545873548
30
24
10
-24.199304500254577
20
24.520122747372024
30
23.695518130045148
10
-23.14944848998021
20
23.757357707625665
30
22.82842712474619
10
-22.447957131023696
20
23.24769440231548
30
21.53073372946036
10
-22.201626123751158
20
23.068724449565586
30
20
10
-20.66915180048276
20
26.150440882032406
30
18.469266270539638
10
-21.44173554326918
20
26.544091960847744
30
17.17157287525381
10
-22.59798882486501
20
27.133232433882267
30
16.304481869954852
10
-23.96188256460938
20
27.828171004688155
30
16
10
-25.325776304353752
20
28.523109575494047
30
16.304481869954856
10
-26.482029585949583
20
29.11225004852857
30
17.17157287525381
10
-27.254613328736003
20
29.505901127343908
30
18.46926627053964
10
-27.525908661362852
20
29.644133003646342
30
20
10
-27.254613328736003
20
29.505901127343908
30
21.53073372946036
10
-26.482029585949583
20
29.112250048528566
30
22.82842712474619
10
-25.325776304353752
20
28.523109575494043
30
23.695518130045148
10
-23.96188256460938
20
27.828171004688155
30
24
10
-22.59798882486501
20
27.133232433882267
30
23.695518130045148
10
-21.441735543269175
20
26.54409196084774
30
22.82842712474619
10
-20.669151800482755
20
26.150440882032402
30
21.53073372946036
10
-20.39785646785591
20
26.012209005729964
30
20
10
-19.36633610802092
20
29.295716196046264
30
18.469266270539638
10
-20.190988658831408
20
29.5636620523533
30
17.17157287525381
10
-21.42516841857118
20
29.96467136498475
30
16.304481869954852
10
-22.880982706687238
20
30.437694101250944
30
16
10
-24.336796994803297
20
30.91071683751714
30
16.304481869954856
10
-25.570976754543068
20
31.311726150148587
30
17.17157287525381
10
-26.395629305353555
20
31.57967200645562
30
18.46926627053964
10
-26.68520877186785
20
31.673762078750734
30
20
10
-26.395629305353555
20
31.57967200645562
30
21.53073372946036
10
-25.570976754543068
20
31.311726150148587
30
22.82842712474619
10
-24.336796994803294
20
30.910716837517136
30
23.695518130045148
10
-22.880982706687238
20
30.437694101250944
30
24
10
-21.42516841857118
20
29.96467136498475
30
23.695518130045148
10
-20.190988658831404
20
29.5636620523533
30
22.82842712474619
10
-19.366336108020917
20
29.295716196046264
30
21.53073372946036
10
-19.076756641506623
20
29.201626123751154
30
20
10
-18.57158969978399
20
32.606073227555754
30
18.469266270539638
10
-19.428005375952683
20
32.74171614511089
30
17.17157287525381
10
-20.709722012143814
20
32.94472011718867
30
16.304481869954852
10
-22.221609869287523
20
33.18417962927584
30
16
10
-23.733497726431235
20
33.42363914136301
30
16.304481869954856
10
-25.015214362622366
20
33.62664311344079
30
17.17157287525381
10
-25.87163003879106
20
33.76228603099593
30
18.46926627053964
10
-26.172363231668072
20
33.809917489436764
30
20
10
-25.87163003879106
20
33.76228603099593
30
21.53073372946036
10
-25.015214362622363
20
33.62664311344079
30
22.82842712474619
10
-23.73349772643123
20
33.42363914136301
30
23.695518130045148
10
-22.221609869287523
20
33.18417962927584
30
24
10
-20.709722012143814
20
32.94472011718867
30
23.695518130045148
10
-19.42800537595268
20
32.74171614511089
30
22.82842712474619
10
-18.571589699783985
20
32.606073227555754
30
21.53073372946036
10
-18.27085650690697
20
32.558441769114914
30
20
93
3200
90
4
90
0
90
1
90
17
90
16
90
4
90
1
90
2
90
18
90
17
90
4
90
2
90
3
90
19
90
18
90
4
90
3
90
4
90
20
90
19
90
4
90
4
90
5
90
21
90
20
90
4
90
5
90
6
90
22
90
21
90
4
90
6
90
7
90
23
90
22
90
4
90
7
90
8
90
24
90
23
90
4
90
8
90
9
90
25
90
24
90
4
90
9
90
10
90
26
90
25
90
4
90
10
90
11
90
27
90
26
90
4
90
11
90
12
90
28
90
27
90
4
90
12
90
13
90
29
90
28
90
4
90
13
90
14
90
30
90
29
90
4
90
14
90
15
90
31
90
30
90
4
90
15
90
0
90
16
90
31
90
4
90
16
90
17
90
33
90
32
90
4
90
17
90
18
90
34
90
33
90
4
90
18
90
19
90
35
90
34
90
4
90
19
90
20
90
36
90
35
90
4
90
20
90
21
90
37
90
36
90
4
90
21
90
22
90
38
90
37
90
4
90
22
90
23
90
39
90
38
90
4
90
23
90
24
90
40
90
39
90
4
90
24
90
25
90
41
90
40
90
4
90
25
90
26
90
42
90
41
90
4
90
26
90
27
90
43
90
42
90
4
90
27
90
28
90
44
90
43
90
4
90
28
90
29
90
45
90
44
90
4
90
29
90
30
90
46
90
45
90
4
90
30
90
31
90
47
90
46
90
4
90
31
90
16
90
32
90
47
90
4
90
32
90
33
90
49
90
48
90
4
90
33
90
34
90
50
90
49
90
4
90
34
90
35
90
51
90
50
90
4
90
35
90
36
90
52
90
51
90
4
90
36
90
37
90
53
90
52
90
4
90
37
90
38
90
54
90
53
90
4
90
38
90
39
90
55
90
54
90
4
90
39
90
40
90
56
90
55
90
4
90
40
90
41
90
57
90
56
90
4
90
41
90
42
90
58
90
57
90
4
90
42
90
43
90
59
90
58
90
4
90
43
90
44
90
60
90
59
90
4
90
44
90
45
90
61
90
60
90
4
90
45
90
46
90
62
90
61
90
4
90
46
90
47
90
63
90
62
90
4
90
47
90
32
90
48
90
63
90
4
90
48
90
49
90
65
90
64
90
4
90
49
90
50
90
66
90
65
90
4
90
50
90
51
90
67
90
66
90
4
90
51
90
52
90
68
90
67
90
4
90
52
90
53
90
69
90
68
90
4
90
53
90
54
90
70
90
69
90
4
90
54
90
55
90
71
90
70
90
4
90
55
90
56
90
72
90
71
90
4
90
56
90
57
90
73
90
72
90
4
90
57
90
58
90
74
90
73
90
4
90
58
90
59
90
75
90
74
90
4
90
59
90
60
90
76
90
75
90
4
90
60
90
61
90
77
90
76
90
4
90
61
90
62
90
78
90
77
90
4
90
62
90
63
90
79
90
78
90
4
90
63
90
48
90
64
90
79
90
4
90
64
90
65
90
81
90
80
90
4
90
65
90
66
90
82
90
81
90
4
90
66
90
67
90
83
90
82
90
4
90
67
90
68
90
84
90
83
90
4
90
68
90
69
90
85
90
84
90
4
90
69
90
70
90
86
90
85
90
4
90
70
90
71
90
87
90
86
90
4
90
71
90
72
90
88
90
87
90
4
90
72
90
73
90
89
90
88
90
4
90
73
90
74
90
90
90
89
90
4
90
74
90
75
90
91
90
90
90
4
90
75
90
76
90
92
90
91
90
4
90
76
90
77
90
93
90
92
90
4
90
77
90
78
90
94
90
93
90
4
90
78
90
79
90
95
90
94
90
4
90
79
90
64
90
80
90
95
90
4
90
80
90
81
90
97
90
96
90
4
90
81
90
82
90
98
90
97
90
4
90
82
90
83
90
99
90
98
90
4
90
83
90
84
90
100
90
99
90
4
90
84
90
85
90
101
90
100
90
4
90
85
90
86
90
102
90
101
90
4
90
86
90
87
90
103
90
102
90
4
90
87
90
88
90
104
90
103
90
4
90
88
90
89
90
105
90
104
90
4
90
89
90
90
90
106
90
105
90
4
90
90
90
91
90
107
90
106
90
4
90
91
90
92
90
108
90
107
90
4
90
92
90
93
90
109
90
108
90
4
90
93
90
94
90
110
90
109
90
4
90
94
90
95
90
111
90
110
90
4
90
95
90
80
90
96
90
111
90
4
90
96
90
97
90
113
90
112
90
4
90
97
90
98
90
114
90
113
90
4
90
98
90
99
90
115
90
114
90
4
90
99
90
100
90
116
90
115
90
4
90
100
90
101
90
117
90
116
90
4
90
101
90
102
90
118
90
117
90
4
90
102
90
103
90
119
90
118
90
4
90
103
90
104
90
120
90
119
90
4
90
104
90
105
90
121
90
120
90
4
90
105
90
106
90
122
90
121
90
4
90
106
90
107
90
123
90
122
90
4
90
107
90
108
90
124
90
123
90
4
90
108
90
109
90
125
90
124
90
4
90
109
90
110
90
126
90
125
90
4
90
110
90
111
90
127
90
126
90
4
90
111
90
96
90
112
90
127
90
4
90
112
90
113
90
129
90
128
90
4
90
113
90
114
90
130
90
129
90
4
90
114
90
115
90
131
90
130
90
4
90
115
90
116
90
132
90
131
90
4
90
116
90
117
90
133
90
132
90
4
90
117
90
118
90
134
90
133
90
4
90
118
90
119
90
135
90
134
90
4
90
119
90
120
90
136
90
135
90
4
90
120
90
121
90
137
90
136
90
4
90
121
90
122
90
138
90
137
90
4
90
122
90
123
90
139
90
138
90
4
90
123
90
124
90
140
90
139
90
4
90
124
90
125
90
141
90
140
90
4
90
125
90
126
90
142
90
141
90
4
90
126
90
127
90
143
90
142
90
4
90
127
90
112
90
128
90
143
90
4
90
128
90
129
90
145
90
144
90
4
90
129
90
130
90
146
90
145
90
4
90
130
90
131
90
147
90
146
90
4
90
131
90
132
90
148
90
147
90
4
90
132
90
133
90
149
90
148
90
4
90
133
90
134
90
150
90
149
90
4
90
134
90
135
90
151
90
150
90
4
90
135
90
136
90
152
90
151
90
4
90
136
90
137
90
153
90
152
90
4
90
137
90
138
90
154
90
153
90
4
90
138
90
139
90
155
90
154
90
4
90
139
90
140
90
156
90
155
90
4
90
140
90
141
90
157
90
156
90
4
90
141
90
142
90
158
90
157
90
4
90
142
90
143
90
159
90
158
90
4
90
143
90
128
90
144
90
159
90
4
90
144
90
145
90
161
90
160
90
4
90
145
90
146
90
162
90
161
90
4
90
146
90
147
90
163
90
162
90
4
90
147
90
148
90
164
90
163
90
4
90
148
90
149
90
165
90
164
90
4
90
149
90
150
90
166
90
165
90
4
90
150
90
151
90
167
90
166
90
4
90
151
90
152
90
168
90
167
90
4
90
152
90
153
90
169
90
168
90
4
90
153
90
154
90
170
90
169
90
4
90
154
90
155
90
171
90
170
90
4
90
155
90
156
90
172
90
171
90
4
90
156
90
157
90
173
90
172
90
4
90
157
90
158
90
174
90
173
90
4
90
158
90
159
90
175
90
174
90
4
90
159
90
144
90
160
90
175
90
4
90
160
90
161
90
177
90
176
90
4
90
161
90
162
90
178
90
177
90
4
90
162
90
163
90
179
90
178
90
4
90
163
90
164
90
180
90
179
90
4
90
164
90
165
90
181
90
180
90
4
90
165
90
166
90
182
90
181
90
4
90
166
90
167
90
183
90
182
90
4
90
167
90
168
90
184
90
183
90
4
90
168
90
169
90
185
90
184
90
4
90
169
90
170
90
186
90
185
90
4
90
170
90
171
90
187
90
186
90
4
90
171
90
172
90
188
90
187
90
4
90
172
90
173
90
189
90
188
90
4
90
173
90
174
90
190
90
189
90
4
90
174
90
175
90
191
90
190
90
4
90
175
90
160
90
176
90
191
90
4
90
176
90
177
90
193
90
192
90
4
90
177
90
178
90
194
90
193
90
4
90
178
90
179
90
195
90
194
90
4
90
179
90
180
90
196
90
195
90
4
90
180
90
181
90
197
90
196
90
4
90
181
90
182
90
198
90
197
90
4
90
182
90
183
90
199
90
198
90
4
90
183
90
184
90
200
90
199
90
4
90
184
90
185
90
201
90
200
90
4
90
185
90
186
90
202
90
201
90
4
90
186
90
187
90
203
90
202
90
4
90
187
90
188
90
204
90
203
90
4
90
188
90
189
90
205
90
204
90
4
90
189
90
190
90
206
90
205
90
4
90
190
90
191
90
207
90
206
90
4
90
191
90
176
90
192
90
207
90
4
90
192
90
193
90
209
90
208
90
4
90
193
90
194
90
210
90
209
90
4
90
194
90
195
90
211
90
210
90
4
90
195
90
196
90
212
90
211
90
4
90
196
90
197
90
213
90
212
90
4
90
197
90
198
90
214
90
213
90
4
90
198
90
199
90
215
90
214
90
4
90
199
90
200
90
216
90
215
90
4
90
200
90
201
90
217
90
216
90
4
90
201
90
202
90
218
90
217
90
4
90
202
90
203
90
219
90
218
90
4
90
203
90
204
90
220
90
219
90
4
90
204
90
205
90
221
90
220
90
4
90
205
90
206
90
222
90
221
90
4
90
206
90
207
90
223
90
222
90
4
90
207
90
192
90
208
90
223
90
4
90
208
90
209
90
225
90
224
90
4
90
209
90
210
90
226
90
225
90
4
90
210
90
211
90
227
90
226
90
4
90
211
90
212
90
228
90
227
90
4
90
212
90
213
90
229
90
228
90
4
90
213
90
214
90
230
90
229
90
4
90
214
90
215
90
231
90
230
90
4
90
215
90
216
90
232
90
231
90
4
90
216
90
217
90
233
90
232
90
4
90
217
90
218
90
234
90
233
90
4
90
218
90
219
90
235
90
234
90
4
90
219
90
220
90
236
90
235
90
4
90
220
90
221
90
237
90
236
90
4
90
221
90
222
90
238
90
237
90
4
90
222
90
223
90
239
90
238
90
4
90
223
90
208
90
224
90
239
90
4
90
224
90
225
90
241
90
240
90
4
90
225
90
226
90
242
90
241
90
4
90
226
90
227
90
243
90
242
90
4
90
227
90
228
90
244
90
243
90
4
90
228
90
229
90
245
90
244
90
4
90
229
90
230
90
246
90
245
90
4
90
230
90
231
90
247
90
246
90
4
90
231
90
232
90
248
90
247
90
4
90
232
90
233
90
249
90
248
90
4
90
233
90
234
90
250
90
249
90
4
90
234
90
235
90
251
90
250
90
4
90
235
90
236
90
252
90
251
90
4
90
236
90
237
90
253
90
252
90
4
90
237
90
238
90
254
90
253
90
4
90
238
90
239
90
255
90
254
90
4
90
239
90
224
90
240
90
255
90
4
90
240
90
241
90
257
90
256
90
4
90
241
90
242
90
258
90
257
90
4
90
242
90
243
90
259
90
258
90
4
90
243
90
244
90
260
90
259
90
4
90
244
90
245
90
261
90
260
90
4
90
245
90
246
90
262
90
261
90
4
90
246
90
247
90
263
90
262
90
4
90
247
90
248
90
264
90
263
90
4
90
248
90
249
90
265
90
264
90
4
90
249
90
250
90
266
90
265
90
4
90
250
90
251
90
267
90
266
90
4
90
251
90
252
90
268
90
267
90
4
90
252
90
253
90
269
90
268
90
4
90
253
90
254
90
270
90
269
90
4
90
254
90
255
90
271
90
270
90
4
90
255
90
240
90
256
90
271
90
4
90
256
90
257
90
273
90
272
90
4
90
257
90
258
90
274
90
273
90
4
90
258
90
259
90
275
90
274
90
4
90
259
90
260
90
276
90
275
90
4
90
260
90
261
90
277
90
276
90
4
90
261
90
262
90
278
90
277
90
4
90
262
90
263
90
279
90
278
90
4
90
263
90
264
90
280
90
279
90
4
90
264
90
265
90
281
90
280
90
4
90
265
90
266
90
282
90
281
90
4
90
266
90
267
90
283
90
282
90
4
90
267
90
268
90
284
90
283
90
4
90
268
90
269
90
285
90
284
90
4
90
269
90
270
90
286
90
285
90
4
90
270
90
271
90
287
90
286
90
4
90
271
90
256
90
272
90
287
90
4
90
272
90
273
90
289
90
288
90
4
90
273
90
274
90
290
90
289
90
4
90
274
90
275
90
291
90
290
90
4
90
275
90
276
90
292
90
291
90
4
90
276
90
277
90
293
90
292
90
4
90
277
90
278
90
294
90
293
90
4
90
278
90
279
90
295
90
294
90
4
90
279
90
280
90
296
90
295
90
4
90
280
90
281
90
297
90
296
90
4
90
281
90
282
90
298
90
297
90
4
90
282
90
283
90
299
90
298
90
4
90
283
90
284
90
300
90
299
90
4
90
284
90
285
90
301
90
300
90
4
90
285
90
286
90
302
90
301
90
4
90
286
90
287
90
303
90
302
90
4
90
287
90
272
90
288
90
303
90
4
90
288
90
289
90
305
90
304
90
4
90
289
90
290
90
306
90
305
90
4
90
290
90
291
90
307
90
306
90
4
90
291
90
292
90
308
90
307
90
4
90
292
90
293
90
309
90
308
90
4
90
293
90
294
90
310
90
309
90
4
90
294
90
295
90
311
90
310
90
4
90
295
90
296
90
312
90
311
90
4
90
296
90
297
90
313
90
312
90
4
90
297
90
298
90
314
90
313
90
4
90
298
90
299
90
315
90
314
90
4
90
299
90
300
90
316
90
315
90
4
90
300
90
301
90
317
90
316
90
4
90
301
90
302
90
318
90
317
90
4
90
302
90
303
90
319
90
318
90
4
90
303
90
288
90
304
90
319
90
4
90
304
90
305
90
321
90
320
90
4
90
305
90
306
90
322
90
321
90
4
90
306
90
307
90
323
90
322
90
4
90
307
90
308
90
324
90
323
90
4
90
308
90
309
90
325
90
324
90
4
90
309
90
310
90
326
90
325
90
4
90
310
90
311
90
327
90
326
90
4
90
311
90
312
90
328
90
327
90
4
90
312
90
313
90
329
90
328
90
4
90
313
90
314
90
330
90
329
90
4
90
314
90
315
90
331
90
330
90
4
90
315
90
316
90
332
90
331
90
4
90
316
90
317
90
333
90
332
90
4
90
317
90
318
90
334
90
333
90
4
90
318
90
319
90
335
90
334
90
4
90
319
90
304
90
320
90
335
90
4
90
320
90
321
90
337
90
336
90
4
90
321
90
322
90
338
90
337
90
4
90
322
90
323
90
339
90
338
90
4
90
323
90
324
90
340
90
339
90
4
90
324
90
325
90
341
90
340
90
4
90
325
90
326
90
342
90
341
90
4
90
326
90
327
90
343
90
342
90
4
90
327
90
328
90
344
90
343
90
4
90
328
90
329
90
345
90
344
90
4
90
329
90
330
90
346
90
345
90
4
90
330
90
331
90
347
90
346
90
4
90
331
90
332
90
348
90
347
90
4
90
332
90
333
90
349
90
348
90
4
90
333
90
334
90
350
90
349
90
4
90
334
90
335
90
351
90
350
90
4
90
335
90
320
90
336
90
351
90
4
90
336
90
337
90
353
90
352
90
4
90
337
90
338
90
354
90
353
90
4
90
338
90
339
90
355
90
354
90
4
90
339
90
340
90
356
90
355
90
4
90
340
90
341
90
357
90
356
90
4
90
341
90
342
90
358
90
357
90
4
90
342
90
343
90
359
90
358
90
4
90
343
90
344
90
360
90
359
90
4
90
344
90
345
90
361
90
360
90
4
90
345
90
346
90
362
90
361
90
4
90
346
90
347
90
363
90
362
90
4
90
347
90
348
90
364
90
363
90
4
90
348
90
349
90
365
90
364
90
4
90
349
90
350
90
366
90
365
90
4
90
350
90
351
90
367
90
366
90
4
90
351
90
336
90
352
90
367
90
4
90
352
90
353
90
369
90
368
90
4
90
353
90
354
90
370
90
369
90
4
90
354
90
355
90
371
90
370
90
4
90
355
90
356
90
372
90
371
90
4
90
356
90
357
90
373
90
372
90
4
90
357
90
358
90
374
90
373
90
4
90
358
90
359
90
375
90
374
90
4
90
359
90
360
90
376
90
375
90
4
90
360
90
361
90
377
90
376
90
4
90
361
90
362
90
378
90
377
90
4
90
362
90
363
90
379
90
378
90
4
90
363
90
364
90
380
90
379
90
4
90
364
90
365
90
381
90
380
90
4
90
365
90
366
90
382
90
381
90
4
90
366
90
367
90
383
90
382
90
4
90
367
90
352
90
368
90
383
90
4
90
368
90
369
90
385
90
384
90
4
90
369
90
370
90
386
90
385
90
4
90
370
90
371
90
387
90
386
90
4
90
371
90
372
90
388
90
387
90
4
90
372
90
373
90
389
90
388
90
4
90
373
90
374
90
390
90
389
90
4
90
374
90
375
90
391
90
390
90
4
90
375
90
376
90
392
90
391
90
4
90
376
90
377
90
393
90
392
90
4
90
377
90
378
90
394
90
393
90
4
90
378
90
379
90
395
90
394
90
4
90
379
90
380
90
396
90
395
90
4
90
380
90
381
90
397
90
396
90
4
90
381
90
382
90
398
90
397
90
4
90
382
90
383
90
399
90
398
90
4
90
383
90
368
90
384
90
399
90
4
90
384
90
385
90
401
90
400
90
4
90
385
90
386
90
402
90
401
90
4
90
386
90
387
90
403
90
402
90
4
90
387
90
388
90
404
90
403
90
4
90
388
90
389
90
405
90
404
90
4
90
389
90
390
90
406
90
405
90
4
90
390
90
391
90
407
90
406
90
4
90
391
90
392
90
408
90
407
90
4
90
392
90
393
90
409
90
408
90
4
90
393
90
394
90
410
90
409
90
4
90
394
90
395
90
411
90
410
90
4
90
395
90
396
90
412
90
411
90
4
90
396
90
397
90
413
90
412
90
4
90
397
90
398
90
414
90
413
90
4
90
398
90
399
90
415
90
414
90
4
90
399
90
384
90
400
90
415
90
4
90
400
90
401
90
417
90
416
90
4
90
401
90
402
90
418
90
417
90
4
90
402
90
403
90
419
90
418
90
4
90
403
90
404
90
420
90
419
90
4
90
404
90
405
90
421
90
420
90
4
90
405
90
406
90
422
90
421
90
4
90
406
90
407
90
423
90
422
90
4
90
407
90
408
90
424
90
423
90
4
90
408
90
409
90
425
90
424
90
4
90
409
90
410
90
426
90
425
90
4
90
410
90
411
90
427
90
426
90
4
90
411
90
412
90
428
90
427
90
4
90
412
90
413
90
429
90
428
90
4
90
413
90
414
90
430
90
429
90
4
90
414
90
415
90
431
90
430
90
4
90
415
90
400
90
416
90
431
90
4
90
416
90
417
90
433
90
432
90
4
90
417
90
418
90
434
90
433
90
4
90
418
90
419
90
435
90
434
90
4
90
419
90
420
90
436
90
435
90
4
90
420
90
421
90
437
90
436
90
4
90
421
90
422
90
438
90
437
90
4
90
422
90
423
90
439
90
438
90
4
90
423
90
424
90
440
90
439
90
4
90
424
90
425
90
441
90
440
90
4
90
425
90
426
90
442
90
441
90
4
90
426
90
427
90
443
90
442
90
4
90
427
90
428
90
444
90
443
90
4
90
428
90
429
90
445
90
444
90
4
90
429
90
430
90
446
90
445
90
4
90
430
90
431
90
447
90
446
90
4
90
431
90
416
90
432
90
447
90
4
90
432
90
433
90
449
90
448
90
4
90
433
90
434
90
450
90
449
90
4
90
434
90
435
90
451
90
450
90
4
90
435
90
436
90
452
90
451
90
4
90
436
90
437
90
453
90
452
90
4
90
437
90
438
90
454
90
453
90
4
90
438
90
439
90
455
90
454
90
4
90
439
90
440
90
456
90
455
90
4
90
440
90
441
90
457
90
456
90
4
90
441
90
442
90
458
90
457
90
4
90
442
90
443
90
459
90
458
90
4
90
443
90
444
90
460
90
459
90
4
90
444
90
445
90
461
90
460
90
4
90
445
90
446
90
462
90
461
90
4
90
446
90
447
90
463
90
462
90
4
90
447
90
432
90
448
90
463
90
4
90
448
90
449
90
465
90
464
90
4
90
449
90
450
90
466
90
465
90
4
90
450
90
451
90
467
90
466
90
4
90
451
90
452
90
468
90
467
90
4
90
452
90
453
90
469
90
468
90
4
90
453
90
454
90
470
90
469
90
4
90
454
90
455
90
471
90
470
90
4
90
455
90
456
90
472
90
471
90
4
90
456
90
457
90
473
90
472
90
4
90
457
90
458
90
474
90
473
90
4
90
458
90
459
90
475
90
474
90
4
90
459
90
460
90
476
90
475
90
4
90
460
90
461
90
477
90
476
90
4
90
461
90
462
90
478
90
477
90
4
90
462
90
463
90
479
90
478
90
4
90
463
90
448
90
464
90
479
90
4
90
464
90
465
90
481
90
480
90
4
90
465
90
466
90
482
90
481
90
4
90
466
90
467
90
483
90
482
90
4
90
467
90
468
90
484
90
483
90
4
90
468
90
469
90
485
90
484
90
4
90
469
90
470
90
486
90
485
90
4
90
470
90
471
90
487
90
486
90
4
90
471
90
472
90
488
90
487
90
4
90
472
90
473
90
489
90
488
90
4
90
473
90
474
90
490
90
489
90
4
90
474
90
475
90
491
90
490
90
4
90
475
90
476
90
492
90
491
90
4
90
476
90
477
90
493
90
492
90
4
90
477
90
478
90
494
90
493
90
4
90
478
90
479
90
495
90
494
90
4
90
479
90
464
90
480
90
495
90
4
90
480
90
481
90
497
90
496
90
4
90
481
90
482
90
498
90
497
90
4
90
482
90
483
90
499
90
498
90
4
90
483
90
484
90
500
90
499
90
4
90
484
90
485
90
501
90
500
90
4
90
485
90
486
90
502
90
501
90
4
90
486
90
487
90
503
90
502
90
4
90
487
90
488
90
504
90
503
90
4
90
488
90
489
90
505
90
504
90
4
90
489
90
490
90
506
90
505
90
4
90
490
90
491
90
507
90
506
90
4
90
491
90
492
90
508
90
507
90
4
90
492
90
493
90
509
90
508
90
4
90
493
90
494
90
510
90
509
90
4
90
494
90
495
90
511
90
510
90
4
90
495
90
480
90
496
90
511
90
4
90
496
90
497
90
513
90
512
90
4
90
497
90
498
90
514
90
513
90
4
90
498
90
499
90
515
90
514
90
4
90
499
90
500
90
516
90
515
90
4
90
500
90
501
90
517
90
516
90
4
90
501
90
502
90
518
90
517
90
4
90
502
90
503
90
519
90
518
90
4
90
503
90
504
90
520
90
519
90
4
90
504
90
505
90
521
90
520
90
4
90
505
90
506
90
522
90
521
90
4
90
506
90
507
90
523
90
522
90
4
90
507
90
508
90
524
90
523
90
4
90
508
90
509
90
525
90
524
90
4
90
509
90
510
90
526
90
525
90
4
90
510
90
511
90
527
90
526
90
4
90
511
90
496
90
512
90
527
90
4
90
512
90
513
90
529
90
528
90
4
90
513
90
514
90
530
90
529
90
4
90
514
90
515
90
531
90
530
90
4
90
515
90
516
90
532
90
531
90
4
90
516
90
517
90
533
90
532
90
4
90
517
90
518
90
534
90
533
90
4
90
518
90
519
90
535
90
534
90
4
90
519
90
520
90
536
90
535
90
4
90
520
90
521
90
537
90
536
90
4
90
521
90
522
90
538
90
537
90
4
90
522
90
523
90
539
90
538
90
4
90
523
90
524
90
540
90
539
90
4
90
524
90
525
90
541
90
540
90
4
90
525
90
526
90
542
90
541
90
4
90
526
90
527
90
543
90
542
90
4
90
527
90
512
90
528
90
543
90
4
90
528
90
529
90
545
90
544
90
4
90
529
90
530
90
546
90
545
90
4
90
530
90
531
90
547
90
546
90
4
90
531
90
532
90
548
90
547
90
4
90
532
90
533
90
549
90
548
90
4
90
533
90
534
90
550
90
549
90
4
90
534
90
535
90
551
90
550
90
4
90
535
90
536
90
552
90
551
90
4
90
536
90
537
90
553
90
552
90
4
90
537
90
538
90
554
90
553
90
4
90
538
90
539
90
555
90
554
90
4
90
539
90
540
90
556
90
555
90
4
90
540
90
541
90
557
90
556
90
4
90
541
90
542
90
558
90
557
90
4
90
542
90
543
90
559
90
558
90
4
90
543
90
528
90
544
90
559
90
4
90
544
90
545
90
561
90
560
90
4
90
545
90
546
90
562
90
561
90
4
90
546
90
547
90
563
90
562
90
4
90
547
90
548
90
564
90
563
90
4
90
548
90
549
90
565
90
564
90
4
90
549
90
550
90
566
90
565
90
4
90
550
90
551
90
567
90
566
90
4
90
551
90
552
90
568
90
567
90
4
90
552
90
553
90
569
90
568
90
4
90
553
90
554
90
570
90
569
90
4
90
554
90
555
90
571
90
570
90
4
90
555
90
556
90
572
90
571
90
4
90
556
90
557
90
573
90
572
90
4
90
557
90
558
90
574
90
573
90
4
90
558
90
559
90
575
90
574
90
4
90
559
90
544
90
560
90
575
90
4
90
560
90
561
90
577
90
576
90
4
90
561
90
562
90
578
90
577
90
4
90
562
90
563
90
579
90
578
90
4
90
563
90
564
90
580
90
579
90
4
90
564
90
565
90
581
90
580
90
4
90
565
90
566
90
582
90
581
90
4
90
566
90
567
90
583
90
582
90
4
90
567
90
568
90
584
90
583
90
4
90
568
90
569
90
585
90
584
90
4
90
569
90
570
90
586
90
585
90
4
90
570
90
571
90
587
90
586
90
4
90
571
90
572
90
588
90
587
90
4
90
572
90
573
90
589
90
588
90
4
90
573
90
574
90
590
90
589
90
4
90
574
90
575
90
591
90
590
90
4
90
575
90
560
90
576
90
591
90
4
90
576
90
577
90
593
90
592
90
4
90
577
90
578
90
594
90
593
90
4
90
578
90
579
90
595
90
594
90
4
90
579
90
580
90
596
90
595
90
4
90
580
90
581
90
597
90
596
90
4
90
581
90
582
90
598
90
597
90
4
90
582
90
583
90
599
90
598
90
4
90
583
90
584
90
600
90
599
90
4
90
584
90
585
90
601
90
600
90
4
90
585
90
586
90
602
90
601
90
4
90
586
90
587
90
603
90
602
90
4
90
587
90
588
90
604
90
603
90
4
90
588
90
589
90
605
90
604
90
4
90
589
90
590
90
606
90
605
90
4
90
590
90
591
90
607
90
606
90
4
90
591
90
576
90
592
90
607
90
4
90
592
90
593
90
609
90
608
90
4
90
593
90
594
90
610
90
609
90
4
90
594
90
595
90
611
90
610
90
4
90
595
90
596
90
612
90
611
90
4
90
596
90
597
90
613
90
612
90
4
90
597
90
598
90
614
90
613
90
4
90
598
90
599
90
615
90
614
90
4
90
599
90
600
90
616
90
615
90
4
90
600
90
601
90
617
90
616
90
4
90
601
90
602
90
618
90
617
90
4
90
602
90
603
90
619
90
618
90
4
90
603
90
604
90
620
90
619
90
4
90
604
90
605
90
621
90
620
90
4
90
605
90
606
90
622
90
621
90
4
90
606
90
607
90
623
90
622
90
4
90
607
90
592
90
608
90
623
90
4
90
608
90
609
90
625
90
624
90
4
90
609
90
610
90
626
90
625
90
4
90
610
90
611
90
627
90
626
90
4
90
611
90
612
90
628
90
627
90
4
90
612
90
613
90
629
90
628
90
4
90
613
90
614
90
630
90
629
90
4
90
614
90
615
90
631
90
630
90
4
90
615
90
616
90
632
90
631
90
4
90
616
90
617
90
633
90
632
90
4
90
617
90
618
90
634
90
633
90
4
90
618
90
619
90
635
90
634
90
4
90
619
90
620
90
636
90
635
90
4
90
620
90
621
90
637
90
636
90
4
90
621
90
622
90
638
90
637
90
4
90
622
90
623
90
639
90
638
90
4
90
623
90
608
90
624
90
639
90
4
90
624
90
625
90
1
90
0
90
4
90
625
90
626
90
2
90
1
90
4
90
626
90
627
90
3
90
2
90
4
90
627
90
628
90
4
90
3
90
4
90
628
90
629
90
5
90
4
90
4
90
629
90
630
90
6
90
5
90
4
90
630
90
631
90
7
90
6
90
4
90
631
90
632
90
8
90
7
90
4
90
632
90
633
90
9
90
8
90
4
90
633
90
634
90
10
90
9
90
4
90
634
90
635
90
11
90
10
90
4
90
635
90
636
90
12
90
11
90
4
90
636
90
637
90
13
90
12
90
4
90
637
90
638
90
14
90
13
90
4
90
638
90
639
90
15
90
14
90
4
90
639
90
624
90
0
90
15
94
0
95
0
90
0
1001
CONDUITCAD
1000
{"id":"e-mukbud6z-j","label":"Section contour and silhouette ring","feature3d":{"version":1,"kind":"torus","parameters":{"major":18,"minor":4,"segments":40,"x":-40,"y":36,"z":20},"inputs":[],"suppress
1000
ed":false},"model3dConsumed":false,"appearance3d":{"metallic":1,"roughness":0.23,"opacity":1,"emission":0},"model3dUserHidden":false}
0
ENDSEC
0
SECTION
2
OBJECTS
0
DICTIONARY
5
130
330
0
100
AcDbDictionary
281
1
3
ACAD_LAYOUT
350
131
3
ACAD_GROUP
350
132
3
CONDUITCAD_METADATA
350
135
0
DICTIONARY
5
131
330
130
100
AcDbDictionary
281
1
3
Model
350
133
3
Layout1
350
134
0
DICTIONARY
5
132
330
130
100
AcDbDictionary
281
1
0
LAYOUT
5
133
330
131
100
AcDbPlotSettings
1

2

4

6

40
0
41
0
42
0
43
0
44
420
45
297
46
0
47
0
48
0
49
0
140
0
141
0
142
1
143
1
70
0
72
1
73
0
74
5
7

75
16
76
0
77
0
78
300
147
1
148
0
149
0
100
AcDbLayout
1
Model
70
1
71
0
10
0
20
0
11
420
21
297
12
0
22
0
32
0
14
0
24
0
34
0
15
420
25
297
35
0
146
0
13
0
23
0
33
0
16
1
26
0
36
0
17
0
27
1
37
0
76
0
330
124
0
LAYOUT
5
134
330
131
100
AcDbPlotSettings
1

2

4

6

40
0
41
0
42
0
43
0
44
420
45
297
46
0
47
0
48
0
49
0
140
0
141
0
142
1
143
1
70
0
72
1
73
0
74
5
7

75
16
76
0
77
0
78
300
147
1
148
0
149
0
100
AcDbLayout
1
Layout1
70
1
71
1
10
0
20
0
11
420
21
297
12
0
22
0
32
0
14
0
24
0
34
0
15
420
25
297
35
0
146
0
13
0
23
0
33
0
16
1
26
0
36
0
17
0
27
1
37
0
76
0
330
125
0
XRECORD
5
135
330
130
100
AcDbXrecord
280
1
1
{"parameters":{"Radius":"12","Spacing":"36"},"constraints":[],"metadata":{"description":"Compare all viewport styles, section contours, material coefficients and transparent overlap.","modeling":{"ver
1
sion":1,"preferredMode":"3d"},"display3d":{"style":"realistic","environment":"studio","exposure":0,"grid":false,"ground":true,"shadows":true,"ambientOcclusion":true,"aoStrength":0.65,"aoRadius":0.06,"
1
background":"gradient","backgroundColor":"#f0f5f5","backgroundTop":"#cddde6","groundColor":"#e0e4e4","edgeColor":"#344d58","hiddenColor":"#80959d","edgeWidth":1,"silhouetteWidth":1.8,"creaseAngle":35,
1
"edgeDetail":"feature","hiddenDash":7,"xrayOpacity":0.24,"jitter":1.1,"overhang":2.5,"quality":"balanced","sectionCaps":true,"capColor":"#e2b86c","capHatch":true}}}
0
ENDSEC
0
EOF
