0
SECTION
2
HEADER
9
$ACADVER
1
AC1032
9
$INSUNITS
70
4
9
$LTSCALE
40
1
9
$MEASUREMENT
70
1
999
CONDUIT:{"parameters":{"grid":"10"},"constraints":[],"metadata":{"description":"Revolved annular hub with a circular bolt-hole pattern and native mesh Boolean cut.","modeling":{"version":1
999
CONDUIT:,"preferredMode":"3d","example":"flange","notes":"Editable faceted concept model. Not certified or construction-approved."}}}
9
$HANDSEED
5
128
9
$DWGCODEPAGE
3
ANSI_1252
9
$CLAYER
8
0
9
$TILEMODE
70
1
0
ENDSEC
0
SECTION
2
TABLES
0
TABLE
2
LTYPE
5
105
330
0
100
AcDbSymbolTable
70
4
0
LTYPE
5
106
100
AcDbSymbolTableRecord
100
AcDbLinetypeTableRecord
2
CONTINUOUS
70
0
3
Solid line
72
65
73
0
40
0
330
105
0
LTYPE
5
107
100
AcDbSymbolTableRecord
100
AcDbLinetypeTableRecord
2
DASHED
70
0
3
DASHED
72
65
73
2
40
12
49
8
74
0
49
-4
74
0
330
105
0
LTYPE
5
108
100
AcDbSymbolTableRecord
100
AcDbLinetypeTableRecord
2
CENTER
70
0
3
CENTER
72
65
73
4
40
20
49
12
74
0
49
-3
74
0
49
2
74
0
49
-3
74
0
330
105
0
LTYPE
5
109
100
AcDbSymbolTableRecord
100
AcDbLinetypeTableRecord
2
HIDDEN
70
0
3
HIDDEN
72
65
73
2
40
7
49
4
74
0
49
-3
74
0
330
105
0
ENDTAB
0
TABLE
2
LAYER
5
10A
330
0
100
AcDbSymbolTable
70
6
0
LAYER
5
10B
100
AcDbSymbolTableRecord
100
AcDbLayerTableRecord
2
0
70
0
62
7
420
3426133
6
CONTINUOUS
330
10A
0
LAYER
5
10C
100
AcDbSymbolTableRecord
100
AcDbLayerTableRecord
2
Equipment
70
0
62
7
420
3495011
6
CONTINUOUS
330
10A
0
LAYER
5
10D
100
AcDbSymbolTableRecord
100
AcDbLayerTableRecord
2
Process
70
0
62
7
420
1342583
6
CONTINUOUS
330
10A
0
LAYER
5
10E
100
AcDbSymbolTableRecord
100
AcDbLayerTableRecord
2
Instruments
70
0
62
7
420
10187334
6
CONTINUOUS
330
10A
0
LAYER
5
10F
100
AcDbSymbolTableRecord
100
AcDbLayerTableRecord
2
Electrical
70
0
62
7
420
6584250
6
CONTINUOUS
330
10A
0
LAYER
5
110
100
AcDbSymbolTableRecord
100
AcDbLayerTableRecord
2
Annotations
70
0
62
7
420
7438474
6
CONTINUOUS
330
10A
0
ENDTAB
0
TABLE
2
STYLE
5
111
330
0
100
AcDbSymbolTable
70
1
0
STYLE
5
112
100
AcDbSymbolTableRecord
100
AcDbTextStyleTableRecord
2
STANDARD
70
0
40
0
41
1
50
0
71
0
42
2.5
3
txt
4

330
111
0
ENDTAB
0
TABLE
2
APPID
5
113
330
0
100
AcDbSymbolTable
70
2
0
APPID
5
114
100
AcDbSymbolTableRecord
100
AcDbRegAppTableRecord
2
CONDUITCAD
70
0
330
113
0
APPID
5
121
100
AcDbSymbolTableRecord
100
AcDbRegAppTableRecord
2
ACAD
70
0
330
113
0
ENDTAB
0
TABLE
2
BLOCK_RECORD
5
115
330
0
100
AcDbSymbolTable
70
2
0
BLOCK_RECORD
5
116
100
AcDbSymbolTableRecord
100
AcDbBlockTableRecord
2
*Model_Space
340
125
330
115
0
BLOCK_RECORD
5
117
100
AcDbSymbolTableRecord
100
AcDbBlockTableRecord
2
*Paper_Space
340
126
330
115
0
ENDTAB
0
TABLE
2
VPORT
5
11C
330
0
100
AcDbSymbolTable
70
0
0
ENDTAB
0
TABLE
2
VIEW
5
11D
330
0
100
AcDbSymbolTable
70
0
0
ENDTAB
0
TABLE
2
UCS
5
11E
330
0
100
AcDbSymbolTable
70
0
0
ENDTAB
0
TABLE
2
DIMSTYLE
5
11F
330
0
100
AcDbSymbolTable
70
1
100
AcDbDimStyleTable
71
0
0
DIMSTYLE
105
120
330
11F
100
AcDbSymbolTableRecord
100
AcDbDimStyleTableRecord
2
STANDARD
70
0
340
112
0
ENDTAB
0
ENDSEC
0
SECTION
2
BLOCKS
0
BLOCK
5
118
330
116
100
AcDbEntity
8
0
100
AcDbBlockBegin
2
*Model_Space
70
1
10
0
20
0
30
0
3
*Model_Space
1

1001
CONDUITCAD
1000
{"ports":[]}
0
ENDBLK
5
119
330
116
100
AcDbEntity
8
0
100
AcDbBlockEnd
0
BLOCK
5
11A
330
117
100
AcDbEntity
8
0
100
AcDbBlockBegin
2
*Paper_Space
70
1
10
0
20
0
30
0
3
*Paper_Space
1

1001
CONDUITCAD
1000
{"ports":[]}
0
ENDBLK
5
11B
330
117
100
AcDbEntity
8
0
100
AcDbBlockEnd
0
ENDSEC
0
SECTION
2
ENTITIES
0
LWPOLYLINE
5
100
330
116
100
AcDbEntity
8
Annotations
60
1
100
AcDbPolyline
90
6
70
1
10
12
20
0
10
45
20
0
10
45
20
12
10
23
20
12
10
23
20
38
10
12
20
38
1001
CONDUITCAD
1000
{"id":"3d-flange-001","label":"Hub radius / height sketch","model3dConsumed":true,"model3dUserHidden":false}
0
MESH
5
101
330
116
100
AcDbEntity
8
Equipment
62
7
420
5543588
60
1
100
AcDbSubDMesh
71
2
72
0
91
0
92
240
10
12
20
0
30
38
10
23
20
0
30
38
10
23
20
0
30
12
10
45
20
0
30
12
10
45
20
0
30
0
10
12
20
0
30
0
10
11.852260087141653
20
1.8772135804827705
30
38
10
22.71683183368817
20
3.59799269592531
30
38
10
22.71683183368817
20
3.59799269592531
30
12
10
44.4459753267812
20
7.0395509268103895
30
12
10
44.4459753267812
20
7.0395509268103895
30
0
10
11.852260087141653
20
1.8772135804827705
30
0
10
11.412678195541842
20
3.7082039324993685
30
38
10
21.87429987478853
20
7.1073908706237905
30
38
10
21.87429987478853
20
7.1073908706237905
30
12
10
42.79754323328191
20
13.905764746872633
30
12
10
42.79754323328191
20
13.905764746872633
30
0
10
11.412678195541842
20
3.7082039324993685
30
0
10
10.692078290260415
20
5.447885996874561
30
38
10
20.49315005633246
20
10.441781494009575
30
38
10
20.49315005633246
20
10.441781494009575
30
12
10
40.09529358847656
20
20.429572488279604
30
12
10
40.09529358847656
20
20.429572488279604
30
0
10
10.692078290260415
20
5.447885996874561
30
0
10
9.70820393249937
20
7.053423027509678
30
38
10
18.607390870623792
20
13.519060802726882
30
38
10
18.607390870623792
20
13.519060802726882
30
12
10
36.405764746872634
20
26.45033635316129
30
12
10
36.405764746872634
20
26.45033635316129
30
0
10
9.70820393249937
20
7.053423027509678
30
0
10
8.485281374238571
20
8.48528137423857
30
38
10
16.263455967290593
20
16.263455967290593
30
38
10
16.263455967290593
20
16.263455967290593
30
12
10
31.81980515339464
20
31.819805153394636
30
12
10
31.81980515339464
20
31.819805153394636
30
0
10
8.485281374238571
20
8.48528137423857
30
0
10
7.053423027509678
20
9.70820393249937
30
38
10
13.519060802726882
20
18.607390870623792
30
38
10
13.519060802726882
20
18.607390870623792
30
12
10
26.45033635316129
20
36.405764746872634
30
12
10
26.45033635316129
20
36.405764746872634
30
0
10
7.053423027509678
20
9.70820393249937
30
0
10
5.447885996874563
20
10.692078290260413
30
38
10
10.441781494009577
20
20.49315005633246
30
38
10
10.441781494009577
20
20.49315005633246
30
12
10
20.429572488279607
20
40.09529358847655
30
12
10
20.429572488279607
20
40.09529358847655
30
0
10
5.447885996874563
20
10.692078290260413
30
0
10
3.7082039324993694
20
11.412678195541842
30
38
10
7.107390870623791
20
21.87429987478853
30
38
10
7.107390870623791
20
21.87429987478853
30
12
10
13.905764746872634
20
42.79754323328191
30
12
10
13.905764746872634
20
42.79754323328191
30
0
10
3.7082039324993694
20
11.412678195541842
30
0
10
1.877213580482771
20
11.852260087141653
30
38
10
3.5979926959253112
20
22.71683183368817
30
38
10
3.5979926959253112
20
22.71683183368817
30
12
10
7.039550926810391
20
44.4459753267812
30
12
10
7.039550926810391
20
44.4459753267812
30
0
10
1.877213580482771
20
11.852260087141653
30
0
10
7.347880794884119e-16
20
12
30
38
10
1.4083438190194562e-15
20
23
30
38
10
1.4083438190194562e-15
20
23
30
12
10
2.7554552980815448e-15
20
45
30
12
10
2.7554552980815448e-15
20
45
30
0
10
7.347880794884119e-16
20
12
30
0
10
-1.877213580482767
20
11.852260087141653
30
38
10
-3.5979926959253037
20
22.71683183368817
30
38
10
-3.5979926959253037
20
22.71683183368817
30
12
10
-7.039550926810376
20
44.4459753267812
30
12
10
-7.039550926810376
20
44.4459753267812
30
0
10
-1.877213580482767
20
11.852260087141653
30
0
10
-3.708203932499368
20
11.412678195541844
30
38
10
-7.107390870623789
20
21.874299874788534
30
38
10
-7.107390870623789
20
21.874299874788534
30
12
10
-13.90576474687263
20
42.797543233281914
30
12
10
-13.90576474687263
20
42.797543233281914
30
0
10
-3.708203932499368
20
11.412678195541844
30
0
10
-5.447885996874561
20
10.692078290260415
30
38
10
-10.441781494009575
20
20.49315005633246
30
38
10
-10.441781494009575
20
20.49315005633246
30
12
10
-20.429572488279604
20
40.09529358847656
30
12
10
-20.429572488279604
20
40.09529358847656
30
0
10
-5.447885996874561
20
10.692078290260415
30
0
10
-7.053423027509677
20
9.70820393249937
30
38
10
-13.51906080272688
20
18.607390870623792
30
38
10
-13.51906080272688
20
18.607390870623792
30
12
10
-26.450336353161287
20
36.405764746872634
30
12
10
-26.450336353161287
20
36.405764746872634
30
0
10
-7.053423027509677
20
9.70820393249937
30
0
10
-8.48528137423857
20
8.485281374238571
30
38
10
-16.263455967290593
20
16.263455967290593
30
38
10
-16.263455967290593
20
16.263455967290593
30
12
10
-31.819805153394636
20
31.81980515339464
30
12
10
-31.819805153394636
20
31.81980515339464
30
0
10
-8.48528137423857
20
8.485281374238571
30
0
10
-9.708203932499368
20
7.0534230275096785
30
38
10
-18.60739087062379
20
13.519060802726885
30
38
10
-18.60739087062379
20
13.519060802726885
30
12
10
-36.40576474687263
20
26.450336353161298
30
12
10
-36.40576474687263
20
26.450336353161298
30
0
10
-9.708203932499368
20
7.0534230275096785
30
0
10
-10.692078290260413
20
5.447885996874563
30
38
10
-20.49315005633246
20
10.441781494009577
30
38
10
-20.49315005633246
20
10.441781494009577
30
12
10
-40.09529358847655
20
20.429572488279607
30
12
10
-40.09529358847655
20
20.429572488279607
30
0
10
-10.692078290260413
20
5.447885996874563
30
0
10
-11.412678195541842
20
3.7082039324993703
30
38
10
-21.87429987478853
20
7.107390870623792
30
38
10
-21.87429987478853
20
7.107390870623792
30
12
10
-42.79754323328191
20
13.905764746872638
30
12
10
-42.79754323328191
20
13.905764746872638
30
0
10
-11.412678195541842
20
3.7082039324993703
30
0
10
-11.852260087141651
20
1.8772135804827719
30
38
10
-22.716831833688165
20
3.5979926959253126
30
38
10
-22.716831833688165
20
3.5979926959253126
30
12
10
-44.445975326781195
20
7.039550926810394
30
12
10
-44.445975326781195
20
7.039550926810394
30
0
10
-11.852260087141651
20
1.8772135804827719
30
0
10
-12
20
1.4695761589768238e-15
30
38
10
-23
20
2.8166876380389124e-15
30
38
10
-23
20
2.8166876380389124e-15
30
12
10
-45
20
5.5109105961630896e-15
30
12
10
-45
20
5.5109105961630896e-15
30
0
10
-12
20
1.4695761589768238e-15
30
0
10
-11.852260087141653
20
-1.8772135804827688
30
38
10
-22.71683183368817
20
-3.597992695925307
30
38
10
-22.71683183368817
20
-3.597992695925307
30
12
10
-44.4459753267812
20
-7.039550926810383
30
12
10
-44.4459753267812
20
-7.039550926810383
30
0
10
-11.852260087141653
20
-1.8772135804827688
30
0
10
-11.412678195541845
20
-3.7082039324993628
30
38
10
-21.874299874788537
20
-7.107390870623779
30
38
10
-21.874299874788537
20
-7.107390870623779
30
12
10
-42.79754323328192
20
-13.90576474687261
30
12
10
-42.79754323328192
20
-13.90576474687261
30
0
10
-11.412678195541845
20
-3.7082039324993628
30
0
10
-10.692078290260415
20
-5.44788599687456
30
38
10
-20.49315005633246
20
-10.441781494009573
30
38
10
-20.49315005633246
20
-10.441781494009573
30
12
10
-40.09529358847656
20
-20.4295724882796
30
12
10
-40.09529358847656
20
-20.4295724882796
30
0
10
-10.692078290260415
20
-5.44788599687456
30
0
10
-9.70820393249937
20
-7.053423027509677
30
38
10
-18.607390870623792
20
-13.51906080272688
30
38
10
-18.607390870623792
20
-13.51906080272688
30
12
10
-36.405764746872634
20
-26.450336353161287
30
12
10
-36.405764746872634
20
-26.450336353161287
30
0
10
-9.70820393249937
20
-7.053423027509677
30
0
10
-8.485281374238571
20
-8.48528137423857
30
38
10
-16.263455967290597
20
-16.263455967290593
30
38
10
-16.263455967290597
20
-16.263455967290593
30
12
10
-31.819805153394647
20
-31.819805153394636
30
12
10
-31.819805153394647
20
-31.819805153394636
30
0
10
-8.485281374238571
20
-8.48528137423857
30
0
10
-7.0534230275096785
20
-9.708203932499368
30
38
10
-13.519060802726885
20
-18.60739087062379
30
38
10
-13.519060802726885
20
-18.60739087062379
30
12
10
-26.450336353161298
20
-36.40576474687263
30
12
10
-26.450336353161298
20
-36.40576474687263
30
0
10
-7.0534230275096785
20
-9.708203932499368
30
0
10
-5.447885996874563
20
-10.692078290260413
30
38
10
-10.441781494009579
20
-20.49315005633246
30
38
10
-10.441781494009579
20
-20.49315005633246
30
12
10
-20.42957248827961
20
-40.09529358847655
30
12
10
-20.42957248827961
20
-40.09529358847655
30
0
10
-5.447885996874563
20
-10.692078290260413
30
0
10
-3.7082039324993707
20
-11.412678195541842
30
38
10
-7.107390870623794
20
-21.87429987478853
30
38
10
-7.107390870623794
20
-21.87429987478853
30
12
10
-13.90576474687264
20
-42.79754323328191
30
12
10
-13.90576474687264
20
-42.79754323328191
30
0
10
-3.7082039324993707
20
-11.412678195541842
30
0
10
-1.8772135804827723
20
-11.852260087141651
30
38
10
-3.597992695925314
20
-22.716831833688165
30
38
10
-3.597992695925314
20
-22.716831833688165
30
12
10
-7.039550926810397
20
-44.445975326781195
30
12
10
-7.039550926810397
20
-44.445975326781195
30
0
10
-1.8772135804827723
20
-11.852260087141651
30
0
10
-2.204364238465236e-15
20
-12
30
38
10
-4.225031457058368e-15
20
-23
30
38
10
-4.225031457058368e-15
20
-23
30
12
10
-8.266365894244634e-15
20
-45
30
12
10
-8.266365894244634e-15
20
-45
30
0
10
-2.204364238465236e-15
20
-12
30
0
10
1.877213580482768
20
-11.852260087141653
30
38
10
3.5979926959253055
20
-22.71683183368817
30
38
10
3.5979926959253055
20
-22.71683183368817
30
12
10
7.039550926810381
20
-44.4459753267812
30
12
10
7.039550926810381
20
-44.4459753267812
30
0
10
1.877213580482768
20
-11.852260087141653
30
0
10
3.7082039324993668
20
-11.412678195541844
30
38
10
7.107390870623786
20
-21.874299874788534
30
38
10
7.107390870623786
20
-21.874299874788534
30
12
10
13.905764746872626
20
-42.797543233281914
30
12
10
13.905764746872626
20
-42.797543233281914
30
0
10
3.7082039324993668
20
-11.412678195541844
30
0
10
5.447885996874559
20
-10.692078290260415
30
38
10
10.441781494009573
20
-20.493150056332464
30
38
10
10.441781494009573
20
-20.493150056332464
30
12
10
20.4295724882796
20
-40.09529358847656
30
12
10
20.4295724882796
20
-40.09529358847656
30
0
10
5.447885996874559
20
-10.692078290260415
30
0
10
7.053423027509675
20
-9.708203932499371
30
38
10
13.519060802726877
20
-18.607390870623792
30
38
10
13.519060802726877
20
-18.607390870623792
30
12
10
26.45033635316128
20
-36.40576474687264
30
12
10
26.45033635316128
20
-36.40576474687264
30
0
10
7.053423027509675
20
-9.708203932499371
30
0
10
8.485281374238568
20
-8.485281374238571
30
38
10
16.26345596729059
20
-16.263455967290597
30
38
10
16.26345596729059
20
-16.263455967290597
30
12
10
31.81980515339463
20
-31.819805153394647
30
12
10
31.81980515339463
20
-31.819805153394647
30
0
10
8.485281374238568
20
-8.485281374238571
30
0
10
9.708203932499368
20
-7.05342302750968
30
38
10
18.60739087062379
20
-13.519060802726887
30
38
10
18.60739087062379
20
-13.519060802726887
30
12
10
36.40576474687263
20
-26.4503363531613
30
12
10
36.40576474687263
20
-26.4503363531613
30
0
10
9.708203932499368
20
-7.05342302750968
30
0
10
10.692078290260413
20
-5.447885996874564
30
38
10
20.49315005633246
20
-10.44178149400958
30
38
10
20.49315005633246
20
-10.44178149400958
30
12
10
40.09529358847655
20
-20.429572488279614
30
12
10
40.09529358847655
20
-20.429572488279614
30
0
10
10.692078290260413
20
-5.447885996874564
30
0
10
11.412678195541842
20
-3.708203932499371
30
38
10
21.87429987478853
20
-7.107390870623795
30
38
10
21.87429987478853
20
-7.107390870623795
30
12
10
42.79754323328191
20
-13.905764746872643
30
12
10
42.79754323328191
20
-13.905764746872643
30
0
10
11.412678195541842
20
-3.708203932499371
30
0
10
11.852260087141651
20
-1.8772135804827734
30
38
10
22.716831833688165
20
-3.5979926959253157
30
38
10
22.716831833688165
20
-3.5979926959253157
30
12
10
44.445975326781195
20
-7.0395509268104
30
12
10
44.445975326781195
20
-7.0395509268104
30
0
10
11.852260087141651
20
-1.8772135804827734
30
0
93
1200
90
4
90
0
90
1
90
7
90
6
90
4
90
1
90
2
90
8
90
7
90
4
90
2
90
3
90
9
90
8
90
4
90
3
90
4
90
10
90
9
90
4
90
4
90
5
90
11
90
10
90
4
90
5
90
0
90
6
90
11
90
4
90
6
90
7
90
13
90
12
90
4
90
7
90
8
90
14
90
13
90
4
90
8
90
9
90
15
90
14
90
4
90
9
90
10
90
16
90
15
90
4
90
10
90
11
90
17
90
16
90
4
90
11
90
6
90
12
90
17
90
4
90
12
90
13
90
19
90
18
90
4
90
13
90
14
90
20
90
19
90
4
90
14
90
15
90
21
90
20
90
4
90
15
90
16
90
22
90
21
90
4
90
16
90
17
90
23
90
22
90
4
90
17
90
12
90
18
90
23
90
4
90
18
90
19
90
25
90
24
90
4
90
19
90
20
90
26
90
25
90
4
90
20
90
21
90
27
90
26
90
4
90
21
90
22
90
28
90
27
90
4
90
22
90
23
90
29
90
28
90
4
90
23
90
18
90
24
90
29
90
4
90
24
90
25
90
31
90
30
90
4
90
25
90
26
90
32
90
31
90
4
90
26
90
27
90
33
90
32
90
4
90
27
90
28
90
34
90
33
90
4
90
28
90
29
90
35
90
34
90
4
90
29
90
24
90
30
90
35
90
4
90
30
90
31
90
37
90
36
90
4
90
31
90
32
90
38
90
37
90
4
90
32
90
33
90
39
90
38
90
4
90
33
90
34
90
40
90
39
90
4
90
34
90
35
90
41
90
40
90
4
90
35
90
30
90
36
90
41
90
4
90
36
90
37
90
43
90
42
90
4
90
37
90
38
90
44
90
43
90
4
90
38
90
39
90
45
90
44
90
4
90
39
90
40
90
46
90
45
90
4
90
40
90
41
90
47
90
46
90
4
90
41
90
36
90
42
90
47
90
4
90
42
90
43
90
49
90
48
90
4
90
43
90
44
90
50
90
49
90
4
90
44
90
45
90
51
90
50
90
4
90
45
90
46
90
52
90
51
90
4
90
46
90
47
90
53
90
52
90
4
90
47
90
42
90
48
90
53
90
4
90
48
90
49
90
55
90
54
90
4
90
49
90
50
90
56
90
55
90
4
90
50
90
51
90
57
90
56
90
4
90
51
90
52
90
58
90
57
90
4
90
52
90
53
90
59
90
58
90
4
90
53
90
48
90
54
90
59
90
4
90
54
90
55
90
61
90
60
90
4
90
55
90
56
90
62
90
61
90
4
90
56
90
57
90
63
90
62
90
4
90
57
90
58
90
64
90
63
90
4
90
58
90
59
90
65
90
64
90
4
90
59
90
54
90
60
90
65
90
4
90
60
90
61
90
67
90
66
90
4
90
61
90
62
90
68
90
67
90
4
90
62
90
63
90
69
90
68
90
4
90
63
90
64
90
70
90
69
90
4
90
64
90
65
90
71
90
70
90
4
90
65
90
60
90
66
90
71
90
4
90
66
90
67
90
73
90
72
90
4
90
67
90
68
90
74
90
73
90
4
90
68
90
69
90
75
90
74
90
4
90
69
90
70
90
76
90
75
90
4
90
70
90
71
90
77
90
76
90
4
90
71
90
66
90
72
90
77
90
4
90
72
90
73
90
79
90
78
90
4
90
73
90
74
90
80
90
79
90
4
90
74
90
75
90
81
90
80
90
4
90
75
90
76
90
82
90
81
90
4
90
76
90
77
90
83
90
82
90
4
90
77
90
72
90
78
90
83
90
4
90
78
90
79
90
85
90
84
90
4
90
79
90
80
90
86
90
85
90
4
90
80
90
81
90
87
90
86
90
4
90
81
90
82
90
88
90
87
90
4
90
82
90
83
90
89
90
88
90
4
90
83
90
78
90
84
90
89
90
4
90
84
90
85
90
91
90
90
90
4
90
85
90
86
90
92
90
91
90
4
90
86
90
87
90
93
90
92
90
4
90
87
90
88
90
94
90
93
90
4
90
88
90
89
90
95
90
94
90
4
90
89
90
84
90
90
90
95
90
4
90
90
90
91
90
97
90
96
90
4
90
91
90
92
90
98
90
97
90
4
90
92
90
93
90
99
90
98
90
4
90
93
90
94
90
100
90
99
90
4
90
94
90
95
90
101
90
100
90
4
90
95
90
90
90
96
90
101
90
4
90
96
90
97
90
103
90
102
90
4
90
97
90
98
90
104
90
103
90
4
90
98
90
99
90
105
90
104
90
4
90
99
90
100
90
106
90
105
90
4
90
100
90
101
90
107
90
106
90
4
90
101
90
96
90
102
90
107
90
4
90
102
90
103
90
109
90
108
90
4
90
103
90
104
90
110
90
109
90
4
90
104
90
105
90
111
90
110
90
4
90
105
90
106
90
112
90
111
90
4
90
106
90
107
90
113
90
112
90
4
90
107
90
102
90
108
90
113
90
4
90
108
90
109
90
115
90
114
90
4
90
109
90
110
90
116
90
115
90
4
90
110
90
111
90
117
90
116
90
4
90
111
90
112
90
118
90
117
90
4
90
112
90
113
90
119
90
118
90
4
90
113
90
108
90
114
90
119
90
4
90
114
90
115
90
121
90
120
90
4
90
115
90
116
90
122
90
121
90
4
90
116
90
117
90
123
90
122
90
4
90
117
90
118
90
124
90
123
90
4
90
118
90
119
90
125
90
124
90
4
90
119
90
114
90
120
90
125
90
4
90
120
90
121
90
127
90
126
90
4
90
121
90
122
90
128
90
127
90
4
90
122
90
123
90
129
90
128
90
4
90
123
90
124
90
130
90
129
90
4
90
124
90
125
90
131
90
130
90
4
90
125
90
120
90
126
90
131
90
4
90
126
90
127
90
133
90
132
90
4
90
127
90
128
90
134
90
133
90
4
90
128
90
129
90
135
90
134
90
4
90
129
90
130
90
136
90
135
90
4
90
130
90
131
90
137
90
136
90
4
90
131
90
126
90
132
90
137
90
4
90
132
90
133
90
139
90
138
90
4
90
133
90
134
90
140
90
139
90
4
90
134
90
135
90
141
90
140
90
4
90
135
90
136
90
142
90
141
90
4
90
136
90
137
90
143
90
142
90
4
90
137
90
132
90
138
90
143
90
4
90
138
90
139
90
145
90
144
90
4
90
139
90
140
90
146
90
145
90
4
90
140
90
141
90
147
90
146
90
4
90
141
90
142
90
148
90
147
90
4
90
142
90
143
90
149
90
148
90
4
90
143
90
138
90
144
90
149
90
4
90
144
90
145
90
151
90
150
90
4
90
145
90
146
90
152
90
151
90
4
90
146
90
147
90
153
90
152
90
4
90
147
90
148
90
154
90
153
90
4
90
148
90
149
90
155
90
154
90
4
90
149
90
144
90
150
90
155
90
4
90
150
90
151
90
157
90
156
90
4
90
151
90
152
90
158
90
157
90
4
90
152
90
153
90
159
90
158
90
4
90
153
90
154
90
160
90
159
90
4
90
154
90
155
90
161
90
160
90
4
90
155
90
150
90
156
90
161
90
4
90
156
90
157
90
163
90
162
90
4
90
157
90
158
90
164
90
163
90
4
90
158
90
159
90
165
90
164
90
4
90
159
90
160
90
166
90
165
90
4
90
160
90
161
90
167
90
166
90
4
90
161
90
156
90
162
90
167
90
4
90
162
90
163
90
169
90
168
90
4
90
163
90
164
90
170
90
169
90
4
90
164
90
165
90
171
90
170
90
4
90
165
90
166
90
172
90
171
90
4
90
166
90
167
90
173
90
172
90
4
90
167
90
162
90
168
90
173
90
4
90
168
90
169
90
175
90
174
90
4
90
169
90
170
90
176
90
175
90
4
90
170
90
171
90
177
90
176
90
4
90
171
90
172
90
178
90
177
90
4
90
172
90
173
90
179
90
178
90
4
90
173
90
168
90
174
90
179
90
4
90
174
90
175
90
181
90
180
90
4
90
175
90
176
90
182
90
181
90
4
90
176
90
177
90
183
90
182
90
4
90
177
90
178
90
184
90
183
90
4
90
178
90
179
90
185
90
184
90
4
90
179
90
174
90
180
90
185
90
4
90
180
90
181
90
187
90
186
90
4
90
181
90
182
90
188
90
187
90
4
90
182
90
183
90
189
90
188
90
4
90
183
90
184
90
190
90
189
90
4
90
184
90
185
90
191
90
190
90
4
90
185
90
180
90
186
90
191
90
4
90
186
90
187
90
193
90
192
90
4
90
187
90
188
90
194
90
193
90
4
90
188
90
189
90
195
90
194
90
4
90
189
90
190
90
196
90
195
90
4
90
190
90
191
90
197
90
196
90
4
90
191
90
186
90
192
90
197
90
4
90
192
90
193
90
199
90
198
90
4
90
193
90
194
90
200
90
199
90
4
90
194
90
195
90
201
90
200
90
4
90
195
90
196
90
202
90
201
90
4
90
196
90
197
90
203
90
202
90
4
90
197
90
192
90
198
90
203
90
4
90
198
90
199
90
205
90
204
90
4
90
199
90
200
90
206
90
205
90
4
90
200
90
201
90
207
90
206
90
4
90
201
90
202
90
208
90
207
90
4
90
202
90
203
90
209
90
208
90
4
90
203
90
198
90
204
90
209
90
4
90
204
90
205
90
211
90
210
90
4
90
205
90
206
90
212
90
211
90
4
90
206
90
207
90
213
90
212
90
4
90
207
90
208
90
214
90
213
90
4
90
208
90
209
90
215
90
214
90
4
90
209
90
204
90
210
90
215
90
4
90
210
90
211
90
217
90
216
90
4
90
211
90
212
90
218
90
217
90
4
90
212
90
213
90
219
90
218
90
4
90
213
90
214
90
220
90
219
90
4
90
214
90
215
90
221
90
220
90
4
90
215
90
210
90
216
90
221
90
4
90
216
90
217
90
223
90
222
90
4
90
217
90
218
90
224
90
223
90
4
90
218
90
219
90
225
90
224
90
4
90
219
90
220
90
226
90
225
90
4
90
220
90
221
90
227
90
226
90
4
90
221
90
216
90
222
90
227
90
4
90
222
90
223
90
229
90
228
90
4
90
223
90
224
90
230
90
229
90
4
90
224
90
225
90
231
90
230
90
4
90
225
90
226
90
232
90
231
90
4
90
226
90
227
90
233
90
232
90
4
90
227
90
222
90
228
90
233
90
4
90
228
90
229
90
235
90
234
90
4
90
229
90
230
90
236
90
235
90
4
90
230
90
231
90
237
90
236
90
4
90
231
90
232
90
238
90
237
90
4
90
232
90
233
90
239
90
238
90
4
90
233
90
228
90
234
90
239
90
4
90
234
90
235
90
1
90
0
90
4
90
235
90
236
90
2
90
1
90
4
90
236
90
237
90
3
90
2
90
4
90
237
90
238
90
4
90
3
90
4
90
238
90
239
90
5
90
4
90
4
90
239
90
234
90
0
90
5
94
0
95
0
90
0
1001
CONDUITCAD
1000
{"id":"3d-flange-002","label":"Annular hub","feature3d":{"version":1,"kind":"revolve","parameters":{"angle":360,"segments":40},"inputs":["3d-flange-001"],"suppressed":false},"model3dConsumed":true,"mo
1000
del3dUserHidden":false}
0
MESH
5
102
330
116
100
AcDbEntity
8
Equipment
62
7
420
5543588
60
1
100
AcDbSubDMesh
71
2
72
0
91
0
92
32
10
37
20
0
30
-2
10
36.695518130045144
20
1.5307337294603591
30
-2
10
35.82842712474619
20
2.82842712474619
30
-2
10
34.53073372946036
20
3.695518130045147
30
-2
10
33
20
4
30
-2
10
31.46926627053964
20
3.695518130045147
30
-2
10
30.17157287525381
20
2.8284271247461903
30
-2
10
29.304481869954852
20
1.5307337294603596
30
-2
10
29
20
4.898587196589413e-16
30
-2
10
29.304481869954852
20
-1.5307337294603587
30
-2
10
30.17157287525381
20
-2.82842712474619
30
-2
10
31.469266270539638
20
-3.695518130045146
30
-2
10
33
20
-4
30
-2
10
34.53073372946036
20
-3.6955181300451465
30
-2
10
35.82842712474619
20
-2.8284271247461907
30
-2
10
36.695518130045144
20
-1.5307337294603616
30
-2
10
37
20
0
30
14
10
36.695518130045144
20
1.5307337294603591
30
14
10
35.82842712474619
20
2.82842712474619
30
14
10
34.53073372946036
20
3.695518130045147
30
14
10
33
20
4
30
14
10
31.46926627053964
20
3.695518130045147
30
14
10
30.17157287525381
20
2.8284271247461903
30
14
10
29.304481869954852
20
1.5307337294603596
30
14
10
29
20
4.898587196589413e-16
30
14
10
29.304481869954852
20
-1.5307337294603587
30
14
10
30.17157287525381
20
-2.82842712474619
30
14
10
31.469266270539638
20
-3.695518130045146
30
14
10
33
20
-4
30
14
10
34.53073372946036
20
-3.6955181300451465
30
14
10
35.82842712474619
20
-2.8284271247461907
30
14
10
36.695518130045144
20
-1.5307337294603616
30
14
93
114
90
16
90
15
90
14
90
13
90
12
90
11
90
10
90
9
90
8
90
7
90
6
90
5
90
4
90
3
90
2
90
1
90
0
90
16
90
16
90
17
90
18
90
19
90
20
90
21
90
22
90
23
90
24
90
25
90
26
90
27
90
28
90
29
90
30
90
31
90
4
90
0
90
1
90
17
90
16
90
4
90
1
90
2
90
18
90
17
90
4
90
2
90
3
90
19
90
18
90
4
90
3
90
4
90
20
90
19
90
4
90
4
90
5
90
21
90
20
90
4
90
5
90
6
90
22
90
21
90
4
90
6
90
7
90
23
90
22
90
4
90
7
90
8
90
24
90
23
90
4
90
8
90
9
90
25
90
24
90
4
90
9
90
10
90
26
90
25
90
4
90
10
90
11
90
27
90
26
90
4
90
11
90
12
90
28
90
27
90
4
90
12
90
13
90
29
90
28
90
4
90
13
90
14
90
30
90
29
90
4
90
14
90
15
90
31
90
30
90
4
90
15
90
0
90
16
90
31
94
0
95
0
90
0
1001
CONDUITCAD
1000
{"id":"3d-flange-003","label":"Bolt drill","feature3d":{"version":1,"kind":"cylinder","parameters":{"radius":4,"height":16,"segments":16,"x":33,"z":-2},"inputs":[],"suppressed":false},"model3dConsumed
1000
":true,"model3dUserHidden":false}
0
MESH
5
103
330
116
100
AcDbEntity
8
Equipment
62
7
420
5543588
60
1
100
AcDbSubDMesh
71
2
72
0
91
0
92
128
10
37
20
0
30
-2
10
36.695518130045144
20
1.5307337294603591
30
-2
10
35.82842712474619
20
2.82842712474619
30
-2
10
34.53073372946036
20
3.695518130045147
30
-2
10
33
20
4
30
-2
10
31.46926627053964
20
3.695518130045147
30
-2
10
30.17157287525381
20
2.8284271247461903
30
-2
10
29.304481869954852
20
1.5307337294603596
30
-2
10
29
20
4.898587196589413e-16
30
-2
10
29.304481869954852
20
-1.5307337294603587
30
-2
10
30.17157287525381
20
-2.82842712474619
30
-2
10
31.469266270539638
20
-3.695518130045146
30
-2
10
33
20
-4
30
-2
10
34.53073372946036
20
-3.6955181300451465
30
-2
10
35.82842712474619
20
-2.8284271247461907
30
-2
10
36.695518130045144
20
-1.5307337294603616
30
-2
10
37
20
0
30
14
10
36.695518130045144
20
1.5307337294603591
30
14
10
35.82842712474619
20
2.82842712474619
30
14
10
34.53073372946036
20
3.695518130045147
30
14
10
33
20
4
30
14
10
31.46926627053964
20
3.695518130045147
30
14
10
30.17157287525381
20
2.8284271247461903
30
14
10
29.304481869954852
20
1.5307337294603596
30
14
10
29
20
4.898587196589413e-16
30
14
10
29.304481869954852
20
-1.5307337294603587
30
14
10
30.17157287525381
20
-2.82842712474619
30
14
10
31.469266270539638
20
-3.695518130045146
30
14
10
33
20
-4
30
14
10
34.53073372946036
20
-3.6955181300451465
30
14
10
35.82842712474619
20
-2.8284271247461907
30
14
10
36.695518130045144
20
-1.5307337294603616
30
14
10
2.2655965784226034e-15
20
37
30
-2
10
-1.530733729460357
20
36.695518130045144
30
-2
10
-2.8284271247461876
20
35.82842712474619
30
-2
10
-3.6955181300451447
20
34.53073372946036
30
-2
10
-3.999999999999998
20
33
30
-2
10
-3.695518130045145
20
31.46926627053964
30
-2
10
-2.8284271247461885
20
30.17157287525381
30
-2
10
-1.5307337294603578
20
29.304481869954852
30
-2
10
1.285879139104721e-15
20
29
30
-2
10
1.5307337294603605
20
29.304481869954852
30
-2
10
2.8284271247461916
20
30.17157287525381
30
-2
10
3.695518130045148
20
31.469266270539638
30
-2
10
4.000000000000002
20
33
30
-2
10
3.6955181300451487
20
34.53073372946036
30
-2
10
2.828427124746193
20
35.82842712474619
30
-2
10
1.5307337294603638
20
36.695518130045144
30
-2
10
2.2655965784226034e-15
20
37
30
14
10
-1.530733729460357
20
36.695518130045144
30
14
10
-2.8284271247461876
20
35.82842712474619
30
14
10
-3.6955181300451447
20
34.53073372946036
30
14
10
-3.999999999999998
20
33
30
14
10
-3.695518130045145
20
31.46926627053964
30
14
10
-2.8284271247461885
20
30.17157287525381
30
14
10
-1.5307337294603578
20
29.304481869954852
30
14
10
1.285879139104721e-15
20
29
30
14
10
1.5307337294603605
20
29.304481869954852
30
14
10
2.8284271247461916
20
30.17157287525381
30
14
10
3.695518130045148
20
31.469266270539638
30
14
10
4.000000000000002
20
33
30
14
10
3.6955181300451487
20
34.53073372946036
30
14
10
2.828427124746193
20
35.82842712474619
30
14
10
1.5307337294603638
20
36.695518130045144
30
14
10
-37
20
4.531193156845207e-15
30
-2
10
-36.695518130045144
20
-1.5307337294603547
30
-2
10
-35.82842712474619
20
-2.8284271247461854
30
-2
10
-34.53073372946036
20
-3.6955181300451425
30
-2
10
-33
20
-3.999999999999996
30
-2
10
-31.46926627053964
20
-3.695518130045143
30
-2
10
-30.17157287525381
20
-2.8284271247461867
30
-2
10
-29.304481869954852
20
-1.530733729460356
30
-2
10
-29
20
3.061616997868383e-15
30
-2
10
-29.304481869954852
20
1.5307337294603622
30
-2
10
-30.17157287525381
20
2.8284271247461934
30
-2
10
-31.469266270539638
20
3.69551813004515
30
-2
10
-33
20
4.000000000000004
30
-2
10
-34.53073372946036
20
3.695518130045151
30
-2
10
-35.82842712474619
20
2.828427124746195
30
-2
10
-36.695518130045144
20
1.530733729460366
30
-2
10
-37
20
4.531193156845207e-15
30
14
10
-36.695518130045144
20
-1.5307337294603547
30
14
10
-35.82842712474619
20
-2.8284271247461854
30
14
10
-34.53073372946036
20
-3.6955181300451425
30
14
10
-33
20
-3.999999999999996
30
14
10
-31.46926627053964
20
-3.695518130045143
30
14
10
-30.17157287525381
20
-2.8284271247461867
30
14
10
-29.304481869954852
20
-1.530733729460356
30
14
10
-29
20
3.061616997868383e-15
30
14
10
-29.304481869954852
20
1.5307337294603622
30
14
10
-30.17157287525381
20
2.8284271247461934
30
14
10
-31.469266270539638
20
3.69551813004515
30
14
10
-33
20
4.000000000000004
30
14
10
-34.53073372946036
20
3.695518130045151
30
14
10
-35.82842712474619
20
2.828427124746195
30
14
10
-36.695518130045144
20
1.530733729460366
30
14
10
-6.79678973526781e-15
20
-37
30
-2
10
1.5307337294603525
20
-36.695518130045144
30
-2
10
2.828427124746183
20
-35.82842712474619
30
-2
10
3.6955181300451407
20
-34.53073372946036
30
-2
10
3.999999999999994
20
-33
30
-2
10
3.695518130045141
20
-31.46926627053964
30
-2
10
2.828427124746185
20
-30.17157287525381
30
-2
10
1.5307337294603542
20
-29.304481869954852
30
-2
10
-4.837354856632045e-15
20
-29
30
-2
10
-1.530733729460364
20
-29.304481869954852
30
-2
10
-2.828427124746195
20
-30.17157287525381
30
-2
10
-3.695518130045152
20
-31.469266270539638
30
-2
10
-4.000000000000006
20
-33
30
-2
10
-3.6955181300451527
20
-34.53073372946036
30
-2
10
-2.8284271247461974
20
-35.82842712474619
30
-2
10
-1.5307337294603682
20
-36.695518130045144
30
-2
10
-6.79678973526781e-15
20
-37
30
14
10
1.5307337294603525
20
-36.695518130045144
30
14
10
2.828427124746183
20
-35.82842712474619
30
14
10
3.6955181300451407
20
-34.53073372946036
30
14
10
3.999999999999994
20
-33
30
14
10
3.695518130045141
20
-31.46926627053964
30
14
10
2.828427124746185
20
-30.17157287525381
30
14
10
1.5307337294603542
20
-29.304481869954852
30
14
10
-4.837354856632045e-15
20
-29
30
14
10
-1.530733729460364
20
-29.304481869954852
30
14
10
-2.828427124746195
20
-30.17157287525381
30
14
10
-3.695518130045152
20
-31.469266270539638
30
14
10
-4.000000000000006
20
-33
30
14
10
-3.6955181300451527
20
-34.53073372946036
30
14
10
-2.8284271247461974
20
-35.82842712474619
30
14
10
-1.5307337294603682
20
-36.695518130045144
30
14
93
456
90
16
90
15
90
14
90
13
90
12
90
11
90
10
90
9
90
8
90
7
90
6
90
5
90
4
90
3
90
2
90
1
90
0
90
16
90
16
90
17
90
18
90
19
90
20
90
21
90
22
90
23
90
24
90
25
90
26
90
27
90
28
90
29
90
30
90
31
90
4
90
0
90
1
90
17
90
16
90
4
90
1
90
2
90
18
90
17
90
4
90
2
90
3
90
19
90
18
90
4
90
3
90
4
90
20
90
19
90
4
90
4
90
5
90
21
90
20
90
4
90
5
90
6
90
22
90
21
90
4
90
6
90
7
90
23
90
22
90
4
90
7
90
8
90
24
90
23
90
4
90
8
90
9
90
25
90
24
90
4
90
9
90
10
90
26
90
25
90
4
90
10
90
11
90
27
90
26
90
4
90
11
90
12
90
28
90
27
90
4
90
12
90
13
90
29
90
28
90
4
90
13
90
14
90
30
90
29
90
4
90
14
90
15
90
31
90
30
90
4
90
15
90
0
90
16
90
31
90
16
90
47
90
46
90
45
90
44
90
43
90
42
90
41
90
40
90
39
90
38
90
37
90
36
90
35
90
34
90
33
90
32
90
16
90
48
90
49
90
50
90
51
90
52
90
53
90
54
90
55
90
56
90
57
90
58
90
59
90
60
90
61
90
62
90
63
90
4
90
32
90
33
90
49
90
48
90
4
90
33
90
34
90
50
90
49
90
4
90
34
90
35
90
51
90
50
90
4
90
35
90
36
90
52
90
51
90
4
90
36
90
37
90
53
90
52
90
4
90
37
90
38
90
54
90
53
90
4
90
38
90
39
90
55
90
54
90
4
90
39
90
40
90
56
90
55
90
4
90
40
90
41
90
57
90
56
90
4
90
41
90
42
90
58
90
57
90
4
90
42
90
43
90
59
90
58
90
4
90
43
90
44
90
60
90
59
90
4
90
44
90
45
90
61
90
60
90
4
90
45
90
46
90
62
90
61
90
4
90
46
90
47
90
63
90
62
90
4
90
47
90
32
90
48
90
63
90
16
90
79
90
78
90
77
90
76
90
75
90
74
90
73
90
72
90
71
90
70
90
69
90
68
90
67
90
66
90
65
90
64
90
16
90
80
90
81
90
82
90
83
90
84
90
85
90
86
90
87
90
88
90
89
90
90
90
91
90
92
90
93
90
94
90
95
90
4
90
64
90
65
90
81
90
80
90
4
90
65
90
66
90
82
90
81
90
4
90
66
90
67
90
83
90
82
90
4
90
67
90
68
90
84
90
83
90
4
90
68
90
69
90
85
90
84
90
4
90
69
90
70
90
86
90
85
90
4
90
70
90
71
90
87
90
86
90
4
90
71
90
72
90
88
90
87
90
4
90
72
90
73
90
89
90
88
90
4
90
73
90
74
90
90
90
89
90
4
90
74
90
75
90
91
90
90
90
4
90
75
90
76
90
92
90
91
90
4
90
76
90
77
90
93
90
92
90
4
90
77
90
78
90
94
90
93
90
4
90
78
90
79
90
95
90
94
90
4
90
79
90
64
90
80
90
95
90
16
90
111
90
110
90
109
90
108
90
107
90
106
90
105
90
104
90
103
90
102
90
101
90
100
90
99
90
98
90
97
90
96
90
16
90
112
90
113
90
114
90
115
90
116
90
117
90
118
90
119
90
120
90
121
90
122
90
123
90
124
90
125
90
126
90
127
90
4
90
96
90
97
90
113
90
112
90
4
90
97
90
98
90
114
90
113
90
4
90
98
90
99
90
115
90
114
90
4
90
99
90
100
90
116
90
115
90
4
90
100
90
101
90
117
90
116
90
4
90
101
90
102
90
118
90
117
90
4
90
102
90
103
90
119
90
118
90
4
90
103
90
104
90
120
90
119
90
4
90
104
90
105
90
121
90
120
90
4
90
105
90
106
90
122
90
121
90
4
90
106
90
107
90
123
90
122
90
4
90
107
90
108
90
124
90
123
90
4
90
108
90
109
90
125
90
124
90
4
90
109
90
110
90
126
90
125
90
4
90
110
90
111
90
127
90
126
90
4
90
111
90
96
90
112
90
127
94
0
95
0
90
0
1001
CONDUITCAD
1000
{"id":"3d-flange-004","label":"Bolt circle","feature3d":{"version":1,"kind":"circular-pattern","parameters":{"count":4},"inputs":["3d-flange-003"],"suppressed":false},"model3dConsumed":true,"model3dUs
1000
erHidden":false}
0
MESH
5
104
330
116
100
AcDbEntity
8
Equipment
62
7
420
6654096
100
AcDbSubDMesh
71
2
72
0
91
0
92
1574
10
11.852260087141653
20
1.8772135804827705
30
38
10
12
20
0
30
38
10
23.000000000000004
20
0
30
38
10
22.71683183368817
20
3.59799269592531
30
38
10
11.412678195541842
20
3.7082039324993685
30
38
10
21.87429987478853
20
7.1073908706237905
30
38
10
10.692078290260415
20
5.447885996874561
30
38
10
20.49315005633246
20
10.441781494009575
30
38
10
9.70820393249937
20
7.053423027509678
30
38
10
18.607390870623792
20
13.519060802726882
30
38
10
8.485281374238571
20
8.48528137423857
30
38
10
16.263455967290593
20
16.263455967290593
30
38
10
7.053423027509678
20
9.70820393249937
30
38
10
13.519060802726882
20
18.607390870623792
30
38
10
5.447885996874563
20
10.692078290260413
30
38
10
10.441781494009577
20
20.49315005633246
30
38
10
3.7082039324993694
20
11.412678195541842
30
38
10
7.107390870623791
20
21.87429987478853
30
38
10
1.877213580482771
20
11.852260087141653
30
38
10
3.5979926959253112
20
22.71683183368817
30
38
10
7.347880794884119e-16
20
12
30
38
10
1.4083438190194564e-15
20
23.000000000000004
30
38
10
-1.877213580482767
20
11.852260087141653
30
38
10
-3.5979926959253037
20
22.71683183368817
30
38
10
-3.708203932499368
20
11.412678195541845
30
38
10
-7.10739087062379
20
21.874299874788534
30
38
10
-5.447885996874561
20
10.692078290260415
30
38
10
-10.441781494009575
20
20.49315005633246
30
38
10
-7.053423027509677
20
9.70820393249937
30
38
10
-13.51906080272688
20
18.607390870623792
30
38
10
-8.48528137423857
20
8.485281374238571
30
38
10
-16.263455967290593
20
16.263455967290593
30
38
10
-9.708203932499368
20
7.053423027509679
30
38
10
-18.60739087062379
20
13.519060802726885
30
38
10
-10.692078290260413
20
5.447885996874563
30
38
10
-20.49315005633246
20
10.441781494009577
30
38
10
-11.412678195541842
20
3.7082039324993707
30
38
10
-21.87429987478853
20
7.107390870623793
30
38
10
-11.852260087141653
20
1.877213580482772
30
38
10
-22.71683183368817
20
3.5979926959253126
30
38
10
-12
20
1.4695761589768238e-15
30
38
10
-23.000000000000004
20
2.8166876380389127e-15
30
38
10
-11.852260087141653
20
-1.877213580482769
30
38
10
-22.71683183368817
20
-3.597992695925307
30
38
10
-11.412678195541845
20
-3.708203932499363
30
38
10
-21.874299874788537
20
-7.107390870623779
30
38
10
-10.692078290260415
20
-5.44788599687456
30
38
10
-20.49315005633246
20
-10.441781494009573
30
38
10
-9.70820393249937
20
-7.053423027509677
30
38
10
-18.607390870623792
20
-13.51906080272688
30
38
10
-8.485281374238571
20
-8.48528137423857
30
38
10
-16.263455967290597
20
-16.263455967290593
30
38
10
-7.053423027509679
20
-9.708203932499368
30
38
10
-13.519060802726885
20
-18.60739087062379
30
38
10
-5.447885996874563
20
-10.692078290260413
30
38
10
-10.44178149400958
20
-20.49315005633246
30
38
10
-3.7082039324993707
20
-11.412678195541842
30
38
10
-7.107390870623794
20
-21.87429987478853
30
38
10
-1.8772135804827723
20
-11.852260087141653
30
38
10
-3.597992695925314
20
-22.71683183368817
30
38
10
-2.204364238465236e-15
20
-12
30
38
10
-4.225031457058368e-15
20
-23.000000000000004
30
38
10
1.8772135804827683
20
-11.852260087141653
30
38
10
3.5979926959253055
20
-22.71683183368817
30
38
10
3.7082039324993668
20
-11.412678195541845
30
38
10
7.107390870623787
20
-21.874299874788534
30
38
10
5.447885996874559
20
-10.692078290260415
30
38
10
10.441781494009573
20
-20.493150056332468
30
38
10
7.053423027509676
20
-9.708203932499371
30
38
10
13.519060802726877
20
-18.607390870623792
30
38
10
8.485281374238568
20
-8.485281374238571
30
38
10
16.26345596729059
20
-16.263455967290597
30
38
10
9.708203932499368
20
-7.05342302750968
30
38
10
18.60739087062379
20
-13.519060802726887
30
38
10
10.692078290260413
20
-5.447885996874564
30
38
10
20.49315005633246
20
-10.44178149400958
30
38
10
11.412678195541842
20
-3.708203932499371
30
38
10
21.87429987478853
20
-7.107390870623796
30
38
10
11.852260087141653
20
-1.8772135804827736
30
38
10
22.71683183368817
20
-3.5979926959253157
30
38
10
-22.978217833360635
20
-0.27676866891732843
30
13.999999999999996
10
-23.000000000000004
20
2.8166876380389127e-15
30
14
10
-22.71683183368817
20
-3.597992695925307
30
13.999999999999996
10
-23.000000000000004
20
2.8166876380389127e-15
30
12
10
-22.71683183368817
20
-3.597992695925307
30
12
10
-44.4459753267812
20
-7.039550926810384
30
12
10
-45
20
5.5109105961630896e-15
30
12
10
-45
20
5.5109105961630896e-15
30
0
10
-44.4459753267812
20
-7.039550926810384
30
0
10
-39.59838782845051
20
13.062977745828247
30
0
10
-42.79754323328191
20
13.905764746872638
30
0
10
-40.749522719889434
20
18.850123646323063
30
0
10
-39.556562213164725
20
12.852706178319547
30
0
10
-38.276494291085946
20
6.417370161049482
30
0
10
-44.445975326781195
20
7.039550926810394
30
0
10
-38.2035897291432
20
6.050854177638552
30
0
10
-37.089114149991744
20
0.44800708556072627
30
0
10
-37
20
4.531193156845207e-15
30
0
10
-35.965723967821596
20
-5.19965674232968
30
0
10
-35.869931302101
20
-5.681238993762827
30
0
10
-34.84857016178757
20
-10.815968190183144
30
0
10
-42.79754323328192
20
-13.90576474687261
30
0
10
-34.75384032470517
20
-11.292207241230114
30
0
10
-33.68020986946196
20
-16.689712028823326
30
0
10
-40.09529358847656
20
-20.4295724882796
30
0
10
-33.595105383629395
20
-17.117561171406464
30
0
10
-32.390975172044115
20
-23.17113253777095
30
0
10
-36.405764746872634
20
-26.450336353161287
30
0
10
-32.32801099463879
20
-23.487674833429956
30
0
10
-30.880024943276148
20
-30.767192293492638
30
0
10
-31.819805153394647
20
-31.819805153394636
30
0
10
-30.86130480150698
20
-30.861304801506968
30
0
10
-30.435465649952857
20
-33.00214278540835
30
0
10
-34.46201423116216
20
-4.873408535464484
30
0
10
-36.69551813004514
20
-1.5307337294603773
30
0
10
-34.10863552237117
20
-5.402277147444352
30
0
10
-31.389678639700175
20
-9.47148368648877
30
0
10
-30.990210623254665
20
-10.069329821901674
30
0
10
-28.56079868711065
20
-13.705201725423125
30
0
10
-28.138467356831107
20
-14.337265228073676
30
0
10
-25.82130195381915
20
-17.805148323270465
30
0
10
-25.391674439246636
20
-18.44813133737935
30
0
10
-23.033040350833108
20
-21.9780767061183
30
0
10
-22.610481186510555
20
-22.610481186510548
30
0
10
-26.450336353161298
20
-36.40576474687263
30
0
10
-21.03494084510678
20
-24.96844394076739
30
0
10
-20.823097959915877
20
-27.660163011904928
30
0
10
-20.752061823393944
20
-28.562762706219473
30
0
10
-20.42957248827961
20
-40.09529358847655
30
0
10
-19.933181485820768
20
-38.96762392985201
30
0
10
-19.922720691282663
20
-39.10054092695617
30
0
10
-19.824713986517263
20
-40.34583418322319
30
0
10
-33.18315167388787
20
-4.595943672422058
30
0
10
-35.8284271247462
20
-2.828427124746181
30
0
10
-32.384965484574145
20
-5.129274633203696
30
0
10
-27.91040858429167
20
-8.119077968126836
30
0
10
-26.95424595853505
20
-8.757965409034234
30
0
10
-23.748695622195154
20
-10.899845666551576
30
0
10
-22.729153312640474
20
-11.581082058250917
30
0
10
-22.052991911252104
20
-12.032878662444201
30
0
10
-21.85374703319717
20
-14.564524875644324
30
0
10
-21.7559895369517
20
-15.806651637435065
30
0
10
-21.413088031902937
20
-20.163628364926954
30
0
10
-21.32192788282985
20
-21.321927882829847
30
0
10
-26.450336353161287
20
36.405764746872634
30
0
10
-25.892117847170915
20
36.74784148729783
30
0
10
-25.8028020414098
20
35.61297657312072
30
0
10
-25.794111142405526
20
35.50254823103103
30
0
10
-31.819805153394636
20
31.81980515339464
30
0
10
-25.02697152750056
20
25.755115222818397
30
0
10
-24.96477001029424
20
24.964770010294245
30
0
10
-36.40576474687263
20
26.450336353161298
30
0
10
-24.477652474857496
20
18.77535487445424
30
0
10
-24.394903950858335
20
17.723935186904587
30
0
10
-40.09529358847655
20
20.429572488279607
30
0
10
-24.052042221508085
20
13.367463857581567
30
0
10
-23.960842296736477
20
12.20865894150978
30
0
10
-36.4571423018946
20
12.23544655029081
30
0
10
-40.69551813004521
20
18.578624239043144
30
0
10
-23.698421225470657
20
8.874283082919984
30
0
10
-23.603584602829898
20
7.669269539159199
30
0
10
-36.12445681624551
20
11.73754753531324
30
0
10
-32.157287775719006
20
5.800259487793135
30
0
10
-23.386880283734943
20
4.915780093525422
30
0
10
-23.29031672765263
20
3.688823779890451
30
0
10
-31.62894059631225
20
5.009532054404925
30
0
10
-28.891235652393885
20
0.9122670588588981
30
0
10
-23.09761919935971
20
1.2403695332458562
30
0
10
-23.000000000000007
20
2.816687638038913e-15
30
0
10
-28.28167829158691
20
3.463506679430709e-15
30
0
10
-26.220184879839696
20
-3.0852429197178113
30
0
10
-22.81532510892707
20
-2.3465169756034605
30
0
10
-22.716831833688172
20
-3.5979926959253077
30
0
10
-25.57508958818624
20
-4.05069625067475
30
0
10
-23.898635943244347
20
-6.55968643653636
30
0
10
-22.525740624761877
20
-6.026036719825877
30
0
10
-22.426515106035545
20
-7.2868164758157405
30
0
10
-23.236854858256148
20
-7.550111821952707
30
0
10
-22.294837381211003
20
-8.959940606630086
30
0
10
-35.05686770048376
20
6.092676766902543
30
0
10
-38.69551813004517
20
8.523945254791371
30
0
10
-33.9971961718966
20
5.384626888289314
30
0
10
-30.17157287525381
20
2.828427124746192
30
0
10
-29.304481869954852
20
1.5307337294603562
30
0
10
-29.178228299983488
20
0.8960141711214473
30
0
10
-28.999999999999996
20
3.5514757175273232e-15
30
0
10
-28.2966922981187
20
-3.5357665847841844
30
0
10
-28.11427048002512
20
-4.452862995111407
30
0
10
-27.422721939368987
20
-7.929512284274008
30
0
10
-27.304481869954866
20
-8.523945254791318
30
0
10
-22.212640014497612
20
-10.004357176864875
30
0
10
-22.11324723085828
20
-11.267262235084493
30
0
10
-31.469266270539638
20
3.6955181300451496
30
0
10
-37.99321152533099
20
4.993211525330984
30
0
10
-29.766750211167572
20
-3.8547136171985983
30
0
10
-29.943354112031134
20
-4.74256138247345
30
0
10
-30.297693395285826
20
-6.523945254791334
30
0
10
-33
20
4.0000000000000036
30
0
10
-37.61312592975276
20
3.0823922002923947
30
0
10
-29.30448186995485
20
-1.5307337294603482
30
0
10
-31.04221980367115
20
-4.131442335062594
30
0
10
-31.62894059631224
20
-5.0095320544049144
30
0
10
-31.9176077997076
20
-5.441553054498941
30
0
10
-34.530733729460366
20
3.69551813004515
30
0
10
-37.35916085420656
20
1.8056235463782448
30
0
10
-30.17157287525381
20
-2.828427124746187
30
0
10
-32.64071557501365
20
-4.478255530700099
30
0
10
-33
20
-4.718321708413094
30
0
10
-35.828427124746185
20
2.8284271247461996
30
0
10
-37.16478440058479
20
0.8284271247461933
30
0
10
-31.469266270539638
20
-3.695518130045142
30
0
10
-33.82842712474619
20
-4.164784400584783
30
0
10
-36.69551813004515
20
1.5307337294603576
30
0
10
-36.90885527892198
20
0.45821545577432815
30
0
10
-33
20
-3.9999999999999956
30
0
10
-34.530733729460366
20
-3.695518130045142
30
0
10
-40.749522719889434
20
18.850123646323063
30
12
10
-42.79754323328191
20
13.905764746872638
30
12
10
-39.556562213164725
20
12.852706178319549
30
12
10
-39.421296528966465
20
12.172679662220217
30
12
10
-44.445975326781195
20
7.039550926810394
30
12
10
-38.2035897291432
20
6.050854177638552
30
12
10
-37.977941965184584
20
4.91644626257959
30
12
10
-37
20
4.531193156845207e-15
30
12
10
-36.734531749459656
20
-1.3345990198470432
30
12
10
-35.869931302101
20
-5.681238993762827
30
12
10
-35.59445448492259
20
-7.066154475928921
30
12
10
-42.79754323328192
20
-13.90576474687261
30
12
10
-34.75384032470517
20
-11.292207241230114
30
12
10
-34.49059046747548
20
-12.615653644777462
30
12
10
-40.09529358847656
20
-20.4295724882796
30
12
10
-33.595105383629395
20
-17.117561171406464
30
12
10
-33.36673299092836
20
-18.26566672014362
30
12
10
-36.405764746872634
20
-26.450336353161287
30
12
10
-32.32801099463879
20
-23.487674833429956
30
12
10
-32.16528870575891
20
-24.305735022564846
30
12
10
-31.819805153394647
20
-31.819805153394636
30
12
10
-30.86130480150698
20
-30.86130480150697
30
12
10
-30.81495116312051
20
-31.09434027837097
30
12
10
-30.435465649952857
20
-33.00214278540835
30
12
10
-36.695518130045144
20
-1.5307337294603558
30
12
10
-34.10863552237117
20
-5.402277147444352
30
12
10
-32.9916411777369
20
-7.073977320488767
30
12
10
-30.990210623254665
20
-10.069329821901674
30
12
10
-29.777858546915553
20
-11.883742925730255
30
12
10
-28.13846735683111
20
-14.337265228073678
30
12
10
-26.90263879603514
20
-16.186813373827516
30
12
10
-25.391674439246636
20
-18.448131337379348
30
12
10
-24.177162556885374
20
-20.265776819346932
30
12
10
-22.610481186510555
20
-22.610481186510548
30
12
10
-21.456332211628123
20
-24.337787193294062
30
12
10
-26.450336353161298
20
-36.40576474687263
30
12
10
-20.752061823393944
20
-28.562762706219473
30
12
10
-21.03494084510678
20
-24.96844394076739
30
12
10
-20.593022120858098
20
-30.58355372782023
30
12
10
-20.42957248827961
20
-40.09529358847655
30
12
10
-19.922720691282663
20
-39.10054092695618
30
12
10
-19.901296522728774
20
-39.3727607989042
30
12
10
-19.824713986517263
20
-40.34583418322319
30
12
10
-35.82842712474619
20
-2.8284271247461836
30
12
10
-32.384965484574145
20
-5.129274633203696
30
12
10
-29.458620355543328
20
-7.084595935601276
30
12
10
-26.95424595853505
20
-8.757965409034234
30
12
10
-23.690967388794473
20
-10.938418438914729
30
12
10
-22.72915331264047
20
-11.581082058250917
30
12
10
-22.052991911252104
20
-12.032878662444203
30
12
10
-21.85385722850532
20
-14.56312471149796
30
12
10
-21.7559895369517
20
-15.806651637435063
30
12
10
-21.511163604256364
20
-18.9174600629869
30
12
10
-21.32192788282985
20
-21.321927882829847
30
12
10
-21.10456202176952
20
-24.083823016117236
30
12
10
-25.892117847170912
20
36.74784148729783
30
12
10
-26.450336353161287
20
36.405764746872634
30
12
10
-25.794111142405526
20
35.50254823103102
30
12
10
-25.757357780286693
20
35.03555248720634
30
12
10
-31.819805153394636
20
31.81980515339464
30
12
10
-24.96477001029424
20
24.96477001029424
30
12
10
-24.73157747958708
20
22.001777972182445
30
12
10
-36.40576474687263
20
26.450336353161298
30
12
10
-24.39490395085833
20
17.72393518690458
30
12
10
-24.107995829561627
20
14.078421857237489
30
12
10
-40.09529358847655
20
20.429572488279607
30
12
10
-23.96084229673648
20
12.208658941509778
30
12
10
-23.66224640152778
20
8.414638363606768
30
12
10
-40.69551813004521
20
18.578624239043144
30
12
10
-36.12445681624553
20
11.737547535313242
30
12
10
-23.603584602829898
20
7.669269539159199
30
12
10
-34.84589843401648
20
9.824049692565
30
12
10
-23.307010763581808
20
3.900941618279665
30
12
10
-31.62894059631225
20
5.009532054404925
30
12
10
-23.290316727652623
20
3.6888237798904497
30
12
10
-29.76554340595781
20
2.220761081185786
30
12
10
-28.28167829158691
20
3.4635066794307094e-15
30
12
10
-26.25982536984506
20
-3.0259167339409028
30
12
10
-25.57508958818624
20
-4.05069625067475
30
12
10
-23.53600864017893
20
-7.102396548003906
30
12
10
-22.440770200685996
20
-7.105688324653606
30
12
10
-23.236854858256155
20
-7.550111821952707
30
12
10
-22.42651510603555
20
-7.2868164758157405
30
12
10
-22.294837381211003
20
-8.959940606630086
30
12
10
-38.69551813004517
20
8.523945254791371
30
12
10
-33.9971961718966
20
5.384626888289314
30
12
10
-30.171572875253815
20
2.8284271247461947
30
12
10
-29.30448186995485
20
1.5307337294603485
30
12
10
-28.999999999999996
20
3.551475717527324e-15
30
12
10
-28.46906349891931
20
-2.6691980396940918
30
12
10
-28.11427048002512
20
-4.452862995111407
30
12
10
-27.589668920455917
20
-7.090213133164477
30
12
10
-27.30448186995487
20
-8.523945254791316
30
12
10
-22.157866532998973
20
-10.700320246899627
30
12
10
-22.113247230858278
20
-11.267262235084493
30
12
10
-37.99321152533099
20
4.993211525330984
30
12
10
-31.469266270539638
20
3.6955181300451496
30
12
10
-29.497892817290044
20
-2.503076223208048
30
12
10
-29.943354112031134
20
-4.74256138247345
30
12
10
-30.29769339528582
20
-6.523945254791334
30
12
10
-33
20
4.0000000000000036
30
12
10
-34.361151655976414
20
3.7292501017469926
30
12
10
-37.613125929752755
20
3.0823922002923947
30
12
10
-29.90974604692937
20
-2.43657558465541
30
12
10
-29.30448186995485
20
-1.530733729460352
30
12
10
-31.62894059631224
20
-5.0095320544049144
30
12
10
-31.9176077997076
20
-5.44155305449894
30
12
10
-34.530733729460366
20
3.69551813004515
30
12
10
-37.35916085420655
20
1.8056235463782453
30
12
10
-30.171572875253805
20
-2.8284271247461876
30
12
10
-33
20
-4.718321708413091
30
12
10
-35.828427124746185
20
2.8284271247461996
30
12
10
-37.16478440058479
20
0.8284271247461944
30
12
10
-31.469266270539638
20
-3.695518130045141
30
12
10
-33.82842712474619
20
-4.164784400584782
30
12
10
-36.69551813004515
20
1.5307337294603582
30
12
10
-33.00000000000001
20
-3.9999999999999956
30
12
10
-34.53073372946035
20
-3.6955181300451434
30
12
10
-40.749522719889434
20
18.850123646323063
30
2.9052643570686953
10
-30.435465649952857
20
-33.00214278540835
30
3.093802135618988
10
-19.824713986517263
20
-40.34583418322319
30
1.112586745173271
10
-25.892117847170912
20
36.74784148729783
30
10.88741325482691
10
-33.19134171618254
20
3.961939766255648
30
12
10
-34.339392013277816
20
3.733578363789508
30
0
10
-29.266421636210495
20
-1.339392013277811
30
12
10
-29.038060233744357
20
-0.1913417161825419
30
0
10
-30.063186499591442
20
-2.666215450335458
30
12
10
-29.412868245617222
20
-1.6929454038710847
30
0
10
-31.660607986722184
20
3.733578363789507
30
12
10
-32.80865828381746
20
3.9619397662556475
30
0
10
-34.692945403871086
20
3.587131754382782
30
12
10
-35.66621545033546
20
2.9368135004085647
30
0
10
-29.038060233744357
20
0.19134171618254806
30
12
10
-29.266421636210495
20
1.3393920132778172
30
0
10
-31.307054596128914
20
-3.587131754382774
30
12
10
-30.33378454966454
20
-2.9368135004085567
30
0
10
-30.333784549664536
20
2.936813500408563
30
12
10
-31.30705459612891
20
3.5871317543827805
30
0
10
-35.93681350040856
20
2.666215450335467
30
12
10
-36.58713175438278
20
1.6929454038710947
30
0
10
-29.412868245617222
20
1.692945403871091
30
12
10
-30.063186499591442
20
2.6662154503354643
30
0
10
-32.80865828381746
20
-3.96193976625564
30
12
10
-31.66060798672219
20
-3.7335783637894995
30
0
10
-35.666215450335464
20
-2.936813500408555
30
12
10
-34.69294540387109
20
-3.587131754382773
30
0
10
-36.733578363789505
20
1.3393920132778208
30
12
10
-36.96193976625565
20
0.19134171618254972
30
0
10
-36.58713175438278
20
-1.6929454038710836
30
12
10
-35.93681350040856
20
-2.6662154503354567
30
0
10
-34.339392013277816
20
-3.733578363789499
30
12
10
-33.19134171618254
20
-3.9619397662556395
30
0
10
-36.96193976625565
20
-0.1913417161825404
30
12
10
-36.733578363789505
20
-1.3393920132778099
30
0
10
30.948554542671317
20
30.843949748938726
30
0
10
31.81980515339464
20
31.819805153394636
30
0
10
33.00214278540834
20
30.43546564995287
30
0
10
30.861304801506993
20
30.861304801506986
30
0
10
23.788109356640454
20
32.26825085238441
30
0
10
26.45033635316129
20
36.405764746872634
30
0
10
23.487674833429967
20
32.32801099463879
30
0
10
17.53195812993543
20
33.51267670357347
30
0
10
20.429572488279607
20
40.09529358847655
30
0
10
17.11756117140648
20
33.595105383629395
30
0
10
11.762104524014218
20
34.66037194376133
30
0
10
13.905764746872634
20
42.79754323328191
30
0
10
11.292207241230138
20
34.75384032470517
30
0
10
6.1649691293578615
20
35.7737113956569
30
0
10
7.039550926810391
20
44.4459753267812
30
0
10
5.681238993762833
20
35.869931302101
30
0
10
0.45821545577432604
20
36.90885527892198
30
0
10
2.7554552980815448e-15
20
45
30
0
10
2.2655965784226038e-15
20
37
30
0
10
-5.668696495880291
20
38.12757383995233
30
0
10
-7.039550926810376
20
44.4459753267812
30
0
10
-6.050854177638534
20
38.20358972914319
30
0
10
-12.628660101640124
20
39.511996677650295
30
0
10
-13.90576474687263
20
42.797543233281914
30
0
10
-12.852706178319536
20
39.55656221316472
30
0
10
-18.85012364632308
20
40.749522719889434
30
0
10
-20.044710591029837
20
-26.450428245384646
30
0
10
-19.64834654816607
20
-27.04362895604796
30
0
10
-16.655804044662872
20
-31.522285311812258
30
0
10
-16.318568499544675
20
-32.02699397201179
30
0
10
-12.553002725531703
20
-37.66256140909554
30
0
10
-13.90576474687264
20
-42.79754323328191
30
0
10
-12.340596303965127
20
-37.980450083639234
30
0
10
-8.20789017640084
20
-44.165481889554925
30
0
10
38.271167625234426
20
12.146345053002776
30
0
10
42.79754323328191
20
13.905764746872633
30
0
10
44.16548188955494
20
8.207890176400806
30
0
10
37.98045008363921
20
12.340596303965114
30
0
10
32.50067279151295
20
16.00206643111915
30
0
10
40.09529358847656
20
20.429572488279604
30
0
10
32.02699397201179
20
16.31856849954466
30
0
10
27.61254998578762
20
19.26820566943096
30
0
10
36.405764746872634
20
26.45033635316129
30
0
10
27.04362895604795
20
19.64834654816606
30
0
10
23.22879661997251
20
22.197336022375442
30
0
10
22.610481186510548
20
22.610481186510544
30
0
10
19.08825934426264
20
24.96395457951336
30
0
10
18.448131337379348
20
25.391674439246625
30
0
10
14.97785910620862
20
27.710436211879458
30
0
10
14.337265228073681
20
28.1384673568311
30
0
10
10.686583281823458
20
30.577775047153153
30
0
10
10.06932982190169
20
30.990210623254658
30
0
10
5.959501006903452
20
33.73631044294166
30
0
10
5.402277147444357
20
34.10863552237117
30
0
10
1.5307337294603638
20
36.695518130045144
30
0
10
-20.238541480050714
20
-13.245255680136427
30
0
10
-19.192522070892498
20
-13.944183504184918
30
0
10
-17.105403729645005
20
-15.33875139461605
30
0
10
-16.046373062981825
20
-16.04637306298182
30
0
10
-14.160959571401136
20
-17.306166081700876
30
0
10
-13.092405920626064
20
-18.020150804619455
30
0
10
-11.253226358623165
20
-19.249051299247565
30
0
10
-10.1749761384929
20
-19.969515062670386
30
0
10
-8.233659181540935
20
-21.266661582736187
30
0
10
-10.838909320344596
20
-31.155993112723174
30
0
10
-16.189421475635292
20
-32.22027615222567
30
0
10
-7.146076259219087
20
-21.99336125839749
30
0
10
-10.0737426803045
20
-31.003792004912857
30
0
10
-4.924918087490897
20
-23.477491700186153
30
0
10
-5.5940695748817575
20
-30.11272962242624
30
0
10
-3.8339278931060985
20
-24.206468042253498
30
0
10
-4.7425613824734585
20
-29.943354112031134
30
0
10
-1.0731036296567809
20
-26.051191838139616
30
0
10
-0.896014171121449
20
-29.17822829998349
30
0
10
-4.917241646056543e-15
20
-26.768216759749933
30
0
10
-5.327213576290985e-15
20
-28.999999999999996
30
0
10
2.5738742837962985
20
-28.488024572872458
30
0
10
3.747404588268954
20
-29.272152453272017
30
0
10
3.854713617198595
20
-29.766750211167572
30
0
10
4.741452700037126
20
-29.93635416661952
30
0
10
4.742561382473447
20
-29.943354112031138
30
0
10
4.755899540113104
20
-29.946007236543718
30
0
10
-12.235446550290808
20
-36.457142301894585
30
0
10
-13.011817402086708
20
-36.97589672016782
30
0
10
-11.73754753531324
20
-36.12445681624551
30
0
10
-5.800259487793136
20
-32.157287775719
30
0
10
-5.009532054404925
20
-31.628940596312244
30
0
10
-1.530733729460369
20
-29.30448186995486
30
0
10
1.530733729460361
20
-29.304481869954852
30
0
10
4.131442335062593
20
-31.042219803671156
30
0
10
5.009532054404913
20
-31.628940596312244
30
0
10
10.367889331349335
20
-33.69581893126896
30
0
10
11.162576778322224
20
-35.74027363899584
30
0
10
11.109426159712655
20
-34.191297999211756
30
0
10
11.737547535313228
20
-36.12445681624551
30
0
10
20.130672431832213
20
-40.219102045651155
30
0
10
18.732416299324854
20
-40.79827869940705
30
0
10
-6.092676766902546
20
-35.05686770048376
30
0
10
-10.193374182744682
20
-41.19399508398057
30
0
10
-5.384626888289315
20
-33.9971961718966
30
0
10
-2.8284271247461934
20
-30.17157287525381
30
0
10
2.8284271247461845
20
-30.171572875253805
30
0
10
4.478255530700095
20
-32.64071557501366
30
0
10
5.384626888289304
20
-33.997196171896604
30
0
10
13.905764746872626
20
-42.797543233281914
30
0
10
11.629912735325453
20
-43.343926960064145
30
0
10
-7.039550926810397
20
-44.445975326781195
30
0
10
-3.6955181300451514
20
-31.469266270539638
30
0
10
-6.28850350347808
20
-44.50508404090368
30
0
10
3.6955181300451403
20
-31.469266270539638
30
0
10
7.039550926810381
20
-44.4459753267812
30
0
10
6.288503503478061
20
-44.50508404090369
30
0
10
-4.000000000000005
20
-33
30
0
10
-1.638705098318233
20
-44.87103111178015
30
0
10
3.9999999999999933
20
-33
30
0
10
1.6387050983182239
20
-44.87103111178015
30
0
10
-3.695518130045152
20
-34.53073372946036
30
0
10
-0.30557687897471947
20
-39.604139340909846
30
0
10
-8.266365894244634e-15
20
-45
30
0
10
-7.35917218390697e-15
20
-40.06146745892074
30
0
10
1.9999999999999847
20
-43.054678984251716
30
0
10
3.6955181300451403
20
-34.53073372946036
30
0
10
-2.8284271247461983
20
-35.82842712474619
30
0
10
-0.42859194307686416
20
-37.43194572766482
30
0
10
-6.9287432924127335e-15
20
-37.7183217084131
30
0
10
1.0823922002923922
20
-38.44155305449895
30
0
10
2.8284271247461885
20
-35.828427124746185
30
0
10
-1.5307337294603647
20
-36.695518130045144
30
0
10
-0.45821545577433054
20
-36.90885527892198
30
0
10
-6.796789735267811e-15
20
-37.00000000000001
30
0
10
0.828427124746179
20
-37.16478440058479
30
0
10
1.5307337294603551
20
-36.695518130045144
30
0
10
16.656519879524723
20
1.0102889034302658
30
0
10
17.331573342923736
20
0
30
0
10
12
20
0
30
0
10
11.852260087141653
20
1.8772135804827705
30
0
10
15.67292210806856
20
2.48234699633649
30
0
10
15.20616976879433
20
3.1808912370319042
30
0
10
11.412678195541842
20
3.7082039324993685
30
0
10
14.240005493398979
20
4.626858259270113
30
0
10
13.889157259069052
20
5.151939748589291
30
0
10
10.692078290260415
20
5.447885996874561
30
0
10
12.929629120894992
20
6.587975089620275
30
0
10
12.632445826836642
20
7.03274132007592
30
0
10
9.70820393249937
20
7.053423027509678
30
0
10
11.667477446253539
20
8.476918559246581
30
0
10
11.372822682432085
20
8.917900576778605
30
0
10
8.485281374238571
20
8.48528137423857
30
0
10
10.389518813489442
20
10.38951881348944
30
0
10
10.043623782383506
20
10.907187310319943
30
0
10
7.053423027509678
20
9.70820393249937
30
0
10
9.028417592365086
20
12.426550744595186
30
0
10
8.5591606596156
20
13.128843374318805
30
0
10
5.447885996874563
20
10.692078290260413
30
0
10
7.498384180182094
20
14.716407566339
30
0
10
6.788098898936681
20
15.779424611387359
30
0
10
3.7082039324993694
20
11.412678195541842
30
0
10
5.670505479831005
20
17.452021362737945
30
0
10
4.494721521126412
20
19.211706410984885
30
0
10
1.877213580482771
20
11.852260087141653
30
0
10
3.3210430227477996
20
20.968240415174897
30
0
10
1.1794482847534506
20
24.173363441351334
30
0
10
7.347880794884119e-16
20
12
30
0
10
1.5882770425506096e-15
20
25.938532541079276
30
0
10
-4.478255530700092
20
32.640715575013644
30
0
10
-1.877213580482767
20
11.852260087141653
30
0
10
-5.384626888289299
20
33.9971961718966
30
0
10
-8.523945254791336
20
38.69551813004516
30
0
10
-3.708203932499368
20
11.412678195541845
30
0
10
-20.429572488279604
20
40.09529358847656
30
0
10
-5.447885996874561
20
10.692078290260415
30
0
10
-7.053423027509677
20
9.70820393249937
30
0
10
-8.48528137423857
20
8.485281374238571
30
0
10
-9.708203932499368
20
7.053423027509679
30
0
10
-10.692078290260413
20
5.447885996874563
30
0
10
-11.412678195541842
20
3.7082039324993707
30
0
10
-11.852260087141653
20
1.877213580482772
30
0
10
-12
20
1.4695761589768238e-15
30
0
10
-11.852260087141653
20
-1.877213580482769
30
0
10
-11.412678195541845
20
-3.708203932499363
30
0
10
-21.769571071316232
20
-9.74605719295264
30
0
10
-10.692078290260415
20
-5.44788599687456
30
0
10
-21.09858141505572
20
-10.750264179201062
30
0
10
-19.716427840748707
20
-12.818803183397641
30
0
10
-9.70820393249937
20
-7.053423027509677
30
0
10
-19.03900108088072
20
-13.832643975999874
30
0
10
-18.780536615163562
20
-14.219463384836438
30
0
10
-8.485281374238571
20
-8.48528137423857
30
0
10
-7.053423027509679
20
-9.708203932499368
30
0
10
-5.447885996874563
20
-10.692078290260413
30
0
10
-3.7082039324993707
20
-11.412678195541842
30
0
10
-1.8772135804827723
20
-11.852260087141653
30
0
10
-2.204364238465236e-15
20
-12
30
0
10
1.8772135804827683
20
-11.852260087141653
30
0
10
3.7082039324993668
20
-11.412678195541845
30
0
10
20.4295724882796
20
-40.09529358847656
30
0
10
5.447885996874559
20
-10.692078290260415
30
0
10
26.45033635316128
20
-36.40576474687265
30
0
10
7.053423027509676
20
-9.708203932499371
30
0
10
31.81980515339463
20
-31.819805153394647
30
0
10
8.485281374238568
20
-8.485281374238571
30
0
10
33.94879842461087
20
-24.869434816762514
30
0
10
35.619919001844366
20
-27.370443502759034
30
0
10
9.708203932499368
20
-7.05342302750968
30
0
10
33.683639698144184
20
-24.472596738711413
30
0
10
27.184878122350973
20
-14.746512714190235
30
0
10
10.692078290260413
20
-5.447885996874564
30
0
10
26.278036543703305
20
-13.38932838176146
30
0
10
23.167772048424364
20
-8.734488614713124
30
0
10
11.412678195541842
20
-3.708203932499371
30
0
10
22.137783561815272
20
-7.19300191017485
30
0
10
20.416001143053332
20
-4.616172420199606
30
0
10
11.852260087141653
20
-1.8772135804827736
30
0
10
19.38284206659099
20
-3.0699405926158967
30
0
10
18.34037634509839
20
-1.5097803864488455
30
0
10
42.07883623435712
20
6.525971167714388
30
0
10
44.4459753267812
20
7.03955092681039
30
0
10
45
20
0
30
0
10
37.71832170841309
20
0
30
0
10
42.18245269634079
20
6.681044161826163
30
0
10
43.49984197495915
20
8.652656547880134
30
0
10
36.40576474687263
20
-26.4503363531613
30
0
10
27.524947525668406
20
-15.25546254290132
30
0
10
27.710436211879447
20
-14.977859106208623
30
0
10
40.09529358847655
20
-20.429572488279618
30
0
10
28.138467356831097
20
-14.337265228073683
30
0
10
30.577775047153143
20
-10.686583281823461
30
0
10
42.79754323328191
20
-13.905764746872643
30
0
10
30.990210623254647
20
-10.069329821901693
30
0
10
33.73631044294166
20
-5.95950100690346
30
0
10
44.445975326781195
20
-7.0395509268104
30
0
10
34.108635522371166
20
-5.402277147444364
30
0
10
37.43194572766482
20
-0.428591943076858
30
0
10
38.12757383995233
20
5.668696495880302
30
0
10
37
20
0
30
0
10
38.2035897291432
20
6.0508541776385485
30
0
10
39.281743611146425
20
11.471099767222146
30
0
10
36.90885527892198
20
-0.45821545577432454
30
0
10
36.695518130045144
20
-1.530733729460357
30
0
10
24.34734345211982
20
-10.499841974959162
30
0
10
25.90871816519255
20
-9.456564745896591
30
0
10
26.954245958535022
20
-8.757965409034249
30
0
10
31.482596751284024
20
-5.732218144314453
30
0
10
32.38496548457413
20
-5.129274633203708
30
0
10
35.828427124746185
20
-2.828427124746196
30
0
10
-5.199656742329674
20
35.965723967821596
30
0
10
-5.681238993762821
20
35.869931302101
30
0
10
-6.523945254791323
20
35.70230660471415
30
0
10
21.5289002327778
20
-6.281743611146424
30
0
10
26.71082803633417
20
-5.250994084150551
30
0
10
29.566757652855177
20
-4.682914363058676
30
0
10
34.53073372946036
20
-3.6955181300451483
30
0
10
-4.87340853546448
20
34.46201423116216
30
0
10
-1.5307337294603507
20
36.69551813004515
30
0
10
-5.402277147444345
20
34.10863552237118
30
0
10
-5.44155305449894
20
34.0823922002924
30
0
10
20.006471750146382
20
-1.4154265352071562
30
0
10
33.00000000000001
20
-4.000000000000002
30
0
10
18.01228587774545
20
-1.0187583023328197
30
0
10
-4.595943672422054
20
33.18315167388788
30
0
10
-2.8284271247461885
20
35.82842712474619
30
0
10
-4.718321708413094
20
33
30
0
10
22.521974638758277
20
2.2828710055452768
30
0
10
25.938532541079297
20
0
30
0
10
20.968240415174925
20
3.321043022747803
30
0
10
18.981655019334152
20
4.6484369466510715
30
0
10
17.45202136273798
20
5.670505479831016
30
0
10
16.20636720376856
20
6.502824979089715
30
0
10
14.71640756633904
20
7.498384180182108
30
0
10
13.883726695396277
20
8.0547637503501
30
0
10
12.426550744595216
20
9.02841759236511
30
0
10
11.828351548131096
20
9.428121516662928
30
0
10
31.46926627053964
20
-3.695518130045147
30
0
10
27.42786517180157
20
-0.9951402486047792
30
0
10
-4.164784400584787
20
32.171572875253815
30
0
10
-3.6955181300451456
20
34.53073372946036
30
0
10
26.220184879839696
20
3.0852429197178144
30
0
10
28.281678291586907
20
0
30
0
10
25.57508958818624
20
4.050696250674753
30
0
10
23.898635943244336
20
6.559686436536366
30
0
10
23.236854858256144
20
7.550111821952719
30
0
10
21.76957107131623
20
9.746057192952641
30
0
10
21.098581415055712
20
10.75026417920106
30
0
10
19.7164278407487
20
12.81880318339764
30
0
10
19.03900108088072
20
13.83264397599988
30
0
10
17.63574430701961
20
15.932766150259791
30
0
10
16.953626937018175
20
16.95362693701817
30
0
10
15.415395101283547
20
19.25575356669413
30
0
10
14.732580636346238
20
20.27765762975066
30
0
10
12.90801969337151
20
23.008306051341012
30
0
10
12.235870621475845
20
24.01424822571033
30
0
10
9.884536878571796
20
27.533267855290347
30
0
10
9.253136374761883
20
28.478225487842156
30
0
10
5.800259487793132
20
32.157287775719
30
0
10
6.48787214729537
20
32.616735865961274
30
0
10
5.0095320544049216
20
31.62894059631225
30
0
10
0.9122670588588959
20
28.891235652393892
30
0
10
1.7317533397153541e-15
20
28.281678291586907
30
0
10
-1.0823922002923976
20
27.558446945501057
30
0
10
30.171572875253805
20
-2.828427124746186
30
0
10
28.891235652393885
20
-0.9122670588588959
30
0
10
5.9306895130252455
20
33.45061860726708
30
0
10
5.44155305449895
20
34.0823922002924
30
0
10
5.562590676927909
20
34.001517446600815
30
0
10
5.3846268882893105
20
33.99719617189659
30
0
10
2.828427124746198
20
30.17157287525382
30
0
10
1.5307337294603423
20
29.30448186995485
30
0
10
0.8960141711214452
20
29.178228299983488
30
0
10
1.775737858763662e-15
20
28.999999999999996
30
0
10
-1.8056235463782426
20
28.640839145793453
30
0
10
3.6955181300451487
20
31.469266270539638
30
0
10
4.359160854206551
20
34.80562354637824
30
0
10
-2.35916085420655
20
29.469266270539638
30
0
10
4.000000000000002
20
33
30
0
10
3.5307337294603585
20
35.35916085420656
30
0
10
-1.5307337294603462
20
29.30448186995485
30
0
10
-2.828427124746196
20
30.17157287525382
30
0
10
3.695518130045148
20
34.530733729460366
30
0
10
2.828427124746193
20
35.82842712474619
30
0
10
-3.695518130045144
20
31.469266270539638
30
0
10
-3.999999999999998
20
33.00000000000001
30
0
10
26.47605474520867
20
2.70230660471417
30
0
10
37.99321152533099
20
4.993211525330978
30
0
10
27.558446945501057
20
1.0823922002923994
30
0
10
31.469266270539638
20
3.695518130045145
30
0
10
33
20
3.9999999999999996
30
0
10
37.613125929752755
20
3.0823922002923902
30
0
10
30.171572875253815
20
2.828427124746196
30
0
10
34.530733729460366
20
3.695518130045145
30
0
10
37.35916085420655
20
1.8056235463782395
30
0
10
29.304481869954852
20
1.530733729460359
30
0
10
29.000000000000004
20
0
30
0
10
28.83521559941522
20
-0.828427124746197
30
0
10
35.828427124746185
20
2.8284271247461947
30
0
10
37.16478440058479
20
0.8284271247461894
30
0
10
29.304481869954852
20
-1.5307337294603562
30
0
10
29.178228299983488
20
-0.896014171121445
30
0
10
36.695518130045144
20
1.5307337294603645
30
0
10
33.00214278540834
20
30.43546564995287
30
12
10
31.81980515339464
20
31.819805153394636
30
12
10
30.861304801506993
20
30.861304801506986
30
12
10
30.57190440141869
20
30.91887012020917
30
12
10
26.45033635316129
20
36.405764746872634
30
12
10
23.487674833429967
20
32.32801099463879
30
12
10
22.538031702673315
20
32.51690675794343
30
12
10
20.429572488279607
20
40.09529358847655
30
12
10
17.117561171406475
20
33.595105383629395
30
12
10
15.859901002335809
20
33.84526954521835
30
12
10
13.905764746872634
20
42.79754323328191
30
12
10
11.292207241230138
20
34.75384032470517
30
12
10
9.917190894892292
20
35.02734808134097
30
12
10
7.039550926810391
20
44.4459753267812
30
12
10
5.681238993762834
20
35.869931302101
30
12
10
4.313784681343044
20
36.141934876667946
30
12
10
2.7554552980815448e-15
20
45
30
12
10
2.2655965784226034e-15
20
37
30
12
10
-1.2515381116040212
20
37.248946408645025
30
12
10
-7.039550926810376
20
44.4459753267812
30
12
10
-6.050854177638536
20
38.20358972914319
30
12
10
-7.057710693551091
20
38.403865942334996
30
12
10
-13.90576474687263
20
42.797543233281914
30
12
10
-12.852706178319538
20
39.55656221316472
30
12
10
-13.419947532039444
20
39.669393533708785
30
12
10
-18.85012364632308
20
40.749522719889434
30
12
10
-19.64834654816607
20
-27.04362895604796
30
12
10
-18.604061065287066
20
-28.60651262759259
30
12
10
-16.318568499544675
20
-32.026993972011795
30
12
10
-15.464753293447403
20
-33.30481872970839
30
12
10
-13.90576474687264
20
-42.79754323328191
30
12
10
-12.340596303965127
20
-37.980450083639234
30
12
10
-11.827356490641167
20
-38.74856774588923
30
12
10
-8.20789017640084
20
-44.165481889554925
30
12
10
44.16548188955494
20
8.207890176400806
30
12
10
42.79754323328191
20
13.905764746872633
30
12
10
37.98045008363921
20
12.340596303965114
30
12
10
36.98826287847145
20
13.003554599275063
30
12
10
40.09529358847656
20
20.429572488279604
30
12
10
32.02699397201178
20
16.318568499544664
30
12
10
30.495098047175944
20
17.342148632035595
30
12
10
36.405764746872634
20
26.45033635316129
30
12
10
27.043628956047954
20
19.648346548166057
30
12
10
25.28275481033142
20
20.824925036398238
30
12
10
22.610481186510548
20
22.610481186510544
30
12
10
20.768538953784862
20
23.841227638699223
30
12
10
18.448131337379348
20
25.391674439246625
30
12
10
16.607276146677087
20
26.621694553176738
30
12
10
14.337265228073678
20
28.1384673568311
30
12
10
12.557084324621245
20
29.32794620814989
30
12
10
10.06932982190169
20
30.99021062325465
30
12
10
8.412970017053691
20
32.09695486156227
30
12
10
5.402277147444359
20
34.10863552237117
30
12
10
3.962208435898044
20
35.07085867256239
30
12
10
1.5307337294603656
20
36.695518130045144
30
12
10
-19.431913400479484
20
-13.784227331651795
30
12
10
-19.1925220708925
20
-13.944183504184915
30
12
10
-16.263455967290597
20
-16.263455967290593
30
12
10
-16.983873726334256
20
-15.419955146694559
30
12
10
-13.519060802726885
20
-18.60739087062379
30
12
10
-10.44178149400958
20
-20.49315005633246
30
12
10
-16.18942147563529
20
-32.22027615222567
30
12
10
-14.413519859697374
20
-31.86702735756611
30
12
10
-7.178568404145259
20
-21.971650701257644
30
12
10
-7.677981663693599
20
-21.6379534297338
30
12
10
-10.0737426803045
20
-31.003792004912857
30
12
10
-7.146076259219087
20
-21.99336125839749
30
12
10
-7.599163684072054
20
-30.511567638504285
30
12
10
-4.22761771027657
20
-23.943412916453834
30
12
10
-4.742561382473458
20
-29.943354112031134
30
12
10
-3.833927893106098
20
-24.206468042253498
30
12
10
-2.107048398248396
20
-29.4191179850791
30
12
10
-1.014413227918458
20
-26.090407510832062
30
12
10
-5.327213576290985e-15
20
-29.000000000000004
30
12
10
-4.917241646056543e-15
20
-26.768216759749933
30
12
10
2.5738742837963047
20
-28.488024572872458
30
12
10
2.503076223208046
20
-29.49789281729004
30
12
10
2.657151757378141
20
-28.54366880173973
30
12
10
4.742561382473448
20
-29.943354112031134
30
12
10
4.741452700037128
20
-29.93635416661952
30
12
10
4.7558995401130835
20
-29.946007236543714
30
12
10
-13.01181740208671
20
-36.97589672016782
30
12
10
-11.73754753531324
20
-36.12445681624551
30
12
10
-9.824049692564996
20
-34.84589843401647
30
12
10
-5.009532054404925
20
-31.62894059631224
30
12
10
-2.2207610811857856
20
-29.765543405957803
30
12
10
-1.5307337294603636
20
-29.304481869954852
30
12
10
2.436575584655407
20
-29.909746046929374
30
12
10
1.530733729460347
20
-29.30448186995485
30
12
10
5.009532054404914
20
-31.62894059631224
30
12
10
7.073927175737831
20
-33.00832531661172
30
12
10
7.078466819552638
20
-31.497897077795567
30
12
10
11.737547535313228
20
-36.12445681624551
30
12
10
11.109426159712655
20
-34.191297999211756
30
12
10
13.000454977923495
20
-36.96830459106699
30
12
10
12.738191393636203
20
-35.27960413470511
30
12
10
18.732416299324854
20
-40.79827869940705
30
12
10
20.130672431832213
20
-40.219102045651155
30
12
10
-10.193374182744684
20
-41.19399508398057
30
12
10
-5.384626888289316
20
-33.9971961718966
30
12
10
-2.8284271247461947
20
-30.17157287525381
30
12
10
2.828427124746181
20
-30.171572875253805
30
12
10
5.384626888289306
20
-33.99719617189661
30
12
10
7.063403784336195
20
-36.509663348750074
30
12
10
11.629912735325453
20
-43.343926960064145
30
12
10
13.905764746872626
20
-42.797543233281914
30
12
10
-7.039550926810397
20
-44.445975326781195
30
12
10
-5.103566439596714
20
-38.54800314396924
30
12
10
-3.695518130045151
20
-31.469266270539638
30
12
10
-6.288503503478079
20
-44.50508404090368
30
12
10
3.695518130045141
20
-31.46926627053964
30
12
10
6.288503503478063
20
-44.50508404090369
30
12
10
7.039550926810381
20
-44.4459753267812
30
12
10
-4.000000000000005
20
-33
30
12
10
-3.7292501017469952
20
-34.36115165597642
30
12
10
-1.6387050983182323
20
-44.87103111178015
30
12
10
3.9999999999999933
20
-33
30
12
10
1.638705098318223
20
-44.87103111178015
30
12
10
-3.695518130045153
20
-34.53073372946035
30
12
10
-8.266365894244634e-15
20
-45
30
12
10
-7.35917218390697e-15
20
-40.06146745892074
30
12
10
0.6422162599970681
20
-41.02261201450984
30
12
10
1.9999999999999838
20
-43.054678984251716
30
12
10
1.0515085974044893
20
-38.487773632552845
30
12
10
3.6955181300451403
20
-34.53073372946036
30
12
10
-2.8284271247461934
20
-35.8284271247462
30
12
10
-6.9287432924127335e-15
20
-37.71832170841311
30
12
10
1.0612524301208675
20
-38.42742791165981
30
12
10
1.0823922002923845
20
-38.44155305449895
30
12
10
1.3179404355282256
20
-36.83770206334307
30
12
10
2.828427124746181
20
-35.82842712474619
30
12
10
-1.5307337294603724
20
-36.695518130045144
30
12
10
-6.79678973526781e-15
20
-37.00000000000001
30
12
10
0.8284271247461693
20
-37.16478440058479
30
12
10
1.3345990198470414
20
-36.734531749459656
30
12
10
1.530733729460341
20
-36.695518130045144
30
12
10
0.6468117224744404
20
24.970510389864437
30
12
10
1.4083438190194564e-15
20
23.000000000000004
30
12
10
2.0724480820647684
20
22.8368947986361
30
12
10
1.58827704255061e-15
20
25.938532541079276
30
12
10
-2.4787898509723583
20
29.64830371648124
30
12
10
-3.5979926959253037
20
22.71683183368817
30
12
10
-5.3846268882893
20
33.9971961718966
30
12
10
-7.0634037843361925
20
36.50966334875007
30
12
10
-7.10739087062379
20
21.874299874788534
30
12
10
-8.523945254791336
20
38.695518130045166
30
12
10
-10.441781494009575
20
20.49315005633246
30
12
10
-20.429572488279604
20
40.09529358847656
30
12
10
-13.51906080272688
20
18.607390870623792
30
12
10
-16.263455967290593
20
16.263455967290593
30
12
10
-18.60739087062379
20
13.519060802726885
30
12
10
-20.49315005633246
20
10.441781494009577
30
12
10
-21.87429987478853
20
7.107390870623793
30
12
10
-22.71683183368817
20
3.5979926959253126
30
12
10
-21.874299874788537
20
-7.107390870623779
30
12
10
-21.22840452071374
20
-10.555970171146132
30
12
10
-20.49315005633246
20
-10.441781494009573
30
12
10
-21.098581415055715
20
-10.750264179201062
30
12
10
-19.135127316927278
20
-13.688780897189254
30
12
10
-18.607390870623792
20
-13.51906080272688
30
12
10
-19.039001080880727
20
-13.832643975999874
30
12
10
-18.780536615163555
20
-14.219463384836446
30
12
10
-7.107390870623794
20
-21.87429987478853
30
12
10
-3.597992695925314
20
-22.71683183368817
30
12
10
-4.225031457058368e-15
20
-23.000000000000004
30
12
10
3.5979926959253055
20
-22.71683183368817
30
12
10
7.107390870623787
20
-21.874299874788534
30
12
10
10.441781494009573
20
-20.493150056332468
30
12
10
20.4295724882796
20
-40.09529358847656
30
12
10
13.519060802726877
20
-18.607390870623792
30
12
10
26.45033635316128
20
-36.40576474687265
30
12
10
16.26345596729059
20
-16.263455967290597
30
12
10
31.81980515339463
20
-31.819805153394647
30
12
10
18.60739087062379
20
-13.519060802726887
30
12
10
35.619919001844366
20
-27.370443502759034
30
12
10
33.68363969814418
20
-24.472596738711413
30
12
10
32.13281627231977
20
-22.151625462745958
30
12
10
20.49315005633246
20
-10.44178149400958
30
12
10
26.278036543703305
20
-13.389328381761457
30
12
10
22.27761253126308
20
-7.402270751638016
30
12
10
21.87429987478853
20
-7.107390870623796
30
12
10
22.137783561815276
20
-7.193001910174852
30
12
10
21.928825716492437
20
-6.880274394710529
30
12
10
38.42742791165981
20
1.0612524301208754
30
12
10
37.7183217084131
20
0
30
12
10
45
20
0
30
12
10
44.4459753267812
20
7.03955092681039
30
12
10
42.18245269634079
20
6.681044161826162
30
12
10
42.4260557290344
20
7.045621864358211
30
12
10
43.49984197495915
20
8.652656547880136
30
12
10
36.40576474687263
20
-26.4503363531613
30
12
10
27.524947525668406
20
-15.25546254290132
30
12
10
40.09529358847655
20
-20.429572488279618
30
12
10
28.138467356831097
20
-14.337265228073683
30
12
10
29.32794620814989
20
-12.55708432462125
30
12
10
42.79754323328191
20
-13.905764746872643
30
12
10
30.990210623254647
20
-10.069329821901693
30
12
10
32.09695486156226
20
-8.412970017053695
30
12
10
44.445975326781195
20
-7.0395509268104
30
12
10
34.108635522371166
20
-5.402277147444365
30
12
10
35.07085867256238
20
-3.962208435898049
30
12
10
37.248946408645025
20
1.2515381116040252
30
12
10
37
20
0
30
12
10
38.2035897291432
20
6.050854177638547
30
12
10
38.403865942334996
20
7.057710693551103
30
12
10
39.281743611146425
20
11.471099767222146
30
12
10
36.695518130045144
20
-1.5307337294603678
30
12
10
25.479532580263466
20
-9.743337385449102
30
12
10
24.34734345211982
20
-10.499841974959162
30
12
10
26.954245958535022
20
-8.757965409034249
30
12
10
29.48056548090363
20
-7.069932671629066
30
12
10
32.38496548457413
20
-5.129274633203709
30
12
10
34.44101636587262
20
-3.755465355844912
30
12
10
35.82842712474619
20
-2.828427124746193
30
12
10
-1.3345990198470445
20
36.73453174945965
30
12
10
-5.681238993762822
20
35.869931302101
30
12
10
-6.523945254791324
20
35.70230660471416
30
12
10
26.153163555770192
20
-5.361920446183079
30
12
10
22.099782519108796
20
-6.1681880640772135
30
12
10
29.56675765285518
20
-4.682914363058676
30
12
10
34.361151655976414
20
-3.729250101746992
30
12
10
34.530733729460366
20
-3.695518130045147
30
12
10
-1.5307337294603562
20
36.695518130045144
30
12
10
-5.402277147444347
20
34.10863552237118
30
12
10
-5.441553054498941
20
34.0823922002924
30
12
10
22.71683183368817
20
-3.5979926959253157
30
12
10
33.00000000000001
20
-4.000000000000002
30
12
10
22.844179924128735
20
-1.9798817860265916
30
12
10
-4.718321708413094
20
33
30
12
10
-2.8284271247461876
20
35.82842712474619
30
12
10
22.836894798636095
20
2.0724480820647897
30
12
10
23.000000000000004
20
0
30
12
10
25.938532541079297
20
0
30
12
10
31.46926627053964
20
-3.695518130045148
30
12
10
28.776036745280383
20
-1.8959596942533716
30
12
10
-3.6955181300451456
20
34.53073372946035
30
12
10
-4.164784400584787
20
32.171572875253815
30
12
10
26.259825369845057
20
3.0259167339409063
30
12
10
22.71683183368817
20
3.59799269592531
30
12
10
28.281678291586907
20
0
30
12
10
25.57508958818624
20
4.050696250674753
30
12
10
23.53600864017892
20
7.1023965480039175
30
12
10
21.87429987478853
20
7.1073908706237905
30
12
10
23.236854858256144
20
7.5501118219527195
30
12
10
21.228404520713735
20
10.555970171146134
30
12
10
20.49315005633246
20
10.441781494009575
30
12
10
21.098581415055712
20
10.750264179201062
30
12
10
19.135127316927274
20
13.688780897189258
30
12
10
18.607390870623792
20
13.519060802726882
30
12
10
19.03900108088072
20
13.832643975999874
30
12
10
17.123986745479534
20
16.69866546594832
30
12
10
16.263455967290593
20
16.263455967290593
30
12
10
16.953626937018175
20
16.953626937018175
30
12
10
15.090538570212061
20
19.74193572313524
30
12
10
13.519060802726882
20
18.607390870623792
30
12
10
14.732580636346238
20
20.27765762975066
30
12
10
12.933594966299205
20
22.970029950495686
30
12
10
10.441781494009577
20
20.49315005633246
30
12
10
12.235870621475845
20
24.014248225710332
30
12
10
10.534119110829064
20
26.56109934316901
30
12
10
7.107390870623791
20
21.87429987478853
30
12
10
9.253136374761883
20
28.478225487842153
30
12
10
7.727476866362902
20
30.761536299977475
30
12
10
3.5979926959253112
20
22.71683183368817
30
12
10
6.487872147295371
20
32.616735865961274
30
12
10
5.009532054404922
20
31.62894059631225
30
12
10
2.22076108118578
20
29.765543405957803
30
12
10
1.7317533397153545e-15
20
28.281678291586907
30
12
10
-1.082392200292396
20
27.558446945501057
30
12
10
30.17157287525381
20
-2.8284271247461885
30
12
10
29.765543405957814
20
-2.2207610811857865
30
12
10
5.5625906769279005
20
34.00151744660083
30
12
10
5.441553054498952
20
34.0823922002924
30
12
10
5.384626888289311
20
33.99719617189659
30
12
10
2.8284271247461947
20
30.171572875253815
30
12
10
1.5307337294603558
20
29.30448186995485
30
12
10
1.775737858763662e-15
20
28.999999999999996
30
12
10
-1.8056235463782417
20
28.640839145793453
30
12
10
4.35916085420655
20
34.805623546378236
30
12
10
3.6955181300451483
20
31.469266270539638
30
12
10
-2.3591608542065488
20
29.469266270539638
30
12
10
4.000000000000002
20
33
30
12
10
3.729250101746989
20
34.36115165597642
30
12
10
3.530733729460361
20
35.35916085420654
30
12
10
-2.436575584655409
20
29.90974604692937
30
12
10
-1.5307337294603451
20
29.30448186995485
30
12
10
-2.828427124746187
20
30.171572875253805
30
12
10
3.695518130045148
20
34.530733729460366
30
12
10
2.828427124746204
20
35.82842712474618
30
12
10
-3.999999999999998
20
33.00000000000001
30
12
10
-3.6955181300451434
20
31.469266270539638
30
12
10
27.277144962910036
20
2.8616533564018343
30
12
10
26.476054745208664
20
2.7023066047141695
30
12
10
37.99321152533099
20
4.99321152533098
30
12
10
29.648303716481244
20
2.4787898509723627
30
12
10
27.558446945501057
20
1.0823922002923985
30
12
10
31.469266270539638
20
3.6955181300451456
30
12
10
33
20
4
30
12
10
37.613125929752755
20
3.0823922002923925
30
12
10
29.90974604692938
20
2.436575584655412
30
12
10
30.171572875253815
20
2.828427124746198
30
12
10
34.53073372946036
20
3.695518130045148
30
12
10
37.35916085420655
20
1.80562354637824
30
12
10
29.304481869954852
20
1.5307337294603498
30
12
10
29.000000000000004
20
0
30
12
10
28.835215599415214
20
-0.8284271247461921
30
12
10
37.16478440058479
20
0.8284271247461866
30
12
10
36.83770206334308
20
1.3179404355282314
30
12
10
35.82842712474619
20
2.828427124746192
30
12
10
29.30448186995485
20
-1.5307337294603522
30
12
10
36.734531749459656
20
1.334599019847049
30
12
10
36.695518130045144
20
1.530733729460367
30
12
10
-11.852260087141653
20
1.877213580482772
30
14.000000000000002
10
-11.94556950578903
20
0.691605003335759
30
14
10
-12
20
1.4695761589768238e-15
30
14
10
-11.852260087141653
20
1.877213580482772
30
12.000000000000002
10
-11.95334529067631
20
0.592804288573508
30
12
10
-12
20
1.4695761589768238e-15
30
12
10
-11.852260087141653
20
-1.877213580482769
30
14.000000000000002
10
-11.574629418762827
20
-3.0336285396511444
30
14
10
-11.412678195541845
20
-3.708203932499363
30
14
10
-11.852260087141653
20
-1.877213580482769
30
12.000000000000002
10
-11.551493529731259
20
-3.129996452915176
30
12
10
-11.412678195541845
20
-3.708203932499363
30
12
10
-11.412678195541842
20
3.7082039324993707
30
14.000000000000002
10
-11.690308863920672
20
2.5517889733309924
30
14
10
-11.412678195541842
20
3.7082039324993707
30
12.000000000000002
10
-11.71344475295224
20
2.455421060066961
30
12
10
-11.906690581352624
20
-1.1856085771470115
30
14
10
-11.898914796465343
20
-1.2844092919092627
30
12
10
-10.957562465890415
20
-4.806950499473172
30
14
10
-10.692078290260415
20
-5.44788599687456
30
14
10
-10.91963615508613
20
-4.898512713387656
30
12
10
-10.692078290260415
20
-5.44788599687456
30
12
10
-10.692078290260413
20
5.447885996874563
30
14.000000000000002
10
-11.147194019911842
20
4.349139429900757
30
14
10
-10.692078290260413
20
5.447885996874563
30
12.000000000000002
10
-11.18512033071613
20
4.257577215986274
30
12
10
-10.070683959042913
20
-6.461909384644108
30
14
10
-9.70820393249937
20
-7.053423027509677
30
14
10
-10.018901098108122
20
-6.546411333624904
30
12
10
-9.70820393249937
20
-7.053423027509677
30
12
10
-9.708203932499368
20
7.053423027509679
30
14.000000000000002
10
-10.329598263716871
20
6.039399639740132
30
14
10
-9.708203932499368
20
7.053423027509679
30
12.000000000000002
10
-10.381381124651663
20
5.954897690759337
30
12
10
-8.935831790439918
20
-7.957754614917397
30
14
10
-8.485281374238571
20
-8.48528137423857
30
14
10
-8.871467445268298
20
-8.033115580534709
30
12
10
-8.485281374238571
20
-8.48528137423857
30
12
10
-8.48528137423857
20
8.485281374238571
30
14.000000000000002
10
-9.25765351629802
20
7.580949786830851
30
14
10
-8.48528137423857
20
8.485281374238571
30
12.000000000000002
10
-9.322017861469643
20
7.50558882121354
30
12
10
-7.580949786830851
20
-9.25765351629802
30
14
10
-7.053423027509679
20
-9.708203932499368
30
14
10
-7.50558882121354
20
-9.322017861469643
30
12
10
-7.053423027509679
20
-9.708203932499368
30
12
10
-7.053423027509677
20
9.70820393249937
30
14.000000000000002
10
-7.957754614917397
20
8.935831790439918
30
14
10
-7.053423027509677
20
9.70820393249937
30
12.000000000000002
10
-8.033115580534709
20
8.871467445268298
30
12
10
-6.039399639740132
20
-10.329598263716871
30
14
10
-5.447885996874563
20
-10.692078290260413
30
14
10
-5.954897690759337
20
-10.381381124651663
30
12
10
-5.447885996874563
20
-10.692078290260413
30
12
10
-5.447885996874561
20
10.692078290260415
30
14.000000000000002
10
-6.461909384644108
20
10.070683959042913
30
14
10
-5.447885996874561
20
10.692078290260415
30
12.000000000000002
10
-6.546411333624904
20
10.018901098108122
30
12
10
-4.349139429900757
20
-11.147194019911842
30
14
10
-3.7082039324993707
20
-11.412678195541842
30
14
10
-4.257577215986274
20
-11.18512033071613
30
12
10
-3.7082039324993707
20
-11.412678195541842
30
12
10
-3.708203932499368
20
11.412678195541845
30
14.000000000000002
10
-4.806950499473174
20
10.957562465890415
30
14
10
-3.708203932499368
20
11.412678195541845
30
12.000000000000002
10
-4.8985127133876585
20
10.91963615508613
30
12
10
-2.551788973330993
20
-11.690308863920672
30
14
10
-1.8772135804827723
20
-11.852260087141653
30
14
10
-2.455421060066961
20
-11.71344475295224
30
12
10
-1.8772135804827723
20
-11.852260087141653
30
12
10
-1.877213580482767
20
11.852260087141653
30
14.000000000000002
10
-3.033628539651146
20
11.574629418762827
30
14
10
-1.877213580482767
20
11.852260087141653
30
12.000000000000002
10
-3.1299964529151785
20
11.551493529731259
30
12
10
-0.6916050033357595
20
-11.94556950578903
30
14
10
-2.204364238465236e-15
20
-12
30
14
10
-0.5928042885735084
20
-11.95334529067631
30
12
10
-2.204364238465236e-15
20
-12
30
12
10
7.347880794884119e-16
20
12
30
14.000000000000002
10
-1.1856085771470104
20
11.906690581352624
30
14
10
7.347880794884119e-16
20
12
30
12.000000000000002
10
-1.2844092919092613
20
11.898914796465343
30
12
10
1.1856085771470108
20
-11.906690581352624
30
14
10
1.8772135804827683
20
-11.852260087141653
30
14
10
1.2844092919092618
20
-11.898914796465343
30
12
10
1.8772135804827683
20
-11.852260087141653
30
12
10
1.877213580482771
20
11.852260087141653
30
14.000000000000002
10
0.6916050033357581
20
11.94556950578903
30
14
10
1.877213580482771
20
11.852260087141653
30
12.000000000000002
10
0.5928042885735071
20
11.95334529067631
30
12
10
3.033628539651146
20
-11.574629418762827
30
14
10
3.7082039324993668
20
-11.412678195541845
30
14
10
3.1299964529151776
20
-11.551493529731259
30
12
10
3.7082039324993668
20
-11.412678195541845
30
12
10
3.7082039324993694
20
11.412678195541842
30
14.000000000000002
10
2.5517889733309915
20
11.690308863920672
30
14
10
3.7082039324993694
20
11.412678195541842
30
12.000000000000002
10
2.45542106006696
20
11.71344475295224
30
12
10
4.806950499473173
20
-10.957562465890415
30
14
10
5.447885996874559
20
-10.692078290260415
30
14
10
4.898512713387657
20
-10.91963615508613
30
12
10
5.447885996874559
20
-10.692078290260415
30
12
10
5.447885996874563
20
10.692078290260413
30
14.000000000000002
10
4.349139429900757
20
11.147194019911842
30
14
10
5.447885996874563
20
10.692078290260413
30
12.000000000000002
10
4.257577215986273
20
11.18512033071613
30
12
10
6.461909384644106
20
-10.070683959042913
30
14
10
7.053423027509676
20
-9.708203932499371
30
14
10
6.546411333624902
20
-10.018901098108122
30
12
10
7.053423027509676
20
-9.708203932499371
30
12
10
7.053423027509678
20
9.70820393249937
30
14.000000000000002
10
6.0393996397401315
20
10.329598263716871
30
14
10
7.053423027509678
20
9.70820393249937
30
12.000000000000002
10
5.954897690759336
20
10.381381124651663
30
12
10
7.9577546149173966
20
-8.935831790439918
30
14
10
8.485281374238568
20
-8.485281374238571
30
14
10
8.033115580534707
20
-8.871467445268298
30
12
10
8.485281374238568
20
-8.485281374238571
30
12
10
8.485281374238571
20
8.48528137423857
30
14.000000000000002
10
7.580949786830849
20
9.257653516298022
30
14
10
8.485281374238571
20
8.48528137423857
30
12.000000000000002
10
7.505588821213538
20
9.322017861469643
30
12
10
9.25765351629802
20
-7.580949786830851
30
14
10
9.708203932499368
20
-7.05342302750968
30
14
10
9.322017861469641
20
-7.505588821213541
30
12
10
9.708203932499368
20
-7.05342302750968
30
12
10
9.70820393249937
20
7.053423027509678
30
14.000000000000002
10
8.935831790439918
20
7.957754614917399
30
14
10
9.70820393249937
20
7.053423027509678
30
12.000000000000002
10
8.871467445268298
20
8.03311558053471
30
12
10
10.329598263716871
20
-6.039399639740134
30
14
10
10.692078290260413
20
-5.447885996874564
30
14
10
10.381381124651663
20
-5.954897690759338
30
12
10
10.692078290260413
20
-5.447885996874564
30
12
10
10.692078290260415
20
5.447885996874561
30
14.000000000000002
10
10.070683959042913
20
6.461909384644109
30
14
10
10.692078290260415
20
5.447885996874561
30
12.000000000000002
10
10.018901098108122
20
6.546411333624905
30
12
10
11.147194019911842
20
-4.349139429900758
30
14
10
11.412678195541842
20
-3.708203932499371
30
14
10
11.18512033071613
20
-4.257577215986274
30
12
10
11.412678195541842
20
-3.708203932499371
30
12
10
11.412678195541842
20
3.7082039324993685
30
14.000000000000002
10
10.957562465890415
20
4.806950499473174
30
14
10
11.412678195541842
20
3.7082039324993685
30
12.000000000000002
10
10.91963615508613
20
4.8985127133876585
30
12
10
11.690308863920672
20
-2.5517889733309937
30
14
10
11.852260087141653
20
-1.8772135804827736
30
14
10
11.71344475295224
20
-2.4554210600669624
30
12
10
11.852260087141653
20
-1.8772135804827736
30
12
10
11.852260087141653
20
1.8772135804827705
30
14.000000000000002
10
11.574629418762823
20
3.0336285396511484
30
14
10
11.852260087141653
20
1.8772135804827705
30
12.000000000000002
10
11.551493529731257
20
3.1299964529151794
30
12
10
11.94556950578903
20
-0.6916050033357586
30
14
10
12
20
0
30
14
10
11.95334529067631
20
-0.5928042885735073
30
12
10
12
20
0
30
12
10
11.906690581352624
20
1.185608577147013
30
14
10
11.898914796465343
20
1.284409291909264
30
12
10
22.721627312168913
20
3.5370603645410172
30
38
10
22.995204521519256
20
0.060932331384273494
30
38
10
22.995204521519256
20
0.06093233138427314
30
14
10
22.978217833360628
20
0.27676866891733154
30
14
10
22.721627312168913
20
3.5370603645410172
30
37.559687650898866
10
22.721627312168913
20
3.5370603645410172
30
13.999999999999996
10
22.995204521519256
20
0.060932331384273127
30
12.440312349100996
10
22.995204521519256
20
0.060932331384273127
30
12
10
22.836894798636095
20
2.072448082064791
30
13.999999999999998
10
22.721627312168913
20
3.5370603645410172
30
12
10
22.738614000327537
20
-3.3212240270079842
30
13.999999999999996
10
22.721627312168913
20
-3.5370603645410195
30
38
10
22.721627312168913
20
-3.5370603645410204
30
14
10
23.000000000000004
20
0
30
13.999999999999996
10
22.721627312168913
20
-3.5370603645410204
30
12.44031234910116
10
22.721627312168913
20
-3.5370603645410204
30
12
10
22.84417992412873
20
-1.979881786026591
30
13.999999999999998
10
21.888568229635297
20
7.04795889546099
30
38
10
22.71683183368817
20
3.59799269592531
30
14
10
22.65202168300358
20
3.8679464016713467
30
14
10
21.888568229635297
20
7.04795889546099
30
37.559687650898844
10
21.888568229635297
20
7.04795889546099
30
13.999999999999996
10
21.888568229635297
20
7.04795889546099
30
12
10
22.71683183368817
20
-3.5979926959253157
30
14
10
21.93911002547312
20
-6.837437164877759
30
14.000000000000002
10
21.888568229635286
20
-7.04795889546103
30
38
10
21.888568229635286
20
-7.047958895461031
30
14
10
21.928825716492437
20
-6.880274394710529
30
13.682632770575339
10
21.928825716492437
20
-6.880274394710529
30
14
10
21.888568229635286
20
-7.047958895461031
30
12.440312349100896
10
21.888568229635286
20
-7.047958895461031
30
12
10
22.099782519108796
20
-6.1681880640772135
30
14
10
20.51653995329495
20
10.385313287540228
30
38
10
21.87429987478853
20
7.1073908706237905
30
14
10
21.768057581061143
20
7.363882457038081
30
14
10
20.51653995329495
20
10.385313287540228
30
37.559687650899086
10
20.51653995329495
20
10.385313287540228
30
14
10
20.51653995329495
20
10.385313287540228
30
12
10
21.87429987478853
20
-7.107390870623796
30
14
10
20.59939235005985
20
-10.18528990759529
30
14.000000000000002
10
20.51653995329495
20
-10.38531328754023
30
38
10
20.51653995329495
20
-10.38531328754023
30
14
10
20.51653995329495
20
-10.38531328754023
30
12.440312349100935
10
20.51653995329495
20
-10.38531328754023
30
12
10
18.6393263728122
20
13.466946799601427
30
38
10
20.49315005633246
20
10.441781494009575
30
14
10
20.348091657431794
20
10.67849528698783
30
14
10
18.6393263728122
20
13.466946799601427
30
37.55968765089881
10
18.6393263728122
20
13.466946799601427
30
13.999999999999996
10
18.6393263728122
20
13.466946799601427
30
12
10
20.49315005633246
20
-10.44178149400958
30
14
10
18.752449269524455
20
-13.282347009748634
30
14.000000000000002
10
18.6393263728122
20
-13.466946799601423
30
38
10
18.6393263728122
20
-13.466946799601422
30
14
10
18.6393263728122
20
-13.466946799601422
30
12.44031234910128
10
18.6393263728122
20
-13.466946799601422
30
12
10
16.30315071665318
20
16.216979387222466
30
38
10
18.607390870623792
20
13.519060802726882
30
14
10
18.42708818575201
20
13.730168123077936
30
14
10
16.30315071665318
20
16.216979387222466
30
37.55968765089868
10
16.30315071665318
20
16.216979387222466
30
14
10
16.30315071665318
20
16.216979387222466
30
12
10
18.60739087062379
20
-13.519060802726887
30
14
10
16.443758652162373
20
-16.052348646939542
30
14.000000000000002
10
16.303150716653143
20
-16.216979387222505
30
38
10
16.303150716653146
20
-16.216979387222505
30
14
10
16.303150716653146
20
-16.216979387222505
30
12.440312349100978
10
16.303150716653146
20
-16.216979387222505
30
12
10
13.565537382794975
20
18.56769612126124
30
38
10
16.263455967290593
20
16.263455967290593
30
14
10
16.05234864693954
20
16.44375865216238
30
14
10
13.565537382794975
20
18.56769612126124
30
37.55968765089902
10
13.565537382794975
20
18.56769612126124
30
14
10
13.565537382794975
20
18.56769612126124
30
12
10
16.26345596729059
20
-16.263455967290597
30
14
10
13.730168123077934
20
-18.42708818575201
30
14.000000000000002
10
13.565537382794972
20
-18.56769612126124
30
38
10
13.565537382794972
20
-18.56769612126124
30
14
10
13.565537382794972
20
-18.56769612126124
30
12.440312349100978
10
13.565537382794972
20
-18.56769612126124
30
12
10
10.49389549713501
20
20.461214554144068
30
38
10
13.519060802726882
20
18.607390870623792
30
14
10
13.282347009748628
20
18.75244926952446
30
14
10
10.49389549713501
20
20.461214554144068
30
37.55968765089899
10
10.49389549713501
20
20.461214554144068
30
13.999999999999996
10
10.49389549713501
20
20.461214554144068
30
12
10
13.519060802726877
20
-18.607390870623792
30
14
10
10.678495286987827
20
-20.3480916574318
30
13.999999999999996
10
10.493895497135014
20
-20.461214554144068
30
38
10
10.493895497135014
20
-20.46121455414407
30
14
10
10.493895497135014
20
-20.46121455414407
30
12.440312349101077
10
10.493895497135014
20
-20.46121455414407
30
12
10
7.163859077093164
20
21.850909977826035
30
38
10
10.441781494009577
20
20.49315005633246
30
14
10
10.185289907595287
20
20.59939235005985
30
14
10
7.163859077093164
20
21.850909977826035
30
37.55968765089891
10
7.163859077093164
20
21.850909977826035
30
13.999999999999996
10
7.163859077093164
20
21.850909977826035
30
12
10
10.441781494009573
20
-20.493150056332468
30
14
10
7.363882457038078
20
-21.768057581061147
30
13.999999999999996
10
7.163859077093164
20
-21.850909977826035
30
38
10
7.163859077093164
20
-21.850909977826035
30
14
10
7.163859077093164
20
-21.850909977826035
30
12.440312349101138
10
7.163859077093164
20
-21.850909977826035
30
12
10
3.6574246710880893
20
22.702563478841405
30
38
10
7.107390870623791
20
21.87429987478853
30
14
10
6.8374371648777545
20
21.93911002547312
30
14
10
3.6574246710880893
20
22.702563478841405
30
37.55968765089901
10
3.6574246710880893
20
22.702563478841405
30
13.999999999999996
10
3.6574246710880893
20
22.702563478841405
30
12
10
7.107390870623787
20
-21.874299874788534
30
14
10
3.867946401671342
20
-22.65202168300358
30
13.999999999999996
10
3.6574246710880893
20
-22.702563478841405
30
38
10
3.6574246710880893
20
-22.702563478841405
30
14
10
3.6574246710880893
20
-22.702563478841405
30
12.440312349101038
10
3.6574246710880893
20
-22.702563478841405
30
12
10
0.06093233138429132
20
22.995204521519256
30
38
10
3.5979926959253112
20
22.71683183368817
30
14
10
3.3212240270079803
20
22.738614000327537
30
14
10
0.060932331384291605
20
22.995204521519256
30
37.55968765089889
10
0.060932331384291584
20
22.995204521519256
30
13.999999999999996
10
2.0724480820647693
20
22.836894798636095
30
13.999999999999998
10
0.060932331384291605
20
22.995204521519256
30
12
10
3.5979926959253055
20
-22.71683183368817
30
14
10
0.27676866891732715
20
-22.978217833360628
30
13.999999999999996
10
0.06093233138428286
20
-22.995204521519256
30
38
10
0.06093233138428292
20
-22.995204521519256
30
14
10
0.06093233138428292
20
-22.995204521519256
30
12.440312349101099
10
0.06093233138428292
20
-22.995204521519256
30
12
10
-3.537060364541011
20
22.721627312168913
30
38
10
1.4083438190194564e-15
20
23.000000000000004
30
14
10
-0.27676866891732965
20
22.978217833360635
30
14
10
-3.537060364541011
20
22.721627312168913
30
37.559687650898866
10
-3.537060364541011
20
22.721627312168913
30
13.999999999999996
10
-3.537060364541011
20
22.721627312168913
30
12
10
-4.225031457058368e-15
20
-23.000000000000004
30
14
10
-3.321224027007982
20
-22.73861400032754
30
13.999999999999996
10
-3.5370603645410323
20
-22.721627312168913
30
38
10
-3.5370603645410323
20
-22.721627312168913
30
14
10
-3.5370603645410323
20
-22.721627312168913
30
12.440312349101058
10
-3.5370603645410323
20
-22.721627312168913
30
12
10
-7.047958895460997
20
21.888568229635297
30
38
10
-3.5979926959253037
20
22.71683183368817
30
14
10
-3.8679464016713414
20
22.65202168300358
30
14
10
-7.047958895460997
20
21.888568229635297
30
37.55968765089891
10
-7.047958895460997
20
21.888568229635297
30
13.999999999999996
10
-7.047958895460997
20
21.888568229635297
30
12
10
-3.597992695925314
20
-22.71683183368817
30
14
10
-6.837437164877757
20
-21.93911002547312
30
14.000000000000002
10
-7.047958895461019
20
-21.88856822963529
30
38
10
-7.047958895461019
20
-21.88856822963529
30
14
10
-7.047958895461019
20
-21.88856822963529
30
12.440312349100978
10
-7.047958895461019
20
-21.88856822963529
30
12
10
-10.385313287540216
20
20.516539953294956
30
38
10
-7.10739087062379
20
21.874299874788534
30
14
10
-7.3638824570380805
20
21.768057581061147
30
14
10
-10.385313287540214
20
20.516539953294956
30
37.55968765089899
10
-10.385313287540214
20
20.516539953294956
30
14
10
-10.385313287540214
20
20.516539953294956
30
12
10
-10.185289907595289
20
-20.59939235005985
30
13.999999999999996
10
-10.44178149400958
20
-20.49315005633246
30
14
10
-7.107390870623794
20
-21.87429987478853
30
13.999999999999996
10
-7.677981663693596
20
-21.6379534297338
30
13.999999999999996
10
-13.282347009748632
20
-18.75244926952446
30
13.999999999999996
10
-13.46694679960144
20
-18.63932637281219
30
38
10
-13.46694679960144
20
-18.63932637281219
30
14
10
-13.46694679960144
20
-18.63932637281219
30
12.440312349101118
10
-13.46694679960144
20
-18.63932637281219
30
12
10
-22.738614000327537
20
3.321224027007981
30
13.999999999999996
10
-22.71683183368817
20
3.5979926959253126
30
14
10
-21.93911002547312
20
6.837437164877757
30
13.999999999999996
10
-21.87429987478853
20
7.107390870623793
30
14
10
-22.65202168300358
20
-3.867946401671343
30
13.999999999999996
10
-21.874299874788537
20
-7.107390870623779
30
13.999999999999996
10
-20.59939235005985
20
10.185289907595287
30
13.999999999999996
10
-20.49315005633246
20
10.441781494009577
30
14
10
-21.768057581061147
20
-7.363882457038071
30
13.999999999999996
10
-20.49315005633246
20
-10.441781494009573
30
13.999999999999996
10
-18.752449269524455
20
13.282347009748632
30
13.999999999999996
10
-18.60739087062379
20
13.519060802726885
30
14
10
-20.348091657431794
20
-10.678495286987827
30
13.999999999999996
10
-18.607390870623792
20
-13.51906080272688
30
13.999999999999996
10
-16.44375865216238
20
16.05234864693954
30
13.999999999999996
10
-16.263455967290593
20
16.263455967290593
30
14
10
-18.42708818575201
20
-13.730168123077934
30
13.999999999999996
10
-16.263455967290597
20
-16.263455967290593
30
13.999999999999996
10
-16.983873726334256
20
-15.419955146694555
30
13.999999999999996
10
-13.730168123077934
20
18.42708818575201
30
13.999999999999996
10
-13.51906080272688
20
18.607390870623792
30
14
10
-16.052348646939542
20
-16.44375865216238
30
13.999999999999996
10
-13.519060802726885
20
-18.60739087062379
30
13.999999999999996
10
-10.67849528698783
20
20.348091657431794
30
13.999999999999996
10
-10.441781494009575
20
20.49315005633246
30
14
10
29.038060233744357
20
-0.19134171618254447
30
12
10
29.172096686043393
20
-0.8651884662099284
30
4.956614339295285
10
29.172096686043393
20
-0.865188466209928
30
0
10
29.172096686043393
20
-0.8651884662099284
30
12
10
29.172096686043385
20
0.8651884662099057
30
7.043385660704466
10
29.038060233744357
20
0.19134171618254545
30
0
10
29.172096686043385
20
0.8651884662099055
30
0
10
29.172096686043385
20
0.8651884662099065
30
12
10
30.063186499591442
20
2.666215450335461
30
12
10
29.412868245617222
20
1.6929454038710885
30
0
10
35.666215450335464
20
2.9368135004085594
30
12
10
34.69294540387109
20
3.5871317543827774
30
0
10
34.339392013277816
20
3.7335783637895035
30
12
10
33.19134171618254
20
3.961939766255644
30
0
10
29.266421636210495
20
1.3393920132778148
30
12
10
31.307054596128914
20
3.5871317543827774
30
12
10
30.33378454966454
20
2.93681350040856
30
0
10
36.3185170224866
20
2.0949557595637485
30
7.043385660704686
10
35.93681350040856
20
2.6662154503354607
30
0
10
36.3185170224866
20
2.0949557595637485
30
0
10
36.3185170224866
20
2.094955759563748
30
12
10
32.80865828381746
20
3.961939766255644
30
12
10
31.66060798672219
20
3.7335783637895035
30
0
10
44.8797224544159
20
-1.528271119356153
30
12
10
44.8797224544159
20
-1.5282711193561531
30
9.394826229265835
10
44.8797224544159
20
-1.5282711193561531
30
0
10
44.879722454415905
20
1.5282711193560945
30
12
10
44.879722454415905
20
1.5282711193560938
30
2.6051737707340674
10
44.879722454415905
20
1.5282711193560938
30
0
10
30.333784549664536
20
-2.9368135004085594
30
12
10
31.30705459612891
20
-3.587131754382777
30
0
10
31.660607986722184
20
-3.7335783637895026
30
12
10
32.80865828381746
20
-3.961939766255643
30
0
10
29.412868245617222
20
-1.6929454038710878
30
12
10
30.063186499591442
20
-2.6662154503354607
30
0
10
33.19134171618254
20
-3.961939766255644
30
12
10
34.339392013277816
20
-3.7335783637895035
30
0
10
36.58713175438278
20
1.6929454038710878
30
12
10
34.692945403871086
20
-3.587131754382777
30
12
10
35.66621545033546
20
-2.9368135004085603
30
0
10
29.266421636210495
20
-1.3393920132778139
30
0
10
36.733578363789505
20
-1.3393920132778163
30
12
10
36.96193976625565
20
-0.19134171618254525
30
0
10
36.96193976625565
20
0.19134171618254492
30
12
10
36.733578363789505
20
1.339392013277814
30
0
10
35.93681350040856
20
-2.6662154503354625
30
12
10
36.58713175438278
20
-1.6929454038710905
30
0
10
44.08810432237948
20
8.530190939166909
30
12
10
44.16548188955494
20
8.207890176400806
30
2.041892571728548
10
44.08810432237948
20
8.530190939166909
30
2.6051737707341136
10
44.08810432237948
20
8.530190939166909
30
0
10
44.08810432237948
20
-8.530190939166909
30
12
10
44.08810432237948
20
-8.530190939166909
30
9.394826229265906
10
44.08810432237948
20
-8.530190939166909
30
0
10
42.21089074189671
20
15.32206914797475
30
12
10
42.21089074189671
20
15.32206914797475
30
2.6051737707340834
10
42.21089074189671
20
15.32206914797475
30
0
10
42.21089074189671
20
-15.322069147974746
30
12
10
42.21089074189671
20
-15.322069147974746
30
9.394826229265943
10
42.21089074189671
20
-15.322069147974746
30
0
10
39.2943049414338
20
21.73666716332734
30
12
10
39.2943049414338
20
21.73666716332734
30
2.605173770733998
10
39.2943049414338
20
21.73666716332734
30
0
10
39.29430494143376
20
-21.7366671633274
30
12
10
39.29430494143376
20
-21.7366671633274
30
9.394826229265904
10
39.29430494143376
20
-21.7366671633274
30
0
10
35.410162942991356
20
27.616036293256542
30
12
10
35.410162942991356
20
27.616036293256542
30
2.605173770734103
10
35.410162942991356
20
27.616036293256542
30
0
10
35.619919001844366
20
-27.370443502759034
30
9.943691227949227
10
35.410162942991356
20
-27.616036293256553
30
12
10
35.410162942991356
20
-27.616036293256553
30
9.394826229265899
10
35.410162942991356
20
-27.616036293256553
30
0
10
30.654105213299374
20
32.815406957275925
30
12
10
30.654105213299374
20
32.815406957275925
30
2.605173770734133
10
30.654105213299374
20
32.815406957275925
30
0
10
33.00214278540834
20
30.43546564995287
30
8.90619786438106
10
30.654105213299378
20
-32.815406957275925
30
12
10
30.654105213299378
20
-32.815406957275925
30
9.3948262292659
10
30.654105213299378
20
-32.815406957275925
30
0
10
25.14324167811353
20
37.20675339391541
30
12
10
25.143241678113526
20
37.20675339391541
30
2.605173770734055
10
25.143241678113526
20
37.20675339391541
30
0
10
25.14324167811353
20
-37.20675339391541
30
12
10
25.14324167811353
20
-37.20675339391541
30
9.394826229265972
10
25.14324167811353
20
-37.20675339391541
30
0
10
19.01326808717746
20
40.68194607986177
30
12
10
19.01326808717746
20
40.68194607986177
30
2.605173770734135
10
19.01326808717746
20
40.68194607986177
30
0
10
20.130672431832213
20
-40.219102045651155
30
11.450198286101687
10
19.013268087177465
20
-40.68194607986177
30
12
10
19.013268087177465
20
-40.68194607986177
30
9.394826229265885
10
19.013268087177465
20
-40.68194607986177
30
0
10
12.415124734516146
20
43.15541423768363
30
12
10
12.415124734516146
20
43.15541423768363
30
2.6051737707340603
10
12.415124734516146
20
43.15541423768363
30
0
10
18.732416299324854
20
-40.79827869940705
30
8.878222799517285
10
12.415124734516144
20
-43.15541423768363
30
12
10
12.415124734516144
20
-43.15541423768363
30
9.394826229265956
10
12.415124734516144
20
-43.15541423768363
30
0
10
5.511279807454299
20
44.5662528723653
30
12
10
5.511279807454299
20
44.5662528723653
30
2.6051737707340656
10
5.511279807454299
20
44.5662528723653
30
0
10
3.733578363789505
20
31.660607986722184
30
12
10
3.961939766255645
20
32.80865828381746
30
0
10
0.19134171618254617
20
29.038060233744357
30
12
10
1.3393920132778154
20
29.266421636210495
30
0
10
-0.8651884662099238
20
29.172096686043393
30
7.043385660704676
10
-0.19134171618254364
20
29.038060233744357
30
0
10
-0.8651884662099237
20
29.172096686043393
30
0
10
-0.8651884662099226
20
29.172096686043393
30
12
10
2.936813500408561
20
30.333784549664536
30
12
10
3.5871317543827788
20
31.30705459612891
30
0
10
3.9619397662556457
20
33.19134171618254
30
12
10
3.7335783637895053
20
34.339392013277816
30
0
10
1.6929454038710892
20
29.412868245617222
30
12
10
2.6662154503354625
20
30.063186499591442
30
0
10
3.587131754382779
20
34.692945403871086
30
12
10
2.9368135004085625
20
35.66621545033546
30
0
10
2.6662154503354643
20
35.93681350040856
30
12
10
2.0949557595637534
20
36.3185170224866
30
4.956614339295323
10
2.094955759563754
20
36.3185170224866
30
0
10
2.0949557595637534
20
36.3185170224866
30
12
10
11.62991273532545
20
-43.343926960064145
30
8.022520583502816
10
6.288503503478061
20
-44.50508404090369
30
10.719723861125413
10
5.511279807454249
20
-44.566252872365304
30
12
10
5.511279807454249
20
-44.566252872365304
30
9.394826229265869
10
5.511279807454249
20
-44.566252872365304
30
0
10
3.9619397662556377
20
-32.80865828381746
30
12
10
3.7335783637894977
20
-31.66060798672219
30
0
10
3.5871317543827717
20
-31.307054596128914
30
12
10
2.936813500408555
20
-30.33378454966454
30
0
10
3.7335783637894973
20
-34.339392013277816
30
12
10
3.9619397662556377
20
-33.19134171618254
30
0
10
2.6662154503354563
20
-30.063186499591442
30
12
10
1.6929454038710832
20
-29.412868245617222
30
0
10
2.9368135004085527
20
-35.666215450335464
30
12
10
3.587131754382771
20
-34.69294540387109
30
0
10
1.3393920132778094
20
-29.266421636210495
30
12
10
0.1913417161825401
20
-29.038060233744357
30
0
10
2.094955759563721
20
-36.31851702248662
30
7.043385660704947
10
2.6662154503354545
20
-35.93681350040856
30
0
10
2.0949557595637196
20
-36.31851702248662
30
0
10
2.094955759563721
20
-36.31851702248662
30
12
10
-0.19134171618254978
20
-29.038060233744357
30
12
10
-0.8651884662099537
20
-29.172096686043396
30
4.956614339295077
10
-0.8651884662099532
20
-29.172096686043396
30
0
10
-0.8651884662099537
20
-29.172096686043396
30
12
10
-1.5282711193561382
20
44.879722454415905
30
12
10
-1.5282711193561382
20
44.879722454415905
30
2.605173770734151
10
-1.5282711193561382
20
44.879722454415905
30
0
10
-2.936813500408557
20
35.666215450335464
30
12
10
-3.5871317543827757
20
34.69294540387109
30
0
10
-1.692945403871086
20
36.58713175438278
30
12
10
-2.666215450335459
20
35.93681350040856
30
0
10
-3.7335783637895017
20
34.339392013277816
30
12
10
-3.9619397662556413
20
33.19134171618254
30
0
10
-0.1913417161825426
20
36.96193976625565
30
12
10
-1.339392013277812
20
36.733578363789505
30
0
10
-1.339392013277813
20
29.266421636210495
30
12
10
-3.5871317543827757
20
31.307054596128914
30
12
10
-2.936813500408558
20
30.33378454966454
30
0
10
-2.6662154503354594
20
30.063186499591442
30
12
10
-1.6929454038710867
20
29.412868245617222
30
0
10
1.6929454038710925
20
36.58713175438278
30
0
10
-3.9619397662556413
20
32.80865828381746
30
12
10
-3.7335783637895017
20
31.66060798672219
30
0
10
1.3393920132778183
20
36.733578363789505
30
12
10
0.1913417161825475
20
36.96193976625565
30
0
10
1.6387050983182234
20
-44.87103111178015
30
2.7934255159552794
10
-1.5282711193561298
20
-44.879722454415905
30
12
10
-1.5282711193561307
20
-44.879722454415905
30
9.394826229265885
10
-1.5282711193561307
20
-44.879722454415905
30
0
10
-3.587131754382783
20
-34.692945403871086
30
12
10
-2.9368135004085674
20
-35.66621545033546
30
0
10
-3.96193976625565
20
-33.19134171618254
30
12
10
-3.7335783637895097
20
-34.339392013277816
30
0
10
-2.666215450335469
20
-35.93681350040856
30
12
10
-1.692945403871097
20
-36.58713175438278
30
0
10
-3.7335783637895092
20
-31.660607986722184
30
12
10
-3.9619397662556493
20
-32.80865828381746
30
0
10
1.6929454038710816
20
-36.58713175438278
30
12
10
-2.9368135004085647
20
-30.333784549664536
30
12
10
-3.5871317543827823
20
-31.30705459612891
30
0
10
-1.339392013277823
20
-36.733578363789505
30
12
10
-0.191341716182552
20
-36.96193976625565
30
0
10
-1.692945403871093
20
-29.412868245617222
30
12
10
-2.666215450335466
20
-30.063186499591442
30
0
10
0.19134171618253806
20
-36.96193976625565
30
12
10
1.3393920132778077
20
-36.733578363789505
30
0
10
-1.3393920132778192
20
-29.266421636210495
30
0
10
-8.53019093916684
20
44.08810432237949
30
12
10
-8.53019093916684
20
44.08810432237949
30
2.6051737707340106
10
-8.53019093916684
20
44.08810432237949
30
0
10
-8.20789017640084
20
-44.165481889554925
30
9.958107428271404
10
-6.28850350347808
20
-44.50508404090368
30
1.2802761388745836
10
-1.6387050983182323
20
-44.87103111178015
30
9.206574484044735
10
-15.322069147974807
20
-42.21089074189669
30
12
10
-15.322069147974807
20
-42.21089074189669
30
9.394826229265828
10
-15.322069147974807
20
-42.21089074189669
30
0
10
-18.85012364632308
20
40.749522719889434
30
9.094735642931342
93
8072
90
3
90
0
90
1
90
2
90
5
90
2
90
1181
90
1180
90
3
90
0
90
3
90
4
90
0
90
3
90
4
90
3
90
1197
90
5
90
4
90
3
90
6
90
4
90
5
90
4
90
5
90
1212
90
7
90
6
90
3
90
8
90
6
90
7
90
4
90
7
90
1224
90
9
90
8
90
3
90
10
90
8
90
9
90
4
90
9
90
1236
90
11
90
10
90
3
90
12
90
10
90
11
90
4
90
11
90
1248
90
13
90
12
90
3
90
14
90
12
90
13
90
4
90
13
90
1260
90
15
90
14
90
3
90
16
90
14
90
15
90
4
90
15
90
1272
90
17
90
16
90
3
90
18
90
16
90
17
90
4
90
17
90
1284
90
19
90
18
90
3
90
20
90
18
90
19
90
4
90
19
90
1296
90
21
90
20
90
3
90
22
90
20
90
21
90
4
90
21
90
1309
90
23
90
22
90
3
90
24
90
22
90
23
90
4
90
23
90
1321
90
25
90
24
90
3
90
26
90
24
90
25
90
4
90
25
90
1333
90
27
90
26
90
3
90
28
90
26
90
27
90
3
90
27
90
29
90
28
90
3
90
30
90
28
90
29
90
3
90
29
90
31
90
30
90
3
90
32
90
30
90
31
90
3
90
31
90
33
90
32
90
3
90
34
90
32
90
33
90
3
90
33
90
35
90
34
90
3
90
36
90
34
90
35
90
3
90
35
90
37
90
36
90
3
90
38
90
36
90
37
90
3
90
37
90
39
90
38
90
3
90
40
90
38
90
39
90
3
90
39
90
41
90
40
90
3
90
42
90
40
90
41
90
3
90
41
90
43
90
42
90
3
90
44
90
42
90
43
90
3
90
43
90
45
90
44
90
3
90
46
90
44
90
45
90
3
90
45
90
47
90
46
90
3
90
48
90
46
90
47
90
3
90
47
90
49
90
48
90
3
90
50
90
48
90
49
90
3
90
49
90
51
90
50
90
3
90
52
90
50
90
51
90
3
90
51
90
53
90
52
90
3
90
54
90
52
90
53
90
4
90
53
90
1344
90
55
90
54
90
3
90
56
90
54
90
55
90
3
90
55
90
57
90
56
90
3
90
58
90
56
90
57
90
4
90
57
90
1329
90
59
90
58
90
3
90
60
90
58
90
59
90
4
90
59
90
1317
90
61
90
60
90
3
90
62
90
60
90
61
90
4
90
61
90
1305
90
63
90
62
90
3
90
64
90
62
90
63
90
4
90
63
90
1292
90
65
90
64
90
3
90
66
90
64
90
65
90
4
90
65
90
1280
90
67
90
66
90
3
90
68
90
66
90
67
90
4
90
67
90
1268
90
69
90
68
90
3
90
70
90
68
90
69
90
4
90
69
90
1256
90
71
90
70
90
3
90
72
90
70
90
71
90
4
90
71
90
1244
90
73
90
72
90
3
90
74
90
72
90
73
90
4
90
73
90
1232
90
75
90
74
90
3
90
76
90
74
90
75
90
4
90
75
90
1220
90
77
90
76
90
3
90
78
90
76
90
77
90
4
90
77
90
1205
90
79
90
78
90
3
90
1
90
78
90
79
90
4
90
79
90
1191
90
2
90
1
90
4
90
80
90
43
90
41
90
81
90
3
90
80
90
82
90
43
90
3
90
80
90
81
90
83
90
4
90
80
90
83
90
84
90
82
90
3
90
85
90
86
90
87
90
3
90
87
90
88
90
85
90
4
90
89
90
90
90
91
90
158
90
3
90
92
90
90
90
89
90
5
90
93
90
94
90
90
90
92
90
180
90
3
90
95
90
94
90
93
90
8
90
96
90
87
90
94
90
95
90
193
90
198
90
204
90
209
90
3
90
97
90
87
90
96
90
6
90
98
90
88
90
87
90
97
90
369
90
114
90
3
90
99
90
88
90
98
90
4
90
100
90
101
90
88
90
99
90
3
90
102
90
101
90
100
90
4
90
103
90
104
90
101
90
102
90
3
90
105
90
104
90
103
90
4
90
106
90
107
90
104
90
105
90
3
90
108
90
107
90
106
90
4
90
109
90
110
90
107
90
108
90
3
90
111
90
110
90
109
90
3
90
112
90
110
90
111
90
5
90
113
90
98
90
114
90
365
90
133
90
4
90
115
90
99
90
98
90
113
90
4
90
116
90
100
90
99
90
115
90
4
90
117
90
102
90
100
90
116
90
4
90
118
90
103
90
102
90
117
90
4
90
119
90
105
90
103
90
118
90
4
90
120
90
106
90
105
90
119
90
4
90
121
90
108
90
106
90
120
90
4
90
122
90
109
90
108
90
121
90
4
90
123
90
111
90
109
90
122
90
6
90
124
90
112
90
111
90
123
90
125
90
126
90
3
90
127
90
124
90
126
90
4
90
128
90
124
90
127
90
129
90
3
90
130
90
128
90
129
90
3
90
131
90
128
90
130
90
6
90
132
90
113
90
133
90
361
90
215
90
211
90
5
90
134
90
115
90
113
90
132
90
207
90
6
90
135
90
116
90
115
90
134
90
202
90
196
90
5
90
136
90
117
90
116
90
135
90
189
90
4
90
137
90
118
90
117
90
136
90
4
90
138
90
119
90
118
90
137
90
5
90
120
90
119
90
138
90
139
90
140
90
4
90
141
90
121
90
120
90
140
90
4
90
122
90
121
90
141
90
142
90
4
90
143
90
123
90
122
90
142
90
3
90
123
90
143
90
125
90
3
90
144
90
145
90
146
90
3
90
147
90
144
90
146
90
4
90
148
90
144
90
147
90
149
90
3
90
150
90
148
90
149
90
4
90
151
90
148
90
150
90
152
90
3
90
153
90
151
90
152
90
4
90
154
90
151
90
153
90
155
90
3
90
156
90
154
90
155
90
6
90
157
90
158
90
91
90
154
90
156
90
159
90
4
90
160
90
161
90
157
90
159
90
4
90
162
90
161
90
160
90
163
90
4
90
164
90
165
90
162
90
163
90
7
90
166
90
183
90
357
90
182
90
165
90
164
90
167
90
4
90
168
90
169
90
166
90
167
90
4
90
170
90
169
90
168
90
171
90
4
90
172
90
173
90
170
90
171
90
4
90
174
90
173
90
172
90
175
90
4
90
176
90
177
90
174
90
175
90
3
90
177
90
176
90
178
90
3
90
157
90
89
90
158
90
4
90
161
90
92
90
89
90
157
90
5
90
162
90
179
90
180
90
92
90
161
90
4
90
165
90
181
90
179
90
162
90
5
90
182
90
353
90
192
90
181
90
165
90
4
90
183
90
166
90
184
90
349
90
4
90
169
90
185
90
184
90
166
90
4
90
170
90
186
90
185
90
169
90
4
90
173
90
187
90
186
90
170
90
4
90
174
90
188
90
187
90
173
90
5
90
177
90
136
90
189
90
188
90
174
90
5
90
137
90
136
90
177
90
178
90
190
90
4
90
191
90
138
90
137
90
190
90
3
90
138
90
191
90
139
90
3
90
179
90
93
90
180
90
4
90
181
90
95
90
93
90
179
90
6
90
192
90
345
90
197
90
193
90
95
90
181
90
5
90
186
90
194
90
199
90
341
90
185
90
4
90
187
90
195
90
194
90
186
90
5
90
188
90
135
90
196
90
195
90
187
90
3
90
189
90
135
90
188
90
5
90
197
90
339
90
203
90
198
90
193
90
5
90
199
90
194
90
200
90
205
90
343
90
4
90
195
90
201
90
200
90
194
90
4
90
196
90
202
90
201
90
195
90
5
90
203
90
347
90
208
90
204
90
198
90
5
90
205
90
200
90
206
90
210
90
351
90
5
90
201
90
134
90
207
90
206
90
200
90
3
90
202
90
134
90
201
90
5
90
208
90
355
90
212
90
209
90
204
90
6
90
210
90
206
90
132
90
211
90
214
90
359
90
3
90
207
90
132
90
206
90
4
90
212
90
213
90
96
90
209
90
4
90
97
90
96
90
213
90
363
90
4
90
214
90
211
90
215
90
367
90
4
90
216
90
217
90
218
90
284
90
3
90
218
90
217
90
219
90
5
90
219
90
217
90
220
90
221
90
300
90
4
90
222
90
311
90
221
90
220
90
7
90
222
90
220
90
86
90
223
90
328
90
324
90
318
90
4
90
224
90
368
90
223
90
86
90
5
90
224
90
86
90
85
90
225
90
240
90
3
90
225
90
85
90
226
90
4
90
226
90
85
90
227
90
228
90
3
90
228
90
227
90
229
90
4
90
229
90
227
90
230
90
231
90
3
90
231
90
230
90
232
90
4
90
232
90
230
90
233
90
234
90
3
90
234
90
233
90
235
90
4
90
235
90
233
90
236
90
237
90
3
90
237
90
236
90
238
90
3
90
238
90
236
90
239
90
5
90
240
90
225
90
241
90
259
90
364
90
4
90
241
90
225
90
226
90
242
90
4
90
242
90
226
90
228
90
243
90
4
90
243
90
228
90
229
90
244
90
4
90
244
90
229
90
231
90
245
90
4
90
245
90
231
90
232
90
246
90
4
90
246
90
232
90
234
90
247
90
4
90
247
90
234
90
235
90
248
90
4
90
248
90
235
90
237
90
249
90
4
90
249
90
237
90
238
90
250
90
6
90
250
90
238
90
239
90
251
90
252
90
253
90
3
90
252
90
251
90
254
90
4
90
251
90
255
90
256
90
254
90
3
90
256
90
255
90
257
90
3
90
255
90
258
90
257
90
7
90
259
90
241
90
260
90
326
90
330
90
333
90
360
90
6
90
260
90
241
90
242
90
261
90
315
90
322
90
5
90
261
90
242
90
243
90
262
90
308
90
4
90
262
90
243
90
244
90
263
90
4
90
263
90
244
90
245
90
264
90
5
90
265
90
264
90
245
90
246
90
266
90
4
90
246
90
247
90
267
90
266
90
4
90
267
90
247
90
248
90
268
90
4
90
248
90
249
90
269
90
268
90
4
90
269
90
249
90
250
90
270
90
3
90
250
90
253
90
270
90
3
90
271
90
272
90
273
90
3
90
273
90
272
90
274
90
4
90
272
90
275
90
276
90
274
90
3
90
276
90
275
90
277
90
4
90
275
90
278
90
279
90
277
90
3
90
279
90
278
90
280
90
4
90
278
90
281
90
282
90
280
90
3
90
282
90
281
90
283
90
6
90
281
90
216
90
284
90
285
90
286
90
283
90
4
90
286
90
285
90
287
90
288
90
4
90
287
90
289
90
290
90
288
90
5
90
291
90
83
90
290
90
289
90
302
90
5
90
291
90
356
90
303
90
292
90
83
90
4
90
293
90
84
90
83
90
292
90
3
90
293
90
294
90
84
90
4
90
84
90
294
90
295
90
296
90
4
90
295
90
297
90
298
90
296
90
3
90
299
90
298
90
297
90
3
90
284
90
218
90
285
90
4
90
285
90
218
90
219
90
287
90
5
90
287
90
219
90
300
90
301
90
289
90
5
90
302
90
289
90
301
90
312
90
352
90
4
90
303
90
348
90
304
90
292
90
4
90
305
90
293
90
292
90
304
90
4
90
293
90
305
90
306
90
294
90
4
90
294
90
306
90
307
90
295
90
5
90
295
90
307
90
308
90
262
90
297
90
5
90
299
90
297
90
262
90
263
90
309
90
4
90
263
90
264
90
310
90
309
90
3
90
265
90
310
90
264
90
3
90
300
90
221
90
301
90
6
90
311
90
316
90
344
90
312
90
301
90
221
90
5
90
313
90
305
90
304
90
340
90
320
90
4
90
305
90
313
90
314
90
306
90
5
90
306
90
314
90
315
90
261
90
307
90
3
90
307
90
261
90
308
90
5
90
316
90
311
90
222
90
317
90
338
90
4
90
317
90
222
90
318
90
323
90
3
90
319
90
313
90
320
90
6
90
313
90
319
90
342
90
325
90
321
90
314
90
4
90
314
90
321
90
322
90
315
90
5
90
323
90
318
90
324
90
327
90
346
90
6
90
325
90
350
90
329
90
326
90
260
90
321
90
3
90
321
90
260
90
322
90
5
90
327
90
324
90
328
90
331
90
354
90
5
90
329
90
358
90
332
90
330
90
326
90
4
90
331
90
328
90
223
90
362
90
4
90
332
90
366
90
333
90
330
90
3
90
227
90
85
90
88
90
3
90
88
90
101
90
227
90
3
90
86
90
220
90
94
90
3
90
94
90
87
90
86
90
3
90
230
90
227
90
101
90
3
90
101
90
104
90
230
90
3
90
220
90
217
90
90
90
3
90
90
90
94
90
220
90
3
90
233
90
230
90
104
90
3
90
104
90
107
90
233
90
3
90
334
90
217
90
216
90
4
90
334
90
91
90
90
90
217
90
4
90
334
90
216
90
281
90
154
90
3
90
334
90
154
90
91
90
3
90
236
90
233
90
107
90
3
90
107
90
110
90
236
90
3
90
281
90
278
90
151
90
3
90
151
90
154
90
281
90
4
90
335
90
239
90
236
90
110
90
3
90
335
90
110
90
112
90
3
90
335
90
251
90
239
90
4
90
335
90
112
90
124
90
251
90
3
90
278
90
275
90
148
90
3
90
148
90
151
90
278
90
3
90
255
90
251
90
124
90
3
90
124
90
128
90
255
90
3
90
275
90
272
90
144
90
3
90
144
90
148
90
275
90
4
90
258
90
255
90
128
90
336
90
3
90
128
90
131
90
336
90
3
90
272
90
271
90
337
90
4
90
145
90
144
90
272
90
337
90
4
90
338
90
339
90
197
90
316
90
5
90
339
90
338
90
317
90
323
90
203
90
4
90
340
90
341
90
199
90
320
90
4
90
341
90
340
90
304
90
185
90
4
90
342
90
343
90
205
90
325
90
5
90
343
90
342
90
319
90
320
90
199
90
4
90
344
90
345
90
192
90
312
90
4
90
345
90
344
90
316
90
197
90
4
90
346
90
347
90
203
90
323
90
4
90
347
90
346
90
327
90
208
90
5
90
348
90
349
90
184
90
185
90
304
90
4
90
349
90
348
90
303
90
183
90
4
90
350
90
351
90
210
90
329
90
4
90
351
90
350
90
325
90
205
90
4
90
352
90
353
90
182
90
302
90
4
90
353
90
352
90
312
90
192
90
4
90
354
90
355
90
208
90
327
90
4
90
355
90
354
90
331
90
212
90
4
90
356
90
357
90
183
90
303
90
5
90
357
90
356
90
291
90
302
90
182
90
4
90
358
90
359
90
214
90
332
90
4
90
359
90
358
90
329
90
210
90
4
90
360
90
361
90
133
90
259
90
4
90
361
90
360
90
333
90
215
90
5
90
362
90
363
90
213
90
212
90
331
90
4
90
363
90
362
90
223
90
97
90
4
90
364
90
365
90
114
90
240
90
4
90
365
90
364
90
259
90
133
90
4
90
366
90
367
90
215
90
333
90
4
90
367
90
366
90
332
90
214
90
4
90
368
90
369
90
97
90
223
90
5
90
369
90
368
90
224
90
240
90
114
90
3
90
370
90
371
90
372
90
3
90
370
90
373
90
371
90
5
90
374
90
375
90
1448
90
371
90
373
90
3
90
374
90
376
90
375
90
5
90
377
90
378
90
1455
90
375
90
376
90
3
90
377
90
379
90
378
90
5
90
380
90
381
90
1461
90
378
90
379
90
3
90
380
90
382
90
381
90
5
90
383
90
384
90
1468
90
381
90
382
90
3
90
383
90
385
90
384
90
6
90
386
90
387
90
1475
90
384
90
385
90
424
90
4
90
386
90
1541
90
388
90
387
90
5
90
389
90
390
90
1523
90
387
90
388
90
3
90
389
90
391
90
390
90
6
90
392
90
393
90
1566
90
390
90
391
90
537
90
3
90
392
90
394
90
393
90
3
90
395
90
393
90
394
90
3
90
125
90
396
90
126
90
4
90
396
90
397
90
127
90
126
90
4
90
127
90
397
90
398
90
129
90
4
90
398
90
399
90
130
90
129
90
8
90
400
90
401
90
1572
90
131
90
130
90
399
90
435
90
453
90
3
90
400
90
402
90
401
90
4
90
403
90
401
90
402
90
468
90
6
90
404
90
405
90
1423
90
406
90
590
90
606
90
3
90
404
90
407
90
405
90
5
90
408
90
409
90
1429
90
405
90
407
90
3
90
408
90
410
90
409
90
5
90
411
90
412
90
1435
90
409
90
410
90
3
90
411
90
413
90
412
90
6
90
414
90
370
90
372
90
1441
90
412
90
413
90
4
90
370
90
414
90
415
90
373
90
4
90
416
90
374
90
373
90
415
90
4
90
374
90
416
90
417
90
376
90
4
90
418
90
377
90
376
90
417
90
4
90
377
90
418
90
419
90
379
90
4
90
420
90
380
90
379
90
419
90
4
90
380
90
420
90
421
90
382
90
4
90
422
90
383
90
382
90
421
90
6
90
383
90
422
90
673
90
672
90
423
90
385
90
8
90
424
90
385
90
423
90
681
90
684
90
688
90
1494
90
1537
90
3
90
139
90
425
90
140
90
4
90
425
90
426
90
141
90
140
90
5
90
141
90
426
90
556
90
427
90
142
90
4
90
427
90
428
90
143
90
142
90
5
90
125
90
143
90
428
90
429
90
396
90
4
90
396
90
429
90
430
90
397
90
4
90
397
90
430
90
431
90
398
90
4
90
398
90
431
90
432
90
399
90
5
90
433
90
434
90
435
90
399
90
432
90
4
90
434
90
433
90
436
90
437
90
4
90
438
90
439
90
437
90
436
90
4
90
439
90
438
90
440
90
441
90
6
90
442
90
443
90
1563
90
457
90
441
90
440
90
5
90
443
90
442
90
444
90
445
90
1519
90
3
90
446
90
445
90
444
90
6
90
446
90
447
90
448
90
458
90
1512
90
445
90
4
90
448
90
447
90
449
90
450
90
3
90
451
90
450
90
449
90
4
90
434
90
452
90
453
90
435
90
4
90
452
90
434
90
437
90
454
90
4
90
439
90
455
90
454
90
437
90
4
90
455
90
439
90
441
90
456
90
5
90
457
90
1560
90
470
90
456
90
441
90
5
90
458
90
448
90
459
90
471
90
1508
90
4
90
459
90
448
90
450
90
460
90
5
90
451
90
461
90
462
90
460
90
450
90
4
90
462
90
461
90
463
90
464
90
5
90
465
90
1465
90
466
90
464
90
463
90
3
90
452
90
400
90
453
90
4
90
400
90
452
90
454
90
402
90
5
90
455
90
467
90
468
90
402
90
454
90
4
90
467
90
455
90
456
90
469
90
5
90
470
90
1556
90
477
90
469
90
456
90
5
90
471
90
459
90
472
90
479
90
1504
90
4
90
472
90
459
90
460
90
473
90
6
90
462
90
474
90
1472
90
475
90
473
90
460
90
3
90
462
90
464
90
474
90
3
90
466
90
474
90
464
90
4
90
467
90
476
90
403
90
468
90
3
90
467
90
469
90
476
90
6
90
477
90
1553
90
482
90
478
90
476
90
469
90
6
90
479
90
472
90
480
90
481
90
484
90
1502
90
3
90
472
90
473
90
480
90
3
90
475
90
480
90
473
90
5
90
482
90
1549
90
486
90
483
90
478
90
7
90
484
90
481
90
1500
90
485
90
490
90
491
90
1506
90
7
90
486
90
1547
90
492
90
487
90
488
90
1545
90
483
90
3
90
487
90
489
90
488
90
4
90
490
90
485
90
488
90
489
90
6
90
491
90
490
90
489
90
495
90
496
90
1510
90
5
90
492
90
1551
90
497
90
493
90
487
90
4
90
487
90
493
90
494
90
489
90
3
90
495
90
489
90
494
90
7
90
496
90
495
90
494
90
500
90
501
90
1515
90
1514
90
3
90
497
90
498
90
493
90
5
90
493
90
498
90
1558
90
499
90
494
90
3
90
500
90
494
90
499
90
4
90
501
90
500
90
499
90
1562
90
3
90
502
90
503
90
504
90
4
90
502
90
504
90
505
90
506
90
3
90
507
90
506
90
505
90
4
90
507
90
505
90
508
90
509
90
3
90
510
90
509
90
508
90
4
90
510
90
508
90
511
90
512
90
3
90
513
90
512
90
511
90
4
90
513
90
511
90
514
90
515
90
3
90
516
90
515
90
514
90
4
90
516
90
514
90
517
90
518
90
3
90
519
90
518
90
517
90
4
90
519
90
517
90
520
90
521
90
3
90
522
90
521
90
520
90
4
90
522
90
520
90
523
90
524
90
3
90
525
90
524
90
523
90
4
90
525
90
523
90
526
90
527
90
3
90
528
90
527
90
526
90
4
90
528
90
526
90
529
90
530
90
3
90
531
90
530
90
529
90
4
90
531
90
529
90
532
90
533
90
10
90
534
90
644
90
689
90
1534
90
686
90
682
90
679
90
668
90
533
90
532
90
5
90
534
90
532
90
535
90
536
90
631
90
6
90
392
90
537
90
617
90
625
90
536
90
535
90
4
90
392
90
535
90
538
90
394
90
4
90
539
90
395
90
394
90
538
90
3
90
538
90
540
90
539
90
4
90
145
90
539
90
540
90
146
90
4
90
540
90
541
90
147
90
146
90
3
90
147
90
541
90
149
90
4
90
541
90
542
90
150
90
149
90
3
90
150
90
542
90
152
90
4
90
542
90
543
90
153
90
152
90
3
90
153
90
543
90
155
90
4
90
543
90
544
90
156
90
155
90
3
90
156
90
544
90
159
90
4
90
544
90
545
90
160
90
159
90
3
90
160
90
545
90
163
90
4
90
545
90
546
90
164
90
163
90
3
90
164
90
546
90
167
90
4
90
546
90
547
90
168
90
167
90
3
90
168
90
547
90
171
90
4
90
547
90
548
90
172
90
171
90
3
90
172
90
548
90
175
90
4
90
548
90
549
90
176
90
175
90
4
90
178
90
176
90
549
90
550
90
4
90
550
90
549
90
551
90
552
90
3
90
552
90
551
90
553
90
4
90
553
90
551
90
554
90
555
90
4
90
556
90
555
90
554
90
427
90
4
90
427
90
554
90
557
90
428
90
3
90
428
90
557
90
429
90
4
90
429
90
557
90
558
90
430
90
3
90
430
90
558
90
431
90
4
90
431
90
558
90
559
90
432
90
3
90
433
90
432
90
559
90
4
90
433
90
559
90
560
90
436
90
3
90
438
90
436
90
560
90
4
90
438
90
560
90
561
90
440
90
3
90
442
90
440
90
561
90
4
90
442
90
561
90
562
90
444
90
4
90
447
90
446
90
444
90
562
90
4
90
447
90
562
90
563
90
449
90
4
90
461
90
451
90
449
90
563
90
4
90
461
90
563
90
564
90
463
90
4
90
565
90
465
90
463
90
564
90
3
90
564
90
566
90
565
90
4
90
567
90
1458
90
565
90
566
90
3
90
566
90
568
90
567
90
4
90
569
90
1452
90
567
90
568
90
3
90
568
90
570
90
569
90
5
90
571
90
572
90
1445
90
569
90
570
90
4
90
571
90
570
90
573
90
574
90
4
90
575
90
592
90
574
90
573
90
4
90
575
90
573
90
576
90
577
90
4
90
578
90
609
90
577
90
576
90
4
90
578
90
576
90
579
90
580
90
4
90
581
90
618
90
580
90
579
90
4
90
581
90
579
90
582
90
583
90
3
90
584
90
583
90
582
90
5
90
584
90
582
90
504
90
503
90
628
90
3
90
178
90
550
90
190
90
4
90
550
90
552
90
191
90
190
90
5
90
139
90
191
90
552
90
553
90
425
90
4
90
425
90
553
90
555
90
426
90
3
90
556
90
426
90
555
90
5
90
585
90
586
90
1401
90
587
90
588
90
3
90
585
90
589
90
586
90
4
90
590
90
406
90
586
90
589
90
3
90
571
90
591
90
572
90
3
90
571
90
574
90
591
90
6
90
592
90
593
90
594
90
1438
90
591
90
574
90
3
90
593
90
595
90
594
90
5
90
596
90
597
90
1432
90
594
90
595
90
3
90
596
90
598
90
597
90
5
90
599
90
600
90
1426
90
597
90
598
90
3
90
599
90
601
90
600
90
8
90
602
90
587
90
1398
90
600
90
601
90
614
90
1419
90
608
90
3
90
602
90
588
90
587
90
8
90
603
90
585
90
588
90
604
90
704
90
699
90
696
90
692
90
4
90
585
90
603
90
605
90
589
90
4
90
606
90
590
90
589
90
605
90
3
90
607
90
602
90
608
90
5
90
602
90
607
90
1415
90
604
90
588
90
3
90
592
90
575
90
593
90
4
90
593
90
575
90
577
90
595
90
5
90
609
90
610
90
596
90
595
90
577
90
4
90
596
90
610
90
611
90
598
90
4
90
612
90
599
90
598
90
611
90
4
90
599
90
612
90
613
90
601
90
5
90
614
90
601
90
613
90
621
90
1412
90
5
90
615
90
389
90
388
90
1531
90
623
90
4
90
389
90
615
90
616
90
391
90
4
90
617
90
537
90
391
90
616
90
3
90
609
90
578
90
610
90
4
90
610
90
578
90
580
90
611
90
5
90
618
90
619
90
612
90
611
90
580
90
4
90
612
90
619
90
620
90
613
90
5
90
621
90
613
90
620
90
627
90
1409
90
5
90
622
90
615
90
623
90
1527
90
630
90
4
90
615
90
622
90
624
90
616
90
4
90
625
90
617
90
616
90
624
90
3
90
618
90
581
90
619
90
4
90
619
90
581
90
583
90
620
90
7
90
584
90
626
90
642
90
1405
90
627
90
620
90
583
90
3
90
626
90
584
90
628
90
5
90
629
90
622
90
630
90
1525
90
645
90
5
90
622
90
629
90
631
90
536
90
624
90
3
90
625
90
624
90
536
90
4
90
502
90
632
90
633
90
503
90
4
90
632
90
502
90
506
90
634
90
4
90
507
90
635
90
634
90
506
90
4
90
635
90
507
90
509
90
636
90
4
90
510
90
637
90
636
90
509
90
4
90
637
90
510
90
512
90
638
90
4
90
513
90
639
90
638
90
512
90
4
90
639
90
513
90
515
90
640
90
4
90
516
90
641
90
640
90
515
90
3
90
641
90
516
90
518
90
5
90
642
90
626
90
643
90
669
90
1403
90
5
90
643
90
626
90
628
90
503
90
633
90
6
90
644
90
534
90
629
90
645
90
1529
90
690
90
3
90
629
90
534
90
631
90
6
90
632
90
646
90
691
90
693
90
647
90
633
90
4
90
646
90
632
90
634
90
648
90
4
90
635
90
649
90
648
90
634
90
4
90
649
90
635
90
636
90
650
90
4
90
637
90
651
90
650
90
636
90
4
90
651
90
637
90
638
90
652
90
4
90
639
90
653
90
652
90
638
90
4
90
653
90
639
90
640
90
654
90
4
90
641
90
655
90
654
90
640
90
4
90
655
90
641
90
518
90
656
90
4
90
519
90
657
90
656
90
518
90
4
90
657
90
519
90
521
90
658
90
4
90
522
90
659
90
658
90
521
90
4
90
659
90
522
90
524
90
660
90
4
90
525
90
661
90
660
90
524
90
4
90
661
90
525
90
527
90
662
90
5
90
528
90
663
90
664
90
662
90
527
90
4
90
663
90
528
90
530
90
665
90
7
90
531
90
666
90
676
90
1489
90
675
90
665
90
530
90
4
90
666
90
531
90
533
90
667
90
3
90
668
90
667
90
533
90
5
90
669
90
643
90
670
90
705
90
1407
90
5
90
670
90
643
90
633
90
647
90
702
90
3
90
663
90
671
90
664
90
6
90
672
90
673
90
671
90
663
90
665
90
674
90
5
90
675
90
1485
90
680
90
674
90
665
90
4
90
676
90
666
90
677
90
1479
90
4
90
677
90
666
90
667
90
678
90
4
90
668
90
679
90
678
90
667
90
3
90
672
90
674
90
423
90
6
90
680
90
1477
90
683
90
681
90
423
90
674
90
6
90
679
90
682
90
685
90
1482
90
1481
90
678
90
5
90
683
90
1487
90
687
90
684
90
681
90
4
90
685
90
682
90
686
90
1536
90
4
90
687
90
1491
90
688
90
684
90
4
90
689
90
644
90
690
90
1539
90
7
90
691
90
646
90
603
90
692
90
695
90
1395
90
694
90
4
90
603
90
646
90
648
90
605
90
5
90
649
90
404
90
606
90
605
90
648
90
4
90
404
90
649
90
650
90
407
90
4
90
651
90
408
90
407
90
650
90
4
90
408
90
651
90
652
90
410
90
4
90
653
90
411
90
410
90
652
90
4
90
411
90
653
90
654
90
413
90
4
90
655
90
414
90
413
90
654
90
4
90
414
90
655
90
656
90
415
90
4
90
657
90
416
90
415
90
656
90
4
90
416
90
657
90
658
90
417
90
4
90
659
90
418
90
417
90
658
90
4
90
418
90
659
90
660
90
419
90
4
90
661
90
420
90
419
90
660
90
4
90
420
90
661
90
662
90
421
90
5
90
671
90
422
90
421
90
662
90
664
90
3
90
673
90
422
90
671
90
5
90
693
90
691
90
694
90
1389
90
697
90
5
90
695
90
692
90
696
90
698
90
1386
90
5
90
693
90
697
90
1382
90
700
90
647
90
5
90
698
90
696
90
699
90
703
90
1384
90
5
90
700
90
1379
90
1378
90
701
90
647
90
3
90
702
90
647
90
701
90
6
90
703
90
699
90
704
90
707
90
1392
90
1391
90
4
90
705
90
670
90
706
90
1413
90
5
90
706
90
670
90
702
90
701
90
1375
90
4
90
707
90
704
90
604
90
1417
90
3
90
708
90
709
90
710
90
3
90
711
90
710
90
709
90
5
90
711
90
709
90
1446
90
712
90
713
90
3
90
714
90
713
90
712
90
5
90
714
90
712
90
1453
90
715
90
716
90
3
90
717
90
716
90
715
90
5
90
717
90
715
90
1459
90
718
90
719
90
3
90
720
90
719
90
718
90
5
90
720
90
718
90
1466
90
721
90
722
90
3
90
723
90
722
90
721
90
7
90
723
90
721
90
1473
90
724
90
725
90
1540
90
762
90
3
90
726
90
725
90
724
90
5
90
726
90
724
90
1521
90
727
90
728
90
3
90
729
90
728
90
727
90
6
90
729
90
727
90
1564
90
730
90
731
90
853
90
3
90
732
90
731
90
730
90
3
90
732
90
730
90
733
90
3
90
253
90
252
90
734
90
4
90
735
90
734
90
252
90
254
90
4
90
256
90
736
90
735
90
254
90
5
90
737
90
769
90
736
90
256
90
257
90
7
90
258
90
1570
90
738
90
739
90
789
90
737
90
257
90
3
90
740
90
739
90
738
90
4
90
740
90
738
90
741
90
806
90
6
90
742
90
1420
90
743
90
744
90
913
90
897
90
3
90
745
90
744
90
743
90
5
90
745
90
743
90
1427
90
746
90
747
90
3
90
748
90
747
90
746
90
5
90
748
90
746
90
1433
90
749
90
750
90
3
90
751
90
750
90
749
90
6
90
751
90
749
90
1439
90
708
90
710
90
752
90
4
90
711
90
753
90
752
90
710
90
4
90
753
90
711
90
713
90
754
90
4
90
714
90
755
90
754
90
713
90
4
90
755
90
714
90
716
90
756
90
4
90
717
90
757
90
756
90
716
90
4
90
757
90
717
90
719
90
758
90
4
90
720
90
759
90
758
90
719
90
6
90
759
90
720
90
722
90
760
90
980
90
979
90
5
90
723
90
761
90
986
90
760
90
722
90
7
90
761
90
723
90
762
90
1495
90
1492
90
996
90
991
90
3
90
763
90
265
90
266
90
4
90
267
90
764
90
763
90
266
90
6
90
765
90
766
90
869
90
764
90
267
90
268
90
3
90
269
90
765
90
268
90
4
90
767
90
765
90
269
90
270
90
4
90
253
90
734
90
767
90
270
90
5
90
735
90
768
90
1347
90
767
90
734
90
3
90
736
90
768
90
735
90
6
90
769
90
770
90
771
90
772
90
768
90
736
90
4
90
773
90
774
90
771
90
770
90
4
90
775
90
776
90
774
90
773
90
4
90
776
90
775
90
777
90
778
90
4
90
779
90
780
90
778
90
777
90
7
90
780
90
779
90
794
90
1520
90
1517
90
781
90
782
90
3
90
783
90
782
90
781
90
6
90
784
90
785
90
783
90
781
90
1511
90
796
90
4
90
785
90
784
90
786
90
787
90
3
90
788
90
787
90
786
90
3
90
769
90
737
90
770
90
5
90
789
90
790
90
773
90
770
90
737
90
4
90
791
90
775
90
773
90
790
90
4
90
775
90
791
90
792
90
777
90
5
90
793
90
779
90
777
90
792
90
808
90
4
90
794
90
779
90
793
90
1559
90
3
90
795
90
784
90
796
90
6
90
784
90
795
90
1507
90
809
90
797
90
786
90
5
90
798
90
799
90
788
90
786
90
797
90
4
90
799
90
798
90
800
90
801
90
4
90
802
90
803
90
801
90
800
90
5
90
803
90
802
90
804
90
1463
90
805
90
3
90
789
90
739
90
790
90
4
90
740
90
791
90
790
90
739
90
5
90
791
90
740
90
806
90
807
90
792
90
5
90
808
90
792
90
807
90
816
90
1555
90
5
90
809
90
1503
90
818
90
810
90
797
90
4
90
811
90
798
90
797
90
810
90
6
90
798
90
811
90
812
90
1470
90
813
90
800
90
3
90
802
90
800
90
813
90
3
90
802
90
813
90
804
90
4
90
806
90
741
90
814
90
807
90
6
90
815
90
821
90
1552
90
816
90
807
90
814
90
3
90
815
90
814
90
817
90
6
90
818
90
1501
90
824
90
819
90
820
90
810
90
3
90
811
90
810
90
820
90
3
90
811
90
820
90
812
90
4
90
821
90
815
90
822
90
1548
90
5
90
822
90
815
90
817
90
823
90
826
90
7
90
824
90
1505
90
832
90
830
90
825
90
1498
90
819
90
7
90
826
90
823
90
1543
90
827
90
828
90
833
90
1546
90
3
90
829
90
828
90
827
90
4
90
830
90
829
90
827
90
825
90
3
90
829
90
831
90
828
90
7
90
830
90
832
90
1509
90
838
90
836
90
831
90
829
90
5
90
833
90
828
90
834
90
839
90
1550
90
4
90
831
90
835
90
834
90
828
90
3
90
836
90
835
90
831
90
4
90
835
90
837
90
841
90
834
90
7
90
836
90
838
90
1516
90
1554
90
843
90
837
90
835
90
4
90
839
90
834
90
840
90
1557
90
3
90
841
90
840
90
834
90
5
90
841
90
837
90
842
90
1561
90
840
90
3
90
843
90
842
90
837
90
4
90
844
90
845
90
1302
90
846
90
3
90
844
90
847
90
845
90
8
90
848
90
849
90
1314
90
845
90
847
90
976
90
985
90
988
90
8
90
848
90
994
90
1533
90
998
90
944
90
936
90
850
90
849
90
7
90
851
90
852
90
1326
90
849
90
850
90
932
90
924
90
4
90
851
90
853
90
731
90
852
90
5
90
732
90
854
90
1338
90
852
90
731
90
4
90
732
90
733
90
855
90
854
90
3
90
856
90
854
90
855
90
4
90
855
90
271
90
273
90
856
90
4
90
857
90
856
90
273
90
274
90
3
90
276
90
857
90
274
90
4
90
858
90
857
90
276
90
277
90
3
90
279
90
858
90
277
90
4
90
859
90
858
90
279
90
280
90
3
90
282
90
859
90
280
90
4
90
860
90
859
90
282
90
283
90
3
90
286
90
860
90
283
90
4
90
861
90
860
90
286
90
288
90
3
90
290
90
861
90
288
90
3
90
83
90
861
90
290
90
3
90
862
90
84
90
296
90
3
90
298
90
862
90
296
90
5
90
863
90
864
90
862
90
298
90
299
90
3
90
865
90
864
90
863
90
4
90
866
90
867
90
864
90
865
90
3
90
868
90
867
90
866
90
4
90
869
90
766
90
867
90
868
90
3
90
771
90
870
90
772
90
3
90
774
90
870
90
771
90
5
90
776
90
871
90
1332
90
870
90
774
90
3
90
776
90
778
90
871
90
5
90
780
90
872
90
1320
90
871
90
778
90
3
90
780
90
782
90
872
90
6
90
785
90
873
90
1308
90
872
90
782
90
783
90
3
90
785
90
787
90
873
90
6
90
799
90
874
90
1295
90
873
90
787
90
788
90
3
90
799
90
801
90
874
90
5
90
803
90
875
90
1283
90
874
90
801
90
4
90
803
90
805
90
876
90
875
90
4
90
877
90
1271
90
875
90
876
90
4
90
876
90
1456
90
878
90
877
90
4
90
879
90
1259
90
877
90
878
90
4
90
878
90
1450
90
880
90
879
90
4
90
881
90
1247
90
879
90
880
90
5
90
880
90
1443
90
882
90
883
90
881
90
5
90
884
90
885
90
1235
90
881
90
883
90
4
90
884
90
899
90
886
90
885
90
6
90
887
90
888
90
1223
90
885
90
886
90
916
90
3
90
887
90
889
90
888
90
4
90
890
90
1210
90
888
90
889
90
3
90
863
90
299
90
309
90
4
90
310
90
865
90
863
90
309
90
5
90
763
90
866
90
865
90
310
90
265
90
4
90
764
90
868
90
866
90
763
90
3
90
869
90
868
90
764
90
3
90
891
90
892
90
893
90
5
90
891
90
893
90
1399
90
894
90
895
90
3
90
896
90
895
90
894
90
4
90
896
90
894
90
742
90
897
90
3
90
882
90
898
90
883
90
3
90
884
90
883
90
898
90
6
90
899
90
884
90
898
90
1436
90
900
90
901
90
3
90
902
90
901
90
900
90
5
90
902
90
900
90
1430
90
903
90
904
90
3
90
905
90
904
90
903
90
5
90
905
90
903
90
1424
90
906
90
907
90
3
90
908
90
907
90
906
90
8
90
908
90
906
90
1396
90
893
90
892
90
914
90
1418
90
921
90
5
90
891
90
909
90
1014
90
910
90
892
90
7
90
909
90
891
90
895
90
911
90
1001
90
1006
90
1010
90
4
90
896
90
912
90
911
90
895
90
4
90
912
90
896
90
897
90
913
90
4
90
914
90
892
90
910
90
1414
90
3
90
899
90
901
90
886
90
5
90
902
90
915
90
916
90
886
90
901
90
4
90
915
90
902
90
904
90
917
90
4
90
905
90
918
90
917
90
904
90
4
90
918
90
905
90
907
90
919
90
4
90
908
90
920
90
919
90
907
90
5
90
920
90
908
90
921
90
1411
90
929
90
4
90
726
90
922
90
1530
90
725
90
5
90
922
90
726
90
728
90
923
90
930
90
5
90
729
90
851
90
924
90
923
90
728
90
3
90
851
90
729
90
853
90
3
90
915
90
887
90
916
90
4
90
887
90
915
90
917
90
889
90
6
90
918
90
925
90
926
90
890
90
889
90
917
90
4
90
925
90
918
90
919
90
927
90
6
90
920
90
928
90
1408
90
934
90
927
90
919
90
3
90
928
90
920
90
929
90
5
90
930
90
923
90
931
90
937
90
1526
90
4
90
924
90
932
90
931
90
923
90
3
90
925
90
933
90
926
90
3
90
925
90
927
90
933
90
7
90
934
90
1404
90
941
90
935
90
1195
90
933
90
927
90
6
90
936
90
943
90
1524
90
937
90
931
90
850
90
3
90
932
90
850
90
931
90
4
90
938
90
1187
90
939
90
940
90
6
90
941
90
1402
90
977
90
942
90
939
90
935
90
3
90
942
90
940
90
939
90
5
90
943
90
936
90
944
90
997
90
1528
90
8
90
945
90
946
90
1189
90
938
90
940
90
947
90
1003
90
1000
90
3
90
945
90
948
90
946
90
5
90
949
90
950
90
1202
90
946
90
948
90
3
90
949
90
951
90
950
90
5
90
952
90
953
90
1217
90
950
90
951
90
3
90
952
90
954
90
953
90
5
90
955
90
956
90
1229
90
953
90
954
90
3
90
955
90
957
90
956
90
5
90
958
90
959
90
1241
90
956
90
957
90
3
90
958
90
960
90
959
90
5
90
961
90
962
90
1253
90
959
90
960
90
3
90
961
90
963
90
962
90
5
90
964
90
965
90
1265
90
962
90
963
90
3
90
964
90
966
90
965
90
5
90
967
90
968
90
1277
90
965
90
966
90
3
90
967
90
969
90
968
90
5
90
970
90
971
90
1289
90
968
90
969
90
4
90
970
90
972
90
973
90
971
90
6
90
974
90
844
90
846
90
971
90
973
90
982
90
6
90
844
90
974
90
1488
90
983
90
975
90
847
90
3
90
976
90
847
90
975
90
3
90
977
90
978
90
942
90
7
90
942
90
978
90
1406
90
1017
90
1013
90
947
90
940
90
5
90
972
90
979
90
980
90
981
90
973
90
5
90
982
90
973
90
981
90
987
90
1484
90
4
90
983
90
1478
90
984
90
975
90
4
90
985
90
976
90
975
90
984
90
3
90
980
90
760
90
981
90
6
90
986
90
989
90
1476
90
987
90
981
90
760
90
6
90
988
90
985
90
984
90
1483
90
1532
90
993
90
5
90
989
90
986
90
761
90
990
90
1486
90
4
90
990
90
761
90
991
90
995
90
4
90
992
90
848
90
988
90
993
90
4
90
994
90
848
90
992
90
1535
90
4
90
995
90
991
90
996
90
1490
90
4
90
997
90
944
90
998
90
1538
90
3
90
999
90
945
90
1000
90
8
90
945
90
999
90
1004
90
1394
90
1005
90
1001
90
911
90
948
90
4
90
912
90
949
90
948
90
911
90
5
90
949
90
912
90
913
90
744
90
951
90
4
90
745
90
952
90
951
90
744
90
4
90
952
90
745
90
747
90
954
90
4
90
748
90
955
90
954
90
747
90
4
90
955
90
748
90
750
90
957
90
4
90
751
90
958
90
957
90
750
90
4
90
958
90
751
90
752
90
960
90
4
90
753
90
961
90
960
90
752
90
4
90
961
90
753
90
754
90
963
90
4
90
755
90
964
90
963
90
754
90
4
90
964
90
755
90
756
90
966
90
4
90
757
90
967
90
966
90
756
90
4
90
967
90
757
90
758
90
969
90
4
90
759
90
970
90
969
90
758
90
4
90
970
90
759
90
979
90
972
90
4
90
1002
90
999
90
1000
90
1003
90
5
90
1004
90
999
90
1002
90
1008
90
1388
90
5
90
1005
90
1385
90
1009
90
1006
90
1001
90
5
90
1007
90
1002
90
1003
90
947
90
1011
90
4
90
1008
90
1002
90
1007
90
1381
90
5
90
1009
90
1383
90
1016
90
1010
90
1006
90
5
90
1011
90
947
90
1012
90
1380
90
1387
90
3
90
1013
90
1012
90
947
90
3
90
1014
90
909
90
1015
90
7
90
1016
90
1393
90
1410
90
1019
90
1015
90
909
90
1010
90
5
90
1013
90
1017
90
1376
90
1373
90
1012
90
5
90
1014
90
1015
90
1018
90
1416
90
910
90
3
90
1019
90
1018
90
1015
90
3
90
1020
90
38
90
1021
90
4
90
1021
90
38
90
40
90
1022
90
4
90
1023
90
1020
90
1021
90
1024
90
4
90
1021
90
1022
90
1025
90
1024
90
3
90
1026
90
42
90
1027
90
4
90
1027
90
42
90
44
90
1028
90
4
90
1029
90
1026
90
1027
90
1030
90
4
90
1027
90
1028
90
1031
90
1030
90
3
90
1032
90
36
90
1033
90
4
90
1033
90
36
90
38
90
1020
90
4
90
1034
90
1032
90
1033
90
1035
90
4
90
1033
90
1020
90
1023
90
1035
90
3
90
1022
90
40
90
1036
90
4
90
1036
90
40
90
42
90
1026
90
4
90
1025
90
1022
90
1036
90
1037
90
4
90
1036
90
1026
90
1029
90
1037
90
3
90
1028
90
44
90
1038
90
4
90
1038
90
44
90
46
90
1039
90
4
90
1031
90
1028
90
1038
90
1040
90
4
90
1038
90
1039
90
1041
90
1040
90
3
90
1042
90
34
90
1043
90
4
90
1043
90
34
90
36
90
1032
90
4
90
1044
90
1042
90
1043
90
1045
90
4
90
1043
90
1032
90
1034
90
1045
90
3
90
1039
90
46
90
1046
90
4
90
1046
90
46
90
48
90
1047
90
4
90
1041
90
1039
90
1046
90
1048
90
4
90
1046
90
1047
90
1049
90
1048
90
3
90
1050
90
32
90
1051
90
4
90
1051
90
32
90
34
90
1042
90
4
90
1052
90
1050
90
1051
90
1053
90
4
90
1051
90
1042
90
1044
90
1053
90
3
90
1047
90
48
90
1054
90
4
90
1054
90
48
90
50
90
1055
90
4
90
1049
90
1047
90
1054
90
1056
90
4
90
1054
90
1055
90
1057
90
1056
90
3
90
1058
90
30
90
1059
90
4
90
1059
90
30
90
32
90
1050
90
4
90
1060
90
1058
90
1059
90
1061
90
4
90
1059
90
1050
90
1052
90
1061
90
3
90
1055
90
50
90
1062
90
4
90
1062
90
50
90
52
90
1063
90
4
90
1057
90
1055
90
1062
90
1064
90
4
90
1062
90
1063
90
1065
90
1064
90
3
90
1066
90
28
90
1067
90
4
90
1067
90
28
90
30
90
1058
90
4
90
1068
90
1066
90
1067
90
1069
90
4
90
1067
90
1058
90
1060
90
1069
90
3
90
1063
90
52
90
1070
90
4
90
1070
90
52
90
54
90
1071
90
4
90
1065
90
1063
90
1070
90
1072
90
4
90
1070
90
1071
90
1073
90
1072
90
3
90
1074
90
26
90
1075
90
4
90
1075
90
26
90
28
90
1066
90
4
90
1076
90
1074
90
1075
90
1077
90
4
90
1075
90
1066
90
1068
90
1077
90
3
90
1071
90
54
90
1078
90
4
90
1078
90
54
90
56
90
1079
90
4
90
1073
90
1071
90
1078
90
1080
90
4
90
1078
90
1079
90
1081
90
1080
90
3
90
1082
90
24
90
1083
90
4
90
1083
90
24
90
26
90
1074
90
4
90
1084
90
1082
90
1083
90
1085
90
4
90
1083
90
1074
90
1076
90
1085
90
3
90
1079
90
56
90
1086
90
4
90
1086
90
56
90
58
90
1087
90
4
90
1081
90
1079
90
1086
90
1088
90
4
90
1086
90
1087
90
1089
90
1088
90
3
90
1090
90
22
90
1091
90
4
90
1091
90
22
90
24
90
1082
90
4
90
1092
90
1090
90
1091
90
1093
90
4
90
1091
90
1082
90
1084
90
1093
90
3
90
1087
90
58
90
1094
90
4
90
1094
90
58
90
60
90
1095
90
4
90
1089
90
1087
90
1094
90
1096
90
4
90
1094
90
1095
90
1097
90
1096
90
3
90
1098
90
20
90
1099
90
4
90
1099
90
20
90
22
90
1090
90
4
90
1100
90
1098
90
1099
90
1101
90
4
90
1099
90
1090
90
1092
90
1101
90
3
90
1095
90
60
90
1102
90
4
90
1102
90
60
90
62
90
1103
90
4
90
1097
90
1095
90
1102
90
1104
90
4
90
1102
90
1103
90
1105
90
1104
90
3
90
1106
90
18
90
1107
90
4
90
1107
90
18
90
20
90
1098
90
4
90
1108
90
1106
90
1107
90
1109
90
4
90
1107
90
1098
90
1100
90
1109
90
3
90
1103
90
62
90
1110
90
4
90
1110
90
62
90
64
90
1111
90
4
90
1105
90
1103
90
1110
90
1112
90
4
90
1110
90
1111
90
1113
90
1112
90
3
90
1114
90
16
90
1115
90
4
90
1115
90
16
90
18
90
1106
90
4
90
1116
90
1114
90
1115
90
1117
90
4
90
1115
90
1106
90
1108
90
1117
90
3
90
1111
90
64
90
1118
90
4
90
1118
90
64
90
66
90
1119
90
4
90
1113
90
1111
90
1118
90
1120
90
4
90
1118
90
1119
90
1121
90
1120
90
3
90
1122
90
14
90
1123
90
4
90
1123
90
14
90
16
90
1114
90
4
90
1124
90
1122
90
1123
90
1125
90
4
90
1123
90
1114
90
1116
90
1125
90
3
90
1119
90
66
90
1126
90
4
90
1126
90
66
90
68
90
1127
90
4
90
1121
90
1119
90
1126
90
1128
90
4
90
1126
90
1127
90
1129
90
1128
90
3
90
1130
90
12
90
1131
90
4
90
1131
90
12
90
14
90
1122
90
4
90
1132
90
1130
90
1131
90
1133
90
4
90
1131
90
1122
90
1124
90
1133
90
3
90
1127
90
68
90
1134
90
4
90
1134
90
68
90
70
90
1135
90
4
90
1129
90
1127
90
1134
90
1136
90
4
90
1134
90
1135
90
1137
90
1136
90
3
90
1138
90
10
90
1139
90
4
90
1139
90
10
90
12
90
1130
90
4
90
1140
90
1138
90
1139
90
1141
90
4
90
1139
90
1130
90
1132
90
1141
90
3
90
1135
90
70
90
1142
90
4
90
1142
90
70
90
72
90
1143
90
4
90
1137
90
1135
90
1142
90
1144
90
4
90
1142
90
1143
90
1145
90
1144
90
3
90
1146
90
8
90
1147
90
4
90
1147
90
8
90
10
90
1138
90
4
90
1148
90
1146
90
1147
90
1149
90
4
90
1147
90
1138
90
1140
90
1149
90
3
90
1143
90
72
90
1150
90
4
90
1150
90
72
90
74
90
1151
90
4
90
1145
90
1143
90
1150
90
1152
90
4
90
1150
90
1151
90
1153
90
1152
90
3
90
1154
90
6
90
1155
90
4
90
1155
90
6
90
8
90
1146
90
4
90
1156
90
1154
90
1155
90
1157
90
4
90
1155
90
1146
90
1148
90
1157
90
3
90
1151
90
74
90
1158
90
4
90
1158
90
74
90
76
90
1159
90
4
90
1153
90
1151
90
1158
90
1160
90
4
90
1158
90
1159
90
1161
90
1160
90
3
90
1162
90
4
90
1163
90
4
90
1163
90
4
90
6
90
1154
90
4
90
1164
90
1162
90
1163
90
1165
90
4
90
1163
90
1154
90
1156
90
1165
90
3
90
1159
90
76
90
1166
90
4
90
1166
90
76
90
78
90
1167
90
4
90
1161
90
1159
90
1166
90
1168
90
4
90
1166
90
1167
90
1169
90
1168
90
3
90
1170
90
0
90
1171
90
4
90
1171
90
0
90
4
90
1162
90
4
90
1172
90
1170
90
1171
90
1173
90
4
90
1171
90
1162
90
1164
90
1173
90
3
90
1167
90
78
90
1174
90
4
90
1174
90
78
90
1
90
1175
90
4
90
1169
90
1167
90
1174
90
1176
90
4
90
1174
90
1175
90
1177
90
1176
90
3
90
1175
90
1
90
1178
90
4
90
1178
90
1
90
0
90
1170
90
4
90
1177
90
1175
90
1178
90
1179
90
4
90
1178
90
1170
90
1172
90
1179
90
5
90
1180
90
1181
90
1182
90
1183
90
1184
90
4
90
1185
90
1184
90
1183
90
1188
90
3
90
1182
90
1186
90
1183
90
5
90
1187
90
938
90
1188
90
1183
90
1186
90
4
90
938
90
1189
90
1185
90
1188
90
4
90
1190
90
2
90
1191
90
1192
90
4
90
1193
90
2
90
1190
90
1196
90
3
90
1190
90
1192
90
1194
90
5
90
1195
90
935
90
1196
90
1190
90
1194
90
4
90
935
90
939
90
1193
90
1196
90
4
90
1182
90
1181
90
2
90
1193
90
4
90
1182
90
1193
90
939
90
1186
90
3
90
939
90
1187
90
1186
90
5
90
1197
90
3
90
1198
90
1199
90
1200
90
3
90
1199
90
1201
90
1200
90
3
90
1198
90
946
90
1199
90
4
90
1199
90
946
90
1202
90
1201
90
3
90
3
90
1180
90
1184
90
4
90
1185
90
1198
90
3
90
1184
90
4
90
1185
90
1189
90
946
90
1198
90
4
90
1192
90
1191
90
79
90
1203
90
4
90
1192
90
1203
90
933
90
1194
90
3
90
933
90
1195
90
1194
90
5
90
1204
90
79
90
1205
90
1206
90
1208
90
4
90
1203
90
79
90
1204
90
1211
90
4
90
1207
90
1208
90
1206
90
1209
90
4
90
1210
90
890
90
1207
90
1209
90
3
90
1207
90
1204
90
1208
90
5
90
890
90
926
90
1211
90
1204
90
1207
90
4
90
926
90
933
90
1203
90
1211
90
5
90
1212
90
5
90
1213
90
1214
90
1215
90
3
90
1214
90
1216
90
1215
90
3
90
1213
90
950
90
1214
90
4
90
1214
90
950
90
1217
90
1216
90
3
90
5
90
1197
90
1200
90
4
90
1201
90
1213
90
5
90
1200
90
4
90
1201
90
1202
90
950
90
1213
90
4
90
1206
90
1205
90
77
90
1218
90
4
90
1206
90
1218
90
888
90
1209
90
3
90
888
90
1210
90
1209
90
4
90
1219
90
77
90
1220
90
1221
90
3
90
1218
90
77
90
1219
90
3
90
1219
90
1221
90
1222
90
5
90
1223
90
888
90
1218
90
1219
90
1222
90
5
90
1224
90
7
90
1225
90
1226
90
1227
90
3
90
1226
90
1228
90
1227
90
3
90
1225
90
953
90
1226
90
4
90
1226
90
953
90
1229
90
1228
90
3
90
7
90
1212
90
1215
90
4
90
1216
90
1225
90
7
90
1215
90
4
90
1216
90
1217
90
953
90
1225
90
4
90
1221
90
1220
90
75
90
1230
90
4
90
1221
90
1230
90
885
90
1222
90
3
90
885
90
1223
90
1222
90
4
90
1231
90
75
90
1232
90
1233
90
3
90
1230
90
75
90
1231
90
3
90
1231
90
1233
90
1234
90
5
90
1235
90
885
90
1230
90
1231
90
1234
90
5
90
1236
90
9
90
1237
90
1238
90
1239
90
3
90
1238
90
1240
90
1239
90
3
90
1237
90
956
90
1238
90
4
90
1238
90
956
90
1241
90
1240
90
3
90
9
90
1224
90
1227
90
4
90
1228
90
1237
90
9
90
1227
90
4
90
1228
90
1229
90
956
90
1237
90
4
90
1233
90
1232
90
73
90
1242
90
4
90
1233
90
1242
90
881
90
1234
90
3
90
881
90
1235
90
1234
90
4
90
1243
90
73
90
1244
90
1245
90
3
90
1242
90
73
90
1243
90
3
90
1243
90
1245
90
1246
90
5
90
1247
90
881
90
1242
90
1243
90
1246
90
5
90
1248
90
11
90
1249
90
1250
90
1251
90
3
90
1250
90
1252
90
1251
90
3
90
1249
90
959
90
1250
90
4
90
1250
90
959
90
1253
90
1252
90
3
90
11
90
1236
90
1239
90
4
90
1240
90
1249
90
11
90
1239
90
4
90
1240
90
1241
90
959
90
1249
90
4
90
1245
90
1244
90
71
90
1254
90
4
90
1245
90
1254
90
879
90
1246
90
3
90
879
90
1247
90
1246
90
4
90
1255
90
71
90
1256
90
1257
90
3
90
1254
90
71
90
1255
90
3
90
1255
90
1257
90
1258
90
5
90
1259
90
879
90
1254
90
1255
90
1258
90
5
90
1260
90
13
90
1261
90
1262
90
1263
90
3
90
1262
90
1264
90
1263
90
3
90
1261
90
962
90
1262
90
4
90
1262
90
962
90
1265
90
1264
90
3
90
13
90
1248
90
1251
90
4
90
1252
90
1261
90
13
90
1251
90
4
90
1252
90
1253
90
962
90
1261
90
4
90
1257
90
1256
90
69
90
1266
90
4
90
1257
90
1266
90
877
90
1258
90
3
90
877
90
1259
90
1258
90
4
90
1267
90
69
90
1268
90
1269
90
3
90
1266
90
69
90
1267
90
3
90
1267
90
1269
90
1270
90
5
90
1271
90
877
90
1266
90
1267
90
1270
90
5
90
1272
90
15
90
1273
90
1274
90
1275
90
3
90
1274
90
1276
90
1275
90
3
90
1273
90
965
90
1274
90
4
90
1274
90
965
90
1277
90
1276
90
3
90
15
90
1260
90
1263
90
4
90
1264
90
1273
90
15
90
1263
90
4
90
1264
90
1265
90
965
90
1273
90
4
90
1269
90
1268
90
67
90
1278
90
4
90
1269
90
1278
90
875
90
1270
90
3
90
875
90
1271
90
1270
90
4
90
1279
90
67
90
1280
90
1281
90
3
90
1278
90
67
90
1279
90
3
90
1279
90
1281
90
1282
90
5
90
1283
90
875
90
1278
90
1279
90
1282
90
5
90
1284
90
17
90
1285
90
1286
90
1287
90
3
90
1286
90
1288
90
1287
90
3
90
1285
90
968
90
1286
90
4
90
1286
90
968
90
1289
90
1288
90
3
90
17
90
1272
90
1275
90
4
90
1276
90
1285
90
17
90
1275
90
4
90
1276
90
1277
90
968
90
1285
90
4
90
1281
90
1280
90
65
90
1290
90
4
90
1281
90
1290
90
874
90
1282
90
3
90
874
90
1283
90
1282
90
4
90
1291
90
65
90
1292
90
1293
90
3
90
1290
90
65
90
1291
90
3
90
1291
90
1293
90
1294
90
5
90
1295
90
874
90
1290
90
1291
90
1294
90
5
90
1296
90
19
90
1297
90
1298
90
1299
90
4
90
1298
90
1301
90
1300
90
1299
90
4
90
1301
90
846
90
1302
90
1300
90
3
90
1297
90
971
90
1298
90
4
90
1301
90
1298
90
971
90
846
90
3
90
19
90
1284
90
1287
90
4
90
1288
90
1297
90
19
90
1287
90
4
90
1288
90
1289
90
971
90
1297
90
4
90
1293
90
1292
90
63
90
1303
90
4
90
1293
90
1303
90
873
90
1294
90
3
90
873
90
1295
90
1294
90
4
90
1304
90
63
90
1305
90
1306
90
3
90
1303
90
63
90
1304
90
3
90
1304
90
1306
90
1307
90
5
90
1308
90
873
90
1303
90
1304
90
1307
90
5
90
1309
90
21
90
1310
90
1311
90
1312
90
3
90
1311
90
1313
90
1312
90
3
90
1310
90
845
90
1311
90
4
90
1311
90
845
90
1314
90
1313
90
3
90
21
90
1296
90
1299
90
4
90
1300
90
1310
90
21
90
1299
90
4
90
1300
90
1302
90
845
90
1310
90
4
90
1306
90
1305
90
61
90
1315
90
4
90
1306
90
1315
90
872
90
1307
90
3
90
872
90
1308
90
1307
90
4
90
1316
90
61
90
1317
90
1318
90
3
90
1315
90
61
90
1316
90
3
90
1316
90
1318
90
1319
90
5
90
1320
90
872
90
1315
90
1316
90
1319
90
5
90
1321
90
23
90
1322
90
1323
90
1324
90
3
90
1323
90
1325
90
1324
90
3
90
1322
90
849
90
1323
90
4
90
1323
90
849
90
1326
90
1325
90
3
90
23
90
1309
90
1312
90
4
90
1313
90
1322
90
23
90
1312
90
4
90
1313
90
1314
90
849
90
1322
90
4
90
1318
90
1317
90
59
90
1327
90
4
90
1318
90
1327
90
871
90
1319
90
3
90
871
90
1320
90
1319
90
4
90
1328
90
59
90
1329
90
1330
90
3
90
1327
90
59
90
1328
90
3
90
1328
90
1330
90
1331
90
5
90
1332
90
871
90
1327
90
1328
90
1331
90
5
90
1333
90
25
90
1334
90
1335
90
1336
90
3
90
1335
90
1337
90
1336
90
3
90
1334
90
852
90
1335
90
4
90
1335
90
852
90
1338
90
1337
90
3
90
25
90
1321
90
1324
90
4
90
1325
90
1334
90
25
90
1324
90
4
90
1325
90
1326
90
852
90
1334
90
4
90
1339
90
57
90
55
90
1340
90
4
90
1339
90
1342
90
1341
90
57
90
3
90
1339
90
1340
90
768
90
4
90
1342
90
1339
90
768
90
772
90
4
90
1342
90
772
90
870
90
1341
90
4
90
1330
90
1329
90
57
90
1341
90
4
90
1330
90
1341
90
870
90
1331
90
3
90
870
90
1332
90
1331
90
4
90
1343
90
55
90
1344
90
1345
90
3
90
1340
90
55
90
1343
90
3
90
1343
90
1345
90
1346
90
5
90
1347
90
768
90
1340
90
1343
90
1346
90
4
90
1348
90
41
90
39
90
1349
90
3
90
1348
90
81
90
41
90
3
90
1348
90
1349
90
861
90
4
90
1348
90
861
90
83
90
81
90
4
90
1350
90
39
90
37
90
1351
90
3
90
1350
90
1349
90
39
90
3
90
1350
90
1351
90
860
90
4
90
1350
90
860
90
861
90
1349
90
4
90
1352
90
45
90
43
90
82
90
3
90
1352
90
1353
90
45
90
3
90
1352
90
82
90
84
90
4
90
1352
90
84
90
862
90
1353
90
4
90
1354
90
37
90
35
90
1355
90
3
90
1354
90
1351
90
37
90
3
90
1354
90
1355
90
859
90
4
90
1354
90
859
90
860
90
1351
90
4
90
1356
90
47
90
45
90
1353
90
3
90
1356
90
1357
90
47
90
3
90
1356
90
1353
90
862
90
4
90
1356
90
862
90
864
90
1357
90
4
90
1358
90
35
90
33
90
1359
90
3
90
1358
90
1355
90
35
90
3
90
1358
90
1359
90
858
90
4
90
1358
90
858
90
859
90
1355
90
4
90
1360
90
49
90
47
90
1357
90
3
90
1360
90
1361
90
49
90
3
90
1360
90
1357
90
864
90
4
90
1360
90
864
90
867
90
1361
90
4
90
1362
90
33
90
31
90
1363
90
3
90
1362
90
1359
90
33
90
3
90
1362
90
1363
90
857
90
4
90
1362
90
857
90
858
90
1359
90
4
90
1364
90
51
90
49
90
1361
90
4
90
1364
90
1366
90
1365
90
51
90
4
90
1366
90
766
90
765
90
1365
90
3
90
1364
90
1361
90
867
90
4
90
1366
90
1364
90
867
90
766
90
4
90
1367
90
31
90
29
90
1368
90
3
90
1367
90
1363
90
31
90
3
90
1367
90
1368
90
856
90
4
90
1367
90
856
90
857
90
1363
90
4
90
1369
90
53
90
51
90
1365
90
3
90
1369
90
1370
90
53
90
3
90
1369
90
1365
90
765
90
4
90
1369
90
765
90
767
90
1370
90
4
90
1371
90
29
90
27
90
1372
90
3
90
1371
90
1368
90
29
90
3
90
1371
90
1372
90
854
90
4
90
1371
90
854
90
856
90
1368
90
4
90
1345
90
1344
90
53
90
1370
90
4
90
1345
90
1370
90
767
90
1346
90
3
90
767
90
1347
90
1346
90
3
90
27
90
1333
90
1336
90
4
90
1337
90
1372
90
27
90
1336
90
4
90
1337
90
1338
90
854
90
1372
90
4
90
547
90
546
90
1023
90
1024
90
3
90
1025
90
547
90
1024
90
4
90
549
90
548
90
1029
90
1030
90
3
90
1031
90
549
90
1030
90
4
90
546
90
545
90
1034
90
1035
90
3
90
1023
90
546
90
1035
90
4
90
548
90
547
90
1025
90
1037
90
3
90
1029
90
548
90
1037
90
4
90
551
90
549
90
1031
90
1040
90
3
90
1041
90
551
90
1040
90
4
90
545
90
544
90
1044
90
1045
90
3
90
1034
90
545
90
1045
90
4
90
554
90
551
90
1041
90
1048
90
3
90
1049
90
554
90
1048
90
4
90
544
90
543
90
1052
90
1053
90
3
90
1044
90
544
90
1053
90
4
90
557
90
554
90
1049
90
1056
90
3
90
1057
90
557
90
1056
90
4
90
543
90
542
90
1060
90
1061
90
3
90
1052
90
543
90
1061
90
4
90
558
90
557
90
1057
90
1064
90
3
90
1065
90
558
90
1064
90
4
90
542
90
541
90
1068
90
1069
90
3
90
1060
90
542
90
1069
90
4
90
559
90
558
90
1065
90
1072
90
3
90
1073
90
559
90
1072
90
4
90
541
90
540
90
1076
90
1077
90
3
90
1068
90
541
90
1077
90
4
90
560
90
559
90
1073
90
1080
90
3
90
1081
90
560
90
1080
90
4
90
540
90
538
90
1084
90
1085
90
3
90
1076
90
540
90
1085
90
4
90
561
90
560
90
1081
90
1088
90
3
90
1089
90
561
90
1088
90
4
90
538
90
535
90
1092
90
1093
90
3
90
1084
90
538
90
1093
90
4
90
562
90
561
90
1089
90
1096
90
3
90
1097
90
562
90
1096
90
4
90
535
90
532
90
1100
90
1101
90
3
90
1092
90
535
90
1101
90
4
90
563
90
562
90
1097
90
1104
90
3
90
1105
90
563
90
1104
90
4
90
532
90
529
90
1108
90
1109
90
3
90
1100
90
532
90
1109
90
4
90
564
90
563
90
1105
90
1112
90
3
90
1113
90
564
90
1112
90
4
90
529
90
526
90
1116
90
1117
90
3
90
1108
90
529
90
1117
90
4
90
566
90
564
90
1113
90
1120
90
3
90
1121
90
566
90
1120
90
4
90
526
90
523
90
1124
90
1125
90
3
90
1116
90
526
90
1125
90
4
90
568
90
566
90
1121
90
1128
90
3
90
1129
90
568
90
1128
90
4
90
523
90
520
90
1132
90
1133
90
3
90
1124
90
523
90
1133
90
4
90
570
90
568
90
1129
90
1136
90
3
90
1137
90
570
90
1136
90
4
90
520
90
517
90
1140
90
1141
90
3
90
1132
90
520
90
1141
90
4
90
573
90
570
90
1137
90
1144
90
3
90
1145
90
573
90
1144
90
4
90
517
90
514
90
1148
90
1149
90
3
90
1140
90
517
90
1149
90
4
90
576
90
573
90
1145
90
1152
90
3
90
1153
90
576
90
1152
90
4
90
514
90
511
90
1156
90
1157
90
3
90
1148
90
514
90
1157
90
4
90
579
90
576
90
1153
90
1160
90
3
90
1161
90
579
90
1160
90
4
90
511
90
508
90
1164
90
1165
90
3
90
1156
90
511
90
1165
90
4
90
582
90
579
90
1161
90
1168
90
3
90
1169
90
582
90
1168
90
4
90
508
90
505
90
1172
90
1173
90
3
90
1164
90
508
90
1173
90
4
90
504
90
582
90
1169
90
1176
90
3
90
1177
90
504
90
1176
90
4
90
505
90
504
90
1177
90
1179
90
3
90
1172
90
505
90
1179
90
5
90
1373
90
1374
90
1375
90
701
90
1012
90
3
90
1374
90
1373
90
1376
90
3
90
1377
90
1378
90
1379
90
5
90
1378
90
1377
90
1380
90
1012
90
701
90
4
90
1381
90
1382
90
697
90
1008
90
5
90
1382
90
1381
90
1007
90
1011
90
700
90
4
90
1383
90
1384
90
703
90
1016
90
4
90
1384
90
1383
90
1009
90
698
90
4
90
1385
90
1386
90
698
90
1009
90
4
90
1386
90
1385
90
1005
90
695
90
5
90
1387
90
1377
90
1379
90
700
90
1011
90
3
90
1377
90
1387
90
1380
90
4
90
1388
90
1389
90
694
90
1004
90
4
90
1389
90
1388
90
1008
90
697
90
3
90
1390
90
1391
90
1392
90
5
90
1391
90
1390
90
1393
90
1016
90
703
90
4
90
1394
90
1395
90
695
90
1005
90
4
90
1395
90
1394
90
1004
90
694
90
3
90
893
90
1396
90
1397
90
4
90
1398
90
587
90
893
90
1397
90
4
90
1399
90
893
90
587
90
1400
90
3
90
587
90
1401
90
1400
90
4
90
1402
90
1403
90
669
90
977
90
4
90
1403
90
1402
90
941
90
642
90
4
90
1404
90
1405
90
642
90
941
90
4
90
1405
90
1404
90
934
90
627
90
4
90
1406
90
1407
90
705
90
1017
90
5
90
1407
90
1406
90
978
90
977
90
669
90
4
90
1408
90
1409
90
627
90
934
90
5
90
1409
90
1408
90
928
90
929
90
621
90
5
90
1410
90
1390
90
1392
90
707
90
1019
90
3
90
1390
90
1410
90
1393
90
4
90
1411
90
1412
90
621
90
929
90
4
90
1412
90
1411
90
921
90
614
90
4
90
1374
90
1413
90
706
90
1375
90
5
90
1413
90
1374
90
1376
90
1017
90
705
90
5
90
1414
90
1415
90
607
90
608
90
914
90
4
90
1415
90
1414
90
910
90
604
90
4
90
1416
90
1417
90
604
90
910
90
5
90
1417
90
1416
90
1018
90
1019
90
707
90
4
90
1418
90
1419
90
614
90
921
90
4
90
1419
90
1418
90
914
90
608
90
4
90
1420
90
742
90
1421
90
1422
90
4
90
1421
90
406
90
1423
90
1422
90
4
90
742
90
894
90
586
90
1421
90
3
90
1421
90
586
90
406
90
3
90
894
90
1399
90
1400
90
4
90
1401
90
586
90
894
90
1400
90
4
90
1396
90
906
90
600
90
1397
90
3
90
600
90
1398
90
1397
90
3
90
906
90
1424
90
1425
90
4
90
1426
90
600
90
906
90
1425
90
4
90
1427
90
743
90
405
90
1428
90
3
90
405
90
1429
90
1428
90
3
90
743
90
1420
90
1422
90
4
90
1423
90
405
90
743
90
1422
90
4
90
1424
90
903
90
597
90
1425
90
3
90
597
90
1426
90
1425
90
3
90
903
90
1430
90
1431
90
4
90
1432
90
597
90
903
90
1431
90
4
90
1433
90
746
90
409
90
1434
90
3
90
409
90
1435
90
1434
90
3
90
746
90
1427
90
1428
90
4
90
1429
90
409
90
746
90
1428
90
4
90
1430
90
900
90
594
90
1431
90
3
90
594
90
1432
90
1431
90
3
90
900
90
1436
90
1437
90
4
90
1438
90
594
90
900
90
1437
90
4
90
1439
90
749
90
412
90
1440
90
3
90
412
90
1441
90
1440
90
3
90
749
90
1433
90
1434
90
4
90
1435
90
412
90
749
90
1434
90
4
90
1436
90
898
90
591
90
1437
90
3
90
591
90
1438
90
1437
90
4
90
1442
90
882
90
1443
90
1444
90
4
90
1445
90
572
90
1442
90
1444
90
3
90
1442
90
898
90
882
90
4
90
572
90
591
90
898
90
1442
90
4
90
1446
90
709
90
371
90
1447
90
3
90
371
90
1448
90
1447
90
3
90
1449
90
709
90
708
90
4
90
372
90
371
90
709
90
1449
90
4
90
1449
90
708
90
1439
90
1440
90
4
90
1441
90
372
90
1449
90
1440
90
4
90
1443
90
880
90
569
90
1444
90
3
90
569
90
1445
90
1444
90
3
90
880
90
1450
90
1451
90
4
90
1452
90
569
90
880
90
1451
90
4
90
1453
90
712
90
375
90
1454
90
3
90
375
90
1455
90
1454
90
3
90
712
90
1446
90
1447
90
4
90
1448
90
375
90
712
90
1447
90
4
90
1450
90
878
90
567
90
1451
90
3
90
567
90
1452
90
1451
90
3
90
878
90
1456
90
1457
90
4
90
1458
90
567
90
878
90
1457
90
4
90
1459
90
715
90
378
90
1460
90
3
90
378
90
1461
90
1460
90
3
90
715
90
1453
90
1454
90
4
90
1455
90
378
90
715
90
1454
90
4
90
1456
90
876
90
565
90
1457
90
3
90
565
90
1458
90
1457
90
4
90
1462
90
805
90
1463
90
1464
90
4
90
1465
90
465
90
1462
90
1464
90
3
90
1462
90
876
90
805
90
4
90
465
90
565
90
876
90
1462
90
4
90
1466
90
718
90
381
90
1467
90
3
90
381
90
1468
90
1467
90
3
90
718
90
1459
90
1460
90
4
90
1461
90
381
90
718
90
1460
90
4
90
1463
90
804
90
1469
90
1464
90
4
90
1469
90
466
90
1465
90
1464
90
4
90
804
90
813
90
474
90
1469
90
3
90
1469
90
474
90
466
90
3
90
813
90
1470
90
1471
90
4
90
1472
90
474
90
813
90
1471
90
4
90
1473
90
721
90
384
90
1474
90
3
90
384
90
1475
90
1474
90
3
90
721
90
1466
90
1467
90
4
90
1468
90
384
90
721
90
1467
90
4
90
1476
90
1477
90
680
90
987
90
4
90
1477
90
1476
90
989
90
683
90
5
90
1478
90
1479
90
677
90
678
90
984
90
4
90
1479
90
1478
90
983
90
676
90
3
90
1480
90
1481
90
1482
90
5
90
1481
90
1480
90
1483
90
984
90
678
90
4
90
1484
90
1485
90
675
90
982
90
4
90
1485
90
1484
90
987
90
680
90
4
90
1486
90
1487
90
683
90
989
90
5
90
1487
90
1486
90
990
90
995
90
687
90
4
90
1488
90
1489
90
676
90
983
90
5
90
1489
90
1488
90
974
90
982
90
675
90
4
90
1490
90
1491
90
687
90
995
90
4
90
1491
90
1490
90
996
90
688
90
5
90
1492
90
1493
90
1494
90
688
90
996
90
3
90
1493
90
1492
90
1495
90
4
90
1470
90
812
90
1496
90
1471
90
4
90
1496
90
475
90
1472
90
1471
90
4
90
812
90
820
90
480
90
1496
90
3
90
1496
90
480
90
475
90
3
90
1497
90
820
90
819
90
4
90
481
90
480
90
820
90
1497
90
4
90
1497
90
819
90
1498
90
1499
90
4
90
1500
90
481
90
1497
90
1499
90
4
90
1501
90
1502
90
484
90
824
90
4
90
1502
90
1501
90
818
90
479
90
4
90
1503
90
1504
90
479
90
818
90
4
90
1504
90
1503
90
809
90
471
90
4
90
1505
90
1506
90
491
90
832
90
4
90
1506
90
1505
90
824
90
484
90
4
90
1507
90
1508
90
471
90
809
90
5
90
1508
90
1507
90
795
90
796
90
458
90
4
90
1509
90
1510
90
496
90
838
90
4
90
1510
90
1509
90
832
90
491
90
4
90
1511
90
1512
90
458
90
796
90
4
90
1512
90
1511
90
781
90
445
90
3
90
1513
90
1514
90
1515
90
5
90
1514
90
1513
90
1516
90
838
90
496
90
5
90
1517
90
1518
90
1519
90
445
90
781
90
3
90
1518
90
1517
90
1520
90
4
90
1521
90
724
90
387
90
1522
90
3
90
387
90
1523
90
1522
90
3
90
724
90
1473
90
1474
90
4
90
1475
90
387
90
724
90
1474
90
4
90
1524
90
1525
90
630
90
937
90
4
90
1525
90
1524
90
943
90
645
90
4
90
1526
90
1527
90
623
90
930
90
4
90
1527
90
1526
90
937
90
630
90
4
90
1528
90
1529
90
645
90
943
90
4
90
1529
90
1528
90
997
90
690
90
4
90
1530
90
1531
90
388
90
725
90
5
90
1531
90
1530
90
922
90
930
90
623
90
5
90
1532
90
1480
90
1482
90
685
90
993
90
3
90
1480
90
1532
90
1483
90
4
90
1533
90
1534
90
689
90
998
90
4
90
1534
90
1533
90
994
90
686
90
4
90
1535
90
1536
90
686
90
994
90
5
90
1536
90
1535
90
992
90
993
90
685
90
3
90
1493
90
1537
90
1494
90
5
90
1537
90
1493
90
1495
90
762
90
424
90
4
90
1538
90
1539
90
690
90
997
90
4
90
1539
90
1538
90
998
90
689
90
5
90
1540
90
1541
90
386
90
424
90
762
90
4
90
1541
90
1540
90
725
90
388
90
4
90
1498
90
825
90
1542
90
1499
90
4
90
1542
90
485
90
1500
90
1499
90
4
90
825
90
827
90
488
90
1542
90
3
90
1542
90
488
90
485
90
3
90
827
90
1543
90
1544
90
4
90
1545
90
488
90
827
90
1544
90
4
90
1546
90
1547
90
486
90
826
90
4
90
1547
90
1546
90
833
90
492
90
4
90
1548
90
1549
90
482
90
821
90
5
90
1549
90
1548
90
822
90
826
90
486
90
4
90
1550
90
1551
90
492
90
833
90
4
90
1551
90
1550
90
839
90
497
90
4
90
1552
90
1553
90
477
90
816
90
4
90
1553
90
1552
90
821
90
482
90
5
90
1554
90
1513
90
1515
90
501
90
843
90
3
90
1513
90
1554
90
1516
90
4
90
1555
90
1556
90
470
90
808
90
4
90
1556
90
1555
90
816
90
477
90
5
90
1557
90
1558
90
498
90
497
90
839
90
4
90
1558
90
1557
90
840
90
499
90
4
90
1559
90
1560
90
457
90
794
90
5
90
1560
90
1559
90
793
90
808
90
470
90
4
90
1561
90
1562
90
499
90
840
90
5
90
1562
90
1561
90
842
90
843
90
501
90
4
90
1518
90
1563
90
443
90
1519
90
5
90
1563
90
1518
90
1520
90
794
90
457
90
4
90
1564
90
727
90
390
90
1565
90
3
90
390
90
1566
90
1565
90
3
90
727
90
1521
90
1522
90
4
90
1523
90
390
90
727
90
1522
90
4
90
1567
90
741
90
738
90
401
90
3
90
1567
90
401
90
403
90
3
90
1567
90
814
90
741
90
4
90
1567
90
403
90
476
90
814
90
4
90
817
90
814
90
476
90
1568
90
3
90
1568
90
476
90
478
90
4
90
823
90
817
90
1568
90
1569
90
4
90
1569
90
1568
90
478
90
483
90
4
90
1543
90
823
90
1569
90
1544
90
4
90
1569
90
483
90
1545
90
1544
90
3
90
738
90
1570
90
1571
90
4
90
1572
90
401
90
738
90
1571
90
4
90
271
90
855
90
539
90
337
90
3
90
539
90
145
90
337
90
4
90
1573
90
733
90
730
90
393
90
3
90
1573
90
393
90
395
90
3
90
1573
90
855
90
733
90
4
90
1573
90
395
90
539
90
855
90
4
90
1570
90
258
90
336
90
1571
90
4
90
131
90
1572
90
1571
90
336
90
3
90
730
90
1564
90
1565
90
4
90
1566
90
393
90
730
90
1565
94
0
95
0
90
0
1001
CONDUITCAD
1000
{"id":"3d-flange-005","label":"Flanged hub","feature3d":{"version":1,"kind":"subtract","parameters":{},"inputs":["3d-flange-002","3d-flange-004"],"suppressed":false},"model3dConsumed":false,"model3dUs
1000
erHidden":false}
0
ENDSEC
0
SECTION
2
OBJECTS
0
DICTIONARY
5
122
330
0
100
AcDbDictionary
281
1
3
ACAD_LAYOUT
350
123
3
ACAD_GROUP
350
124
3
CONDUITCAD_METADATA
350
127
0
DICTIONARY
5
123
330
122
100
AcDbDictionary
281
1
3
Model
350
125
3
Layout1
350
126
0
DICTIONARY
5
124
330
122
100
AcDbDictionary
281
1
0
LAYOUT
5
125
330
123
100
AcDbPlotSettings
1

2

4

6

40
0
41
0
42
0
43
0
44
420
45
297
46
0
47
0
48
0
49
0
140
0
141
0
142
1
143
1
70
0
72
1
73
0
74
5
7

75
16
76
0
77
0
78
300
147
1
148
0
149
0
100
AcDbLayout
1
Model
70
1
71
0
10
0
20
0
11
420
21
297
12
0
22
0
32
0
14
0
24
0
34
0
15
420
25
297
35
0
146
0
13
0
23
0
33
0
16
1
26
0
36
0
17
0
27
1
37
0
76
0
330
116
0
LAYOUT
5
126
330
123
100
AcDbPlotSettings
1

2

4

6

40
0
41
0
42
0
43
0
44
420
45
297
46
0
47
0
48
0
49
0
140
0
141
0
142
1
143
1
70
0
72
1
73
0
74
5
7

75
16
76
0
77
0
78
300
147
1
148
0
149
0
100
AcDbLayout
1
Layout1
70
1
71
1
10
0
20
0
11
420
21
297
12
0
22
0
32
0
14
0
24
0
34
0
15
420
25
297
35
0
146
0
13
0
23
0
33
0
16
1
26
0
36
0
17
0
27
1
37
0
76
0
330
117
0
XRECORD
5
127
330
122
100
AcDbXrecord
280
1
1
{"parameters":{"grid":"10"},"constraints":[],"metadata":{"description":"Revolved annular hub with a circular bolt-hole pattern and native mesh Boolean cut.","modeling":{"version":1,"preferredMode":"3d
1
","example":"flange","notes":"Editable faceted concept model. Not certified or construction-approved."}}}
0
ENDSEC
0
EOF
