0
SECTION
2
HEADER
9
$ACADVER
1
AC1032
9
$INSUNITS
70
4
9
$LTSCALE
40
1
9
$MEASUREMENT
70
1
999
CONDUIT:{"parameters":{"grid":"10"},"constraints":[],"metadata":{"description":"Hollow pipe and branch meshes with exact spatial transforms; separate bodies remain independently editable."
999
CONDUIT:,"modeling":{"version":1,"preferredMode":"3d","example":"manifold","notes":"Editable faceted concept model. Not certified or construction-approved."}}}
9
$HANDSEED
5
12B
9
$DWGCODEPAGE
3
ANSI_1252
9
$CLAYER
8
0
9
$TILEMODE
70
1
0
ENDSEC
0
SECTION
2
TABLES
0
TABLE
2
LTYPE
5
108
330
0
100
AcDbSymbolTable
70
4
0
LTYPE
5
109
100
AcDbSymbolTableRecord
100
AcDbLinetypeTableRecord
2
CONTINUOUS
70
0
3
Solid line
72
65
73
0
40
0
330
108
0
LTYPE
5
10A
100
AcDbSymbolTableRecord
100
AcDbLinetypeTableRecord
2
DASHED
70
0
3
DASHED
72
65
73
2
40
12
49
8
74
0
49
-4
74
0
330
108
0
LTYPE
5
10B
100
AcDbSymbolTableRecord
100
AcDbLinetypeTableRecord
2
CENTER
70
0
3
CENTER
72
65
73
4
40
20
49
12
74
0
49
-3
74
0
49
2
74
0
49
-3
74
0
330
108
0
LTYPE
5
10C
100
AcDbSymbolTableRecord
100
AcDbLinetypeTableRecord
2
HIDDEN
70
0
3
HIDDEN
72
65
73
2
40
7
49
4
74
0
49
-3
74
0
330
108
0
ENDTAB
0
TABLE
2
LAYER
5
10D
330
0
100
AcDbSymbolTable
70
6
0
LAYER
5
10E
100
AcDbSymbolTableRecord
100
AcDbLayerTableRecord
2
0
70
0
62
7
420
3426133
6
CONTINUOUS
330
10D
0
LAYER
5
10F
100
AcDbSymbolTableRecord
100
AcDbLayerTableRecord
2
Equipment
70
0
62
7
420
3495011
6
CONTINUOUS
330
10D
0
LAYER
5
110
100
AcDbSymbolTableRecord
100
AcDbLayerTableRecord
2
Process
70
0
62
7
420
1342583
6
CONTINUOUS
330
10D
0
LAYER
5
111
100
AcDbSymbolTableRecord
100
AcDbLayerTableRecord
2
Instruments
70
0
62
7
420
10187334
6
CONTINUOUS
330
10D
0
LAYER
5
112
100
AcDbSymbolTableRecord
100
AcDbLayerTableRecord
2
Electrical
70
0
62
7
420
6584250
6
CONTINUOUS
330
10D
0
LAYER
5
113
100
AcDbSymbolTableRecord
100
AcDbLayerTableRecord
2
Annotations
70
0
62
7
420
7438474
6
CONTINUOUS
330
10D
0
ENDTAB
0
TABLE
2
STYLE
5
114
330
0
100
AcDbSymbolTable
70
1
0
STYLE
5
115
100
AcDbSymbolTableRecord
100
AcDbTextStyleTableRecord
2
STANDARD
70
0
40
0
41
1
50
0
71
0
42
2.5
3
txt
4

330
114
0
ENDTAB
0
TABLE
2
APPID
5
116
330
0
100
AcDbSymbolTable
70
2
0
APPID
5
117
100
AcDbSymbolTableRecord
100
AcDbRegAppTableRecord
2
CONDUITCAD
70
0
330
116
0
APPID
5
124
100
AcDbSymbolTableRecord
100
AcDbRegAppTableRecord
2
ACAD
70
0
330
116
0
ENDTAB
0
TABLE
2
BLOCK_RECORD
5
118
330
0
100
AcDbSymbolTable
70
2
0
BLOCK_RECORD
5
119
100
AcDbSymbolTableRecord
100
AcDbBlockTableRecord
2
*Model_Space
340
128
330
118
0
BLOCK_RECORD
5
11A
100
AcDbSymbolTableRecord
100
AcDbBlockTableRecord
2
*Paper_Space
340
129
330
118
0
ENDTAB
0
TABLE
2
VPORT
5
11F
330
0
100
AcDbSymbolTable
70
0
0
ENDTAB
0
TABLE
2
VIEW
5
120
330
0
100
AcDbSymbolTable
70
0
0
ENDTAB
0
TABLE
2
UCS
5
121
330
0
100
AcDbSymbolTable
70
0
0
ENDTAB
0
TABLE
2
DIMSTYLE
5
122
330
0
100
AcDbSymbolTable
70
1
100
AcDbDimStyleTable
71
0
0
DIMSTYLE
105
123
330
122
100
AcDbSymbolTableRecord
100
AcDbDimStyleTableRecord
2
STANDARD
70
0
340
115
0
ENDTAB
0
ENDSEC
0
SECTION
2
BLOCKS
0
BLOCK
5
11B
330
119
100
AcDbEntity
8
0
100
AcDbBlockBegin
2
*Model_Space
70
1
10
0
20
0
30
0
3
*Model_Space
1

1001
CONDUITCAD
1000
{"ports":[]}
0
ENDBLK
5
11C
330
119
100
AcDbEntity
8
0
100
AcDbBlockEnd
0
BLOCK
5
11D
330
11A
100
AcDbEntity
8
0
100
AcDbBlockBegin
2
*Paper_Space
70
1
10
0
20
0
30
0
3
*Paper_Space
1

1001
CONDUITCAD
1000
{"ports":[]}
0
ENDBLK
5
11E
330
11A
100
AcDbEntity
8
0
100
AcDbBlockEnd
0
ENDSEC
0
SECTION
2
ENTITIES
0
MESH
5
100
330
119
100
AcDbEntity
8
Equipment
62
7
420
5543588
60
1
100
AcDbSubDMesh
71
2
72
0
91
0
92
64
10
15
20
0
30
0
10
14.711779206048456
20
2.9263548302419236
30
0
10
13.858192987669302
20
5.740251485476347
30
0
10
12.472044184538179
20
8.333553495294034
30
0
10
10.606601717798213
20
10.606601717798211
30
0
10
8.333553495294034
20
12.472044184538179
30
0
10
5.740251485476348
20
13.858192987669302
30
0
10
2.926354830241925
20
14.711779206048456
30
0
10
9.18485099360515e-16
20
15
30
0
10
-2.926354830241923
20
14.711779206048456
30
0
10
-5.740251485476346
20
13.858192987669302
30
0
10
-8.33355349529403
20
12.47204418453818
30
0
10
-10.606601717798211
20
10.606601717798213
30
0
10
-12.47204418453818
20
8.333553495294034
30
0
10
-13.858192987669302
20
5.740251485476349
30
0
10
-14.711779206048456
20
2.9263548302419293
30
0
10
-15
20
1.83697019872103e-15
30
0
10
-14.711779206048456
20
-2.9263548302419253
30
0
10
-13.858192987669304
20
-5.740251485476345
30
0
10
-12.472044184538182
20
-8.33355349529403
30
0
10
-10.606601717798215
20
-10.606601717798211
30
0
10
-8.333553495294034
20
-12.472044184538179
30
0
10
-5.740251485476355
20
-13.858192987669298
30
0
10
-2.9263548302419298
20
-14.711779206048455
30
0
10
-2.7554552980815444e-15
20
-15
30
0
10
2.9263548302419244
20
-14.711779206048456
30
0
10
5.7402514854763504
20
-13.8581929876693
30
0
10
8.333553495294028
20
-12.472044184538182
30
0
10
10.60660171779821
20
-10.606601717798215
30
0
10
12.472044184538179
20
-8.333553495294034
30
0
10
13.858192987669298
20
-5.740251485476356
30
0
10
14.711779206048455
20
-2.9263548302419307
30
0
10
15
20
0
30
160
10
14.711779206048456
20
2.9263548302419236
30
160
10
13.858192987669302
20
5.740251485476347
30
160
10
12.472044184538179
20
8.333553495294034
30
160
10
10.606601717798213
20
10.606601717798211
30
160
10
8.333553495294034
20
12.472044184538179
30
160
10
5.740251485476348
20
13.858192987669302
30
160
10
2.926354830241925
20
14.711779206048456
30
160
10
9.18485099360515e-16
20
15
30
160
10
-2.926354830241923
20
14.711779206048456
30
160
10
-5.740251485476346
20
13.858192987669302
30
160
10
-8.33355349529403
20
12.47204418453818
30
160
10
-10.606601717798211
20
10.606601717798213
30
160
10
-12.47204418453818
20
8.333553495294034
30
160
10
-13.858192987669302
20
5.740251485476349
30
160
10
-14.711779206048456
20
2.9263548302419293
30
160
10
-15
20
1.83697019872103e-15
30
160
10
-14.711779206048456
20
-2.9263548302419253
30
160
10
-13.858192987669304
20
-5.740251485476345
30
160
10
-12.472044184538182
20
-8.33355349529403
30
160
10
-10.606601717798215
20
-10.606601717798211
30
160
10
-8.333553495294034
20
-12.472044184538179
30
160
10
-5.740251485476355
20
-13.858192987669298
30
160
10
-2.9263548302419298
20
-14.711779206048455
30
160
10
-2.7554552980815444e-15
20
-15
30
160
10
2.9263548302419244
20
-14.711779206048456
30
160
10
5.7402514854763504
20
-13.8581929876693
30
160
10
8.333553495294028
20
-12.472044184538182
30
160
10
10.60660171779821
20
-10.606601717798215
30
160
10
12.472044184538179
20
-8.333553495294034
30
160
10
13.858192987669298
20
-5.740251485476356
30
160
10
14.711779206048455
20
-2.9263548302419307
30
160
93
226
90
32
90
31
90
30
90
29
90
28
90
27
90
26
90
25
90
24
90
23
90
22
90
21
90
20
90
19
90
18
90
17
90
16
90
15
90
14
90
13
90
12
90
11
90
10
90
9
90
8
90
7
90
6
90
5
90
4
90
3
90
2
90
1
90
0
90
32
90
32
90
33
90
34
90
35
90
36
90
37
90
38
90
39
90
40
90
41
90
42
90
43
90
44
90
45
90
46
90
47
90
48
90
49
90
50
90
51
90
52
90
53
90
54
90
55
90
56
90
57
90
58
90
59
90
60
90
61
90
62
90
63
90
4
90
0
90
1
90
33
90
32
90
4
90
1
90
2
90
34
90
33
90
4
90
2
90
3
90
35
90
34
90
4
90
3
90
4
90
36
90
35
90
4
90
4
90
5
90
37
90
36
90
4
90
5
90
6
90
38
90
37
90
4
90
6
90
7
90
39
90
38
90
4
90
7
90
8
90
40
90
39
90
4
90
8
90
9
90
41
90
40
90
4
90
9
90
10
90
42
90
41
90
4
90
10
90
11
90
43
90
42
90
4
90
11
90
12
90
44
90
43
90
4
90
12
90
13
90
45
90
44
90
4
90
13
90
14
90
46
90
45
90
4
90
14
90
15
90
47
90
46
90
4
90
15
90
16
90
48
90
47
90
4
90
16
90
17
90
49
90
48
90
4
90
17
90
18
90
50
90
49
90
4
90
18
90
19
90
51
90
50
90
4
90
19
90
20
90
52
90
51
90
4
90
20
90
21
90
53
90
52
90
4
90
21
90
22
90
54
90
53
90
4
90
22
90
23
90
55
90
54
90
4
90
23
90
24
90
56
90
55
90
4
90
24
90
25
90
57
90
56
90
4
90
25
90
26
90
58
90
57
90
4
90
26
90
27
90
59
90
58
90
4
90
27
90
28
90
60
90
59
90
4
90
28
90
29
90
61
90
60
90
4
90
29
90
30
90
62
90
61
90
4
90
30
90
31
90
63
90
62
90
4
90
31
90
0
90
32
90
63
94
0
95
0
90
0
1001
CONDUITCAD
1000
{"id":"3d-manifold-001","label":"Main pipe outer","feature3d":{"version":1,"kind":"cylinder","parameters":{"radius":15,"height":160,"segments":32},"inputs":[],"suppressed":false},"model3dConsumed":tru
1000
e,"model3dUserHidden":false}
0
MESH
5
101
330
119
100
AcDbEntity
8
Equipment
62
7
420
5543588
60
1
100
AcDbSubDMesh
71
2
72
0
91
0
92
64
10
11
20
0
30
-1
10
10.788638084435535
20
2.145993542177411
30
-1
10
10.162674857624154
20
4.2095177560159875
30
-1
10
9.146165735327997
20
6.111272563215624
30
-1
10
7.778174593052023
20
7.778174593052022
30
-1
10
6.111272563215625
20
9.146165735327997
30
-1
10
4.209517756015988
20
10.162674857624154
30
-1
10
2.1459935421774117
20
10.788638084435535
30
-1
10
6.735557395310443e-16
20
11
30
-1
10
-2.1459935421774103
20
10.788638084435535
30
-1
10
-4.209517756015987
20
10.162674857624154
30
-1
10
-6.111272563215621
20
9.146165735328
30
-1
10
-7.778174593052022
20
7.778174593052023
30
-1
10
-9.146165735328
20
6.111272563215624
30
-1
10
-10.162674857624154
20
4.209517756015988
30
-1
10
-10.788638084435535
20
2.145993542177415
30
-1
10
-11
20
1.3471114790620886e-15
30
-1
10
-10.788638084435535
20
-2.145993542177412
30
-1
10
-10.162674857624156
20
-4.209517756015987
30
-1
10
-9.146165735328
20
-6.111272563215621
30
-1
10
-7.778174593052024
20
-7.778174593052022
30
-1
10
-6.111272563215624
20
-9.146165735327997
30
-1
10
-4.209517756015994
20
-10.162674857624152
30
-1
10
-2.1459935421774152
20
-10.788638084435533
30
-1
10
-2.0206672185931327e-15
20
-11
30
-1
10
2.1459935421774112
20
-10.788638084435535
30
-1
10
4.20951775601599
20
-10.162674857624152
30
-1
10
6.11127256321562
20
-9.146165735328
30
-1
10
7.778174593052021
20
-7.778174593052024
30
-1
10
9.146165735327997
20
-6.111272563215624
30
-1
10
10.162674857624152
20
-4.209517756015995
30
-1
10
10.788638084435533
20
-2.145993542177416
30
-1
10
11
20
0
30
161
10
10.788638084435535
20
2.145993542177411
30
161
10
10.162674857624154
20
4.2095177560159875
30
161
10
9.146165735327997
20
6.111272563215624
30
161
10
7.778174593052023
20
7.778174593052022
30
161
10
6.111272563215625
20
9.146165735327997
30
161
10
4.209517756015988
20
10.162674857624154
30
161
10
2.1459935421774117
20
10.788638084435535
30
161
10
6.735557395310443e-16
20
11
30
161
10
-2.1459935421774103
20
10.788638084435535
30
161
10
-4.209517756015987
20
10.162674857624154
30
161
10
-6.111272563215621
20
9.146165735328
30
161
10
-7.778174593052022
20
7.778174593052023
30
161
10
-9.146165735328
20
6.111272563215624
30
161
10
-10.162674857624154
20
4.209517756015988
30
161
10
-10.788638084435535
20
2.145993542177415
30
161
10
-11
20
1.3471114790620886e-15
30
161
10
-10.788638084435535
20
-2.145993542177412
30
161
10
-10.162674857624156
20
-4.209517756015987
30
161
10
-9.146165735328
20
-6.111272563215621
30
161
10
-7.778174593052024
20
-7.778174593052022
30
161
10
-6.111272563215624
20
-9.146165735327997
30
161
10
-4.209517756015994
20
-10.162674857624152
30
161
10
-2.1459935421774152
20
-10.788638084435533
30
161
10
-2.0206672185931327e-15
20
-11
30
161
10
2.1459935421774112
20
-10.788638084435535
30
161
10
4.20951775601599
20
-10.162674857624152
30
161
10
6.11127256321562
20
-9.146165735328
30
161
10
7.778174593052021
20
-7.778174593052024
30
161
10
9.146165735327997
20
-6.111272563215624
30
161
10
10.162674857624152
20
-4.209517756015995
30
161
10
10.788638084435533
20
-2.145993542177416
30
161
93
226
90
32
90
31
90
30
90
29
90
28
90
27
90
26
90
25
90
24
90
23
90
22
90
21
90
20
90
19
90
18
90
17
90
16
90
15
90
14
90
13
90
12
90
11
90
10
90
9
90
8
90
7
90
6
90
5
90
4
90
3
90
2
90
1
90
0
90
32
90
32
90
33
90
34
90
35
90
36
90
37
90
38
90
39
90
40
90
41
90
42
90
43
90
44
90
45
90
46
90
47
90
48
90
49
90
50
90
51
90
52
90
53
90
54
90
55
90
56
90
57
90
58
90
59
90
60
90
61
90
62
90
63
90
4
90
0
90
1
90
33
90
32
90
4
90
1
90
2
90
34
90
33
90
4
90
2
90
3
90
35
90
34
90
4
90
3
90
4
90
36
90
35
90
4
90
4
90
5
90
37
90
36
90
4
90
5
90
6
90
38
90
37
90
4
90
6
90
7
90
39
90
38
90
4
90
7
90
8
90
40
90
39
90
4
90
8
90
9
90
41
90
40
90
4
90
9
90
10
90
42
90
41
90
4
90
10
90
11
90
43
90
42
90
4
90
11
90
12
90
44
90
43
90
4
90
12
90
13
90
45
90
44
90
4
90
13
90
14
90
46
90
45
90
4
90
14
90
15
90
47
90
46
90
4
90
15
90
16
90
48
90
47
90
4
90
16
90
17
90
49
90
48
90
4
90
17
90
18
90
50
90
49
90
4
90
18
90
19
90
51
90
50
90
4
90
19
90
20
90
52
90
51
90
4
90
20
90
21
90
53
90
52
90
4
90
21
90
22
90
54
90
53
90
4
90
22
90
23
90
55
90
54
90
4
90
23
90
24
90
56
90
55
90
4
90
24
90
25
90
57
90
56
90
4
90
25
90
26
90
58
90
57
90
4
90
26
90
27
90
59
90
58
90
4
90
27
90
28
90
60
90
59
90
4
90
28
90
29
90
61
90
60
90
4
90
29
90
30
90
62
90
61
90
4
90
30
90
31
90
63
90
62
90
4
90
31
90
0
90
32
90
63
94
0
95
0
90
0
1001
CONDUITCAD
1000
{"id":"3d-manifold-002","label":"Main pipe bore","feature3d":{"version":1,"kind":"cylinder","parameters":{"radius":11,"height":162,"z":-1,"segments":32},"inputs":[],"suppressed":false},"model3dConsume
1000
d":true,"model3dUserHidden":false}
0
MESH
5
102
330
119
100
AcDbEntity
8
Equipment
62
7
420
5543588
60
1
100
AcDbSubDMesh
71
2
72
0
91
0
92
538
10
14.711779206048456
20
2.9263548302419236
30
160
10
14.711779206048456
20
2.9263548302419236
30
0
10
13.858192987669302
20
5.740251485476347
30
0
10
13.858192987669302
20
5.740251485476347
30
160
10
15
20
0
30
160
10
15
20
0
30
0
10
12.472044184538177
20
8.333553495294034
30
0
10
12.472044184538177
20
8.333553495294034
30
160
10
14.711779206048455
20
-2.92635483024193
30
160
10
10.606601717798211
20
10.606601717798211
30
160
10
8.333553495294034
20
12.472044184538177
30
160
10
9.198297442640634
20
7.388644039894628
30
160
10
7.525196024407996
20
12.904120254555783
30
160
10
10.344711224261477
20
3.6094242772524106
30
160
10
10.929147901955863
20
1.6827947497943394
30
160
10
11.289042231098849
20
0.4963821447076756
30
160
10
11.536941756630684
20
-0.3208330711762043
30
160
10
11.721147722099692
20
-0.9280787587784729
30
160
10
11.86587742047352
20
-1.4051886340298851
30
160
10
11.984654014331952
20
-1.7967425895436269
30
160
10
12.085665204303108
20
-2.129731857037672
30
160
10
12.174202252802564
20
-2.4215993910637295
30
160
10
12.253883491318753
20
-2.6842732319926412
30
160
10
12.32731814131004
20
-2.9263548302419298
30
160
10
12.396492069038835
20
-3.154390709540798
30
160
10
12.463007681518198
20
-3.373663297882205
30
160
10
12.528245215154964
20
-3.5887226249233746
30
160
10
12.593482748791729
20
-3.803781951964544
30
160
10
12.659998361271095
20
-4.023054540305951
30
160
10
12.729172288999889
20
-4.25109041960482
30
160
10
12.802606938991175
20
-4.493172017854108
30
160
10
12.882288177507364
20
-4.755845858783021
30
160
10
12.970825226006822
20
-5.0477133928090785
30
160
10
13.071836415977979
20
-5.380702660303123
30
160
10
13.190613009836406
20
-5.7722566158168656
30
160
10
13.335342708210238
20
-6.249366491068278
30
160
10
13.42611691765169
20
-6.5486089563623935
30
160
10
13.858192987669296
20
-5.740251485476356
30
160
10
10.821318327455671
20
1.8141854664854762
30
160
10
10.788638084435531
20
2.1459935421774197
30
160
10
10.914191002401768
20
0.8712333734047567
30
160
10
10.987160594878839
20
0.13036066787067693
30
160
10
11.047045191800182
20
-0.477657848264992
30
160
10
11.0979728552351
20
-0.9947350925624974
30
160
10
11.142611325574757
20
-1.44795708776329
30
160
10
11.18278488751763
20
-1.8558461072464505
30
160
10
11.21980905424891
20
-2.231758780528378
30
160
10
11.254685056708139
20
-2.5858607759355596
30
160
10
11.288220793951544
20
-2.9263548302419298
30
160
10
11.321112151407347
20
-3.2603063867704343
30
160
10
11.354003508863146
20
-3.59425794329894
30
160
10
11.387539246106552
20
-3.93475199760531
30
160
10
11.422415248565777
20
-4.288853993012491
30
160
10
11.459439415297059
20
-4.664766666294417
30
160
10
11.499612977239932
20
-5.072655685777577
30
160
10
11.54425144757959
20
-5.525877680978371
30
160
10
11.595179111014508
20
-6.042954925275875
30
160
10
11.655063707935852
20
-6.650973441411543
30
160
10
11.728033300412921
20
-7.391846146945624
30
160
10
11.820905975359016
20
-8.334798240026332
30
160
10
11.890567615751136
20
-9.042084744407843
30
160
10
12.472044184538177
20
-8.333553495294034
30
160
10
5.740251485476347
20
13.858192987669302
30
160
10
10.162674857624152
20
4.209517756015991
30
160
10
4.863132517092141
20
14.124264117857743
30
160
10
3.2881759478960264
20
14.170275636313258
30
160
10
3.8034737986261375
20
14.445708075860013
30
160
10
2.9263548302419244
20
14.711779206048456
30
160
10
1.4759095183674236
20
13.20159904842044
30
160
10
9.18485099360515e-16
20
15
30
160
10
-0.40878465114694773
20
12.194209026953482
30
160
10
-2.926354830241923
20
14.711779206048456
30
160
10
-2.409565309743154
20
11.12476948433885
30
160
10
-5.740251485476346
20
13.858192987669302
30
160
10
-4.58053883375526
20
9.964359959900044
30
160
10
-8.33355349529403
20
12.472044184538179
30
160
10
-6.992795366984852
20
8.674981980118778
30
160
10
-10.606601717798211
20
10.606601717798211
30
160
10
-9.744918992821676
20
7.203941254595729
30
160
10
-12.472044184538179
20
8.333553495294034
30
160
10
-12.981074019285087
20
5.474180355287904
30
160
10
-13.858192987669302
20
5.740251485476348
30
160
10
-14.124264117857745
20
4.863132517092138
30
160
10
4.251090419604817
20
12.729172288999887
30
160
10
5.4193934366845085
20
13.083573134679463
30
160
10
2.3395087571625957
20
12.14930033125343
30
160
10
0.26532178403339657
20
11.520102591773139
30
160
10
-2.0393912959418334
20
10.82097552229619
30
160
10
-4.209517756015971
20
10.162674857624157
30
160
10
-6.111272563215643
20
9.146165735327983
30
160
10
-6.806649271525384
20
8.575484819181932
30
160
10
-8.902876304064483
20
6.855155752815392
30
160
10
-11.232078985923954
20
4.943628512272091
30
160
10
-13.889447156267646
20
2.7627828154478604
30
160
10
-14.711779206048456
20
2.9263548302419293
30
160
10
-14.801620432089003
20
2.014181554420572
30
160
10
5.0726556857775735
20
11.499612977239932
30
160
10
6.206354487598644
20
11.611272563215625
30
160
10
3.0372174653731085
20
11.299139810465489
30
160
10
0.7150027514153996
20
11.070421624391134
30
160
10
-2.015632874306727
20
10.801477489556694
30
160
10
-2.145993542177401
20
10.788638084435533
30
160
10
-7.778174593052013
20
7.778174593052032
30
160
10
-8.628833628106682
20
6.741643559764654
30
160
10
-10.32919866913848
20
4.669742762480869
30
160
10
-12.174202252802573
20
2.421599391063729
30
160
10
-14.224260394599087
20
-0.0764036823756675
30
160
10
-15
20
1.83697019872103e-15
30
160
10
-14.910158773959454
20
-0.9121732758213491
30
160
10
5.787351123834731
20
10.429995666092854
30
160
10
6.896131617754866
20
10.32079031923161
30
160
10
3.571389916774205
20
10.64824879516128
30
160
10
0.8712333734047659
20
10.914191002401768
30
160
10
3.372302437298913e-15
20
11
30
160
10
-9.146165735328001
20
6.111272563215621
30
160
10
-9.974234182473014
20
4.562065462652518
30
160
10
-11.21980905424891
20
2.231758780528376
30
160
10
-12.542104285270291
20
-0.2420815982492884
30
160
10
-13.976878219704979
20
-2.9263548302419253
30
160
10
-14.711779206048456
20
-2.9263548302419253
30
160
10
-14.445708075860013
20
-3.8034737986261375
30
160
10
6.412488900678892
20
9.49441086680799
30
160
10
7.516914634158738
20
9.159386983266273
30
160
10
3.8904608785927843
20
10.259459703272594
30
160
10
2.1459935421773966
20
10.788638084435537
30
160
10
-10.162674857624157
20
4.2095177560159796
30
160
10
-10.788638084435533
20
2.1459935421774134
30
160
10
-11.542905850659679
20
-0.34049405430636975
30
160
10
-12.327318141310048
20
-2.9263548302419258
30
160
10
-13.16004578746325
20
-5.671489987978176
30
160
10
-13.858192987669302
20
-5.740251485476345
30
160
10
-13.426116917651695
20
-6.5486089563623855
30
160
10
6.941801303060113
20
8.70223887515394
30
160
10
8.089031538703239
20
8.089031538703239
30
160
10
4.209517756016003
20
10.162674857624147
30
160
10
-11.038429439193537
20
-0.39018064403225616
30
160
10
-11.28822079395154
20
-2.9263548302419258
30
160
10
-11.54290585065968
20
-5.512215606177477
30
160
10
-11.807769467630793
20
-8.20142103876353
30
160
10
-12.472044184538182
20
-8.33355349529403
30
160
10
-11.890567615751138
20
-9.042084744407843
30
160
10
7.2934228120289015
20
8.176000098554118
30
160
10
8.62795387866237
20
7.080778756466079
30
160
10
6.111272563215617
20
9.146165735328003
30
160
10
-10.999999999999996
20
-1.9671764217576992e-15
30
160
10
-10.96081768358336
20
-0.39782473475931596
30
160
10
-10.711779206048455
20
-2.9263548302419258
30
160
10
-10.467525933028186
20
-5.40629992894784
30
160
10
-10.223272660007922
20
-7.886245027653755
30
160
10
-9.974234182473015
20
-10.414775123136364
30
160
10
-10.606601717798213
20
-10.606601717798211
30
160
10
-9.898070468684397
20
-11.188078286585258
30
160
10
7.778174593052021
20
7.778174593052023
30
160
10
9.146165735328001
20
6.1112725632156195
30
160
10
-10.788638084435533
20
-2.1459935421774134
30
160
10
-10.55191807568561
20
-2.9263548302419258
30
160
10
-9.819010671252666
20
-5.34242675071703
30
160
10
-9.114268487352874
20
-7.66565038223702
30
160
10
-8.42306772690473
20
-9.94423392311677
30
160
10
-7.731866966456587
20
-12.222817463996517
30
160
10
-8.333553495294034
20
-12.472044184538177
30
160
10
-7.5251960244080065
20
-12.904120254555776
30
160
10
-2.810351922139393
20
-12.292129043848332
30
160
10
-6.548608956362385
20
-13.426116917651697
30
160
10
-5.740251485476355
20
-13.858192987669296
30
160
10
3.6094242772524185
20
-10.344711224261474
30
160
10
-2.9263548302419298
20
-14.711779206048455
30
160
10
6.882197802540456
20
-9.351926229167434
30
160
10
-2.7554552980815444e-15
20
-15
30
160
10
8.897561788536532
20
-8.74057224775385
30
160
10
2.926354830241924
20
-14.711779206048456
30
160
10
10.285768646622024
20
-8.319464301192648
30
160
10
5.7402514854763504
20
-13.8581929876693
30
160
10
11.317299400929574
20
-8.006552867834472
30
160
10
8.333553495294028
20
-12.472044184538182
30
160
10
11.774904734877902
20
-7.867739807380215
30
160
10
10.60660171779821
20
-10.606601717798213
30
160
10
-7.867739807380231
20
-11.774904734877902
30
160
10
-6.270787904609577
20
-11.617618700880127
30
160
10
-0.48171066301634013
20
-11.047444359212589
30
160
10
2.145993542177412
20
-10.788638084435531
30
160
10
4.209517756016003
20
-10.162674857624147
30
160
10
9.0411721265526
20
-7.580101791507025
30
160
10
11.225671470715781
20
-6.412462565574603
30
160
10
11.611272563215625
20
-6.206354487598645
30
160
10
-8.352348029776067
20
-10.177365521219897
30
160
10
-3.8615321253118653
20
-10.619672281869256
30
160
10
-0.3318080756919426
20
-10.967319756979862
30
160
10
-1.5737411374061594e-14
20
-11
30
160
10
9.213801197028596
20
-6.599986287619075
30
160
10
11.467847765203924
20
-4.750138075577457
30
160
10
6.111272563215615
20
-9.146165735328005
30
160
10
-8.77711068925713
20
-8.777110689257123
30
160
10
-6.676344369369598
20
-9.414371185429005
30
160
10
-3.3717653925578612
20
-10.416804258763388
30
160
10
-2.1459935421774143
20
-10.788638084435533
30
160
10
11.184088842903673
20
-3.628056071757463
30
160
10
11.338768857185249
20
-3.4395779290173634
30
160
10
10.781521857619836
20
-4.118585362611137
30
160
10
10.239757836066296
20
-4.778726732910848
30
160
10
9.453238383588438
20
-5.737103458698641
30
160
10
8.176000098554114
20
-7.293422812028906
30
160
10
7.77817459305202
20
-7.778174593052027
30
160
10
-9.159386983266279
20
-7.516914634158734
30
160
10
-8.944353821393396
20
-7.631852253778498
30
160
10
-5.995748437946693
20
-9.207914666755215
30
160
10
-4.209517756015994
20
-10.162674857624152
30
160
10
11.041747632316534
20
-2.5648882701799707
30
160
10
10.848539730689591
20
-2.9263548302419298
30
160
10
10.633858612833373
20
-3.327994952246762
30
160
10
10.38893069230158
20
-3.786222861934956
30
160
10
10.100925926196936
20
-4.325041881284924
30
160
10
9.749991103312286
20
-4.981594756016718
30
160
10
9.303335796264044
20
-5.817228060931367
30
160
10
9.146165735328003
20
-6.111272563215618
30
160
10
-9.511694833561867
20
-6.355511298193396
30
160
10
-8.149195670791302
20
-7.473685463601005
30
160
10
-6.111272563215625
20
-9.146165735327997
30
160
10
11.016261076003307
20
-1.3956211007815693
30
160
10
11.107751370145747
20
-1.0940180205881198
30
160
10
10.902449580219418
20
-1.7708073214794922
30
160
10
10.78863808443553
20
-2.1459935421774152
30
160
10
10.672596889631818
20
-2.5285300954826133
30
160
10
10.551918075685608
20
-2.9263548302419298
30
160
10
10.423806130123573
20
-3.3486833160475067
30
160
10
10.284796568665703
20
-3.806936426992374
30
160
10
10.162674857624149
20
-4.2095177560160035
30
160
10
-9.843561571913943
20
-5.261493277605271
30
160
10
-9.780272394454215
20
-5.338611363471513
30
160
10
-8.045061547155427
20
-7.452971898543588
30
160
10
-7.778174593052016
20
-7.778174593052029
30
160
10
10.958764544509684
20
-0.41867060560379404
30
160
10
11
20
-1.3173056395698879e-15
30
160
10
10.911826759775622
20
-0.895237931625647
30
160
10
10.868568649616954
20
-1.334444894712552
30
160
10
10.827820400852167
20
-1.7481688074180994
30
160
10
-10.162674857624152
20
-4.209517756015997
30
160
10
-9.570219911744426
20
-5.317922999670768
30
160
10
-9.146165735328003
20
-6.111272563215617
30
160
10
-5.740251485476346
20
13.858192987669302
30
0
10
-8.33355349529403
20
12.472044184538179
30
0
10
-2.926354830241923
20
14.711779206048456
30
0
10
-10.606601717798211
20
10.606601717798211
30
0
10
9.18485099360515e-16
20
15
30
0
10
-12.472044184538179
20
8.333553495294034
30
0
10
2.9263548302419244
20
14.711779206048456
30
0
10
-13.858192987669302
20
5.740251485476348
30
0
10
4.863132517092141
20
14.124264117857743
30
110.12644310145015
10
5.740251485476347
20
13.858192987669302
30
0
10
4.863132517092141
20
14.124264117857743
30
0
10
3.8034737986261375
20
14.445708075860013
30
49.873556898550184
10
3.8034737986261375
20
14.445708075860013
30
0
10
-14.124264117857745
20
4.863132517092138
30
110.12644310144991
10
-14.124264117857745
20
4.863132517092138
30
0
10
-14.711779206048456
20
2.9263548302419293
30
0
10
7.525196024407996
20
12.904120254555783
30
110.12644310145015
10
8.333553495294034
20
12.472044184538177
30
0
10
7.525196024407996
20
12.904120254555783
30
0
10
-14.801620432089003
20
2.0141815544205715
30
110.12644310145006
10
-14.801620432089003
20
2.014181554420572
30
0
10
-15
20
1.83697019872103e-15
30
0
10
10.606601717798211
20
10.606601717798211
30
0
10
-14.910158773959454
20
-0.9121732758213491
30
110.1264431014504
10
-14.910158773959454
20
-0.9121732758213491
30
0
10
-14.711779206048456
20
-2.9263548302419253
30
0
10
-14.445708075860013
20
-3.8034737986261375
30
110.12644310144977
10
-14.445708075860013
20
-3.8034737986261375
30
0
10
-13.858192987669302
20
-5.740251485476345
30
0
10
14.711779206048455
20
-2.92635483024193
30
0
10
13.858192987669296
20
-5.740251485476356
30
0
10
13.21980905424891
20
-5.868503075693426
30
0
10
13.42611691765169
20
-6.5486089563623935
30
0
10
12.944760074225206
20
-4.961788102736176
30
0
10
12.728655477311069
20
-4.249386719789566
30
0
10
12.551303018023061
20
-3.6647340142482805
30
0
10
12.400477149263551
20
-3.167527758468869
30
0
10
12.268277169626181
20
-2.7317228303738177
30
0
10
12.14930033125343
20
-2.339508757162596
30
0
10
12.039650649023681
20
-1.9780421971006363
30
0
10
11.936362906861824
20
-1.6375481427942666
30
0
10
11.837044454706817
20
-1.3101390840436247
30
0
10
11.739634378760751
20
-0.989021098550318
30
0
10
11.642224302814686
20
-0.667903113057012
30
0
10
11.542905850659679
20
-0.34049405430637036
30
0
10
11.439618108497822
20
2.1801051435851702e-16
30
0
10
11.329968426268072
20
0.3614665600619602
30
0
10
11.210991587895322
20
0.7536806332731806
30
0
10
11.078791608257951
20
1.1894855613682307
30
0
10
10.927965739498445
20
1.6866918171476408
30
0
10
10.750613280210434
20
2.2713445226889295
30
0
10
10.534508683296297
20
2.983745905635537
30
0
10
10.259459703272594
20
3.8904608785927857
30
0
10
9.889306046889724
20
5.110693953110276
30
0
10
9.35192622916744
20
6.88219780254045
30
0
10
8.479268757521512
20
9.758963954286202
30
0
10
12.472044184538177
20
-8.333553495294034
30
0
10
11.76840608100513
20
-7.801757867319833
30
0
10
11.890567615751136
20
-9.042084744407843
30
0
10
11.622376039532746
20
-6.3190899745411535
30
0
10
11.513865929563032
20
-5.217368339240468
30
0
10
11.428610083225793
20
-4.3517512048387195
30
0
10
11.358642418342678
20
-3.6413575816573207
30
0
10
11.299139810465485
20
-3.0372174653731108
30
0
10
11.246985338461231
20
-2.5076842246381306
30
0
10
11.200047553727169
20
-2.03111689861628
30
0
10
11.1567894435685
20
-1.5919099355293762
30
0
10
11.116041194803714
20
-1.1781860228238286
30
0
10
11.076858878387077
20
-0.7803612880645132
30
0
10
11.038429439193537
20
-0.39018064403225683
30
0
10
10.999999999999996
20
2.4492935982947074e-16
30
0
10
10.960817683583361
20
0.3978247347593169
30
0
10
10.920069434818574
20
0.8115486474648634
30
0
10
10.876811324659906
20
1.2507556105517683
30
0
10
10.829873539925844
20
1.72732293657362
30
0
10
10.788638084435531
20
2.1459935421774152
30
0
10
9.44177675423573
20
5.558223245764268
30
0
10
10.162674857624149
20
4.209517756015994
30
0
10
7.580101791507018
20
9.041172126552608
30
0
10
-12.856178485807398
20
5.540938408762248
30
0
10
-9.38406080071395
20
7.396823976776375
30
0
10
-6.534567457296657
20
8.91990990065057
30
0
10
-4.1112725632156195
20
10.21518800722958
30
0
10
-1.9872368239375762
20
11.350508763031169
30
0
10
-0.07565516149535612
20
12.37227044888586
30
0
10
1.6860685883518316
20
13.313931411648168
30
0
10
3.3455760737758444
20
14.200956642801
30
0
10
-4.209517756015974
20
10.162674857624157
30
0
10
-4.084166775504468
20
10.200699661849251
30
0
10
-1.4584679455207428
20
10.997196694076493
30
0
10
0.7745053592925925
20
11.674561740675346
30
0
10
2.7317228303738172
20
12.268277169626183
30
0
10
4.493172017854106
20
12.802606938991175
30
0
10
5.4193934366845085
20
13.083573134679467
30
0
10
-13.799605930227097
20
2.836513604201382
30
0
10
-10.963092326025729
20
5.164380159066409
30
0
10
-8.550835792796136
20
7.144067933925804
30
0
10
-6.4364752577240605
20
8.879278781224594
30
0
10
-6.111272563215646
20
9.146165735327983
30
0
10
-2.1459935421774152
20
10.788638084435531
30
0
10
-1.2747601687726435
20
10.874447082033765
30
0
10
1.4253963745967955
20
11.140389289274253
30
0
10
3.64135758165732
20
11.35864241834268
30
0
10
5.525877680978367
20
11.544251447579592
30
0
10
6.206354487598645
20
11.611272563215625
30
0
10
-14.161557512932166
20
1.7856304033181913e-15
30
0
10
-11.980711816107931
20
2.6573681703436987
30
0
10
-10.06918457556463
20
4.986570852203167
30
0
10
-8.348855509198088
20
7.0827978847422655
30
0
10
-7.778174593052016
20
7.77817459305203
30
0
10
1.4051260155412137e-15
20
11
30
0
10
1.8141854664854837
20
10.821318327455671
30
0
10
4.4370070511759545
20
10.562992948824045
30
0
10
6.497744747016131
20
10.360028001209736
30
0
10
6.896131617754868
20
10.32079031923161
30
0
10
-13.936039600647533
20
-2.8499511478662556
30
0
10
-12.412708975197283
20
1.6785443151216637e-15
30
0
10
-11.041747632316527
20
2.5648882701799693
30
0
10
-9.778262422487876
20
4.928702838011483
30
0
10
-9.146165735327996
20
6.1112725632156275
30
0
10
2.145993542177411
20
10.788638084435533
30
0
10
5.110693953110274
20
9.889306046889724
30
0
10
7.471871991387592
20
9.173050519571811
30
0
10
7.516914634158739
20
9.159386983266272
30
0
10
-13.137412917709808
20
-5.596879415400626
30
0
10
-13.426116917651695
20
-6.5486089563623855
30
0
10
-12.253883491318758
20
-2.684273231992637
30
0
10
-11.439618108497823
20
1.6189596843625129e-15
30
0
10
-10.672596889631818
20
2.5285300954826124
30
0
10
-10.162674857624157
20
4.209517756015973
30
0
10
4.209517756015993
20
10.162674857624152
30
0
10
5.558223245764266
20
9.441776754235732
30
0
10
8.089031538703239
20
8.089031538703239
30
0
10
-11.80072638971059
20
-8.129911468586485
30
0
10
-11.890567615751138
20
-9.042084744407843
30
0
10
-12.472044184538182
20
-8.33355349529403
30
0
10
-11.51954867367925
20
-5.275066208521607
30
0
10
-11.254685056708139
20
-2.585860775935555
30
0
10
-10.999999999999996
20
1.5920408388915589e-15
30
0
10
-10.788638084435533
20
2.145993542177408
30
0
10
6.111272563215624
20
9.146165735327997
30
0
10
8.62795387866237
20
7.080778756466078
30
0
10
-9.98086861680474
20
-10.347414580940942
30
0
10
-9.898070468684397
20
-11.188078286585258
30
0
10
-10.606601717798213
20
-10.606601717798211
30
0
10
-10.245732233775854
20
-7.658209148354885
30
0
10
-10.500417290483986
20
-5.072348372419333
30
0
10
-10.750208645241992
20
-2.536174186209668
30
0
10
7.7781745930520225
20
7.778174593052021
30
0
10
9.146165735327997
20
6.111272563215624
30
0
10
-7.750760236966057
20
-12.160534698004827
30
0
10
-7.5251960244080065
20
-12.904120254555776
30
0
10
-8.333553495294034
20
-12.472044184538177
30
0
10
-8.488305260541496
20
-9.7291745960756
30
0
10
-9.211678563298943
20
-7.344532396743714
30
0
10
-9.93505186605638
20
-4.959890197411833
30
0
10
-10.67259688963182
20
-2.528530095482609
30
0
10
-10.788638084435533
20
-2.1459935421774134
30
0
10
11.736213958496517
20
-7.8794765260817
30
0
10
11.774904734877905
20
-7.867739807380213
30
0
10
10.60660171779821
20
-10.606601717798213
30
0
10
10.60489801798296
20
-8.222657464748611
30
0
10
8.333553495294028
20
-12.472044184538182
30
0
10
9.226385555913321
20
-8.64082464842883
30
0
10
5.7402514854763504
20
-13.8581929876693
30
0
10
7.471871991387597
20
-9.173050519571806
30
0
10
2.926354830241924
20
-14.711779206048456
30
0
10
5.110693953110274
20
-9.889306046889724
30
0
10
-2.7554552980815444e-15
20
-15
30
0
10
1.6827947497943387
20
-10.929147901955863
30
0
10
-2.9263548302419298
20
-14.711779206048455
30
0
10
-3.88381149995642
20
-12.617759446765664
30
0
10
-5.740251485476355
20
-13.858192987669296
30
0
10
-6.548608956362385
20
-13.426116917651697
30
0
10
2.1459935421774072
20
-10.788638084435533
30
0
10
1.8141854664854724
20
-10.821318327455673
30
0
10
-1.7155385831344783
20
-11.168965802566273
30
0
10
-6.839903650685636
20
-11.67367170938382
30
0
10
-7.86773980738023
20
-11.774904734877905
30
0
10
10.431798688094396
20
-6.836796408413974
30
0
10
11.611272563215625
20
-6.206354487598644
30
0
10
8.574428601074482
20
-7.82958140350801
30
0
10
5.558223245764266
20
-9.441776754235732
30
0
10
4.209517756016001
20
-10.162674857624147
30
0
10
-5.0584536559483695e-15
20
-11
30
0
10
-1.274760168772657
20
-10.874447082033763
30
0
10
-4.711407578235979
20
-10.535966855831955
30
0
10
-8.352348029776067
20
-10.177365521219897
30
0
10
10.346253038734897
20
-5.670607079495857
30
0
10
11.46784776520392
20
-4.750138075577459
30
0
10
6.111272563215625
20
-9.146165735327996
30
0
10
-2.1459935421774157
20
-10.788638084435533
30
0
10
-4.084166775504475
20
-10.200699661849251
30
0
10
-7.283590056971867
20
-9.230165219959996
30
0
10
-8.77711068925713
20
-8.777110689257123
30
0
10
7.778174593052019
20
-7.778174593052028
30
0
10
10.324354040760962
20
-4.675645959239037
30
0
10
11.338768857185247
20
-3.4395779290173643
30
0
10
-4.209517756015987
20
-10.162674857624156
30
0
10
-6.534567457296661
20
-8.919909900650573
30
0
10
-9.159386983266284
20
-7.516914634158728
30
0
10
9.146165735327996
20
-6.1112725632156275
30
0
10
9.441776754235736
20
-5.558223245764261
30
0
10
10.390850419963739
20
-3.782631304092584
30
0
10
10.975287097658125
20
-2.6892271851030203
30
0
10
11.219809054248913
20
-2.2317587805283807
30
0
10
-6.111272563215629
20
-9.146165735327996
30
0
10
-6.4364752577240605
20
-8.879278781224594
30
0
10
-8.550835792796137
20
-7.1440679339258
30
0
10
-9.511694833561869
20
-6.355511298193393
30
0
10
10.259459703272597
20
-3.8904608785927817
30
0
10
10.162674857624147
20
-4.209517756016005
30
0
10
10.534508683296297
20
-2.9837459056355344
30
0
10
10.750613280210436
20
-2.2713445226889273
30
0
10
10.927965739498442
20
-1.686691817147642
30
0
10
11.078791608257953
20
-1.1894855613682296
30
0
10
11.107751370145749
20
-1.094018020588116
30
0
10
-7.778174593052021
20
-7.778174593052024
30
0
10
-8.348855509198092
20
-7.082797884742262
30
0
10
-9.843561571913943
20
-5.261493277605272
30
0
10
10.829873539925842
20
-1.7273229365736211
30
0
10
10.78863808443553
20
-2.14599354217742
30
0
10
10.87681132465991
20
-1.2507556105517672
30
0
10
10.920069434818574
20
-0.8115486474648633
30
0
10
10.960817683583361
20
-0.39782473475931623
30
0
10
-9.146165735328
20
-6.111272563215621
30
0
10
-9.77826242248788
20
-4.928702838011483
30
0
10
-10.162674857624152
20
-4.209517756015999
30
0
10
11.890567615751136
20
-9.042084744407843
30
49.87355689854974
10
-7.5251960244080065
20
-12.904120254555776
30
110.12644310145075
10
-6.548608956362385
20
-13.426116917651697
30
49.8735568985495
10
13.42611691765169
20
-6.5486089563623935
30
49.87355689855001
10
-9.898070468684397
20
-11.188078286585258
30
110.12644310144981
10
-11.890567615751138
20
-9.042084744407843
30
110.12644310145004
10
-13.426116917651695
20
-6.5486089563623855
30
110.12644310144994
10
9.137721345560863
20
6.121562081918317
30
160
10
7.786618982819159
20
7.767885074349327
30
0
10
-10.998695296817502
20
-0.013246873717143219
30
160
10
-10.789942787618031
20
-2.132746668460267
30
0
10
-10.78477411389966
20
-2.158731345966539
30
160
10
-10.166538828160029
20
-4.196779952226859
30
0
10
7.767885074349329
20
7.786618982819156
30
160
10
6.121562081918319
20
9.13772134556086
30
0
10
2.158731345966538
20
-10.78477411389966
30
160
10
4.196779952226863
20
-10.166538828160025
30
0
10
-10.789942787618031
20
2.1327466684602703
30
160
10
-10.998695296817502
20
0.013246873717145932
30
0
10
0.013246873717142657
20
-10.998695296817502
30
160
10
2.1327466684602667
20
-10.789942787618031
30
0
10
6.09953333601069
20
9.152440482996493
30
160
10
4.221256983220925
20
10.15640010995566
30
0
10
4.221256983220926
20
-10.156400109955655
30
160
10
6.099533336010683
20
-9.152440482996493
30
0
10
-10.166538828160027
20
4.196779952226862
30
160
10
-10.78477411389966
20
2.1587313459665416
30
0
10
-2.1327466684602703
20
-10.78994278761803
30
160
10
-0.013246873717146602
20
-10.998695296817502
30
0
10
4.196779952226862
20
10.166538828160027
30
160
10
2.1587313459665385
20
10.78477411389966
30
0
10
6.121562081918314
20
-9.137721345560863
30
160
10
7.7678850743493255
20
-7.78661898281916
30
0
10
-9.152440482996493
20
6.099533336010687
30
160
10
-10.15640010995566
20
4.221256983220925
30
0
10
-4.1967799522268665
20
-10.166538828160025
30
160
10
-2.158731345966542
20
-10.784774113899658
30
0
10
2.1327466684602667
20
10.789942787618031
30
160
10
0.013246873717145244
20
10.998695296817502
30
0
10
7.786618982819156
20
-7.76788507434933
30
160
10
9.13772134556086
20
-6.121562081918317
30
0
10
-7.786618982819156
20
7.767885074349329
30
160
10
-9.137721345560863
20
6.121562081918317
30
0
10
-6.099533336010687
20
-9.152440482996493
30
160
10
-4.221256983220929
20
-10.156400109955658
30
0
10
-0.013246873717144062
20
10.998695296817502
30
160
10
-2.132746668460266
20
10.789942787618031
30
0
10
9.152440482996493
20
-6.099533336010687
30
160
10
10.156400109955658
20
-4.221256983220931
30
0
10
-6.121562081918316
20
9.137721345560863
30
160
10
-7.767885074349327
20
7.786618982819159
30
0
10
-7.76788507434933
20
-7.786618982819156
30
160
10
-6.121562081918317
20
-9.13772134556086
30
0
10
-2.158731345966537
20
10.78477411389966
30
160
10
-4.196779952226859
20
10.166538828160027
30
0
10
10.166538828160025
20
-4.196779952226867
30
160
10
10.784774113899658
20
-2.158731345966543
30
0
10
-4.221256983220923
20
10.15640010995566
30
160
10
-6.099533336010685
20
9.152440482996493
30
0
10
-9.137721345560863
20
-6.121562081918316
30
160
10
-7.78661898281916
20
-7.767885074349327
30
0
10
10.15640010995566
20
4.221256983220923
30
160
10
9.152440482996493
20
6.099533336010687
30
0
10
10.78994278761803
20
-2.132746668460271
30
160
10
10.998695296817502
20
-0.0132468737171446
30
0
10
10.998695296817502
20
0.013246873717144624
30
160
10
10.789942787618031
20
2.132746668460266
30
0
10
-10.15640010995566
20
-4.221256983220923
30
160
10
-9.152440482996493
20
-6.099533336010685
30
0
10
10.78477411389966
20
2.1587313459665376
30
160
10
10.166538828160027
20
4.19677995222686
30
0
93
2627
90
3
90
0
90
1
90
2
90
3
90
2
90
3
90
0
90
3
90
4
90
5
90
1
90
3
90
1
90
0
90
4
90
3
90
3
90
2
90
6
90
3
90
6
90
7
90
3
90
3
90
8
90
4
90
0
90
3
90
8
90
0
90
3
90
3
90
8
90
3
90
7
90
3
90
8
90
7
90
9
90
3
90
8
90
9
90
10
90
4
90
11
90
8
90
10
90
12
90
4
90
13
90
8
90
11
90
63
90
5
90
14
90
8
90
13
90
536
90
39
90
3
90
15
90
8
90
14
90
3
90
16
90
8
90
15
90
3
90
17
90
8
90
16
90
3
90
18
90
8
90
17
90
3
90
19
90
8
90
18
90
3
90
20
90
8
90
19
90
3
90
21
90
8
90
20
90
3
90
22
90
8
90
21
90
3
90
23
90
8
90
22
90
3
90
24
90
8
90
23
90
3
90
25
90
8
90
24
90
3
90
26
90
8
90
25
90
3
90
27
90
8
90
26
90
3
90
28
90
8
90
27
90
3
90
29
90
8
90
28
90
3
90
30
90
8
90
29
90
3
90
31
90
8
90
30
90
3
90
32
90
8
90
31
90
3
90
33
90
8
90
32
90
3
90
34
90
8
90
33
90
3
90
35
90
8
90
34
90
4
90
35
90
36
90
37
90
8
90
3
90
38
90
14
90
39
90
4
90
40
90
15
90
14
90
38
90
4
90
41
90
16
90
15
90
40
90
6
90
42
90
17
90
16
90
41
90
532
90
232
90
4
90
43
90
18
90
17
90
42
90
5
90
44
90
19
90
18
90
43
90
219
90
4
90
45
90
20
90
19
90
44
90
4
90
46
90
21
90
20
90
45
90
4
90
47
90
22
90
21
90
46
90
4
90
48
90
23
90
22
90
47
90
4
90
49
90
24
90
23
90
48
90
5
90
50
90
25
90
24
90
49
90
197
90
4
90
51
90
26
90
25
90
50
90
4
90
52
90
27
90
26
90
51
90
4
90
53
90
28
90
27
90
52
90
5
90
54
90
29
90
28
90
53
90
190
90
4
90
55
90
30
90
29
90
54
90
4
90
56
90
31
90
30
90
55
90
5
90
57
90
32
90
31
90
56
90
184
90
4
90
58
90
33
90
32
90
57
90
5
90
59
90
34
90
33
90
58
90
175
90
5
90
35
90
34
90
59
90
60
90
61
90
3
90
35
90
61
90
36
90
3
90
11
90
12
90
62
90
12
90
63
90
11
90
62
90
64
90
84
90
97
90
110
90
122
90
133
90
142
90
153
90
528
90
3
90
65
90
66
90
67
90
4
90
68
90
65
90
67
90
69
90
4
90
70
90
68
90
69
90
71
90
4
90
72
90
70
90
71
90
73
90
6
90
74
90
524
90
88
90
72
90
73
90
75
90
5
90
76
90
89
90
74
90
75
90
77
90
4
90
78
90
76
90
77
90
79
90
4
90
80
90
78
90
79
90
81
90
3
90
80
90
81
90
82
90
5
90
65
90
83
90
84
90
64
90
66
90
4
90
68
90
85
90
83
90
65
90
4
90
70
90
86
90
85
90
68
90
4
90
72
90
87
90
86
90
70
90
5
90
88
90
520
90
101
90
87
90
72
90
4
90
89
90
76
90
90
90
516
90
5
90
78
90
91
90
102
90
90
90
76
90
4
90
80
90
92
90
91
90
78
90
5
90
93
90
92
90
80
90
82
90
94
90
3
90
93
90
94
90
95
90
4
90
83
90
96
90
97
90
84
90
4
90
85
90
98
90
96
90
83
90
4
90
86
90
99
90
98
90
85
90
6
90
87
90
100
90
512
90
113
90
99
90
86
90
3
90
101
90
100
90
87
90
4
90
102
90
91
90
103
90
508
90
5
90
92
90
104
90
114
90
103
90
91
90
4
90
93
90
105
90
104
90
92
90
5
90
106
90
105
90
93
90
95
90
107
90
3
90
106
90
107
90
108
90
4
90
96
90
109
90
110
90
97
90
4
90
98
90
111
90
109
90
96
90
6
90
99
90
112
90
504
90
124
90
111
90
98
90
3
90
113
90
112
90
99
90
4
90
114
90
104
90
115
90
500
90
5
90
105
90
116
90
125
90
115
90
104
90
4
90
106
90
117
90
116
90
105
90
5
90
118
90
117
90
106
90
108
90
119
90
3
90
118
90
119
90
120
90
4
90
109
90
121
90
122
90
110
90
6
90
111
90
123
90
496
90
134
90
121
90
109
90
3
90
124
90
123
90
111
90
4
90
125
90
116
90
126
90
492
90
4
90
117
90
127
90
126
90
116
90
4
90
118
90
128
90
127
90
117
90
5
90
129
90
128
90
118
90
120
90
130
90
3
90
129
90
130
90
131
90
4
90
121
90
132
90
133
90
122
90
5
90
134
90
488
90
143
90
132
90
121
90
5
90
127
90
135
90
144
90
484
90
126
90
4
90
128
90
136
90
135
90
127
90
4
90
129
90
137
90
136
90
128
90
5
90
138
90
137
90
129
90
131
90
139
90
3
90
138
90
139
90
140
90
6
90
132
90
141
90
480
90
152
90
142
90
133
90
3
90
143
90
141
90
132
90
4
90
144
90
135
90
145
90
476
90
5
90
136
90
146
90
154
90
145
90
135
90
4
90
137
90
147
90
146
90
136
90
4
90
138
90
148
90
147
90
137
90
5
90
149
90
148
90
138
90
140
90
150
90
3
90
149
90
150
90
151
90
4
90
152
90
474
90
153
90
142
90
4
90
154
90
146
90
155
90
478
90
6
90
147
90
156
90
227
90
236
90
155
90
146
90
6
90
148
90
157
90
203
90
215
90
156
90
147
90
5
90
149
90
158
90
192
90
157
90
148
90
7
90
159
90
177
90
185
90
158
90
149
90
151
90
160
90
3
90
159
90
160
90
161
90
3
90
162
90
163
90
164
90
6
90
165
90
482
90
180
90
162
90
164
90
166
90
5
90
167
90
181
90
165
90
166
90
168
90
4
90
169
90
167
90
168
90
170
90
4
90
171
90
169
90
170
90
172
90
4
90
173
90
171
90
172
90
174
90
5
90
59
90
175
90
173
90
174
90
176
90
3
90
59
90
176
90
60
90
3
90
177
90
159
90
178
90
6
90
162
90
179
90
178
90
159
90
161
90
163
90
5
90
180
90
486
90
188
90
179
90
162
90
5
90
181
90
167
90
182
90
191
90
490
90
4
90
169
90
183
90
182
90
167
90
5
90
171
90
57
90
184
90
183
90
169
90
4
90
173
90
58
90
57
90
171
90
3
90
175
90
58
90
173
90
4
90
185
90
177
90
178
90
186
90
6
90
179
90
187
90
494
90
195
90
186
90
178
90
3
90
188
90
187
90
179
90
3
90
189
90
54
90
190
90
7
90
191
90
182
90
55
90
54
90
189
90
202
90
498
90
4
90
183
90
56
90
55
90
182
90
3
90
184
90
56
90
183
90
3
90
192
90
158
90
193
90
7
90
185
90
186
90
194
90
502
90
206
90
193
90
158
90
3
90
195
90
194
90
186
90
3
90
196
90
50
90
197
90
4
90
198
90
51
90
50
90
196
90
4
90
199
90
52
90
51
90
198
90
4
90
200
90
53
90
52
90
199
90
6
90
201
90
189
90
190
90
53
90
200
90
214
90
4
90
202
90
189
90
201
90
506
90
3
90
203
90
157
90
204
90
7
90
192
90
193
90
205
90
510
90
217
90
204
90
157
90
3
90
206
90
205
90
193
90
3
90
207
90
47
90
46
90
4
90
208
90
48
90
47
90
207
90
4
90
209
90
49
90
48
90
208
90
5
90
210
90
196
90
197
90
49
90
209
90
5
90
211
90
198
90
196
90
210
90
226
90
4
90
212
90
199
90
198
90
211
90
4
90
213
90
200
90
199
90
212
90
4
90
214
90
200
90
213
90
514
90
4
90
215
90
203
90
204
90
216
90
5
90
217
90
518
90
230
90
216
90
204
90
3
90
218
90
44
90
219
90
4
90
220
90
45
90
44
90
218
90
4
90
221
90
46
90
45
90
220
90
4
90
222
90
207
90
46
90
221
90
4
90
223
90
208
90
207
90
222
90
4
90
224
90
209
90
208
90
223
90
4
90
225
90
210
90
209
90
224
90
4
90
226
90
210
90
225
90
522
90
3
90
227
90
156
90
228
90
7
90
215
90
216
90
229
90
526
90
238
90
228
90
156
90
3
90
230
90
229
90
216
90
3
90
231
90
42
90
232
90
4
90
233
90
43
90
42
90
231
90
5
90
234
90
218
90
219
90
43
90
233
90
4
90
235
90
220
90
218
90
234
90
4
90
221
90
220
90
235
90
530
90
5
90
236
90
227
90
228
90
237
90
534
90
3
90
238
90
237
90
228
90
3
90
73
90
239
90
240
90
3
90
240
90
75
90
73
90
3
90
71
90
241
90
239
90
3
90
239
90
73
90
71
90
3
90
75
90
240
90
242
90
3
90
242
90
77
90
75
90
3
90
69
90
243
90
241
90
3
90
241
90
71
90
69
90
3
90
77
90
242
90
244
90
3
90
244
90
79
90
77
90
3
90
67
90
245
90
243
90
3
90
243
90
69
90
67
90
3
90
79
90
244
90
246
90
3
90
246
90
81
90
79
90
4
90
247
90
62
90
248
90
249
90
3
90
247
90
64
90
62
90
3
90
250
90
251
90
245
90
4
90
250
90
245
90
67
90
66
90
4
90
250
90
247
90
249
90
251
90
4
90
247
90
250
90
66
90
64
90
4
90
252
90
81
90
246
90
253
90
3
90
252
90
82
90
81
90
3
90
252
90
253
90
254
90
4
90
252
90
254
90
94
90
82
90
4
90
255
90
10
90
256
90
257
90
3
90
255
90
12
90
10
90
3
90
255
90
257
90
248
90
4
90
255
90
248
90
62
90
12
90
4
90
258
90
94
90
254
90
259
90
3
90
258
90
95
90
94
90
3
90
258
90
259
90
260
90
4
90
258
90
260
90
107
90
95
90
3
90
9
90
261
90
256
90
3
90
256
90
10
90
9
90
4
90
262
90
107
90
260
90
263
90
3
90
262
90
108
90
107
90
3
90
262
90
263
90
264
90
4
90
262
90
264
90
119
90
108
90
3
90
7
90
6
90
261
90
3
90
261
90
9
90
7
90
4
90
265
90
119
90
264
90
266
90
3
90
265
90
120
90
119
90
3
90
265
90
266
90
267
90
4
90
265
90
267
90
130
90
120
90
3
90
5
90
268
90
269
90
4
90
270
90
5
90
269
90
271
90
3
90
272
90
5
90
270
90
3
90
273
90
5
90
272
90
3
90
274
90
5
90
273
90
3
90
275
90
5
90
274
90
3
90
276
90
5
90
275
90
3
90
277
90
5
90
276
90
3
90
278
90
5
90
277
90
3
90
279
90
5
90
278
90
3
90
280
90
5
90
279
90
3
90
281
90
5
90
280
90
3
90
282
90
5
90
281
90
3
90
283
90
5
90
282
90
3
90
284
90
5
90
283
90
3
90
285
90
5
90
284
90
3
90
286
90
5
90
285
90
3
90
287
90
5
90
286
90
3
90
288
90
5
90
287
90
4
90
289
90
5
90
288
90
314
90
3
90
290
90
5
90
289
90
3
90
291
90
5
90
290
90
5
90
292
90
5
90
291
90
537
90
316
90
3
90
293
90
5
90
292
90
3
90
294
90
5
90
293
90
4
90
5
90
294
90
257
90
256
90
3
90
5
90
256
90
261
90
3
90
5
90
261
90
6
90
3
90
5
90
6
90
2
90
3
90
2
90
1
90
5
90
3
90
270
90
271
90
295
90
6
90
296
90
272
90
270
90
295
90
297
90
398
90
4
90
298
90
273
90
272
90
296
90
5
90
299
90
274
90
273
90
298
90
419
90
5
90
300
90
275
90
274
90
299
90
428
90
4
90
301
90
276
90
275
90
300
90
5
90
302
90
277
90
276
90
301
90
436
90
4
90
303
90
278
90
277
90
302
90
5
90
304
90
279
90
278
90
303
90
444
90
4
90
305
90
280
90
279
90
304
90
4
90
306
90
281
90
280
90
305
90
5
90
307
90
282
90
281
90
306
90
455
90
4
90
308
90
283
90
282
90
307
90
4
90
309
90
284
90
283
90
308
90
4
90
310
90
285
90
284
90
309
90
4
90
311
90
286
90
285
90
310
90
4
90
312
90
287
90
286
90
311
90
4
90
313
90
288
90
287
90
312
90
4
90
314
90
288
90
313
90
533
90
3
90
315
90
292
90
316
90
8
90
317
90
293
90
292
90
315
90
529
90
388
90
380
90
371
90
9
90
294
90
293
90
317
90
362
90
353
90
343
90
332
90
249
90
248
90
3
90
294
90
248
90
257
90
3
90
318
90
253
90
246
90
4
90
319
90
318
90
246
90
244
90
4
90
320
90
319
90
244
90
242
90
7
90
321
90
326
90
525
90
337
90
320
90
242
90
240
90
4
90
322
90
321
90
240
90
239
90
4
90
323
90
322
90
239
90
241
90
4
90
324
90
323
90
241
90
243
90
4
90
325
90
324
90
243
90
245
90
3
90
325
90
245
90
251
90
4
90
326
90
321
90
327
90
521
90
5
90
322
90
328
90
338
90
327
90
321
90
4
90
323
90
329
90
328
90
322
90
4
90
324
90
330
90
329
90
323
90
4
90
325
90
331
90
330
90
324
90
5
90
332
90
331
90
325
90
251
90
249
90
3
90
333
90
259
90
254
90
5
90
318
90
334
90
333
90
254
90
253
90
4
90
319
90
335
90
334
90
318
90
6
90
320
90
336
90
517
90
348
90
335
90
319
90
3
90
337
90
336
90
320
90
4
90
338
90
328
90
339
90
513
90
5
90
329
90
340
90
349
90
339
90
328
90
4
90
330
90
341
90
340
90
329
90
4
90
331
90
342
90
341
90
330
90
4
90
332
90
343
90
342
90
331
90
3
90
344
90
263
90
260
90
5
90
333
90
345
90
344
90
260
90
259
90
4
90
334
90
346
90
345
90
333
90
6
90
335
90
347
90
509
90
358
90
346
90
334
90
3
90
348
90
347
90
335
90
4
90
349
90
340
90
350
90
505
90
5
90
341
90
351
90
359
90
350
90
340
90
4
90
342
90
352
90
351
90
341
90
4
90
343
90
353
90
352
90
342
90
3
90
354
90
266
90
264
90
5
90
344
90
355
90
354
90
264
90
263
90
4
90
345
90
356
90
355
90
344
90
6
90
346
90
357
90
501
90
368
90
356
90
345
90
3
90
358
90
357
90
346
90
5
90
359
90
351
90
360
90
369
90
497
90
4
90
352
90
361
90
360
90
351
90
4
90
353
90
362
90
361
90
352
90
3
90
363
90
364
90
267
90
5
90
354
90
365
90
363
90
267
90
266
90
4
90
355
90
366
90
365
90
354
90
6
90
356
90
367
90
493
90
378
90
366
90
355
90
3
90
368
90
367
90
356
90
4
90
369
90
360
90
370
90
489
90
6
90
361
90
317
90
371
90
379
90
370
90
360
90
3
90
362
90
317
90
361
90
3
90
372
90
373
90
374
90
5
90
363
90
375
90
372
90
374
90
364
90
4
90
365
90
376
90
375
90
363
90
4
90
366
90
377
90
376
90
365
90
4
90
378
90
485
90
377
90
366
90
5
90
379
90
371
90
380
90
387
90
481
90
3
90
381
90
382
90
383
90
5
90
372
90
384
90
381
90
383
90
373
90
4
90
375
90
385
90
384
90
372
90
4
90
376
90
386
90
385
90
375
90
5
90
377
90
477
90
396
90
386
90
376
90
4
90
387
90
380
90
388
90
475
90
3
90
389
90
390
90
391
90
7
90
381
90
392
90
426
90
417
90
389
90
391
90
382
90
6
90
384
90
393
90
439
90
433
90
392
90
381
90
6
90
385
90
394
90
458
90
448
90
393
90
384
90
6
90
386
90
395
90
479
90
466
90
394
90
385
90
3
90
396
90
395
90
386
90
4
90
397
90
398
90
297
90
399
90
4
90
400
90
397
90
399
90
401
90
4
90
402
90
400
90
401
90
403
90
4
90
404
90
402
90
403
90
405
90
4
90
406
90
404
90
405
90
407
90
7
90
408
90
413
90
483
90
422
90
406
90
407
90
409
90
4
90
410
90
408
90
409
90
411
90
3
90
410
90
411
90
412
90
4
90
413
90
408
90
414
90
487
90
5
90
410
90
415
90
423
90
414
90
408
90
6
90
389
90
416
90
415
90
410
90
412
90
390
90
3
90
417
90
416
90
389
90
3
90
397
90
296
90
398
90
4
90
400
90
298
90
296
90
397
90
5
90
402
90
418
90
419
90
298
90
400
90
4
90
404
90
420
90
418
90
402
90
6
90
406
90
421
90
491
90
429
90
420
90
404
90
3
90
422
90
421
90
406
90
4
90
423
90
415
90
424
90
495
90
5
90
416
90
425
90
430
90
424
90
415
90
4
90
417
90
426
90
425
90
416
90
3
90
418
90
299
90
419
90
5
90
420
90
427
90
428
90
299
90
418
90
5
90
429
90
499
90
434
90
427
90
420
90
4
90
430
90
425
90
431
90
503
90
6
90
426
90
392
90
432
90
437
90
431
90
425
90
3
90
433
90
432
90
392
90
3
90
427
90
300
90
428
90
7
90
434
90
507
90
440
90
435
90
301
90
300
90
427
90
3
90
436
90
301
90
435
90
5
90
437
90
432
90
438
90
445
90
511
90
4
90
433
90
439
90
438
90
432
90
3
90
440
90
441
90
435
90
7
90
442
90
302
90
436
90
435
90
441
90
515
90
450
90
4
90
443
90
303
90
302
90
442
90
3
90
444
90
303
90
443
90
4
90
445
90
438
90
446
90
519
90
6
90
439
90
393
90
447
90
456
90
446
90
438
90
3
90
448
90
447
90
393
90
3
90
449
90
442
90
450
90
4
90
451
90
443
90
442
90
449
90
5
90
452
90
304
90
444
90
443
90
451
90
6
90
453
90
305
90
304
90
452
90
523
90
460
90
4
90
454
90
306
90
305
90
453
90
3
90
455
90
306
90
454
90
4
90
456
90
447
90
457
90
527
90
5
90
448
90
458
90
464
90
457
90
447
90
3
90
459
90
453
90
460
90
4
90
461
90
454
90
453
90
459
90
5
90
462
90
307
90
455
90
454
90
461
90
4
90
463
90
308
90
307
90
462
90
4
90
309
90
308
90
463
90
531
90
5
90
464
90
458
90
394
90
465
90
535
90
3
90
466
90
465
90
394
90
3
90
170
90
405
90
403
90
3
90
403
90
172
90
170
90
3
90
168
90
407
90
405
90
3
90
405
90
170
90
168
90
3
90
172
90
403
90
401
90
3
90
401
90
174
90
172
90
3
90
166
90
409
90
407
90
3
90
407
90
168
90
166
90
3
90
174
90
401
90
399
90
3
90
399
90
176
90
174
90
3
90
164
90
411
90
409
90
3
90
409
90
166
90
164
90
3
90
467
90
297
90
295
90
4
90
467
90
295
90
61
90
60
90
4
90
467
90
176
90
399
90
297
90
3
90
467
90
60
90
176
90
4
90
468
90
160
90
391
90
390
90
3
90
468
90
161
90
160
90
3
90
469
90
412
90
411
90
4
90
469
90
411
90
164
90
163
90
4
90
469
90
468
90
390
90
412
90
4
90
468
90
469
90
163
90
161
90
3
90
470
90
271
90
269
90
4
90
470
90
269
90
37
90
36
90
4
90
470
90
61
90
295
90
271
90
3
90
470
90
36
90
61
90
4
90
471
90
150
90
383
90
382
90
3
90
471
90
151
90
150
90
3
90
471
90
382
90
391
90
4
90
471
90
391
90
160
90
151
90
3
90
37
90
269
90
268
90
3
90
268
90
8
90
37
90
4
90
472
90
139
90
374
90
373
90
3
90
472
90
140
90
139
90
3
90
472
90
373
90
383
90
4
90
472
90
383
90
150
90
140
90
3
90
8
90
268
90
5
90
3
90
5
90
4
90
8
90
4
90
473
90
130
90
267
90
364
90
3
90
473
90
131
90
130
90
3
90
473
90
364
90
374
90
4
90
473
90
374
90
139
90
131
90
4
90
474
90
475
90
388
90
153
90
4
90
475
90
474
90
152
90
387
90
4
90
476
90
477
90
377
90
144
90
5
90
477
90
476
90
145
90
154
90
396
90
5
90
478
90
479
90
395
90
396
90
154
90
5
90
479
90
478
90
155
90
236
90
466
90
4
90
480
90
481
90
387
90
152
90
5
90
481
90
480
90
141
90
143
90
379
90
4
90
482
90
483
90
413
90
180
90
5
90
483
90
482
90
165
90
181
90
422
90
4
90
484
90
485
90
378
90
126
90
4
90
485
90
484
90
144
90
377
90
5
90
486
90
487
90
414
90
423
90
188
90
4
90
487
90
486
90
180
90
413
90
5
90
488
90
489
90
370
90
379
90
143
90
4
90
489
90
488
90
134
90
369
90
5
90
490
90
491
90
421
90
422
90
181
90
4
90
491
90
490
90
191
90
429
90
5
90
492
90
493
90
367
90
368
90
125
90
4
90
493
90
492
90
126
90
378
90
5
90
494
90
495
90
424
90
430
90
195
90
5
90
495
90
494
90
187
90
188
90
423
90
4
90
496
90
497
90
369
90
134
90
5
90
497
90
496
90
123
90
124
90
359
90
4
90
498
90
499
90
429
90
191
90
4
90
499
90
498
90
202
90
434
90
5
90
500
90
501
90
357
90
358
90
114
90
5
90
501
90
500
90
115
90
125
90
368
90
5
90
502
90
503
90
431
90
437
90
206
90
5
90
503
90
502
90
194
90
195
90
430
90
5
90
504
90
505
90
350
90
359
90
124
90
5
90
505
90
504
90
112
90
113
90
349
90
4
90
506
90
507
90
434
90
202
90
5
90
507
90
506
90
201
90
214
90
440
90
5
90
508
90
509
90
347
90
348
90
102
90
5
90
509
90
508
90
103
90
114
90
358
90
4
90
510
90
511
90
445
90
217
90
5
90
511
90
510
90
205
90
206
90
437
90
5
90
512
90
513
90
339
90
349
90
113
90
5
90
513
90
512
90
100
90
101
90
338
90
5
90
514
90
515
90
441
90
440
90
214
90
7
90
515
90
514
90
213
90
212
90
211
90
226
90
450
90
5
90
516
90
517
90
336
90
337
90
89
90
5
90
517
90
516
90
90
90
102
90
348
90
5
90
518
90
519
90
446
90
456
90
230
90
4
90
519
90
518
90
217
90
445
90
5
90
520
90
521
90
327
90
338
90
101
90
4
90
521
90
520
90
88
90
326
90
7
90
522
90
523
90
452
90
451
90
449
90
450
90
226
90
8
90
523
90
522
90
225
90
224
90
223
90
222
90
221
90
460
90
4
90
524
90
525
90
326
90
88
90
5
90
525
90
524
90
74
90
89
90
337
90
5
90
526
90
527
90
457
90
464
90
238
90
5
90
527
90
526
90
229
90
230
90
456
90
5
90
528
90
529
90
315
90
316
90
63
90
4
90
529
90
528
90
153
90
388
90
8
90
530
90
531
90
463
90
462
90
461
90
459
90
460
90
221
90
8
90
531
90
530
90
235
90
234
90
233
90
231
90
232
90
309
90
8
90
532
90
533
90
313
90
312
90
311
90
310
90
309
90
232
90
7
90
533
90
532
90
41
90
40
90
38
90
39
90
314
90
5
90
534
90
535
90
465
90
466
90
236
90
5
90
535
90
534
90
237
90
238
90
464
90
7
90
536
90
537
90
291
90
290
90
289
90
314
90
39
90
5
90
537
90
536
90
13
90
63
90
316
94
0
95
0
90
0
1001
CONDUITCAD
1000
{"id":"3d-manifold-003","label":"Hollow main pipe","feature3d":{"version":1,"kind":"subtract","parameters":{},"inputs":["3d-manifold-001","3d-manifold-002"],"suppressed":false},"model3dConsumed":true,
1000
"model3dUserHidden":false}
0
MESH
5
103
330
119
100
AcDbEntity
8
Equipment
62
7
420
7247519
100
AcDbSubDMesh
71
2
72
0
91
0
92
538
10
160
20
2.9263548302419236
30
20.288220793951552
10
9.008366657224915e-16
20
2.9263548302419236
30
20.288220793951545
10
8.485695842157753e-16
20
5.740251485476347
30
21.1418070123307
10
160
20
5.740251485476347
30
21.14180701233071
10
160
20
0
30
20.00000000000001
10
9.18485099360515e-16
20
0
30
20
10
7.63692449470952e-16
20
8.333553495294034
30
22.527955815461823
10
160
20
8.333553495294034
30
22.527955815461834
10
160
20
-2.92635483024193
30
20.288220793951556
10
160
20
10.606601717798211
30
24.3933982822018
10
160
20
12.472044184538177
30
26.666446504705977
10
160
20
7.388644039894628
30
25.801702557359377
10
160
20
12.904120254555783
30
27.474803975592014
10
160
20
3.6094242772524106
30
24.655288775738534
10
160
20
1.6827947497943394
30
24.07085209804415
10
160
20
0.4963821447076756
30
23.71095776890116
10
160
20
-0.3208330711762043
30
23.463058243369325
10
160
20
-0.9280787587784729
30
23.27885227790032
10
160
20
-1.4051886340298851
30
23.13412257952649
10
160
20
-1.7967425895436269
30
23.01534598566806
10
160
20
-2.129731857037672
30
22.914334795696902
10
160
20
-2.4215993910637295
30
22.82579774719745
10
160
20
-2.6842732319926412
30
22.746116508681258
10
160
20
-2.9263548302419298
30
22.67268185868997
10
160
20
-3.154390709540798
30
22.603507930961175
10
160
20
-3.373663297882205
30
22.536992318481815
10
160
20
-3.5887226249233746
30
22.471754784845047
10
160
20
-3.803781951964544
30
22.40651725120828
10
160
20
-4.023054540305951
30
22.340001638728914
10
160
20
-4.25109041960482
30
22.270827711000123
10
160
20
-4.493172017854108
30
22.197393061008835
10
160
20
-4.755845858783021
30
22.117711822492645
10
160
20
-5.0477133928090785
30
22.02917477399319
10
160
20
-5.380702660303123
30
21.92816358402203
10
160
20
-5.7722566158168656
30
21.809386990163603
10
160
20
-6.249366491068278
30
21.664657291789773
10
160
20
-6.5486089563623935
30
21.57388308234832
10
160
20
-5.740251485476356
30
21.141807012330716
10
160
20
1.8141854664854762
30
24.17868167254434
10
160
20
2.1459935421774197
30
24.21136191556448
10
160
20
0.8712333734047567
30
24.085808997598242
10
160
20
0.13036066787067693
30
24.01283940512117
10
160
20
-0.477657848264992
30
23.952954808199827
10
160
20
-0.9947350925624974
30
23.90202714476491
10
160
20
-1.44795708776329
30
23.857388674425252
10
160
20
-1.8558461072464505
30
23.81721511248238
10
160
20
-2.231758780528378
30
23.7801909457511
10
160
20
-2.5858607759355596
30
23.745314943291874
10
160
20
-2.9263548302419298
30
23.71177920604847
10
160
20
-3.2603063867704343
30
23.678887848592666
10
160
20
-3.59425794329894
30
23.645996491136863
10
160
20
-3.93475199760531
30
23.61246075389346
10
160
20
-4.288853993012491
30
23.577584751434234
10
160
20
-4.664766666294417
30
23.540560584702952
10
160
20
-5.072655685777577
30
23.50038702276008
10
160
20
-5.525877680978371
30
23.45574855242042
10
160
20
-6.042954925275875
30
23.404820888985505
10
160
20
-6.650973441411543
30
23.34493629206416
10
160
20
-7.391846146945624
30
23.27196669958709
10
160
20
-8.334798240026332
30
23.179094024640996
10
160
20
-9.042084744407843
30
23.109432384248876
10
160
20
-8.333553495294034
30
22.527955815461834
10
160
20
13.858192987669302
30
29.259748514523665
10
160
20
4.209517756015991
30
24.83732514237586
10
160
20
14.124264117857743
30
30.136867482907867
10
160
20
14.170275636313258
30
31.711824052103985
10
160
20
14.445708075860013
30
31.19652620137387
10
160
20
14.711779206048456
30
32.07364516975809
10
160
20
13.20159904842044
30
33.524090481632584
10
160
20
15
30
35.00000000000001
10
160
20
12.194209026953482
30
35.40878465114696
10
160
20
14.711779206048456
30
37.926354830241934
10
160
20
11.12476948433885
30
37.409565309743165
10
160
20
13.858192987669302
30
40.74025148547636
10
160
20
9.964359959900044
30
39.58053883375527
10
160
20
12.472044184538179
30
43.33355349529404
10
160
20
8.674981980118778
30
41.992795366984865
10
160
20
10.606601717798211
30
45.60660171779822
10
160
20
7.203941254595729
30
44.74491899282169
10
160
20
8.333553495294034
30
47.47204418453819
10
160
20
5.474180355287904
30
47.981074019285096
10
160
20
5.740251485476348
30
48.85819298766931
10
160
20
4.863132517092138
30
49.124264117857756
10
160
20
12.729172288999887
30
30.748909580395193
10
160
20
13.083573134679463
30
29.580606563315502
10
160
20
12.14930033125343
30
32.660491242837416
10
160
20
11.520102591773139
30
34.73467821596661
10
160
20
10.82097552229619
30
37.03939129594184
10
160
20
10.162674857624157
30
39.209517756015984
10
160
20
9.146165735327983
30
41.11127256321565
10
160
20
8.575484819181932
30
41.806649271525394
10
160
20
6.855155752815392
30
43.90287630406449
10
160
20
4.943628512272091
30
46.23207898592396
10
160
20
2.7627828154478604
30
48.88944715626766
10
160
20
2.9263548302419293
30
49.71177920604847
10
160
20
2.014181554420572
30
49.80162043208901
10
160
20
11.499612977239932
30
29.927344314222438
10
160
20
11.611272563215625
30
28.793645512401365
10
160
20
11.299139810465489
30
31.9627825346269
10
160
20
11.070421624391134
30
34.28499724858461
10
160
20
10.801477489556694
30
37.01563287430674
10
160
20
10.788638084435533
30
37.14599354217741
10
160
20
7.778174593052032
30
42.77817459305202
10
160
20
6.741643559764654
30
43.62883362810669
10
160
20
4.669742762480869
30
45.32919866913849
10
160
20
2.421599391063729
30
47.17420225280259
10
160
20
-0.0764036823756675
30
49.2242603945991
10
160
20
1.83697019872103e-15
30
50.000000000000014
10
160
20
-0.9121732758213491
30
49.910158773959466
10
160
20
10.429995666092854
30
29.21264887616528
10
160
20
10.32079031923161
30
28.103868382245142
10
160
20
10.64824879516128
30
31.428610083225806
10
160
20
10.914191002401768
30
34.128766626595244
10
160
20
11
30
35.00000000000001
10
160
20
6.111272563215621
30
44.14616573532801
10
160
20
4.562065462652518
30
44.974234182473026
10
160
20
2.231758780528376
30
46.21980905424892
10
160
20
-0.2420815982492884
30
47.5421042852703
10
160
20
-2.9263548302419253
30
48.976878219704986
10
160
20
-2.9263548302419253
30
49.71177920604847
10
160
20
-3.8034737986261375
30
49.445708075860026
10
160
20
9.49441086680799
30
28.58751109932112
10
160
20
9.159386983266273
30
27.483085365841273
10
160
20
10.259459703272594
30
31.109539121407224
10
160
20
10.788638084435537
30
32.854006457822614
10
160
20
4.2095177560159796
30
45.16267485762417
10
160
20
2.1459935421774134
30
45.78863808443555
10
160
20
-0.34049405430636975
30
46.54290585065969
10
160
20
-2.9263548302419258
30
47.32731814131006
10
160
20
-5.671489987978176
30
48.16004578746326
10
160
20
-5.740251485476345
30
48.85819298766931
10
160
20
-6.5486089563623855
30
48.426116917651704
10
160
20
8.70223887515394
30
28.058198696939897
10
160
20
8.089031538703239
30
26.910968461296772
10
160
20
10.162674857624147
30
30.79048224398401
10
160
20
-0.39018064403225616
30
46.03842943919355
10
160
20
-2.9263548302419258
30
46.28822079395155
10
160
20
-5.512215606177477
30
46.54290585065969
10
160
20
-8.20142103876353
30
46.807769467630806
10
160
20
-8.33355349529403
30
47.47204418453819
10
160
20
-9.042084744407843
30
46.89056761575115
10
160
20
8.176000098554118
30
27.706577187971106
10
160
20
7.080778756466079
30
26.37204612133764
10
160
20
9.146165735328003
30
28.888727436784393
10
160
20
-1.9671764217576992e-15
30
46.00000000000001
10
160
20
-0.39782473475931596
30
45.96081768358337
10
160
20
-2.9263548302419258
30
45.71177920604846
10
160
20
-5.40629992894784
30
45.4675259330282
10
160
20
-7.886245027653755
30
45.223272660007936
10
160
20
-10.414775123136364
30
44.974234182473026
10
160
20
-10.606601717798211
30
45.60660171779823
10
160
20
-11.188078286585258
30
44.89807046868441
10
160
20
7.778174593052023
30
27.22182540694799
10
160
20
6.1112725632156195
30
25.85383426467201
10
160
20
-2.1459935421774134
30
45.78863808443555
10
160
20
-2.9263548302419258
30
45.55191807568562
10
160
20
-5.34242675071703
30
44.81901067125268
10
160
20
-7.66565038223702
30
44.11426848735289
10
160
20
-9.94423392311677
30
43.42306772690474
10
160
20
-12.222817463996517
30
42.73186696645659
10
160
20
-12.472044184538177
30
43.33355349529404
10
160
20
-12.904120254555776
30
42.52519602440802
10
160
20
-12.292129043848332
30
37.810351922139404
10
160
20
-13.426116917651697
30
41.54860895636239
10
160
20
-13.858192987669296
30
40.740251485476364
10
160
20
-10.344711224261474
30
31.39057572274759
10
160
20
-14.711779206048455
30
37.92635483024194
10
160
20
-9.351926229167434
30
28.117802197459554
10
160
20
-15
30
35.000000000000014
10
160
20
-8.74057224775385
30
26.10243821146348
10
160
20
-14.711779206048456
30
32.07364516975809
10
160
20
-8.319464301192648
30
24.714231353377986
10
160
20
-13.8581929876693
30
29.259748514523658
10
160
20
-8.006552867834472
30
23.682700599070436
10
160
20
-12.472044184538182
30
26.66644650470598
10
160
20
-7.867739807380215
30
23.225095265122107
10
160
20
-10.606601717798213
30
24.3933982822018
10
160
20
-11.774904734877902
30
42.86773980738024
10
160
20
-11.617618700880127
30
41.270787904609584
10
160
20
-11.047444359212589
30
35.48171066301635
10
160
20
-10.788638084435531
30
32.8540064578226
10
160
20
-10.162674857624147
30
30.79048224398401
10
160
20
-7.580101791507025
30
25.95882787344741
10
160
20
-6.412462565574603
30
23.77432852928423
10
160
20
-6.206354487598645
30
23.388727436784386
10
160
20
-10.177365521219897
30
43.35234802977608
10
160
20
-10.619672281869256
30
38.861532125311875
10
160
20
-10.967319756979862
30
35.33180807569195
10
160
20
-11
30
35.00000000000003
10
160
20
-6.599986287619075
30
25.786198802971413
10
160
20
-4.750138075577457
30
23.532152234796087
10
160
20
-9.146165735328005
30
28.888727436784393
10
160
20
-8.777110689257123
30
43.77711068925714
10
160
20
-9.414371185429005
30
41.67634436936961
10
160
20
-10.416804258763388
30
38.37176539255787
10
160
20
-10.788638084435533
30
37.14599354217742
10
160
20
-3.628056071757463
30
23.815911157096338
10
160
20
-3.4395779290173634
30
23.661231142814763
10
160
20
-4.118585362611137
30
24.218478142380174
10
160
20
-4.778726732910848
30
24.760242163933714
10
160
20
-5.737103458698641
30
25.546761616411573
10
160
20
-7.293422812028906
30
26.823999901445895
10
160
20
-7.778174593052027
30
27.22182540694799
10
160
20
-7.516914634158734
30
44.15938698326629
10
160
20
-7.631852253778498
30
43.944353821393406
10
160
20
-9.207914666755215
30
40.9957484379467
10
160
20
-10.162674857624152
30
39.209517756016005
10
160
20
-2.5648882701799707
30
23.958252367683478
10
160
20
-2.9263548302419298
30
24.15146026931042
10
160
20
-3.327994952246762
30
24.366141387166635
10
160
20
-3.786222861934956
30
24.61106930769843
10
160
20
-4.325041881284924
30
24.899074073803074
10
160
20
-4.981594756016718
30
25.250008896687724
10
160
20
-5.817228060931367
30
25.696664203735967
10
160
20
-6.111272563215618
30
25.85383426467201
10
160
20
-6.355511298193396
30
44.511694833561876
10
160
20
-7.473685463601005
30
43.149195670791315
10
160
20
-9.146165735327997
30
41.111272563215636
10
160
20
-1.3956211007815693
30
23.983738923996704
10
160
20
-1.0940180205881198
30
23.892248629854265
10
160
20
-1.7708073214794922
30
24.097550419780593
10
160
20
-2.1459935421774152
30
24.21136191556448
10
160
20
-2.5285300954826133
30
24.327403110368195
10
160
20
-2.9263548302419298
30
24.4480819243144
10
160
20
-3.3486833160475067
30
24.576193869876438
10
160
20
-3.806936426992374
30
24.71520343133431
10
160
20
-4.2095177560160035
30
24.83732514237586
10
160
20
-5.261493277605271
30
44.84356157191395
10
160
20
-5.338611363471513
30
44.78027239445423
10
160
20
-7.452971898543588
30
43.04506154715544
10
160
20
-7.778174593052029
30
42.77817459305203
10
160
20
-0.41867060560379404
30
24.041235455490327
10
160
20
-1.3173056395698879e-15
30
24.00000000000001
10
160
20
-0.895237931625647
30
24.08817324022439
10
160
20
-1.334444894712552
30
24.131431350383057
10
160
20
-1.7481688074180994
30
24.172179599147846
10
160
20
-4.209517756015997
30
45.16267485762416
10
160
20
-5.317922999670768
30
44.57021991174444
10
160
20
-6.111272563215617
30
44.14616573532801
10
-3.5148903039947235e-16
20
13.858192987669302
30
40.74025148547635
10
-5.102829806767536e-16
20
12.472044184538179
30
43.33355349529403
10
-1.7918755380125836e-16
20
14.711779206048456
30
37.92635483024192
10
-6.494670421766199e-16
20
10.606601717798211
30
45.60660171779821
10
5.624099184981967e-32
20
15
30
35
10
-7.636924494709521e-16
20
8.333553495294034
30
47.47204418453818
10
1.7918755380125844e-16
20
14.711779206048456
30
32.07364516975807
10
-8.485695842157753e-16
20
5.740251485476348
30
48.8581929876693
10
110.12644310145015
20
14.124264117857743
30
30.136867482907867
10
3.514890303994724e-16
20
13.858192987669302
30
29.259748514523654
10
2.9778098354431507e-16
20
14.124264117857743
30
30.13686748290786
10
49.873556898550184
20
14.445708075860013
30
31.196526201373864
10
2.328956006564162e-16
20
14.445708075860013
30
31.196526201373864
10
110.12644310144991
20
4.863132517092138
30
49.12426411785775
10
-8.648617421123151e-16
20
4.863132517092138
30
49.12426411785775
10
-9.008366657224915e-16
20
2.9263548302419293
30
49.711779206048455
10
110.12644310145015
20
12.904120254555783
30
27.47480397559201
10
5.102829806767537e-16
20
12.472044184538177
30
26.666446504705966
10
4.60785361212382e-16
20
12.904120254555783
30
27.474803975592003
10
110.12644310145006
20
2.0141815544205715
30
49.80162043208901
10
-9.06337854217593e-16
20
2.014181554420572
30
49.801620432089
10
-9.18485099360515e-16
20
1.83697019872103e-15
30
50
10
6.494670421766199e-16
20
10.606601717798211
30
24.393398282201787
10
110.1264431014504
20
-0.9121732758213491
30
49.91015877395946
10
-9.129839108654135e-16
20
-0.9121732758213491
30
49.91015877395945
10
-9.008366657224915e-16
20
-2.9263548302419253
30
49.711779206048455
10
110.12644310144977
20
-3.8034737986261375
30
49.44570807586002
10
-8.845445078259518e-16
20
-3.8034737986261375
30
49.44570807586001
10
-8.485695842157753e-16
20
-5.740251485476345
30
48.8581929876693
10
9.008366657224915e-16
20
-2.92635483024193
30
20.288220793951545
10
8.48569584215775e-16
20
-5.740251485476356
30
21.141807012330702
10
8.094798421812563e-16
20
-5.868503075693426
30
21.780190945751087
10
8.221125554090135e-16
20
-6.5486089563623935
30
21.57388308234831
10
7.926379495315177e-16
20
-4.961788102736176
30
22.055239925774792
10
7.794053593869213e-16
20
-4.249386719789566
30
22.27134452268893
10
7.685456533075228e-16
20
-3.6647340142482805
30
22.448696981976937
10
7.593102324372752e-16
20
-3.167527758468869
30
22.59952285073645
10
7.512153183417627e-16
20
-2.7317228303738177
30
22.73172283037382
10
7.439300881274696e-16
20
-2.339508757162596
30
22.85069966874657
10
7.372159815089603e-16
20
-1.9780421971006363
30
22.96034935097632
10
7.308914313674764e-16
20
-1.6375481427942666
30
23.063637093138176
10
7.248099301410815e-16
20
-1.3101390840436247
30
23.162955545293183
10
7.188452832554791e-16
20
-0.989021098550318
30
23.26036562123925
10
7.128806363698765e-16
20
-0.667903113057012
30
23.357775697185314
10
7.067991351434816e-16
20
-0.34049405430637036
30
23.45709414934032
10
7.004745850019978e-16
20
2.1801051435851702e-16
30
23.56038189150218
10
6.937604783834885e-16
20
0.3614665600619602
30
23.670031573731926
10
6.864752481691954e-16
20
0.7536806332731806
30
23.78900841210468
10
6.783803340736829e-16
20
1.1894855613682307
30
23.92120839174205
10
6.691449132034355e-16
20
1.6866918171476408
30
24.072034260501553
10
6.5828520712403675e-16
20
2.2713445226889295
30
24.249386719789566
10
6.450526169794404e-16
20
2.983745905635537
30
24.465491316703705
10
6.282107243297018e-16
20
3.8904608785927857
30
24.740540296727406
10
6.055453498056033e-16
20
5.110693953110276
30
25.110693953110278
10
5.72640326120604e-16
20
6.88219780254045
30
25.64807377083256
10
5.192054671504436e-16
20
9.758963954286202
30
26.52073124247849
10
7.63692449470952e-16
20
-8.333553495294034
30
22.527955815461823
10
7.20607041908459e-16
20
-7.801757867319833
30
23.231593918994868
10
7.280872785337403e-16
20
-9.042084744407843
30
23.109432384248862
10
7.116652807650335e-16
20
-6.3190899745411535
30
23.377623960467254
10
7.050209528225565e-16
20
-5.217368339240468
30
23.486134070436968
10
6.998005378562817e-16
20
-4.3517512048387195
30
23.57138991677421
10
6.955162540141356e-16
20
-3.6413575816573207
30
23.641357581657324
10
6.918727701002494e-16
20
-3.0372174653731108
30
23.700860189534517
10
6.886792297401879e-16
20
-2.5076842246381306
30
23.75301466153877
10
6.85805119348506e-16
20
-2.03111689861628
30
23.799952446272833
10
6.831563240413572e-16
20
-1.5919099355293762
30
23.8432105564315
10
6.806612134203244e-16
20
-1.1781860228238286
30
23.883958805196286
10
6.782619885011837e-16
20
-0.7803612880645132
30
23.92314112161292
10
6.759088640161139e-16
20
-0.39018064403225683
30
23.961570560806464
10
6.73555739531044e-16
20
2.4492935982947074e-16
30
24.000000000000004
10
6.711565146119035e-16
20
0.3978247347593169
30
24.03918231641664
10
6.686614039908706e-16
20
0.8115486474648634
30
24.079930565181428
10
6.660126086837219e-16
20
1.2507556105517683
30
24.123188675340096
10
6.6313849829204e-16
20
1.72732293657362
30
24.170126460074158
10
6.606135548631603e-16
20
2.1459935421774152
30
24.211361915564467
10
5.781420840169337e-16
20
5.558223245764268
30
25.558223245764268
10
6.222843617582348e-16
20
4.209517756015994
30
24.837325142375853
10
4.641473698090094e-16
20
9.041172126552608
30
27.41989820849298
10
-7.872138915955548e-16
20
5.540938408762248
30
47.8561784858074
10
-5.746080011299244e-16
20
7.396823976776375
30
44.384060800713954
10
-4.001268560195405e-16
20
8.91990990065057
30
41.53456745729666
10
-2.5174283924821714e-16
20
10.21518800722958
30
39.11127256321562
10
-1.2168316077914526e-16
20
11.350508763031169
30
36.98723682393758
10
-4.6325425682131975e-18
20
12.37227044888586
30
35.075655161495355
10
1.0324192499339834e-16
20
13.313931411648168
30
33.31393141164817
10
2.0485745150267785e-16
20
14.200956642801
30
31.654423926224155
10
-2.577586222929456e-16
20
10.162674857624157
30
39.20951775601598
10
-2.500830884402757e-16
20
10.200699661849251
30
39.08416677550447
10
-8.93054050570497e-17
20
10.997196694076493
30
36.458467945520745
10
4.74247754590072e-17
20
11.674561740675346
30
34.22549464070741
10
1.6726978101875217e-16
20
12.268277169626183
30
32.26827716962618
10
2.7512743648417426e-16
20
12.802606938991175
30
30.506827982145893
10
3.318421412777929e-16
20
13.083573134679467
30
29.58060656331549
10
-8.449821615973724e-16
20
2.836513604201382
30
48.799605930227095
10
-6.71295796291216e-16
20
5.164380159066409
30
45.96309232602573
10
-5.235876841841204e-16
20
7.144067933925804
30
43.550835792796136
10
-3.941204411081453e-16
20
8.879278781224594
30
41.43647525772406
10
-3.742075191629541e-16
20
9.146165735327983
30
41.11127256321565
10
-1.314042061209231e-16
20
10.788638084435531
30
37.145993542177415
10
-7.805654801839788e-17
20
10.874447082033765
30
36.274760168772644
10
8.728035538331036e-17
20
11.140389289274253
30
33.574603625403206
10
2.2296884534637917e-16
20
11.35864241834268
30
31.35864241834268
10
3.3836242072449784e-16
20
11.544251447579592
30
29.47412231902163
10
3.800296078805746e-16
20
11.611272563215625
30
28.793645512401355
10
-8.671453039576765e-16
20
1.7856304033181913e-15
30
49.16155751293216
10
-7.336070188551726e-16
20
2.6573681703436987
30
46.98071181610793
10
-6.165597330244563e-16
20
4.986570852203167
30
45.069184575564634
10
-5.112199587941592e-16
20
7.0827978847422655
30
43.34885550919809
10
-4.762758309295209e-16
20
7.77817459305203
30
42.778174593052015
10
8.603915386656107e-32
20
11
30
35
10
1.1108682122955477e-16
20
10.821318327455671
30
33.18581453351452
10
2.7168832415084344e-16
20
10.562992948824045
30
30.562992948824046
10
3.978721153054916e-16
20
10.360028001209736
30
28.50225525298387
10
4.222662756091179e-16
20
10.32079031923161
30
28.103868382245132
10
-8.533363144861879e-16
20
-2.8499511478662556
30
48.93603960064753
10
-7.600592157611488e-16
20
1.6785443151216637e-15
30
47.41270897519728
10
-6.76112044745465e-16
20
2.5648882701799693
30
46.04174763231653
10
-5.987458888461311e-16
20
4.928702838011483
30
44.77826242248788
10
-5.600411296120314e-16
20
6.1112725632156275
30
44.146165735328
10
1.3140420612092284e-16
20
10.788638084435533
30
32.85400645782259
10
3.129397495549115e-16
20
9.889306046889724
30
29.889306046889725
10
4.575202058945787e-16
20
9.173050519571811
30
27.52812800861241
10
4.602782723093199e-16
20
9.159386983266272
30
27.483085365841262
10
-8.044345339375203e-16
20
-5.596879415400626
30
48.13741291770981
10
-8.221125554090138e-16
20
-6.5486089563623855
30
48.4261169176517
10
-7.503339597384055e-16
20
-2.684273231992637
30
47.25388349131876
10
-7.00474585001998e-16
20
1.6189596843625129e-15
30
46.439618108497825
10
-6.535080809738801e-16
20
2.5285300954826124
30
45.67259688963182
10
-6.222843617582354e-16
20
4.209517756015973
30
45.162674857624154
10
2.577586222929467e-16
20
10.162674857624152
30
30.79048224398401
10
3.40343015343581e-16
20
9.441776754235732
30
29.441776754235732
10
4.953103291037455e-16
20
8.089031538703239
30
26.91096846129676
10
-7.225860900386388e-16
20
-8.129911468586485
30
46.80072638971059
10
-7.280872785337404e-16
20
-9.042084744407843
30
46.89056761575114
10
-7.6369244947095235e-16
20
-8.33355349529403
30
47.472044184538184
10
-7.053689205421715e-16
20
-5.275066208521607
30
46.51954867367925
10
-6.891507015054584e-16
20
-2.585860775935555
30
46.25468505670814
10
-6.73555739531044e-16
20
1.5920408388915589e-15
30
46
10
-6.606135548631604e-16
20
2.145993542177408
30
45.78863808443553
10
3.7420751916295273e-16
20
9.146165735327997
30
28.888727436784375
10
5.28309805034743e-16
20
7.080778756466078
30
26.372046121337632
10
-6.111519402140098e-16
20
-10.347414580940942
30
44.98086861680474
10
-6.060820158604644e-16
20
-11.188078286585258
30
44.898070468684395
10
-6.4946704217662e-16
20
-10.606601717798211
30
45.60660171779821
10
-6.27370159250723e-16
20
-7.658209148354885
30
45.245732233775854
10
-6.429651212251368e-16
20
-5.072348372419333
30
45.50041729048399
10
-6.582604303780905e-16
20
-2.536174186209668
30
45.75020864524199
10
4.762758309295213e-16
20
7.778174593052021
30
27.22182540694798
10
5.600411296120315e-16
20
6.111272563215624
30
25.853834264672003
10
-4.745971857579531e-16
20
-12.160534698004827
30
42.75076023696606
10
-4.607853612123827e-16
20
-12.904120254555776
30
42.525196024408004
10
-5.102829806767537e-16
20
-12.472044184538177
30
43.333553495294034
10
-5.197587933753892e-16
20
-9.7291745960756
30
43.488305260541495
10
-5.640526333659169e-16
20
-7.344532396743714
30
44.211678563298946
10
-6.083464733564443e-16
20
-4.959890197411833
30
44.935051866056384
10
-6.535080809738802e-16
20
-2.528530095482609
30
45.67259688963182
10
-6.606135548631604e-16
20
-2.1459935421774134
30
45.78863808443553
10
7.186358429190624e-16
20
-7.8794765260817
30
23.263786041503483
10
7.210049696916621e-16
20
-7.867739807380213
30
23.225095265122093
10
6.494670421766198e-16
20
-10.606601717798213
30
24.39339828220179
10
6.493627206503471e-16
20
-8.222657464748611
30
24.39510198201704
10
5.102829806767535e-16
20
-12.472044184538182
30
26.666446504705974
10
5.649531769374311e-16
20
-8.64082464842883
30
25.77361444408668
10
3.514890303994726e-16
20
-13.8581929876693
30
29.25974851452365
10
4.575202058945791e-16
20
-9.173050519571806
30
27.528128008612402
10
1.791875538012584e-16
20
-14.711779206048456
30
32.07364516975807
10
3.129397495549115e-16
20
-9.889306046889724
30
29.889306046889725
10
-1.6872297554945898e-31
20
-15
30
35
10
1.030414601978804e-16
20
-10.929147901955863
30
33.31720525020566
10
-1.7918755380125878e-16
20
-14.711779206048455
30
37.92635483024193
10
-2.378148660956655e-16
20
-12.617759446765664
30
38.88381149995642
10
-3.514890303994729e-16
20
-13.858192987669296
30
40.74025148547636
10
-4.009866498638442e-16
20
-13.426116917651697
30
41.548608956362386
10
1.3140420612092262e-16
20
-10.788638084435533
30
32.85400645782259
10
1.1108682122955408e-16
20
-10.821318327455673
30
33.18581453351453
10
-1.0504644173247121e-16
20
-11.168965802566273
30
36.71553858313448
10
-4.1882330561442297e-16
20
-11.67367170938382
30
41.839903650685635
10
-4.817601185816205e-16
20
-11.774904734877905
30
42.86773980738023
10
6.387634436362181e-16
20
-6.836796408413974
30
24.568201311905604
10
7.109853889284749e-16
20
-6.206354487598644
30
23.388727436784375
10
5.250323270411691e-16
20
-7.82958140350801
30
26.42557139892552
10
3.40343015343581e-16
20
-9.441776754235732
30
29.441776754235732
10
2.577586222929472e-16
20
-10.162674857624147
30
30.790482243984
10
-3.0974095391961987e-31
20
-11
30
35.00000000000001
10
-7.805654801839871e-17
20
-10.874447082033763
30
36.27476016877266
10
-2.8849051050826376e-16
20
-10.535966855831955
30
39.71140757823598
10
-5.114338140014981e-16
20
-10.177365521219897
30
43.35234802977607
10
6.335252833527634e-16
20
-5.670607079495857
30
24.653746961265103
10
7.022031529383055e-16
20
-4.750138075577459
30
23.53215223479608
10
3.742075191629528e-16
20
-9.146165735327996
30
28.888727436784375
10
-1.3140420612092313e-16
20
-10.788638084435533
30
37.145993542177415
10
-2.500830884402761e-16
20
-10.200699661849251
30
39.08416677550447
10
-4.459912624786043e-16
20
-9.230165219959996
30
42.28359005697187
10
-5.374430255680382e-16
20
-8.777110689257123
30
43.77711068925713
10
4.762758309295211e-16
20
-7.778174593052028
30
27.221825406947982
10
6.321843564640977e-16
20
-4.675645959239037
30
24.675645959239038
10
6.942993493611802e-16
20
-3.4395779290173643
30
23.661231142814753
10
-2.5775862229294637e-16
20
-10.162674857624156
30
39.209517756015984
10
-4.0012685601954073e-16
20
-8.919909900650573
30
41.53456745729666
10
-5.608506975604493e-16
20
-7.516914634158728
30
44.15938698326629
10
5.600411296120314e-16
20
-6.1112725632156275
30
25.853834264672003
10
5.781420840169339e-16
20
-5.558223245764261
30
25.558223245764264
10
6.362560853613762e-16
20
-3.782631304092584
30
24.60914958003626
10
6.720425106935134e-16
20
-2.6892271851030203
30
24.024712902341875
10
6.870151622665212e-16
20
-2.2317587805283807
30
23.780190945751087
10
-3.742075191629531e-16
20
-9.146165735327996
30
41.11127256321563
10
-3.941204411081453e-16
20
-8.879278781224594
30
41.43647525772406
10
-5.235876841841205e-16
20
-7.1440679339258
30
43.550835792796136
10
-5.824233316193979e-16
20
-6.355511298193393
30
44.51169483356187
10
6.28210724329702e-16
20
-3.8904608785927817
30
24.740540296727403
10
6.222843617582347e-16
20
-4.209517756016005
30
24.837325142375853
10
6.450526169794404e-16
20
-2.9837459056355344
30
24.465491316703705
10
6.582852071240368e-16
20
-2.2713445226889273
30
24.249386719789563
10
6.691449132034352e-16
20
-1.686691817147642
30
24.07203426050156
10
6.78380334073683e-16
20
-1.1894855613682296
30
23.92120839174205
10
6.801536080586809e-16
20
-1.094018020588116
30
23.89224862985425
10
-4.762758309295212e-16
20
-7.778174593052024
30
42.77817459305202
10
-5.112199587941594e-16
20
-7.082797884742262
30
43.34885550919809
10
-6.02744308562715e-16
20
-5.261493277605272
30
44.843561571913945
10
6.631384982920399e-16
20
-1.7273229365736211
30
24.170126460074158
10
6.606135548631602e-16
20
-2.14599354217742
30
24.21136191556447
10
6.66012608683722e-16
20
-1.2507556105517672
30
24.12318867534009
10
6.686614039908706e-16
20
-0.8115486474648633
30
24.079930565181428
10
6.711565146119035e-16
20
-0.39782473475931623
30
24.03918231641664
10
-5.600411296120316e-16
20
-6.111272563215621
30
44.146165735328
10
-5.987458888461312e-16
20
-4.928702838011483
30
44.77826242248788
10
-6.222843617582351e-16
20
-4.209517756015999
30
45.162674857624154
10
49.87355689854974
20
-9.042084744407843
30
23.10943238424887
10
110.12644310145075
20
-12.904120254555776
30
42.52519602440801
10
49.8735568985495
20
-13.426116917651697
30
41.548608956362386
10
49.87355689855001
20
-6.5486089563623935
30
21.573883082348313
10
110.12644310144981
20
-11.188078286585258
30
44.8980704686844
10
110.12644310145004
20
-9.042084744407843
30
46.890567615751145
10
110.12644310144994
20
-6.5486089563623855
30
48.426116917651704
10
160
20
6.121562081918317
30
25.862278654439148
10
4.767929006744752e-16
20
7.767885074349327
30
27.21338101718084
10
160
20
-0.013246873717143219
30
45.998695296817516
10
-6.606934448919745e-16
20
-2.132746668460267
30
45.78994278761803
10
160
20
-2.158731345966539
30
45.78477411389967
10
-6.225209617156731e-16
20
-4.196779952226859
30
45.16653882816003
10
160
20
7.786618982819156
30
27.23211492565068
10
3.7483757047015384e-16
20
9.13772134556086
30
28.87843791808168
10
160
20
-10.78477411389966
30
32.84126865403347
10
2.569786567610205e-16
20
-10.166538828160025
30
30.803220047773138
10
160
20
2.1327466684602703
30
45.789942787618045
10
-6.734758495022301e-16
20
0.013246873717145932
30
45.9986952968175
10
160
20
-10.998695296817502
30
34.98675312628287
10
1.3059306904610235e-16
20
-10.789942787618031
30
32.867253331539736
10
160
20
9.152440482996493
30
28.90046666398932
10
2.584774426439959e-16
20
10.15640010995566
30
30.778743016779075
10
160
20
-10.156400109955655
30
30.77874301677908
10
3.73488698811903e-16
20
-9.152440482996493
30
28.900466663989317
10
160
20
4.196779952226862
30
45.166538828160036
10
-6.603769549057226e-16
20
2.1587313459665416
30
45.78477411389966
10
160
20
-10.78994278761803
30
37.13274666846028
10
-8.111370748206393e-19
20
-10.998695296817502
30
35.013246873717144
10
160
20
10.166538828160027
30
30.80322004777315
10
1.3218417165284895e-16
20
10.78477411389966
30
32.84126865403346
10
160
20
-9.137721345560863
30
28.878437918081694
10
4.7564577962232e-16
20
-7.78661898281916
30
27.232114925650674
10
160
20
6.099533336010687
30
44.152440482996504
10
-6.219001442758513e-16
20
4.221256983220925
30
45.15640010995566
10
160
20
-10.166538828160025
30
39.196779952226876
10
-1.3218417165284917e-16
20
-10.784774113899658
30
37.158731345966544
10
160
20
10.789942787618031
30
32.86725333153974
10
8.111370748205561e-19
20
10.998695296817502
30
34.986753126282856
10
160
20
-7.76788507434933
30
27.213381017180854
10
5.595240598670777e-16
20
-6.121562081918317
30
25.862278654439137
10
160
20
7.767885074349329
30
42.786618982819164
10
-5.595240598670778e-16
20
6.121562081918317
30
44.13772134556086
10
160
20
-9.152440482996493
30
41.099533336010694
10
-2.584774426439962e-16
20
-10.156400109955658
30
39.221256983220925
10
160
20
10.998695296817502
30
35.01324687371715
10
-1.305930690461023e-16
20
10.789942787618031
30
37.132746668460264
10
160
20
-6.099533336010687
30
25.847559517003518
10
6.219001442758512e-16
20
-4.221256983220931
30
24.84359989004434
10
160
20
9.137721345560863
30
41.12156208191833
10
-4.756457796223201e-16
20
7.786618982819159
30
42.76788507434933
10
160
20
-7.786618982819156
30
42.76788507434934
10
-3.7483757047015374e-16
20
-9.13772134556086
30
41.12156208191832
10
160
20
10.78477411389966
30
37.158731345966544
10
-2.569786567610203e-16
20
10.166538828160027
30
39.19677995222686
10
160
20
-4.196779952226867
30
24.833461171839986
10
6.603769549057225e-16
20
-2.158731345966543
30
24.21522588610034
10
160
20
10.15640010995566
30
39.22125698322093
10
-3.734886988119031e-16
20
9.152440482996493
30
41.09953333601069
10
160
20
-6.121562081918316
30
44.13772134556088
10
-4.767929006744752e-16
20
-7.767885074349327
30
42.786618982819164
10
160
20
4.221256983220923
30
24.843599890044352
10
5.604253470944155e-16
20
6.099533336010687
30
25.847559517003507
10
160
20
-2.132746668460271
30
24.210057212381983
10
6.734758495022301e-16
20
-0.0132468737171446
30
24.001304703182498
10
160
20
0.013246873717144624
30
24.00130470318251
10
6.606934448919745e-16
20
2.132746668460266
30
24.21005721238197
10
160
20
-4.221256983220923
30
45.15640010995567
10
-5.604253470944155e-16
20
-6.099533336010685
30
44.1524404829965
10
160
20
2.1587313459665376
30
24.21522588610035
10
6.22520961715673e-16
20
4.19677995222686
30
24.83346117183997
93
2627
90
3
90
0
90
1
90
2
90
3
90
2
90
3
90
0
90
3
90
4
90
5
90
1
90
3
90
1
90
0
90
4
90
3
90
3
90
2
90
6
90
3
90
6
90
7
90
3
90
3
90
8
90
4
90
0
90
3
90
8
90
0
90
3
90
3
90
8
90
3
90
7
90
3
90
8
90
7
90
9
90
3
90
8
90
9
90
10
90
4
90
11
90
8
90
10
90
12
90
4
90
13
90
8
90
11
90
63
90
5
90
14
90
8
90
13
90
536
90
39
90
3
90
15
90
8
90
14
90
3
90
16
90
8
90
15
90
3
90
17
90
8
90
16
90
3
90
18
90
8
90
17
90
3
90
19
90
8
90
18
90
3
90
20
90
8
90
19
90
3
90
21
90
8
90
20
90
3
90
22
90
8
90
21
90
3
90
23
90
8
90
22
90
3
90
24
90
8
90
23
90
3
90
25
90
8
90
24
90
3
90
26
90
8
90
25
90
3
90
27
90
8
90
26
90
3
90
28
90
8
90
27
90
3
90
29
90
8
90
28
90
3
90
30
90
8
90
29
90
3
90
31
90
8
90
30
90
3
90
32
90
8
90
31
90
3
90
33
90
8
90
32
90
3
90
34
90
8
90
33
90
3
90
35
90
8
90
34
90
4
90
35
90
36
90
37
90
8
90
3
90
38
90
14
90
39
90
4
90
40
90
15
90
14
90
38
90
4
90
41
90
16
90
15
90
40
90
6
90
42
90
17
90
16
90
41
90
532
90
232
90
4
90
43
90
18
90
17
90
42
90
5
90
44
90
19
90
18
90
43
90
219
90
4
90
45
90
20
90
19
90
44
90
4
90
46
90
21
90
20
90
45
90
4
90
47
90
22
90
21
90
46
90
4
90
48
90
23
90
22
90
47
90
4
90
49
90
24
90
23
90
48
90
5
90
50
90
25
90
24
90
49
90
197
90
4
90
51
90
26
90
25
90
50
90
4
90
52
90
27
90
26
90
51
90
4
90
53
90
28
90
27
90
52
90
5
90
54
90
29
90
28
90
53
90
190
90
4
90
55
90
30
90
29
90
54
90
4
90
56
90
31
90
30
90
55
90
5
90
57
90
32
90
31
90
56
90
184
90
4
90
58
90
33
90
32
90
57
90
5
90
59
90
34
90
33
90
58
90
175
90
5
90
35
90
34
90
59
90
60
90
61
90
3
90
35
90
61
90
36
90
3
90
11
90
12
90
62
90
12
90
63
90
11
90
62
90
64
90
84
90
97
90
110
90
122
90
133
90
142
90
153
90
528
90
3
90
65
90
66
90
67
90
4
90
68
90
65
90
67
90
69
90
4
90
70
90
68
90
69
90
71
90
4
90
72
90
70
90
71
90
73
90
6
90
74
90
524
90
88
90
72
90
73
90
75
90
5
90
76
90
89
90
74
90
75
90
77
90
4
90
78
90
76
90
77
90
79
90
4
90
80
90
78
90
79
90
81
90
3
90
80
90
81
90
82
90
5
90
65
90
83
90
84
90
64
90
66
90
4
90
68
90
85
90
83
90
65
90
4
90
70
90
86
90
85
90
68
90
4
90
72
90
87
90
86
90
70
90
5
90
88
90
520
90
101
90
87
90
72
90
4
90
89
90
76
90
90
90
516
90
5
90
78
90
91
90
102
90
90
90
76
90
4
90
80
90
92
90
91
90
78
90
5
90
93
90
92
90
80
90
82
90
94
90
3
90
93
90
94
90
95
90
4
90
83
90
96
90
97
90
84
90
4
90
85
90
98
90
96
90
83
90
4
90
86
90
99
90
98
90
85
90
6
90
87
90
100
90
512
90
113
90
99
90
86
90
3
90
101
90
100
90
87
90
4
90
102
90
91
90
103
90
508
90
5
90
92
90
104
90
114
90
103
90
91
90
4
90
93
90
105
90
104
90
92
90
5
90
106
90
105
90
93
90
95
90
107
90
3
90
106
90
107
90
108
90
4
90
96
90
109
90
110
90
97
90
4
90
98
90
111
90
109
90
96
90
6
90
99
90
112
90
504
90
124
90
111
90
98
90
3
90
113
90
112
90
99
90
4
90
114
90
104
90
115
90
500
90
5
90
105
90
116
90
125
90
115
90
104
90
4
90
106
90
117
90
116
90
105
90
5
90
118
90
117
90
106
90
108
90
119
90
3
90
118
90
119
90
120
90
4
90
109
90
121
90
122
90
110
90
6
90
111
90
123
90
496
90
134
90
121
90
109
90
3
90
124
90
123
90
111
90
4
90
125
90
116
90
126
90
492
90
4
90
117
90
127
90
126
90
116
90
4
90
118
90
128
90
127
90
117
90
5
90
129
90
128
90
118
90
120
90
130
90
3
90
129
90
130
90
131
90
4
90
121
90
132
90
133
90
122
90
5
90
134
90
488
90
143
90
132
90
121
90
5
90
127
90
135
90
144
90
484
90
126
90
4
90
128
90
136
90
135
90
127
90
4
90
129
90
137
90
136
90
128
90
5
90
138
90
137
90
129
90
131
90
139
90
3
90
138
90
139
90
140
90
6
90
132
90
141
90
480
90
152
90
142
90
133
90
3
90
143
90
141
90
132
90
4
90
144
90
135
90
145
90
476
90
5
90
136
90
146
90
154
90
145
90
135
90
4
90
137
90
147
90
146
90
136
90
4
90
138
90
148
90
147
90
137
90
5
90
149
90
148
90
138
90
140
90
150
90
3
90
149
90
150
90
151
90
4
90
152
90
474
90
153
90
142
90
4
90
154
90
146
90
155
90
478
90
6
90
147
90
156
90
227
90
236
90
155
90
146
90
6
90
148
90
157
90
203
90
215
90
156
90
147
90
5
90
149
90
158
90
192
90
157
90
148
90
7
90
159
90
177
90
185
90
158
90
149
90
151
90
160
90
3
90
159
90
160
90
161
90
3
90
162
90
163
90
164
90
6
90
165
90
482
90
180
90
162
90
164
90
166
90
5
90
167
90
181
90
165
90
166
90
168
90
4
90
169
90
167
90
168
90
170
90
4
90
171
90
169
90
170
90
172
90
4
90
173
90
171
90
172
90
174
90
5
90
59
90
175
90
173
90
174
90
176
90
3
90
59
90
176
90
60
90
3
90
177
90
159
90
178
90
6
90
162
90
179
90
178
90
159
90
161
90
163
90
5
90
180
90
486
90
188
90
179
90
162
90
5
90
181
90
167
90
182
90
191
90
490
90
4
90
169
90
183
90
182
90
167
90
5
90
171
90
57
90
184
90
183
90
169
90
4
90
173
90
58
90
57
90
171
90
3
90
175
90
58
90
173
90
4
90
185
90
177
90
178
90
186
90
6
90
179
90
187
90
494
90
195
90
186
90
178
90
3
90
188
90
187
90
179
90
3
90
189
90
54
90
190
90
7
90
191
90
182
90
55
90
54
90
189
90
202
90
498
90
4
90
183
90
56
90
55
90
182
90
3
90
184
90
56
90
183
90
3
90
192
90
158
90
193
90
7
90
185
90
186
90
194
90
502
90
206
90
193
90
158
90
3
90
195
90
194
90
186
90
3
90
196
90
50
90
197
90
4
90
198
90
51
90
50
90
196
90
4
90
199
90
52
90
51
90
198
90
4
90
200
90
53
90
52
90
199
90
6
90
201
90
189
90
190
90
53
90
200
90
214
90
4
90
202
90
189
90
201
90
506
90
3
90
203
90
157
90
204
90
7
90
192
90
193
90
205
90
510
90
217
90
204
90
157
90
3
90
206
90
205
90
193
90
3
90
207
90
47
90
46
90
4
90
208
90
48
90
47
90
207
90
4
90
209
90
49
90
48
90
208
90
5
90
210
90
196
90
197
90
49
90
209
90
5
90
211
90
198
90
196
90
210
90
226
90
4
90
212
90
199
90
198
90
211
90
4
90
213
90
200
90
199
90
212
90
4
90
214
90
200
90
213
90
514
90
4
90
215
90
203
90
204
90
216
90
5
90
217
90
518
90
230
90
216
90
204
90
3
90
218
90
44
90
219
90
4
90
220
90
45
90
44
90
218
90
4
90
221
90
46
90
45
90
220
90
4
90
222
90
207
90
46
90
221
90
4
90
223
90
208
90
207
90
222
90
4
90
224
90
209
90
208
90
223
90
4
90
225
90
210
90
209
90
224
90
4
90
226
90
210
90
225
90
522
90
3
90
227
90
156
90
228
90
7
90
215
90
216
90
229
90
526
90
238
90
228
90
156
90
3
90
230
90
229
90
216
90
3
90
231
90
42
90
232
90
4
90
233
90
43
90
42
90
231
90
5
90
234
90
218
90
219
90
43
90
233
90
4
90
235
90
220
90
218
90
234
90
4
90
221
90
220
90
235
90
530
90
5
90
236
90
227
90
228
90
237
90
534
90
3
90
238
90
237
90
228
90
3
90
73
90
239
90
240
90
3
90
240
90
75
90
73
90
3
90
71
90
241
90
239
90
3
90
239
90
73
90
71
90
3
90
75
90
240
90
242
90
3
90
242
90
77
90
75
90
3
90
69
90
243
90
241
90
3
90
241
90
71
90
69
90
3
90
77
90
242
90
244
90
3
90
244
90
79
90
77
90
3
90
67
90
245
90
243
90
3
90
243
90
69
90
67
90
3
90
79
90
244
90
246
90
3
90
246
90
81
90
79
90
4
90
247
90
62
90
248
90
249
90
3
90
247
90
64
90
62
90
3
90
250
90
251
90
245
90
4
90
250
90
245
90
67
90
66
90
4
90
250
90
247
90
249
90
251
90
4
90
247
90
250
90
66
90
64
90
4
90
252
90
81
90
246
90
253
90
3
90
252
90
82
90
81
90
3
90
252
90
253
90
254
90
4
90
252
90
254
90
94
90
82
90
4
90
255
90
10
90
256
90
257
90
3
90
255
90
12
90
10
90
3
90
255
90
257
90
248
90
4
90
255
90
248
90
62
90
12
90
4
90
258
90
94
90
254
90
259
90
3
90
258
90
95
90
94
90
3
90
258
90
259
90
260
90
4
90
258
90
260
90
107
90
95
90
3
90
9
90
261
90
256
90
3
90
256
90
10
90
9
90
4
90
262
90
107
90
260
90
263
90
3
90
262
90
108
90
107
90
3
90
262
90
263
90
264
90
4
90
262
90
264
90
119
90
108
90
3
90
7
90
6
90
261
90
3
90
261
90
9
90
7
90
4
90
265
90
119
90
264
90
266
90
3
90
265
90
120
90
119
90
3
90
265
90
266
90
267
90
4
90
265
90
267
90
130
90
120
90
3
90
5
90
268
90
269
90
4
90
270
90
5
90
269
90
271
90
3
90
272
90
5
90
270
90
3
90
273
90
5
90
272
90
3
90
274
90
5
90
273
90
3
90
275
90
5
90
274
90
3
90
276
90
5
90
275
90
3
90
277
90
5
90
276
90
3
90
278
90
5
90
277
90
3
90
279
90
5
90
278
90
3
90
280
90
5
90
279
90
3
90
281
90
5
90
280
90
3
90
282
90
5
90
281
90
3
90
283
90
5
90
282
90
3
90
284
90
5
90
283
90
3
90
285
90
5
90
284
90
3
90
286
90
5
90
285
90
3
90
287
90
5
90
286
90
3
90
288
90
5
90
287
90
4
90
289
90
5
90
288
90
314
90
3
90
290
90
5
90
289
90
3
90
291
90
5
90
290
90
5
90
292
90
5
90
291
90
537
90
316
90
3
90
293
90
5
90
292
90
3
90
294
90
5
90
293
90
4
90
5
90
294
90
257
90
256
90
3
90
5
90
256
90
261
90
3
90
5
90
261
90
6
90
3
90
5
90
6
90
2
90
3
90
2
90
1
90
5
90
3
90
270
90
271
90
295
90
6
90
296
90
272
90
270
90
295
90
297
90
398
90
4
90
298
90
273
90
272
90
296
90
5
90
299
90
274
90
273
90
298
90
419
90
5
90
300
90
275
90
274
90
299
90
428
90
4
90
301
90
276
90
275
90
300
90
5
90
302
90
277
90
276
90
301
90
436
90
4
90
303
90
278
90
277
90
302
90
5
90
304
90
279
90
278
90
303
90
444
90
4
90
305
90
280
90
279
90
304
90
4
90
306
90
281
90
280
90
305
90
5
90
307
90
282
90
281
90
306
90
455
90
4
90
308
90
283
90
282
90
307
90
4
90
309
90
284
90
283
90
308
90
4
90
310
90
285
90
284
90
309
90
4
90
311
90
286
90
285
90
310
90
4
90
312
90
287
90
286
90
311
90
4
90
313
90
288
90
287
90
312
90
4
90
314
90
288
90
313
90
533
90
3
90
315
90
292
90
316
90
8
90
317
90
293
90
292
90
315
90
529
90
388
90
380
90
371
90
9
90
294
90
293
90
317
90
362
90
353
90
343
90
332
90
249
90
248
90
3
90
294
90
248
90
257
90
3
90
318
90
253
90
246
90
4
90
319
90
318
90
246
90
244
90
4
90
320
90
319
90
244
90
242
90
7
90
321
90
326
90
525
90
337
90
320
90
242
90
240
90
4
90
322
90
321
90
240
90
239
90
4
90
323
90
322
90
239
90
241
90
4
90
324
90
323
90
241
90
243
90
4
90
325
90
324
90
243
90
245
90
3
90
325
90
245
90
251
90
4
90
326
90
321
90
327
90
521
90
5
90
322
90
328
90
338
90
327
90
321
90
4
90
323
90
329
90
328
90
322
90
4
90
324
90
330
90
329
90
323
90
4
90
325
90
331
90
330
90
324
90
5
90
332
90
331
90
325
90
251
90
249
90
3
90
333
90
259
90
254
90
5
90
318
90
334
90
333
90
254
90
253
90
4
90
319
90
335
90
334
90
318
90
6
90
320
90
336
90
517
90
348
90
335
90
319
90
3
90
337
90
336
90
320
90
4
90
338
90
328
90
339
90
513
90
5
90
329
90
340
90
349
90
339
90
328
90
4
90
330
90
341
90
340
90
329
90
4
90
331
90
342
90
341
90
330
90
4
90
332
90
343
90
342
90
331
90
3
90
344
90
263
90
260
90
5
90
333
90
345
90
344
90
260
90
259
90
4
90
334
90
346
90
345
90
333
90
6
90
335
90
347
90
509
90
358
90
346
90
334
90
3
90
348
90
347
90
335
90
4
90
349
90
340
90
350
90
505
90
5
90
341
90
351
90
359
90
350
90
340
90
4
90
342
90
352
90
351
90
341
90
4
90
343
90
353
90
352
90
342
90
3
90
354
90
266
90
264
90
5
90
344
90
355
90
354
90
264
90
263
90
4
90
345
90
356
90
355
90
344
90
6
90
346
90
357
90
501
90
368
90
356
90
345
90
3
90
358
90
357
90
346
90
5
90
359
90
351
90
360
90
369
90
497
90
4
90
352
90
361
90
360
90
351
90
4
90
353
90
362
90
361
90
352
90
3
90
363
90
364
90
267
90
5
90
354
90
365
90
363
90
267
90
266
90
4
90
355
90
366
90
365
90
354
90
6
90
356
90
367
90
493
90
378
90
366
90
355
90
3
90
368
90
367
90
356
90
4
90
369
90
360
90
370
90
489
90
6
90
361
90
317
90
371
90
379
90
370
90
360
90
3
90
362
90
317
90
361
90
3
90
372
90
373
90
374
90
5
90
363
90
375
90
372
90
374
90
364
90
4
90
365
90
376
90
375
90
363
90
4
90
366
90
377
90
376
90
365
90
4
90
378
90
485
90
377
90
366
90
5
90
379
90
371
90
380
90
387
90
481
90
3
90
381
90
382
90
383
90
5
90
372
90
384
90
381
90
383
90
373
90
4
90
375
90
385
90
384
90
372
90
4
90
376
90
386
90
385
90
375
90
5
90
377
90
477
90
396
90
386
90
376
90
4
90
387
90
380
90
388
90
475
90
3
90
389
90
390
90
391
90
7
90
381
90
392
90
426
90
417
90
389
90
391
90
382
90
6
90
384
90
393
90
439
90
433
90
392
90
381
90
6
90
385
90
394
90
458
90
448
90
393
90
384
90
6
90
386
90
395
90
479
90
466
90
394
90
385
90
3
90
396
90
395
90
386
90
4
90
397
90
398
90
297
90
399
90
4
90
400
90
397
90
399
90
401
90
4
90
402
90
400
90
401
90
403
90
4
90
404
90
402
90
403
90
405
90
4
90
406
90
404
90
405
90
407
90
7
90
408
90
413
90
483
90
422
90
406
90
407
90
409
90
4
90
410
90
408
90
409
90
411
90
3
90
410
90
411
90
412
90
4
90
413
90
408
90
414
90
487
90
5
90
410
90
415
90
423
90
414
90
408
90
6
90
389
90
416
90
415
90
410
90
412
90
390
90
3
90
417
90
416
90
389
90
3
90
397
90
296
90
398
90
4
90
400
90
298
90
296
90
397
90
5
90
402
90
418
90
419
90
298
90
400
90
4
90
404
90
420
90
418
90
402
90
6
90
406
90
421
90
491
90
429
90
420
90
404
90
3
90
422
90
421
90
406
90
4
90
423
90
415
90
424
90
495
90
5
90
416
90
425
90
430
90
424
90
415
90
4
90
417
90
426
90
425
90
416
90
3
90
418
90
299
90
419
90
5
90
420
90
427
90
428
90
299
90
418
90
5
90
429
90
499
90
434
90
427
90
420
90
4
90
430
90
425
90
431
90
503
90
6
90
426
90
392
90
432
90
437
90
431
90
425
90
3
90
433
90
432
90
392
90
3
90
427
90
300
90
428
90
7
90
434
90
507
90
440
90
435
90
301
90
300
90
427
90
3
90
436
90
301
90
435
90
5
90
437
90
432
90
438
90
445
90
511
90
4
90
433
90
439
90
438
90
432
90
3
90
440
90
441
90
435
90
7
90
442
90
302
90
436
90
435
90
441
90
515
90
450
90
4
90
443
90
303
90
302
90
442
90
3
90
444
90
303
90
443
90
4
90
445
90
438
90
446
90
519
90
6
90
439
90
393
90
447
90
456
90
446
90
438
90
3
90
448
90
447
90
393
90
3
90
449
90
442
90
450
90
4
90
451
90
443
90
442
90
449
90
5
90
452
90
304
90
444
90
443
90
451
90
6
90
453
90
305
90
304
90
452
90
523
90
460
90
4
90
454
90
306
90
305
90
453
90
3
90
455
90
306
90
454
90
4
90
456
90
447
90
457
90
527
90
5
90
448
90
458
90
464
90
457
90
447
90
3
90
459
90
453
90
460
90
4
90
461
90
454
90
453
90
459
90
5
90
462
90
307
90
455
90
454
90
461
90
4
90
463
90
308
90
307
90
462
90
4
90
309
90
308
90
463
90
531
90
5
90
464
90
458
90
394
90
465
90
535
90
3
90
466
90
465
90
394
90
3
90
170
90
405
90
403
90
3
90
403
90
172
90
170
90
3
90
168
90
407
90
405
90
3
90
405
90
170
90
168
90
3
90
172
90
403
90
401
90
3
90
401
90
174
90
172
90
3
90
166
90
409
90
407
90
3
90
407
90
168
90
166
90
3
90
174
90
401
90
399
90
3
90
399
90
176
90
174
90
3
90
164
90
411
90
409
90
3
90
409
90
166
90
164
90
3
90
467
90
297
90
295
90
4
90
467
90
295
90
61
90
60
90
4
90
467
90
176
90
399
90
297
90
3
90
467
90
60
90
176
90
4
90
468
90
160
90
391
90
390
90
3
90
468
90
161
90
160
90
3
90
469
90
412
90
411
90
4
90
469
90
411
90
164
90
163
90
4
90
469
90
468
90
390
90
412
90
4
90
468
90
469
90
163
90
161
90
3
90
470
90
271
90
269
90
4
90
470
90
269
90
37
90
36
90
4
90
470
90
61
90
295
90
271
90
3
90
470
90
36
90
61
90
4
90
471
90
150
90
383
90
382
90
3
90
471
90
151
90
150
90
3
90
471
90
382
90
391
90
4
90
471
90
391
90
160
90
151
90
3
90
37
90
269
90
268
90
3
90
268
90
8
90
37
90
4
90
472
90
139
90
374
90
373
90
3
90
472
90
140
90
139
90
3
90
472
90
373
90
383
90
4
90
472
90
383
90
150
90
140
90
3
90
8
90
268
90
5
90
3
90
5
90
4
90
8
90
4
90
473
90
130
90
267
90
364
90
3
90
473
90
131
90
130
90
3
90
473
90
364
90
374
90
4
90
473
90
374
90
139
90
131
90
4
90
474
90
475
90
388
90
153
90
4
90
475
90
474
90
152
90
387
90
4
90
476
90
477
90
377
90
144
90
5
90
477
90
476
90
145
90
154
90
396
90
5
90
478
90
479
90
395
90
396
90
154
90
5
90
479
90
478
90
155
90
236
90
466
90
4
90
480
90
481
90
387
90
152
90
5
90
481
90
480
90
141
90
143
90
379
90
4
90
482
90
483
90
413
90
180
90
5
90
483
90
482
90
165
90
181
90
422
90
4
90
484
90
485
90
378
90
126
90
4
90
485
90
484
90
144
90
377
90
5
90
486
90
487
90
414
90
423
90
188
90
4
90
487
90
486
90
180
90
413
90
5
90
488
90
489
90
370
90
379
90
143
90
4
90
489
90
488
90
134
90
369
90
5
90
490
90
491
90
421
90
422
90
181
90
4
90
491
90
490
90
191
90
429
90
5
90
492
90
493
90
367
90
368
90
125
90
4
90
493
90
492
90
126
90
378
90
5
90
494
90
495
90
424
90
430
90
195
90
5
90
495
90
494
90
187
90
188
90
423
90
4
90
496
90
497
90
369
90
134
90
5
90
497
90
496
90
123
90
124
90
359
90
4
90
498
90
499
90
429
90
191
90
4
90
499
90
498
90
202
90
434
90
5
90
500
90
501
90
357
90
358
90
114
90
5
90
501
90
500
90
115
90
125
90
368
90
5
90
502
90
503
90
431
90
437
90
206
90
5
90
503
90
502
90
194
90
195
90
430
90
5
90
504
90
505
90
350
90
359
90
124
90
5
90
505
90
504
90
112
90
113
90
349
90
4
90
506
90
507
90
434
90
202
90
5
90
507
90
506
90
201
90
214
90
440
90
5
90
508
90
509
90
347
90
348
90
102
90
5
90
509
90
508
90
103
90
114
90
358
90
4
90
510
90
511
90
445
90
217
90
5
90
511
90
510
90
205
90
206
90
437
90
5
90
512
90
513
90
339
90
349
90
113
90
5
90
513
90
512
90
100
90
101
90
338
90
5
90
514
90
515
90
441
90
440
90
214
90
7
90
515
90
514
90
213
90
212
90
211
90
226
90
450
90
5
90
516
90
517
90
336
90
337
90
89
90
5
90
517
90
516
90
90
90
102
90
348
90
5
90
518
90
519
90
446
90
456
90
230
90
4
90
519
90
518
90
217
90
445
90
5
90
520
90
521
90
327
90
338
90
101
90
4
90
521
90
520
90
88
90
326
90
7
90
522
90
523
90
452
90
451
90
449
90
450
90
226
90
8
90
523
90
522
90
225
90
224
90
223
90
222
90
221
90
460
90
4
90
524
90
525
90
326
90
88
90
5
90
525
90
524
90
74
90
89
90
337
90
5
90
526
90
527
90
457
90
464
90
238
90
5
90
527
90
526
90
229
90
230
90
456
90
5
90
528
90
529
90
315
90
316
90
63
90
4
90
529
90
528
90
153
90
388
90
8
90
530
90
531
90
463
90
462
90
461
90
459
90
460
90
221
90
8
90
531
90
530
90
235
90
234
90
233
90
231
90
232
90
309
90
8
90
532
90
533
90
313
90
312
90
311
90
310
90
309
90
232
90
7
90
533
90
532
90
41
90
40
90
38
90
39
90
314
90
5
90
534
90
535
90
465
90
466
90
236
90
5
90
535
90
534
90
237
90
238
90
464
90
7
90
536
90
537
90
291
90
290
90
289
90
314
90
39
90
5
90
537
90
536
90
13
90
63
90
316
94
0
95
0
90
0
1001
CONDUITCAD
1000
{"id":"3d-manifold-004","label":"Horizontal header","feature3d":{"version":1,"kind":"transform","parameters":{"ry":90,"dz":35},"inputs":["3d-manifold-003"],"suppressed":false},"model3dConsumed":false,
1000
"model3dUserHidden":false}
0
MESH
5
104
330
119
100
AcDbEntity
8
Equipment
62
7
420
5543588
60
1
100
AcDbSubDMesh
71
2
72
0
91
0
92
48
10
35
20
0
30
35
10
34.65925826289068
20
2.5881904510252074
30
35
10
33.66025403784439
20
4.999999999999999
30
35
10
32.071067811865476
20
7.071067811865475
30
35
10
30
20
8.660254037844386
30
35
10
27.588190451025206
20
9.659258262890683
30
35
10
25
20
10
30
35
10
22.411809548974794
20
9.659258262890683
30
35
10
20
20
8.660254037844387
30
35
10
17.928932188134524
20
7.0710678118654755
30
35
10
16.33974596215561
20
4.999999999999999
30
35
10
15.340741737109319
20
2.58819045102521
30
35
10
15
20
1.2246467991473533e-15
30
35
10
15.340741737109317
20
-2.588190451025208
30
35
10
16.33974596215561
20
-4.999999999999997
30
35
10
17.92893218813452
20
-7.071067811865471
30
35
10
19.999999999999996
20
-8.660254037844386
30
35
10
22.411809548974794
20
-9.659258262890683
30
35
10
24.999999999999996
20
-10
30
35
10
27.588190451025202
20
-9.659258262890685
30
35
10
30
20
-8.660254037844386
30
35
10
32.071067811865476
20
-7.071067811865477
30
35
10
33.66025403784438
20
-5.000000000000004
30
35
10
34.65925826289068
20
-2.588190451025216
30
35
10
35
20
0
30
105
10
34.65925826289068
20
2.5881904510252074
30
105
10
33.66025403784439
20
4.999999999999999
30
105
10
32.071067811865476
20
7.071067811865475
30
105
10
30
20
8.660254037844386
30
105
10
27.588190451025206
20
9.659258262890683
30
105
10
25
20
10
30
105
10
22.411809548974794
20
9.659258262890683
30
105
10
20
20
8.660254037844387
30
105
10
17.928932188134524
20
7.0710678118654755
30
105
10
16.33974596215561
20
4.999999999999999
30
105
10
15.340741737109319
20
2.58819045102521
30
105
10
15
20
1.2246467991473533e-15
30
105
10
15.340741737109317
20
-2.588190451025208
30
105
10
16.33974596215561
20
-4.999999999999997
30
105
10
17.92893218813452
20
-7.071067811865471
30
105
10
19.999999999999996
20
-8.660254037844386
30
105
10
22.411809548974794
20
-9.659258262890683
30
105
10
24.999999999999996
20
-10
30
105
10
27.588190451025202
20
-9.659258262890685
30
105
10
30
20
-8.660254037844386
30
105
10
32.071067811865476
20
-7.071067811865477
30
105
10
33.66025403784438
20
-5.000000000000004
30
105
10
34.65925826289068
20
-2.588190451025216
30
105
93
170
90
24
90
23
90
22
90
21
90
20
90
19
90
18
90
17
90
16
90
15
90
14
90
13
90
12
90
11
90
10
90
9
90
8
90
7
90
6
90
5
90
4
90
3
90
2
90
1
90
0
90
24
90
24
90
25
90
26
90
27
90
28
90
29
90
30
90
31
90
32
90
33
90
34
90
35
90
36
90
37
90
38
90
39
90
40
90
41
90
42
90
43
90
44
90
45
90
46
90
47
90
4
90
0
90
1
90
25
90
24
90
4
90
1
90
2
90
26
90
25
90
4
90
2
90
3
90
27
90
26
90
4
90
3
90
4
90
28
90
27
90
4
90
4
90
5
90
29
90
28
90
4
90
5
90
6
90
30
90
29
90
4
90
6
90
7
90
31
90
30
90
4
90
7
90
8
90
32
90
31
90
4
90
8
90
9
90
33
90
32
90
4
90
9
90
10
90
34
90
33
90
4
90
10
90
11
90
35
90
34
90
4
90
11
90
12
90
36
90
35
90
4
90
12
90
13
90
37
90
36
90
4
90
13
90
14
90
38
90
37
90
4
90
14
90
15
90
39
90
38
90
4
90
15
90
16
90
40
90
39
90
4
90
16
90
17
90
41
90
40
90
4
90
17
90
18
90
42
90
41
90
4
90
18
90
19
90
43
90
42
90
4
90
19
90
20
90
44
90
43
90
4
90
20
90
21
90
45
90
44
90
4
90
21
90
22
90
46
90
45
90
4
90
22
90
23
90
47
90
46
90
4
90
23
90
0
90
24
90
47
94
0
95
0
90
0
1001
CONDUITCAD
1000
{"id":"3d-manifold-005","label":"Branch outer","feature3d":{"version":1,"kind":"cylinder","parameters":{"radius":10,"height":70,"x":25,"z":35,"segments":24},"inputs":[],"suppressed":false},"model3dCon
1000
sumed":true,"model3dUserHidden":false}
0
MESH
5
105
330
119
100
AcDbEntity
8
Equipment
62
7
420
5543588
60
1
100
AcDbSubDMesh
71
2
72
0
91
0
92
48
10
32
20
0
30
34
10
31.761480784023476
20
1.8117333157176452
30
34
10
31.062177826491073
20
3.4999999999999996
30
34
10
29.949747468305834
20
4.949747468305832
30
34
10
28.5
20
6.06217782649107
30
34
10
26.811733315717646
20
6.761480784023478
30
34
10
25
20
7
30
34
10
23.188266684282354
20
6.761480784023478
30
34
10
21.5
20
6.062177826491071
30
34
10
20.05025253169417
20
4.949747468305833
30
34
10
18.937822173508927
20
3.4999999999999996
30
34
10
18.238519215976524
20
1.8117333157176472
30
34
10
18
20
8.572527594031472e-16
30
34
10
18.238519215976524
20
-1.8117333157176456
30
34
10
18.937822173508927
20
-3.4999999999999982
30
34
10
20.050252531694163
20
-4.94974746830583
30
34
10
21.499999999999996
20
-6.0621778264910695
30
34
10
23.188266684282354
20
-6.761480784023478
30
34
10
25
20
-7
30
34
10
26.811733315717643
20
-6.761480784023479
30
34
10
28.5
20
-6.06217782649107
30
34
10
29.94974746830583
20
-4.949747468305834
30
34
10
31.06217782649107
20
-3.500000000000003
30
34
10
31.761480784023476
20
-1.811733315717651
30
34
10
32
20
0
30
106
10
31.761480784023476
20
1.8117333157176452
30
106
10
31.062177826491073
20
3.4999999999999996
30
106
10
29.949747468305834
20
4.949747468305832
30
106
10
28.5
20
6.06217782649107
30
106
10
26.811733315717646
20
6.761480784023478
30
106
10
25
20
7
30
106
10
23.188266684282354
20
6.761480784023478
30
106
10
21.5
20
6.062177826491071
30
106
10
20.05025253169417
20
4.949747468305833
30
106
10
18.937822173508927
20
3.4999999999999996
30
106
10
18.238519215976524
20
1.8117333157176472
30
106
10
18
20
8.572527594031472e-16
30
106
10
18.238519215976524
20
-1.8117333157176456
30
106
10
18.937822173508927
20
-3.4999999999999982
30
106
10
20.050252531694163
20
-4.94974746830583
30
106
10
21.499999999999996
20
-6.0621778264910695
30
106
10
23.188266684282354
20
-6.761480784023478
30
106
10
25
20
-7
30
106
10
26.811733315717643
20
-6.761480784023479
30
106
10
28.5
20
-6.06217782649107
30
106
10
29.94974746830583
20
-4.949747468305834
30
106
10
31.06217782649107
20
-3.500000000000003
30
106
10
31.761480784023476
20
-1.811733315717651
30
106
93
170
90
24
90
23
90
22
90
21
90
20
90
19
90
18
90
17
90
16
90
15
90
14
90
13
90
12
90
11
90
10
90
9
90
8
90
7
90
6
90
5
90
4
90
3
90
2
90
1
90
0
90
24
90
24
90
25
90
26
90
27
90
28
90
29
90
30
90
31
90
32
90
33
90
34
90
35
90
36
90
37
90
38
90
39
90
40
90
41
90
42
90
43
90
44
90
45
90
46
90
47
90
4
90
0
90
1
90
25
90
24
90
4
90
1
90
2
90
26
90
25
90
4
90
2
90
3
90
27
90
26
90
4
90
3
90
4
90
28
90
27
90
4
90
4
90
5
90
29
90
28
90
4
90
5
90
6
90
30
90
29
90
4
90
6
90
7
90
31
90
30
90
4
90
7
90
8
90
32
90
31
90
4
90
8
90
9
90
33
90
32
90
4
90
9
90
10
90
34
90
33
90
4
90
10
90
11
90
35
90
34
90
4
90
11
90
12
90
36
90
35
90
4
90
12
90
13
90
37
90
36
90
4
90
13
90
14
90
38
90
37
90
4
90
14
90
15
90
39
90
38
90
4
90
15
90
16
90
40
90
39
90
4
90
16
90
17
90
41
90
40
90
4
90
17
90
18
90
42
90
41
90
4
90
18
90
19
90
43
90
42
90
4
90
19
90
20
90
44
90
43
90
4
90
20
90
21
90
45
90
44
90
4
90
21
90
22
90
46
90
45
90
4
90
22
90
23
90
47
90
46
90
4
90
23
90
0
90
24
90
47
94
0
95
0
90
0
1001
CONDUITCAD
1000
{"id":"3d-manifold-006","label":"Branch bore","feature3d":{"version":1,"kind":"cylinder","parameters":{"radius":7,"height":72,"x":25,"z":34,"segments":24},"inputs":[],"suppressed":false},"model3dConsu
1000
med":true,"model3dUserHidden":false}
0
MESH
5
106
330
119
100
AcDbEntity
8
Equipment
62
7
420
5543588
60
1
100
AcDbSubDMesh
71
2
72
0
91
0
92
366
10
34.65925826289068
20
2.588190451025207
30
105
10
34.65925826289068
20
2.588190451025207
30
35
10
33.66025403784439
20
4.999999999999999
30
35
10
33.66025403784439
20
4.999999999999999
30
105
10
35
20
0
30
105
10
35
20
0
30
35
10
32.071067811865476
20
7.071067811865475
30
35
10
32.071067811865476
20
7.071067811865475
30
105
10
34.65925826289068
20
-2.5881904510252154
30
105
10
30
20
8.660254037844386
30
105
10
30.85381754482819
20
4.003026217850415
30
105
10
28.702035038261187
20
9.197888728481677
30
105
10
32.32266283556084
20
0.4569199959357758
30
105
10
32.823658610514535
20
-0.7525907986490716
30
105
10
33.08299310666237
20
-1.3786796564403578
30
105
10
33.24601758618323
20
-1.7722555658984385
30
105
10
33.36129330115183
20
-2.0505557603879105
30
105
10
33.44974746830582
20
-2.2641030103794764
30
105
10
33.52196999335586
20
-2.438463609864108
30
105
10
33.58398888161607
20
-2.588190451025215
30
105
10
33.63959349564131
20
-2.7224318643354657
30
105
10
33.691408747111694
20
-2.8475249471730466
30
105
10
33.7414584367026
20
-2.968355586575985
30
105
10
33.791508126293515
20
-3.0891862259789233
30
105
10
33.8433233777639
20
-3.214279308816505
30
105
10
33.89892799178914
20
-3.348520722126756
30
105
10
33.96094688004935
20
-3.4982475632878636
30
105
10
34.033169405099386
20
-3.6726081627724967
30
105
10
34.12162357225337
20
-3.886155412764061
30
105
10
31.86056124232692
20
1.0591425170685649
30
105
10
31.761480784023476
20
1.8117333157176443
30
105
10
31.989225218125043
20
0.08184259374042514
30
105
10
32.08020438790631
20
-0.6092128092979935
30
105
10
32.150015160223404
20
-1.139478270238051
30
105
10
32.20701541713223
20
-1.5724382060796724
30
105
10
32.255962647398455
20
-1.9442293316808137
30
105
10
32.2998475334857
20
-2.2775681356645503
30
105
10
32.34074173710932
20
-2.5881904510252145
30
105
10
32.38024250453489
20
-2.888228567653787
30
105
10
32.41974327196046
20
-3.1882666842823593
30
105
10
32.46063747558407
20
-3.4988889996430235
30
105
10
32.50452236167133
20
-3.8322278036267594
30
105
10
32.55346959193754
20
-4.2040189292279
30
105
10
32.61046984884637
20
-4.636978865069518
30
105
10
32.68028062116346
20
-5.167244326009573
30
105
10
32.77125979094474
20
-5.858299729047991
30
105
10
32.80500075307511
20
-6.1145877809171
30
105
10
33.66025403784438
20
-5.000000000000004
30
105
10
27.588190451025206
20
9.659258262890681
30
105
10
31.062177826491073
20
3.5000000000000004
30
105
10
26.19530247561862
20
9.842635443712412
30
105
10
25.604755397292422
20
9.21186742188585
30
105
10
26.28108891324553
20
9.730836381551368
30
105
10
25
20
10
30
105
10
24.05124830664787
20
8.019819505217606
30
105
10
22.411809548974794
20
9.659258262890681
30
105
10
22.442939419605395
20
6.785720691183507
30
105
10
20
20
8.660254037844387
30
105
10
20.717011389545252
20
5.461369534408995
30
105
10
17.928932188134524
20
7.0710678118654755
30
105
10
18.791988807914066
20
3.984247755054452
30
105
10
16.33974596215561
20
4.999999999999999
30
105
10
16.55025253169418
20
2.2641030103794706
30
105
10
15.34074173710932
20
2.58819045102521
30
105
10
15.157364556287588
20
1.1953024756186186
30
105
10
26.44871218078716
20
8.11200152805405
30
105
10
27.26410301037947
20
8.449747468305832
30
105
10
24.688266684282354
20
7.38280112758312
30
105
10
22.72474487139159
20
6.569483762668357
30
105
10
21.500000000000004
20
6.062177826491072
30
105
10
20.05025253169417
20
4.949747468305833
30
105
10
19.184609170407693
20
3.821619076045751
30
105
10
17.744037352601545
20
1.9442293316808088
30
105
10
16.1372882695348
20
-0.14972684116110374
30
105
10
15
20
1.2246467991473533e-15
30
105
10
15.183377180821726
20
-1.392887975406557
30
105
10
27.090770275176027
20
7.27525512860841
30
105
10
28.066730659693086
20
7.403742750776435
30
105
10
25.062800030943233
20
7.008267780922242
30
105
10
23.188266684282357
20
6.761480784023478
30
105
10
18.937822173508927
20
3.499999999999999
30
105
10
18.238519215976527
20
1.811733315717646
30
105
10
17.35941072940498
20
-0.31062231536066554
30
105
10
16.416011118383928
20
-2.588190451025208
30
105
10
15.340741737109319
20
-2.5881904510252074
30
105
10
15.878376427746625
20
-3.886155412764059
30
105
10
27.56066017177982
20
6.662882692912617
30
105
10
28.755962647398448
20
6.505518136625026
30
105
10
25.081842593740433
20
6.989225218125041
30
105
10
25
20
6.999999999999999
30
105
10
17.948888739433603
20
-0.38822856765378155
30
105
10
17.65925826289068
20
-2.5881904510252083
30
105
10
17.35941072940497
20
-4.865758586689749
30
105
10
16.33974596215561
20
-4.999999999999997
30
105
10
17.194999246924887
20
-6.114587780917102
30
105
10
27.798697020563758
20
6.352667031906221
30
105
10
29.373911142208712
20
5.700191979079259
30
105
10
26.811733315717646
20
6.761480784023478
30
105
10
18
20
2.9976021664879227e-15
30
105
10
18.052914270615126
20
-0.40192378864668477
30
105
10
18.34074173710932
20
-2.588190451025209
30
105
10
18.618761720511415
20
-4.699961883371424
30
105
10
18.896781703913508
20
-6.811733315717639
30
105
10
17.92893218813452
20
-7.07106781186547
30
105
10
19.04351996905164
20
-7.926321096634759
30
105
10
28.5
20
6.0621778264910695
30
105
10
29.949747468305834
20
4.949747468305832
30
105
10
18.238519215976524
20
-1.811733315717641
30
105
10
18.56013829202228
20
-2.588190451025209
30
105
10
19.392660232770734
20
-4.598076211353314
30
105
10
20.168447179064742
20
-6.470991578608327
30
105
10
20.917799826188055
20
-8.280088902293624
30
105
10
19.999999999999996
20
-8.660254037844386
30
105
10
21.297964961738817
20
-9.19788872848168
30
105
10
29.003026217850493
20
-5.853817544828153
30
105
10
21.244037352601534
20
-9.0676959631161
30
105
10
22.411809548974794
20
-9.659258262890681
30
105
10
32.0461062219147
20
-4.593332535758388
30
105
10
24.999999999999996
20
-10
30
105
10
32.57583632609712
20
-4.3739111422087165
30
105
10
27.588190451025202
20
-9.659258262890685
30
105
10
30
20
-8.660254037844386
30
105
10
32.071067811865476
20
-7.071067811865476
30
105
10
20.626088857791274
20
-7.575836326097115
30
105
10
23.546106221914695
20
-7.191408747111705
30
105
10
26.81173331571764
20
-6.76148078402348
30
105
10
32.15178250656698
20
-3.260066554972767
30
105
10
32.40374275077644
20
-3.0667306596930812
30
105
10
31.113152040975976
20
-4.0570357417579
30
105
10
28.5
20
-6.0621778264910695
30
105
10
20.12153602458926
20
-6.35773803324704
30
105
10
20.436407944458203
20
-6.399191707917924
30
105
10
24.247409201350933
20
-6.900919541696556
30
105
10
25.000000000000004
20
-6.999999999999999
30
105
10
32.02767753974245
20
-2.2417362762199042
30
105
10
31.76183390131635
20
-2.5881904510252145
30
105
10
31.43624326856191
20
-3.012508424790222
30
105
10
31.011925294796903
20
-3.56549037435335
30
105
10
30.41184906153975
20
-4.347524947173044
30
105
10
29.949747468305834
20
-4.949747468305829
30
105
10
19.688266684282347
20
-5.311733315717644
30
105
10
21.576265156228303
20
-6.093767888537336
30
105
10
23.18826668428235
20
-6.761480784023476
30
105
10
32.061182051537365
20
-1.0881904510252136
30
105
10
32.12346663143529
20
-0.9378221735089283
30
105
10
31.91133141778042
20
-1.4499618833714336
30
105
10
31.761480784023476
20
-1.8117333157176512
30
105
10
31.606343992275555
20
-2.18626666237853
30
105
10
31.43986170797772
20
-2.5881904510252145
30
105
10
31.254174847846187
20
-3.03647818710924
30
105
10
31.062177826491066
20
-3.5000000000000075
30
105
10
19.299808020920736
20
-4.37391114220871
30
105
10
19.562760956484382
20
-4.575682026234989
30
105
10
21.5
20
-6.06217782649107
30
105
10
31.93451339149909
20
-0.4974201758491862
30
105
10
32
20
-1.951563910473908e-15
30
105
10
31.871179061479957
20
-0.9784921735687349
30
105
10
31.8143950546386
20
-1.4098095270709683
30
105
10
18.937822173508927
20
-3.4999999999999973
30
105
10
19.744829377200105
20
-4.551712263915972
30
105
10
20.050252531694163
20
-4.949747468305829
30
105
10
20
20
8.660254037844387
30
35
10
17.928932188134524
20
7.0710678118654755
30
35
10
22.411809548974794
20
9.659258262890681
30
35
10
16.33974596215561
20
4.999999999999999
30
35
10
25
20
10
30
35
10
15.34074173710932
20
2.58819045102521
30
35
10
26.19530247561862
20
9.842635443712412
30
67.32805887996408
10
27.588190451025206
20
9.659258262890681
30
35
10
26.19530247561862
20
9.842635443712412
30
35
10
15.157364556287588
20
1.1953024756186184
30
67.32805887996388
10
15.157364556287588
20
1.1953024756186186
30
35
10
15
20
1.2246467991473533e-15
30
35
10
28.702035038261187
20
9.197888728481677
30
67.32805887996493
10
30
20
8.660254037844386
30
35
10
28.702035038261187
20
9.197888728481677
30
35
10
15.183377180821726
20
-1.3928879754065568
30
67.32805887996477
10
15.183377180821726
20
-1.392887975406557
30
35
10
15.340741737109319
20
-2.5881904510252074
30
35
10
15.878376427746625
20
-3.886155412764059
30
67.32805887996369
10
15.878376427746625
20
-3.886155412764059
30
35
10
16.33974596215561
20
-4.999999999999997
30
35
10
34.02270007667185
20
-3.6473329680938007
30
35
10
34.65925826289068
20
-2.5881904510252154
30
35
10
34.12162357225337
20
-3.886155412764061
30
35
10
33.75596264739845
20
-3.003371848749397
30
35
10
33.55128781921283
20
-2.5092431026672934
30
35
10
33.3841715217973
20
-2.1057886709531504
30
35
10
33.24066550385216
20
-1.7593344961478379
30
35
10
33.112001528054044
20
-1.4487121807871717
30
35
10
32.99210578957929
20
-1.1592582628906873
30
35
10
32.876295399324526
20
-0.8796672480739176
30
35
10
32.76048500906977
20
-0.6000762332571488
30
35
10
32.640589270595015
20
-0.31062231536066565
30
35
10
32.511925294796896
20
1.5235063618832378e-16
30
35
10
32.36841927685176
20
0.34645417480531177
30
35
10
32.201302979436235
20
0.7499086065194506
30
35
10
31.99662815125062
20
1.2440373526015502
30
35
10
31.729890721977206
20
1.8879984719459515
30
35
10
31.352667031906222
20
2.798697020563761
30
35
10
30.75259079864908
20
4.247409201350919
30
35
10
29.59333253575842
20
7.0461062219146475
30
35
10
33.66025403784438
20
-5.000000000000004
30
35
10
32.72354286469244
20
-5.495853690220514
30
35
10
32.80500075307511
20
-6.1145877809171
30
35
10
32.557060580394605
20
-4.231295194569367
30
35
10
32.439339828220184
20
-3.3371173070873796
30
35
10
32.349009518031565
20
-2.6509904819684382
30
35
10
32.275255128608414
20
-2.0907702751760278
30
35
10
32.211920798589276
20
-1.6096982774564788
30
35
10
32.15513679174792
20
-1.1783809239542455
30
35
10
32.102222521132795
20
-0.7764571353075622
30
35
10
32.0511112605664
20
-0.3882285676537813
30
35
10
32
20
1.836970198721031e-16
30
35
10
31.947085729384874
20
0.4019237886466847
30
35
10
31.89030172254352
20
0.8332411421489175
30
35
10
31.82696739252438
20
1.3143131398684667
30
35
10
31.761480784023476
20
1.8117333157176454
30
35
10
29.61829412570917
20
5.381705874290829
30
35
10
31.062177826491077
20
3.4999999999999947
30
35
10
16.733629712515906
20
2.4048132702034817
30
35
10
19.13844298271938
20
4.250091393480549
30
35
10
21.101964795610144
20
5.756754671997009
30
35
10
22.788079201410724
20
7.050555760387908
30
35
10
24.29980802092074
20
8.210546082103521
30
35
10
25.708515019631143
20
9.291484980368857
30
35
10
26.28108891324553
20
9.730836381551368
30
35
10
21.500000000000007
20
6.062177826491073
30
35
10
23.246786996898763
20
6.785720691183508
30
35
10
25.136554420366384
20
7.568487987714654
30
35
10
26.75933449614783
20
8.24066550385217
30
35
10
27.26410301037947
20
8.449747468305832
30
35
10
16.252177715582555
20
1.1479730275797622e-15
30
35
10
17.97232246025755
20
2.2417362762199002
30
35
10
19.44944423961209
20
4.166758857851082
30
35
10
20.05025253169417
20
4.94974746830583
30
35
10
23.188266684282354
20
6.761480784023479
30
35
10
23.27010927802279
20
6.772255565898437
30
35
10
25.748926856062177
20
7.098598091110861
30
35
10
27.650990481968442
20
7.349009518031558
30
35
10
28.066730659693082
20
7.403742750776435
30
35
10
16.47803000664414
20
-2.4384636098641006
30
35
10
17.488074705203104
20
1.0722961629590295e-15
30
35
10
18.393656007724445
20
2.1862666623785256
30
35
10
18.937822173508927
20
3.500000000000002
30
35
10
24.999999999999996
20
6.999999999999999
30
35
10
26.059142517068576
20
6.86056124232692
30
35
10
28.45483805926181
20
6.545161940738192
30
35
10
28.755962647398448
20
6.505518136625025
30
35
10
17.378376427746613
20
-4.721699805510528
30
35
10
17.194999246924887
20
-6.114587780917102
30
35
10
17.700152466514293
20
-2.277568135664543
30
35
10
18
20
1.0409497792752503e-15
30
35
10
18.238519215976524
20
1.8117333157176456
30
35
10
26.811733315717643
20
6.761480784023478
30
35
10
29.247409201350926
20
5.752590798649073
30
35
10
29.373911142208712
20
5.700191979079259
30
35
10
18.879108486571553
20
-6.677491902407388
30
35
10
19.04351996905164
20
-7.926321096634759
30
35
10
17.92893218813452
20
-7.07106781186547
30
35
10
18.579260953085843
20
-4.399923766742849
30
35
10
18.28963047654292
20
-2.1999618833714263
30
35
10
28.5
20
6.0621778264910695
30
35
10
29.949747468305834
20
4.949747468305833
30
35
10
20.86775013659715
20
-8.159258262890686
30
35
10
21.297964961738817
20
-9.19788872848168
30
35
10
19.999999999999996
20
-8.660254037844386
30
35
10
20.05263678880998
20
-6.191400563791559
30
35
10
19.237523441022816
20
-4.223542864692436
30
35
10
18.393656007724445
20
-2.1862666623785234
30
35
10
18.238519215976524
20
-1.811733315717646
30
35
10
32.071067811865476
20
-7.071067811865476
30
35
10
32.442939419605395
20
-4.428958843275017
30
35
10
32.57583632609712
20
-4.373911142208716
30
35
10
30
20
-8.660254037844386
30
35
10
31.209510794584848
20
-4.939861707977725
30
35
10
27.588190451025202
20
-9.659258262890685
30
35
10
29.247409201350923
20
-5.752590798649075
30
35
10
24.999999999999996
20
-10
30
35
10
25.456919995935785
20
-7.322662835560839
30
35
10
22.411809548974794
20
-9.659258262890681
30
35
10
21.244037352601534
20
-9.0676959631161
30
35
10
26.811733315717643
20
-6.761480784023479
30
35
10
26.059142517068576
20
-6.86056124232692
30
35
10
22.248141260175853
20
-7.362289076105551
30
35
10
20.626088857791274
20
-7.575836326097114
30
35
10
30.38170587429083
20
-4.61829412570917
30
35
10
32.40374275077644
20
-3.0667306596930812
30
35
10
28.5
20
-6.062177826491071
30
35
10
25
20
-6.999999999999999
30
35
10
23.270109278022787
20
-6.772255565898436
30
35
10
20.12153602458926
20
-6.35773803324704
30
35
10
29.949747468305834
20
-4.94974746830583
30
35
10
31.954889553039028
20
-2.336595427329829
30
35
10
32.255962647398455
20
-1.9442293316808148
30
35
10
23.188266684282354
20
-6.761480784023478
30
35
10
20.932304036883895
20
-5.827030459263925
30
35
10
19.68826668428235
20
-5.311733315717645
30
35
10
31.06217782649107
20
-3.5000000000000067
30
35
10
31.352667031906222
20
-2.798697020563762
30
35
10
31.729890721977213
20
-1.8879984719459495
30
35
10
31.99662815125062
20
-1.2440373526015478
30
35
10
32.12346663143529
20
-0.9378221735089293
30
35
10
21.5
20
-6.062177826491071
30
35
10
21.101964795610137
20
-5.756754671997007
30
35
10
19.299808020920736
20
-4.37391114220871
30
35
10
31.82696739252438
20
-1.3143131398684649
30
35
10
31.761480784023476
20
-1.8117333157176534
30
35
10
31.89030172254352
20
-0.833241142148917
30
35
10
31.947085729384874
20
-0.4019237886466843
30
35
10
20.050252531694163
20
-4.949747468305829
30
35
10
19.44944423961209
20
-4.166758857851081
30
35
10
18.937822173508927
20
-3.4999999999999982
30
35
10
32.80500075307511
20
-6.1145877809171
30
72.67194112003547
10
21.297964961738817
20
-9.19788872848168
30
67.32805887996473
10
34.12162357225337
20
-3.886155412764061
30
72.67194112003617
10
19.04351996905164
20
-7.926321096634759
30
67.32805887996385
10
17.194999246924887
20
-6.114587780917102
30
67.32805887996429
10
29.929612086801587
20
4.9651978899472935
30
105
10
28.520135381504247
20
6.046727404849609
30
35
10
18.003312766888563
20
-0.025162962718299903
30
105
10
18.23520644908796
20
-1.7865703529993449
30
35
10
18.24823175705336
20
-1.8351814641104558
30
105
10
18.92810963243209
20
-3.476551851607187
30
35
10
28.47655185160719
20
6.071890367567909
30
105
10
26.835181464110455
20
6.751768242946639
30
35
10
26.835181464110452
20
-6.75176824294664
30
105
10
28.47655185160719
20
-6.071890367567909
30
35
10
18.23520644908796
20
1.7865703529993464
30
105
10
18.003312766888563
20
0.025162962718301513
30
35
10
25.0251629627183
20
-6.9966872331114365
30
105
10
26.78657035299934
20
-6.764793550912041
30
35
10
26.786570352999345
20
6.7647935509120405
30
105
10
25.0251629627183
20
6.9966872331114365
30
35
10
28.520135381504247
20
-6.046727404849609
30
105
10
29.929612086801583
20
-4.965197889947295
30
35
10
18.92810963243209
20
3.4765518516071894
30
105
10
18.24823175705336
20
1.8351814641104574
30
35
10
23.213429647000655
20
-6.7647935509120405
30
105
10
24.9748370372817
20
-6.9966872331114365
30
35
10
24.9748370372817
20
6.9966872331114365
30
105
10
23.213429647000655
20
6.7647935509120405
30
35
10
29.96519788994729
20
-4.929612086801586
30
105
10
31.04672740484961
20
-3.5201353815042506
30
35
10
20.03480211005271
20
4.929612086801584
30
105
10
18.953272595150388
20
3.520135381504247
30
35
10
21.523448148392806
20
-6.071890367567908
30
105
10
23.164818535889545
20
-6.751768242946639
30
35
10
23.164818535889545
20
6.751768242946639
30
105
10
21.52344814839281
20
6.071890367567909
30
35
10
31.07189036756791
20
-3.4765518516071925
30
105
10
31.75176824294664
20
-1.8351814641104613
30
35
10
21.479864618495753
20
6.046727404849609
30
105
10
20.070387913198417
20
4.965197889947294
30
35
10
20.07038791319841
20
-4.965197889947292
30
105
10
21.47986461849575
20
-6.046727404849608
30
35
10
31.046727404849612
20
3.520135381504247
30
105
10
29.965197889947294
20
4.929612086801584
30
35
10
31.76479355091204
20
-1.7865703529993504
30
105
10
31.996687233111437
20
-0.025162962718300718
30
35
10
31.996687233111437
20
0.025162962718300652
30
105
10
31.76479355091204
20
1.7865703529993442
30
35
10
18.953272595150388
20
-3.5201353815042458
30
105
10
20.034802110052702
20
-4.9296120868015825
30
35
10
31.75176824294664
20
1.8351814641104554
30
105
10
31.07189036756791
20
3.476551851607189
30
35
93
1791
90
3
90
0
90
1
90
2
90
3
90
2
90
3
90
0
90
3
90
4
90
5
90
1
90
3
90
1
90
0
90
4
90
3
90
3
90
2
90
6
90
3
90
6
90
7
90
3
90
3
90
8
90
4
90
0
90
3
90
8
90
0
90
3
90
3
90
8
90
3
90
7
90
3
90
8
90
7
90
9
90
4
90
10
90
8
90
9
90
11
90
6
90
12
90
8
90
10
90
49
90
364
90
30
90
3
90
13
90
8
90
12
90
3
90
14
90
8
90
13
90
3
90
15
90
8
90
14
90
3
90
16
90
8
90
15
90
3
90
17
90
8
90
16
90
3
90
18
90
8
90
17
90
3
90
19
90
8
90
18
90
3
90
20
90
8
90
19
90
3
90
21
90
8
90
20
90
3
90
22
90
8
90
21
90
3
90
23
90
8
90
22
90
3
90
24
90
8
90
23
90
3
90
25
90
8
90
24
90
3
90
26
90
8
90
25
90
3
90
27
90
8
90
26
90
3
90
27
90
28
90
8
90
3
90
29
90
12
90
30
90
4
90
31
90
13
90
12
90
29
90
6
90
32
90
14
90
13
90
31
90
360
90
155
90
5
90
33
90
15
90
14
90
32
90
144
90
4
90
34
90
16
90
15
90
33
90
4
90
35
90
17
90
16
90
34
90
4
90
36
90
18
90
17
90
35
90
4
90
37
90
19
90
18
90
36
90
4
90
38
90
20
90
19
90
37
90
5
90
39
90
21
90
20
90
38
90
127
90
4
90
40
90
22
90
21
90
39
90
4
90
41
90
23
90
22
90
40
90
4
90
42
90
24
90
23
90
41
90
5
90
43
90
25
90
24
90
42
90
119
90
4
90
44
90
26
90
25
90
43
90
4
90
45
90
27
90
26
90
44
90
5
90
27
90
45
90
46
90
47
90
28
90
3
90
10
90
11
90
48
90
11
90
49
90
10
90
48
90
50
90
52
90
66
90
77
90
87
90
96
90
106
90
356
90
4
90
51
90
52
90
50
90
53
90
4
90
54
90
51
90
53
90
55
90
4
90
56
90
54
90
55
90
57
90
6
90
58
90
352
90
69
90
56
90
57
90
59
90
5
90
60
90
70
90
58
90
59
90
61
90
4
90
62
90
60
90
61
90
63
90
3
90
62
90
63
90
64
90
4
90
51
90
65
90
66
90
52
90
4
90
54
90
67
90
65
90
51
90
6
90
56
90
68
90
348
90
79
90
67
90
54
90
3
90
69
90
68
90
56
90
4
90
70
90
60
90
71
90
344
90
5
90
62
90
72
90
80
90
71
90
60
90
5
90
73
90
72
90
62
90
64
90
74
90
3
90
73
90
74
90
75
90
4
90
65
90
76
90
77
90
66
90
4
90
67
90
78
90
76
90
65
90
5
90
79
90
340
90
89
90
78
90
67
90
4
90
80
90
72
90
81
90
336
90
4
90
73
90
82
90
81
90
72
90
5
90
83
90
82
90
73
90
75
90
84
90
3
90
83
90
84
90
85
90
4
90
76
90
86
90
87
90
77
90
6
90
78
90
88
90
332
90
97
90
86
90
76
90
3
90
89
90
88
90
78
90
5
90
82
90
90
90
98
90
328
90
81
90
4
90
83
90
91
90
90
90
82
90
5
90
92
90
91
90
83
90
85
90
93
90
3
90
92
90
93
90
94
90
6
90
86
90
95
90
324
90
105
90
96
90
87
90
3
90
97
90
95
90
86
90
4
90
98
90
90
90
99
90
320
90
5
90
91
90
100
90
107
90
99
90
90
90
4
90
92
90
101
90
100
90
91
90
5
90
102
90
101
90
92
90
94
90
103
90
3
90
102
90
103
90
104
90
4
90
105
90
318
90
106
90
96
90
4
90
107
90
100
90
108
90
322
90
6
90
101
90
109
90
151
90
158
90
108
90
100
90
6
90
102
90
110
90
130
90
140
90
109
90
101
90
6
90
111
90
123
90
110
90
102
90
104
90
112
90
4
90
111
90
112
90
113
90
115
90
7
90
114
90
129
90
326
90
125
90
115
90
113
90
116
90
4
90
117
90
114
90
116
90
118
90
5
90
43
90
119
90
117
90
118
90
120
90
4
90
44
90
43
90
120
90
121
90
4
90
45
90
44
90
121
90
122
90
3
90
45
90
122
90
46
90
3
90
123
90
111
90
124
90
6
90
125
90
330
90
133
90
124
90
111
90
115
90
3
90
126
90
39
90
127
90
4
90
128
90
40
90
39
90
126
90
7
90
129
90
114
90
41
90
40
90
128
90
139
90
334
90
4
90
117
90
42
90
41
90
114
90
3
90
119
90
42
90
117
90
3
90
130
90
110
90
131
90
7
90
123
90
124
90
132
90
338
90
142
90
131
90
110
90
3
90
133
90
132
90
124
90
3
90
134
90
36
90
35
90
4
90
135
90
37
90
36
90
134
90
4
90
136
90
38
90
37
90
135
90
6
90
137
90
126
90
127
90
38
90
136
90
150
90
4
90
138
90
128
90
126
90
137
90
4
90
139
90
128
90
138
90
342
90
6
90
140
90
130
90
131
90
141
90
346
90
153
90
3
90
142
90
141
90
131
90
3
90
143
90
33
90
144
90
4
90
145
90
34
90
33
90
143
90
4
90
146
90
35
90
34
90
145
90
4
90
147
90
134
90
35
90
146
90
4
90
148
90
135
90
134
90
147
90
4
90
149
90
136
90
135
90
148
90
4
90
150
90
136
90
149
90
350
90
3
90
151
90
109
90
152
90
6
90
140
90
153
90
354
90
160
90
152
90
109
90
3
90
154
90
32
90
155
90
5
90
156
90
143
90
144
90
32
90
154
90
4
90
157
90
145
90
143
90
156
90
4
90
146
90
145
90
157
90
358
90
5
90
158
90
151
90
152
90
159
90
362
90
3
90
160
90
159
90
152
90
3
90
57
90
161
90
162
90
3
90
162
90
59
90
57
90
3
90
55
90
163
90
161
90
3
90
161
90
57
90
55
90
3
90
59
90
162
90
164
90
3
90
164
90
61
90
59
90
3
90
53
90
165
90
163
90
3
90
163
90
55
90
53
90
3
90
61
90
164
90
166
90
3
90
166
90
63
90
61
90
4
90
167
90
48
90
168
90
169
90
3
90
167
90
50
90
48
90
3
90
167
90
169
90
165
90
4
90
167
90
165
90
53
90
50
90
4
90
170
90
63
90
166
90
171
90
3
90
170
90
64
90
63
90
3
90
170
90
171
90
172
90
4
90
170
90
172
90
74
90
64
90
4
90
173
90
9
90
174
90
175
90
3
90
173
90
11
90
9
90
3
90
173
90
175
90
168
90
4
90
173
90
168
90
48
90
11
90
4
90
176
90
74
90
172
90
177
90
3
90
176
90
75
90
74
90
3
90
176
90
177
90
178
90
4
90
176
90
178
90
84
90
75
90
3
90
7
90
6
90
174
90
3
90
174
90
9
90
7
90
4
90
179
90
84
90
178
90
180
90
3
90
179
90
85
90
84
90
3
90
179
90
180
90
181
90
4
90
179
90
181
90
93
90
85
90
4
90
182
90
5
90
183
90
184
90
3
90
185
90
5
90
182
90
3
90
186
90
5
90
185
90
3
90
187
90
5
90
186
90
3
90
188
90
5
90
187
90
3
90
189
90
5
90
188
90
3
90
190
90
5
90
189
90
3
90
191
90
5
90
190
90
3
90
192
90
5
90
191
90
3
90
193
90
5
90
192
90
3
90
194
90
5
90
193
90
3
90
195
90
5
90
194
90
3
90
196
90
5
90
195
90
3
90
197
90
5
90
196
90
4
90
198
90
5
90
197
90
217
90
3
90
199
90
5
90
198
90
5
90
200
90
5
90
199
90
365
90
219
90
3
90
201
90
5
90
200
90
4
90
5
90
201
90
175
90
174
90
3
90
5
90
174
90
6
90
3
90
5
90
6
90
2
90
3
90
2
90
1
90
5
90
3
90
182
90
184
90
202
90
5
90
203
90
185
90
182
90
202
90
204
90
5
90
205
90
186
90
185
90
203
90
273
90
4
90
206
90
187
90
186
90
205
90
5
90
207
90
188
90
187
90
206
90
287
90
4
90
208
90
189
90
188
90
207
90
5
90
209
90
190
90
189
90
208
90
294
90
4
90
210
90
191
90
190
90
209
90
5
90
211
90
192
90
191
90
210
90
302
90
4
90
212
90
193
90
192
90
211
90
4
90
213
90
194
90
193
90
212
90
4
90
214
90
195
90
194
90
213
90
4
90
215
90
196
90
195
90
214
90
4
90
216
90
197
90
196
90
215
90
4
90
217
90
197
90
216
90
361
90
5
90
218
90
200
90
219
90
357
90
263
90
10
90
201
90
200
90
218
90
256
90
248
90
240
90
231
90
226
90
169
90
168
90
3
90
201
90
168
90
175
90
3
90
220
90
171
90
166
90
4
90
221
90
220
90
166
90
164
90
6
90
222
90
353
90
235
90
221
90
164
90
162
90
5
90
223
90
227
90
222
90
162
90
161
90
4
90
224
90
223
90
161
90
163
90
4
90
225
90
224
90
163
90
165
90
4
90
226
90
225
90
165
90
169
90
5
90
227
90
223
90
228
90
236
90
349
90
4
90
224
90
229
90
228
90
223
90
4
90
225
90
230
90
229
90
224
90
4
90
226
90
231
90
230
90
225
90
3
90
232
90
177
90
172
90
5
90
220
90
233
90
232
90
172
90
171
90
6
90
221
90
234
90
345
90
244
90
233
90
220
90
3
90
235
90
234
90
221
90
4
90
236
90
228
90
237
90
341
90
5
90
229
90
238
90
245
90
237
90
228
90
4
90
230
90
239
90
238
90
229
90
4
90
231
90
240
90
239
90
230
90
3
90
241
90
180
90
178
90
5
90
232
90
242
90
241
90
178
90
177
90
6
90
233
90
243
90
337
90
253
90
242
90
232
90
3
90
244
90
243
90
233
90
4
90
245
90
238
90
246
90
333
90
5
90
239
90
247
90
254
90
246
90
238
90
4
90
240
90
248
90
247
90
239
90
3
90
249
90
250
90
181
90
5
90
241
90
251
90
249
90
181
90
180
90
4
90
242
90
252
90
251
90
241
90
4
90
253
90
329
90
252
90
242
90
5
90
254
90
247
90
255
90
262
90
325
90
4
90
248
90
256
90
255
90
247
90
3
90
257
90
258
90
259
90
5
90
249
90
260
90
257
90
259
90
250
90
4
90
251
90
261
90
260
90
249
90
5
90
252
90
321
90
270
90
261
90
251
90
5
90
262
90
255
90
218
90
263
90
319
90
3
90
256
90
218
90
255
90
4
90
264
90
281
90
265
90
266
90
7
90
257
90
267
90
291
90
285
90
264
90
266
90
258
90
6
90
260
90
268
90
305
90
297
90
267
90
257
90
6
90
261
90
269
90
323
90
312
90
268
90
260
90
3
90
270
90
269
90
261
90
3
90
203
90
204
90
271
90
5
90
272
90
273
90
203
90
271
90
274
90
4
90
275
90
272
90
274
90
276
90
4
90
277
90
275
90
276
90
278
90
7
90
279
90
282
90
327
90
288
90
277
90
278
90
280
90
4
90
281
90
279
90
280
90
265
90
4
90
282
90
279
90
283
90
331
90
6
90
281
90
264
90
284
90
289
90
283
90
279
90
3
90
285
90
284
90
264
90
3
90
272
90
205
90
273
90
4
90
275
90
206
90
205
90
272
90
5
90
277
90
286
90
287
90
206
90
275
90
5
90
288
90
335
90
292
90
286
90
277
90
4
90
289
90
284
90
290
90
339
90
5
90
285
90
291
90
295
90
290
90
284
90
3
90
286
90
207
90
287
90
7
90
292
90
343
90
298
90
293
90
208
90
207
90
286
90
3
90
294
90
208
90
293
90
6
90
295
90
291
90
267
90
296
90
303
90
347
90
3
90
297
90
296
90
267
90
3
90
298
90
299
90
293
90
5
90
300
90
209
90
294
90
293
90
299
90
6
90
301
90
210
90
209
90
300
90
351
90
307
90
3
90
302
90
210
90
301
90
4
90
303
90
296
90
304
90
355
90
5
90
297
90
305
90
310
90
304
90
296
90
3
90
306
90
301
90
307
90
5
90
308
90
211
90
302
90
301
90
306
90
4
90
309
90
212
90
211
90
308
90
4
90
213
90
212
90
309
90
359
90
5
90
310
90
305
90
268
90
311
90
363
90
3
90
312
90
311
90
268
90
3
90
120
90
276
90
274
90
3
90
274
90
121
90
120
90
3
90
118
90
278
90
276
90
3
90
276
90
120
90
118
90
3
90
121
90
274
90
271
90
3
90
271
90
122
90
121
90
3
90
116
90
280
90
278
90
3
90
278
90
118
90
116
90
3
90
313
90
204
90
202
90
4
90
313
90
202
90
47
90
46
90
4
90
313
90
122
90
271
90
204
90
3
90
313
90
46
90
122
90
4
90
314
90
112
90
266
90
265
90
3
90
314
90
113
90
112
90
3
90
314
90
265
90
280
90
4
90
314
90
280
90
116
90
113
90
3
90
315
90
184
90
183
90
4
90
315
90
183
90
8
90
28
90
4
90
315
90
47
90
202
90
184
90
3
90
315
90
28
90
47
90
4
90
316
90
103
90
259
90
258
90
3
90
316
90
104
90
103
90
3
90
316
90
258
90
266
90
4
90
316
90
266
90
112
90
104
90
3
90
8
90
183
90
5
90
3
90
5
90
4
90
8
90
4
90
317
90
93
90
181
90
250
90
3
90
317
90
94
90
93
90
3
90
317
90
250
90
259
90
4
90
317
90
259
90
103
90
94
90
4
90
318
90
319
90
263
90
106
90
4
90
319
90
318
90
105
90
262
90
4
90
320
90
321
90
252
90
98
90
5
90
321
90
320
90
99
90
107
90
270
90
5
90
322
90
323
90
269
90
270
90
107
90
5
90
323
90
322
90
108
90
158
90
312
90
4
90
324
90
325
90
262
90
105
90
5
90
325
90
324
90
95
90
97
90
254
90
4
90
326
90
327
90
282
90
125
90
4
90
327
90
326
90
129
90
288
90
4
90
328
90
329
90
253
90
81
90
4
90
329
90
328
90
98
90
252
90
5
90
330
90
331
90
283
90
289
90
133
90
4
90
331
90
330
90
125
90
282
90
5
90
332
90
333
90
246
90
254
90
97
90
5
90
333
90
332
90
88
90
89
90
245
90
4
90
334
90
335
90
288
90
129
90
4
90
335
90
334
90
139
90
292
90
5
90
336
90
337
90
243
90
244
90
80
90
4
90
337
90
336
90
81
90
253
90
5
90
338
90
339
90
290
90
295
90
142
90
5
90
339
90
338
90
132
90
133
90
289
90
5
90
340
90
341
90
237
90
245
90
89
90
4
90
341
90
340
90
79
90
236
90
4
90
342
90
343
90
292
90
139
90
6
90
343
90
342
90
138
90
137
90
150
90
298
90
5
90
344
90
345
90
234
90
235
90
70
90
5
90
345
90
344
90
71
90
80
90
244
90
4
90
346
90
347
90
303
90
153
90
5
90
347
90
346
90
141
90
142
90
295
90
4
90
348
90
349
90
236
90
79
90
5
90
349
90
348
90
68
90
69
90
227
90
6
90
350
90
351
90
300
90
299
90
298
90
150
90
7
90
351
90
350
90
149
90
148
90
147
90
146
90
307
90
5
90
352
90
353
90
222
90
227
90
69
90
5
90
353
90
352
90
58
90
70
90
235
90
5
90
354
90
355
90
304
90
310
90
160
90
4
90
355
90
354
90
153
90
303
90
4
90
356
90
357
90
219
90
49
90
4
90
357
90
356
90
106
90
263
90
7
90
358
90
359
90
309
90
308
90
306
90
307
90
146
90
7
90
359
90
358
90
157
90
156
90
154
90
155
90
213
90
7
90
360
90
361
90
216
90
215
90
214
90
213
90
155
90
6
90
361
90
360
90
31
90
29
90
30
90
217
90
5
90
362
90
363
90
311
90
312
90
158
90
5
90
363
90
362
90
159
90
160
90
310
90
6
90
364
90
365
90
199
90
198
90
217
90
30
90
4
90
365
90
364
90
49
90
219
94
0
95
0
90
0
1001
CONDUITCAD
1000
{"id":"3d-manifold-007","label":"Hollow branch","feature3d":{"version":1,"kind":"subtract","parameters":{},"inputs":["3d-manifold-005","3d-manifold-006"],"suppressed":false},"model3dConsumed":true,"mo
1000
del3dUserHidden":false}
0
MESH
5
107
330
119
100
AcDbEntity
8
Equipment
62
7
420
13736787
100
AcDbSubDMesh
71
2
72
0
91
0
92
1098
10
34.65925826289068
20
2.588190451025207
30
105
10
34.65925826289068
20
2.588190451025207
30
35
10
33.66025403784439
20
4.999999999999999
30
35
10
33.66025403784439
20
4.999999999999999
30
105
10
35
20
0
30
105
10
35
20
0
30
35
10
32.071067811865476
20
7.071067811865475
30
35
10
32.071067811865476
20
7.071067811865475
30
105
10
34.65925826289068
20
-2.5881904510252154
30
105
10
30
20
8.660254037844386
30
105
10
30.85381754482819
20
4.003026217850415
30
105
10
28.702035038261187
20
9.197888728481677
30
105
10
32.32266283556084
20
0.4569199959357758
30
105
10
32.823658610514535
20
-0.7525907986490716
30
105
10
33.08299310666237
20
-1.3786796564403578
30
105
10
33.24601758618323
20
-1.7722555658984385
30
105
10
33.36129330115183
20
-2.0505557603879105
30
105
10
33.44974746830582
20
-2.2641030103794764
30
105
10
33.52196999335586
20
-2.438463609864108
30
105
10
33.58398888161607
20
-2.588190451025215
30
105
10
33.63959349564131
20
-2.7224318643354657
30
105
10
33.691408747111694
20
-2.8475249471730466
30
105
10
33.7414584367026
20
-2.968355586575985
30
105
10
33.791508126293515
20
-3.0891862259789233
30
105
10
33.8433233777639
20
-3.214279308816505
30
105
10
33.89892799178914
20
-3.348520722126756
30
105
10
33.96094688004935
20
-3.4982475632878636
30
105
10
34.033169405099386
20
-3.6726081627724967
30
105
10
34.12162357225337
20
-3.886155412764061
30
105
10
31.86056124232692
20
1.0591425170685649
30
105
10
31.761480784023476
20
1.8117333157176443
30
105
10
31.989225218125043
20
0.08184259374042514
30
105
10
32.08020438790631
20
-0.6092128092979935
30
105
10
32.150015160223404
20
-1.139478270238051
30
105
10
32.20701541713223
20
-1.5724382060796724
30
105
10
32.255962647398455
20
-1.9442293316808137
30
105
10
32.2998475334857
20
-2.2775681356645503
30
105
10
32.34074173710932
20
-2.5881904510252145
30
105
10
32.38024250453489
20
-2.888228567653787
30
105
10
32.41974327196046
20
-3.1882666842823593
30
105
10
32.46063747558407
20
-3.4988889996430235
30
105
10
32.50452236167133
20
-3.8322278036267594
30
105
10
32.55346959193754
20
-4.2040189292279
30
105
10
32.61046984884637
20
-4.636978865069518
30
105
10
32.68028062116346
20
-5.167244326009573
30
105
10
32.77125979094474
20
-5.858299729047991
30
105
10
32.80500075307511
20
-6.1145877809171
30
105
10
33.66025403784438
20
-5.000000000000004
30
105
10
27.588190451025206
20
9.659258262890681
30
105
10
31.062177826491073
20
3.5000000000000004
30
105
10
26.19530247561862
20
9.842635443712412
30
105
10
25.604755397292422
20
9.21186742188585
30
105
10
26.28108891324553
20
9.730836381551368
30
105
10
25
20
10
30
105
10
24.05124830664787
20
8.019819505217606
30
105
10
22.411809548974794
20
9.659258262890681
30
105
10
22.442939419605395
20
6.785720691183507
30
105
10
20
20
8.660254037844387
30
105
10
20.717011389545252
20
5.461369534408995
30
105
10
17.928932188134524
20
7.0710678118654755
30
105
10
18.791988807914066
20
3.984247755054452
30
105
10
16.33974596215561
20
4.999999999999999
30
105
10
16.55025253169418
20
2.2641030103794706
30
105
10
15.34074173710932
20
2.58819045102521
30
105
10
15.157364556287588
20
1.1953024756186186
30
105
10
26.44871218078716
20
8.11200152805405
30
105
10
27.26410301037947
20
8.449747468305832
30
105
10
24.688266684282354
20
7.38280112758312
30
105
10
22.72474487139159
20
6.569483762668357
30
105
10
21.500000000000004
20
6.062177826491072
30
105
10
20.05025253169417
20
4.949747468305833
30
105
10
19.184609170407693
20
3.821619076045751
30
105
10
17.744037352601545
20
1.9442293316808088
30
105
10
16.1372882695348
20
-0.14972684116110374
30
105
10
15
20
1.2246467991473533e-15
30
105
10
15.183377180821726
20
-1.392887975406557
30
105
10
27.090770275176027
20
7.27525512860841
30
105
10
28.066730659693086
20
7.403742750776435
30
105
10
25.062800030943233
20
7.008267780922242
30
105
10
23.188266684282357
20
6.761480784023478
30
105
10
18.937822173508927
20
3.499999999999999
30
105
10
18.238519215976527
20
1.811733315717646
30
105
10
17.35941072940498
20
-0.31062231536066554
30
105
10
16.416011118383928
20
-2.588190451025208
30
105
10
15.340741737109319
20
-2.5881904510252074
30
105
10
15.878376427746625
20
-3.886155412764059
30
105
10
27.56066017177982
20
6.662882692912617
30
105
10
28.755962647398448
20
6.505518136625026
30
105
10
25.081842593740433
20
6.989225218125041
30
105
10
25
20
6.999999999999999
30
105
10
17.948888739433603
20
-0.38822856765378155
30
105
10
17.65925826289068
20
-2.5881904510252083
30
105
10
17.35941072940497
20
-4.865758586689749
30
105
10
16.33974596215561
20
-4.999999999999997
30
105
10
17.194999246924887
20
-6.114587780917102
30
105
10
27.798697020563758
20
6.352667031906221
30
105
10
29.373911142208712
20
5.700191979079259
30
105
10
26.811733315717646
20
6.761480784023478
30
105
10
18
20
2.9976021664879227e-15
30
105
10
18.052914270615126
20
-0.40192378864668477
30
105
10
18.34074173710932
20
-2.588190451025209
30
105
10
18.618761720511415
20
-4.699961883371424
30
105
10
18.896781703913508
20
-6.811733315717639
30
105
10
17.92893218813452
20
-7.07106781186547
30
105
10
19.04351996905164
20
-7.926321096634759
30
105
10
28.5
20
6.0621778264910695
30
105
10
29.949747468305834
20
4.949747468305832
30
105
10
18.238519215976524
20
-1.811733315717641
30
105
10
18.56013829202228
20
-2.588190451025209
30
105
10
19.392660232770734
20
-4.598076211353314
30
105
10
20.168447179064742
20
-6.470991578608327
30
105
10
20.917799826188055
20
-8.280088902293624
30
105
10
19.999999999999996
20
-8.660254037844386
30
105
10
21.297964961738817
20
-9.19788872848168
30
105
10
29.003026217850493
20
-5.853817544828153
30
105
10
21.244037352601534
20
-9.0676959631161
30
105
10
22.411809548974794
20
-9.659258262890681
30
105
10
32.0461062219147
20
-4.593332535758388
30
105
10
24.999999999999996
20
-10
30
105
10
32.57583632609712
20
-4.3739111422087165
30
105
10
27.588190451025202
20
-9.659258262890685
30
105
10
30
20
-8.660254037844386
30
105
10
32.071067811865476
20
-7.071067811865476
30
105
10
20.626088857791274
20
-7.575836326097115
30
105
10
23.546106221914695
20
-7.191408747111705
30
105
10
26.81173331571764
20
-6.76148078402348
30
105
10
32.15178250656698
20
-3.260066554972767
30
105
10
32.40374275077644
20
-3.0667306596930812
30
105
10
31.113152040975976
20
-4.0570357417579
30
105
10
28.5
20
-6.0621778264910695
30
105
10
20.12153602458926
20
-6.35773803324704
30
105
10
20.436407944458203
20
-6.399191707917924
30
105
10
24.247409201350933
20
-6.900919541696556
30
105
10
25.000000000000004
20
-6.999999999999999
30
105
10
32.02767753974245
20
-2.2417362762199042
30
105
10
31.76183390131635
20
-2.5881904510252145
30
105
10
31.43624326856191
20
-3.012508424790222
30
105
10
31.011925294796903
20
-3.56549037435335
30
105
10
30.41184906153975
20
-4.347524947173044
30
105
10
29.949747468305834
20
-4.949747468305829
30
105
10
19.688266684282347
20
-5.311733315717644
30
105
10
21.576265156228303
20
-6.093767888537336
30
105
10
23.18826668428235
20
-6.761480784023476
30
105
10
32.061182051537365
20
-1.0881904510252136
30
105
10
32.12346663143529
20
-0.9378221735089283
30
105
10
31.91133141778042
20
-1.4499618833714336
30
105
10
31.761480784023476
20
-1.8117333157176512
30
105
10
31.606343992275555
20
-2.18626666237853
30
105
10
31.43986170797772
20
-2.5881904510252145
30
105
10
31.254174847846187
20
-3.03647818710924
30
105
10
31.062177826491066
20
-3.5000000000000075
30
105
10
19.299808020920736
20
-4.37391114220871
30
105
10
19.562760956484382
20
-4.575682026234989
30
105
10
21.5
20
-6.06217782649107
30
105
10
31.93451339149909
20
-0.4974201758491862
30
105
10
32
20
-1.951563910473908e-15
30
105
10
31.871179061479957
20
-0.9784921735687349
30
105
10
31.8143950546386
20
-1.4098095270709683
30
105
10
18.937822173508927
20
-3.4999999999999973
30
105
10
19.744829377200105
20
-4.551712263915972
30
105
10
20.050252531694163
20
-4.949747468305829
30
105
10
20
20
8.660254037844387
30
35
10
17.928932188134524
20
7.0710678118654755
30
35
10
22.411809548974794
20
9.659258262890681
30
35
10
16.33974596215561
20
4.999999999999999
30
35
10
25
20
10
30
35
10
15.34074173710932
20
2.58819045102521
30
35
10
26.19530247561862
20
9.842635443712412
30
67.32805887996408
10
27.588190451025206
20
9.659258262890681
30
35
10
26.19530247561862
20
9.842635443712412
30
35
10
15.157364556287588
20
1.1953024756186184
30
67.32805887996388
10
15.157364556287588
20
1.1953024756186186
30
35
10
15
20
1.2246467991473533e-15
30
35
10
28.702035038261187
20
9.197888728481677
30
67.32805887996493
10
30
20
8.660254037844386
30
35
10
28.702035038261187
20
9.197888728481677
30
35
10
15.183377180821726
20
-1.3928879754065568
30
67.32805887996477
10
15.183377180821726
20
-1.392887975406557
30
35
10
15.340741737109319
20
-2.5881904510252074
30
35
10
15.878376427746625
20
-3.886155412764059
30
67.32805887996369
10
15.878376427746625
20
-3.886155412764059
30
35
10
16.33974596215561
20
-4.999999999999997
30
35
10
34.02270007667185
20
-3.6473329680938007
30
35
10
34.65925826289068
20
-2.5881904510252154
30
35
10
34.12162357225337
20
-3.886155412764061
30
35
10
33.75596264739845
20
-3.003371848749397
30
35
10
33.55128781921283
20
-2.5092431026672934
30
35
10
33.3841715217973
20
-2.1057886709531504
30
35
10
33.24066550385216
20
-1.7593344961478379
30
35
10
33.112001528054044
20
-1.4487121807871717
30
35
10
32.99210578957929
20
-1.1592582628906873
30
35
10
32.876295399324526
20
-0.8796672480739176
30
35
10
32.76048500906977
20
-0.6000762332571488
30
35
10
32.640589270595015
20
-0.31062231536066565
30
35
10
32.511925294796896
20
1.5235063618832378e-16
30
35
10
32.36841927685176
20
0.34645417480531177
30
35
10
32.201302979436235
20
0.7499086065194506
30
35
10
31.99662815125062
20
1.2440373526015502
30
35
10
31.729890721977206
20
1.8879984719459515
30
35
10
31.352667031906222
20
2.798697020563761
30
35
10
30.75259079864908
20
4.247409201350919
30
35
10
29.59333253575842
20
7.0461062219146475
30
35
10
33.66025403784438
20
-5.000000000000004
30
35
10
32.72354286469244
20
-5.495853690220514
30
35
10
32.80500075307511
20
-6.1145877809171
30
35
10
32.557060580394605
20
-4.231295194569367
30
35
10
32.439339828220184
20
-3.3371173070873796
30
35
10
32.349009518031565
20
-2.6509904819684382
30
35
10
32.275255128608414
20
-2.0907702751760278
30
35
10
32.211920798589276
20
-1.6096982774564788
30
35
10
32.15513679174792
20
-1.1783809239542455
30
35
10
32.102222521132795
20
-0.7764571353075622
30
35
10
32.0511112605664
20
-0.3882285676537813
30
35
10
32
20
1.836970198721031e-16
30
35
10
31.947085729384874
20
0.4019237886466847
30
35
10
31.89030172254352
20
0.8332411421489175
30
35
10
31.82696739252438
20
1.3143131398684667
30
35
10
31.761480784023476
20
1.8117333157176454
30
35
10
29.61829412570917
20
5.381705874290829
30
35
10
31.062177826491077
20
3.4999999999999947
30
35
10
16.733629712515906
20
2.4048132702034817
30
35
10
19.13844298271938
20
4.250091393480549
30
35
10
21.101964795610144
20
5.756754671997009
30
35
10
22.788079201410724
20
7.050555760387908
30
35
10
24.29980802092074
20
8.210546082103521
30
35
10
25.708515019631143
20
9.291484980368857
30
35
10
26.28108891324553
20
9.730836381551368
30
35
10
21.500000000000007
20
6.062177826491073
30
35
10
23.246786996898763
20
6.785720691183508
30
35
10
25.136554420366384
20
7.568487987714654
30
35
10
26.75933449614783
20
8.24066550385217
30
35
10
27.26410301037947
20
8.449747468305832
30
35
10
16.252177715582555
20
1.1479730275797622e-15
30
35
10
17.97232246025755
20
2.2417362762199002
30
35
10
19.44944423961209
20
4.166758857851082
30
35
10
20.05025253169417
20
4.94974746830583
30
35
10
23.188266684282354
20
6.761480784023479
30
35
10
23.27010927802279
20
6.772255565898437
30
35
10
25.748926856062177
20
7.098598091110861
30
35
10
27.650990481968442
20
7.349009518031558
30
35
10
28.066730659693082
20
7.403742750776435
30
35
10
16.47803000664414
20
-2.4384636098641006
30
35
10
17.488074705203104
20
1.0722961629590295e-15
30
35
10
18.393656007724445
20
2.1862666623785256
30
35
10
18.937822173508927
20
3.500000000000002
30
35
10
24.999999999999996
20
6.999999999999999
30
35
10
26.059142517068576
20
6.86056124232692
30
35
10
28.45483805926181
20
6.545161940738192
30
35
10
28.755962647398448
20
6.505518136625025
30
35
10
17.378376427746613
20
-4.721699805510528
30
35
10
17.194999246924887
20
-6.114587780917102
30
35
10
17.700152466514293
20
-2.277568135664543
30
35
10
18
20
1.0409497792752503e-15
30
35
10
18.238519215976524
20
1.8117333157176456
30
35
10
26.811733315717643
20
6.761480784023478
30
35
10
29.247409201350926
20
5.752590798649073
30
35
10
29.373911142208712
20
5.700191979079259
30
35
10
18.879108486571553
20
-6.677491902407388
30
35
10
19.04351996905164
20
-7.926321096634759
30
35
10
17.92893218813452
20
-7.07106781186547
30
35
10
18.579260953085843
20
-4.399923766742849
30
35
10
18.28963047654292
20
-2.1999618833714263
30
35
10
28.5
20
6.0621778264910695
30
35
10
29.949747468305834
20
4.949747468305833
30
35
10
20.86775013659715
20
-8.159258262890686
30
35
10
21.297964961738817
20
-9.19788872848168
30
35
10
19.999999999999996
20
-8.660254037844386
30
35
10
20.05263678880998
20
-6.191400563791559
30
35
10
19.237523441022816
20
-4.223542864692436
30
35
10
18.393656007724445
20
-2.1862666623785234
30
35
10
18.238519215976524
20
-1.811733315717646
30
35
10
32.071067811865476
20
-7.071067811865476
30
35
10
32.442939419605395
20
-4.428958843275017
30
35
10
32.57583632609712
20
-4.373911142208716
30
35
10
30
20
-8.660254037844386
30
35
10
31.209510794584848
20
-4.939861707977725
30
35
10
27.588190451025202
20
-9.659258262890685
30
35
10
29.247409201350923
20
-5.752590798649075
30
35
10
24.999999999999996
20
-10
30
35
10
25.456919995935785
20
-7.322662835560839
30
35
10
22.411809548974794
20
-9.659258262890681
30
35
10
21.244037352601534
20
-9.0676959631161
30
35
10
26.811733315717643
20
-6.761480784023479
30
35
10
26.059142517068576
20
-6.86056124232692
30
35
10
22.248141260175853
20
-7.362289076105551
30
35
10
20.626088857791274
20
-7.575836326097114
30
35
10
30.38170587429083
20
-4.61829412570917
30
35
10
32.40374275077644
20
-3.0667306596930812
30
35
10
28.5
20
-6.062177826491071
30
35
10
25
20
-6.999999999999999
30
35
10
23.270109278022787
20
-6.772255565898436
30
35
10
20.12153602458926
20
-6.35773803324704
30
35
10
29.949747468305834
20
-4.94974746830583
30
35
10
31.954889553039028
20
-2.336595427329829
30
35
10
32.255962647398455
20
-1.9442293316808148
30
35
10
23.188266684282354
20
-6.761480784023478
30
35
10
20.932304036883895
20
-5.827030459263925
30
35
10
19.68826668428235
20
-5.311733315717645
30
35
10
31.06217782649107
20
-3.5000000000000067
30
35
10
31.352667031906222
20
-2.798697020563762
30
35
10
31.729890721977213
20
-1.8879984719459495
30
35
10
31.99662815125062
20
-1.2440373526015478
30
35
10
32.12346663143529
20
-0.9378221735089293
30
35
10
21.5
20
-6.062177826491071
30
35
10
21.101964795610137
20
-5.756754671997007
30
35
10
19.299808020920736
20
-4.37391114220871
30
35
10
31.82696739252438
20
-1.3143131398684649
30
35
10
31.761480784023476
20
-1.8117333157176534
30
35
10
31.89030172254352
20
-0.833241142148917
30
35
10
31.947085729384874
20
-0.4019237886466843
30
35
10
20.050252531694163
20
-4.949747468305829
30
35
10
19.44944423961209
20
-4.166758857851081
30
35
10
18.937822173508927
20
-3.4999999999999982
30
35
10
32.80500075307511
20
-6.1145877809171
30
72.67194112003547
10
21.297964961738817
20
-9.19788872848168
30
67.32805887996473
10
34.12162357225337
20
-3.886155412764061
30
72.67194112003617
10
19.04351996905164
20
-7.926321096634759
30
67.32805887996385
10
17.194999246924887
20
-6.114587780917102
30
67.32805887996429
10
29.929612086801587
20
4.9651978899472935
30
105
10
28.520135381504247
20
6.046727404849609
30
35
10
18.003312766888563
20
-0.025162962718299903
30
105
10
18.23520644908796
20
-1.7865703529993449
30
35
10
18.24823175705336
20
-1.8351814641104558
30
105
10
18.92810963243209
20
-3.476551851607187
30
35
10
28.47655185160719
20
6.071890367567909
30
105
10
26.835181464110455
20
6.751768242946639
30
35
10
26.835181464110452
20
-6.75176824294664
30
105
10
28.47655185160719
20
-6.071890367567909
30
35
10
18.23520644908796
20
1.7865703529993464
30
105
10
18.003312766888563
20
0.025162962718301513
30
35
10
25.0251629627183
20
-6.9966872331114365
30
105
10
26.78657035299934
20
-6.764793550912041
30
35
10
26.786570352999345
20
6.7647935509120405
30
105
10
25.0251629627183
20
6.9966872331114365
30
35
10
28.520135381504247
20
-6.046727404849609
30
105
10
29.929612086801583
20
-4.965197889947295
30
35
10
18.92810963243209
20
3.4765518516071894
30
105
10
18.24823175705336
20
1.8351814641104574
30
35
10
23.213429647000655
20
-6.7647935509120405
30
105
10
24.9748370372817
20
-6.9966872331114365
30
35
10
24.9748370372817
20
6.9966872331114365
30
105
10
23.213429647000655
20
6.7647935509120405
30
35
10
29.96519788994729
20
-4.929612086801586
30
105
10
31.04672740484961
20
-3.5201353815042506
30
35
10
20.03480211005271
20
4.929612086801584
30
105
10
18.953272595150388
20
3.520135381504247
30
35
10
21.523448148392806
20
-6.071890367567908
30
105
10
23.164818535889545
20
-6.751768242946639
30
35
10
23.164818535889545
20
6.751768242946639
30
105
10
21.52344814839281
20
6.071890367567909
30
35
10
31.07189036756791
20
-3.4765518516071925
30
105
10
31.75176824294664
20
-1.8351814641104613
30
35
10
21.479864618495753
20
6.046727404849609
30
105
10
20.070387913198417
20
4.965197889947294
30
35
10
20.07038791319841
20
-4.965197889947292
30
105
10
21.47986461849575
20
-6.046727404849608
30
35
10
31.046727404849612
20
3.520135381504247
30
105
10
29.965197889947294
20
4.929612086801584
30
35
10
31.76479355091204
20
-1.7865703529993504
30
105
10
31.996687233111437
20
-0.025162962718300718
30
35
10
31.996687233111437
20
0.025162962718300652
30
105
10
31.76479355091204
20
1.7865703529993442
30
35
10
18.953272595150388
20
-3.5201353815042458
30
105
10
20.034802110052702
20
-4.9296120868015825
30
35
10
31.75176824294664
20
1.8351814641104554
30
105
10
31.07189036756791
20
3.476551851607189
30
35
10
89.65925826289069
20
2.588190451025207
30
105
10
89.65925826289069
20
2.588190451025207
30
35
10
88.6602540378444
20
4.999999999999999
30
35
10
88.6602540378444
20
4.999999999999999
30
105
10
90
20
0
30
105
10
90
20
0
30
35
10
87.07106781186548
20
7.071067811865475
30
35
10
87.07106781186548
20
7.071067811865475
30
105
10
89.65925826289069
20
-2.5881904510252154
30
105
10
85
20
8.660254037844386
30
105
10
85.85381754482819
20
4.003026217850415
30
105
10
83.70203503826119
20
9.197888728481677
30
105
10
87.32266283556083
20
0.4569199959357758
30
105
10
87.82365861051454
20
-0.7525907986490716
30
105
10
88.08299310666237
20
-1.3786796564403578
30
105
10
88.24601758618323
20
-1.7722555658984385
30
105
10
88.36129330115183
20
-2.0505557603879105
30
105
10
88.44974746830582
20
-2.2641030103794764
30
105
10
88.52196999335587
20
-2.438463609864108
30
105
10
88.58398888161608
20
-2.588190451025215
30
105
10
88.63959349564131
20
-2.7224318643354657
30
105
10
88.6914087471117
20
-2.8475249471730466
30
105
10
88.7414584367026
20
-2.968355586575985
30
105
10
88.79150812629351
20
-3.0891862259789233
30
105
10
88.84332337776391
20
-3.214279308816505
30
105
10
88.89892799178914
20
-3.348520722126756
30
105
10
88.96094688004935
20
-3.4982475632878636
30
105
10
89.03316940509939
20
-3.6726081627724967
30
105
10
89.12162357225337
20
-3.886155412764061
30
105
10
86.86056124232692
20
1.0591425170685649
30
105
10
86.76148078402348
20
1.8117333157176443
30
105
10
86.98922521812504
20
0.08184259374042514
30
105
10
87.08020438790632
20
-0.6092128092979935
30
105
10
87.1500151602234
20
-1.139478270238051
30
105
10
87.20701541713223
20
-1.5724382060796724
30
105
10
87.25596264739846
20
-1.9442293316808137
30
105
10
87.2998475334857
20
-2.2775681356645503
30
105
10
87.34074173710931
20
-2.5881904510252145
30
105
10
87.38024250453489
20
-2.888228567653787
30
105
10
87.41974327196047
20
-3.1882666842823593
30
105
10
87.46063747558406
20
-3.4988889996430235
30
105
10
87.50452236167132
20
-3.8322278036267594
30
105
10
87.55346959193754
20
-4.2040189292279
30
105
10
87.61046984884638
20
-4.636978865069518
30
105
10
87.68028062116346
20
-5.167244326009573
30
105
10
87.77125979094474
20
-5.858299729047991
30
105
10
87.80500075307512
20
-6.1145877809171
30
105
10
88.66025403784438
20
-5.000000000000004
30
105
10
82.58819045102521
20
9.659258262890681
30
105
10
86.06217782649108
20
3.5000000000000004
30
105
10
81.19530247561862
20
9.842635443712412
30
105
10
80.60475539729242
20
9.21186742188585
30
105
10
81.28108891324553
20
9.730836381551368
30
105
10
80
20
10
30
105
10
79.05124830664786
20
8.019819505217606
30
105
10
77.41180954897479
20
9.659258262890681
30
105
10
77.4429394196054
20
6.785720691183507
30
105
10
75
20
8.660254037844387
30
105
10
75.71701138954525
20
5.461369534408995
30
105
10
72.92893218813452
20
7.0710678118654755
30
105
10
73.79198880791407
20
3.984247755054452
30
105
10
71.3397459621556
20
4.999999999999999
30
105
10
71.55025253169418
20
2.2641030103794706
30
105
10
70.34074173710933
20
2.58819045102521
30
105
10
70.15736455628759
20
1.1953024756186186
30
105
10
81.44871218078717
20
8.11200152805405
30
105
10
82.26410301037947
20
8.449747468305832
30
105
10
79.68826668428235
20
7.38280112758312
30
105
10
77.7247448713916
20
6.569483762668357
30
105
10
76.5
20
6.062177826491072
30
105
10
75.05025253169417
20
4.949747468305833
30
105
10
74.1846091704077
20
3.821619076045751
30
105
10
72.74403735260154
20
1.9442293316808088
30
105
10
71.13728826953479
20
-0.14972684116110374
30
105
10
70
20
1.2246467991473533e-15
30
105
10
70.18337718082172
20
-1.392887975406557
30
105
10
82.09077027517603
20
7.27525512860841
30
105
10
83.06673065969309
20
7.403742750776435
30
105
10
80.06280003094324
20
7.008267780922242
30
105
10
78.18826668428235
20
6.761480784023478
30
105
10
73.93782217350892
20
3.499999999999999
30
105
10
73.23851921597652
20
1.811733315717646
30
105
10
72.35941072940498
20
-0.31062231536066554
30
105
10
71.41601111838392
20
-2.588190451025208
30
105
10
70.34074173710931
20
-2.5881904510252074
30
105
10
70.87837642774663
20
-3.886155412764059
30
105
10
82.56066017177982
20
6.662882692912617
30
105
10
83.75596264739845
20
6.505518136625026
30
105
10
80.08184259374043
20
6.989225218125041
30
105
10
80
20
6.999999999999999
30
105
10
72.9488887394336
20
-0.38822856765378155
30
105
10
72.65925826289069
20
-2.5881904510252083
30
105
10
72.35941072940497
20
-4.865758586689749
30
105
10
71.3397459621556
20
-4.999999999999997
30
105
10
72.19499924692488
20
-6.114587780917102
30
105
10
82.79869702056376
20
6.352667031906221
30
105
10
84.37391114220871
20
5.700191979079259
30
105
10
81.81173331571765
20
6.761480784023478
30
105
10
73
20
2.9976021664879227e-15
30
105
10
73.05291427061513
20
-0.40192378864668477
30
105
10
73.34074173710931
20
-2.588190451025209
30
105
10
73.61876172051142
20
-4.699961883371424
30
105
10
73.8967817039135
20
-6.811733315717639
30
105
10
72.92893218813452
20
-7.07106781186547
30
105
10
74.04351996905164
20
-7.926321096634759
30
105
10
83.5
20
6.0621778264910695
30
105
10
84.94974746830583
20
4.949747468305832
30
105
10
73.23851921597652
20
-1.811733315717641
30
105
10
73.56013829202229
20
-2.588190451025209
30
105
10
74.39266023277074
20
-4.598076211353314
30
105
10
75.16844717906474
20
-6.470991578608327
30
105
10
75.91779982618806
20
-8.280088902293624
30
105
10
75
20
-8.660254037844386
30
105
10
76.29796496173881
20
-9.19788872848168
30
105
10
84.00302621785049
20
-5.853817544828153
30
105
10
76.24403735260154
20
-9.0676959631161
30
105
10
77.41180954897479
20
-9.659258262890681
30
105
10
87.0461062219147
20
-4.593332535758388
30
105
10
80
20
-10
30
105
10
87.57583632609712
20
-4.3739111422087165
30
105
10
82.5881904510252
20
-9.659258262890685
30
105
10
85
20
-8.660254037844386
30
105
10
87.07106781186548
20
-7.071067811865476
30
105
10
75.62608885779127
20
-7.575836326097115
30
105
10
78.5461062219147
20
-7.191408747111705
30
105
10
81.81173331571765
20
-6.76148078402348
30
105
10
87.15178250656697
20
-3.260066554972767
30
105
10
87.40374275077644
20
-3.0667306596930812
30
105
10
86.11315204097598
20
-4.0570357417579
30
105
10
83.5
20
-6.0621778264910695
30
105
10
75.12153602458926
20
-6.35773803324704
30
105
10
75.43640794445821
20
-6.399191707917924
30
105
10
79.24740920135093
20
-6.900919541696556
30
105
10
80
20
-6.999999999999999
30
105
10
87.02767753974246
20
-2.2417362762199042
30
105
10
86.76183390131635
20
-2.5881904510252145
30
105
10
86.43624326856191
20
-3.012508424790222
30
105
10
86.0119252947969
20
-3.56549037435335
30
105
10
85.41184906153975
20
-4.347524947173044
30
105
10
84.94974746830583
20
-4.949747468305829
30
105
10
74.68826668428235
20
-5.311733315717644
30
105
10
76.5762651562283
20
-6.093767888537336
30
105
10
78.18826668428235
20
-6.761480784023476
30
105
10
87.06118205153737
20
-1.0881904510252136
30
105
10
87.12346663143529
20
-0.9378221735089283
30
105
10
86.91133141778042
20
-1.4499618833714336
30
105
10
86.76148078402348
20
-1.8117333157176512
30
105
10
86.60634399227555
20
-2.18626666237853
30
105
10
86.43986170797771
20
-2.5881904510252145
30
105
10
86.25417484784619
20
-3.03647818710924
30
105
10
86.06217782649107
20
-3.5000000000000075
30
105
10
74.29980802092074
20
-4.37391114220871
30
105
10
74.56276095648438
20
-4.575682026234989
30
105
10
76.5
20
-6.06217782649107
30
105
10
86.9345133914991
20
-0.4974201758491862
30
105
10
87
20
-1.951563910473908e-15
30
105
10
86.87117906147995
20
-0.9784921735687349
30
105
10
86.8143950546386
20
-1.4098095270709683
30
105
10
73.93782217350892
20
-3.4999999999999973
30
105
10
74.7448293772001
20
-4.551712263915972
30
105
10
75.05025253169416
20
-4.949747468305829
30
105
10
75
20
8.660254037844387
30
35
10
72.92893218813452
20
7.0710678118654755
30
35
10
77.41180954897479
20
9.659258262890681
30
35
10
71.3397459621556
20
4.999999999999999
30
35
10
80
20
10
30
35
10
70.34074173710933
20
2.58819045102521
30
35
10
81.19530247561862
20
9.842635443712412
30
67.32805887996408
10
82.58819045102521
20
9.659258262890681
30
35
10
81.19530247561862
20
9.842635443712412
30
35
10
70.15736455628759
20
1.1953024756186184
30
67.32805887996388
10
70.15736455628759
20
1.1953024756186186
30
35
10
70
20
1.2246467991473533e-15
30
35
10
83.70203503826119
20
9.197888728481677
30
67.32805887996493
10
85
20
8.660254037844386
30
35
10
83.70203503826119
20
9.197888728481677
30
35
10
70.18337718082172
20
-1.3928879754065568
30
67.32805887996477
10
70.18337718082172
20
-1.392887975406557
30
35
10
70.34074173710931
20
-2.5881904510252074
30
35
10
70.87837642774663
20
-3.886155412764059
30
67.32805887996369
10
70.87837642774663
20
-3.886155412764059
30
35
10
71.3397459621556
20
-4.999999999999997
30
35
10
89.02270007667185
20
-3.6473329680938007
30
35
10
89.65925826289069
20
-2.5881904510252154
30
35
10
89.12162357225337
20
-3.886155412764061
30
35
10
88.75596264739845
20
-3.003371848749397
30
35
10
88.55128781921283
20
-2.5092431026672934
30
35
10
88.3841715217973
20
-2.1057886709531504
30
35
10
88.24066550385217
20
-1.7593344961478379
30
35
10
88.11200152805404
20
-1.4487121807871717
30
35
10
87.99210578957928
20
-1.1592582628906873
30
35
10
87.87629539932453
20
-0.8796672480739176
30
35
10
87.76048500906977
20
-0.6000762332571488
30
35
10
87.64058927059502
20
-0.31062231536066565
30
35
10
87.5119252947969
20
1.5235063618832378e-16
30
35
10
87.36841927685177
20
0.34645417480531177
30
35
10
87.20130297943624
20
0.7499086065194506
30
35
10
86.99662815125062
20
1.2440373526015502
30
35
10
86.7298907219772
20
1.8879984719459515
30
35
10
86.35266703190622
20
2.798697020563761
30
35
10
85.75259079864908
20
4.247409201350919
30
35
10
84.59333253575842
20
7.0461062219146475
30
35
10
88.66025403784438
20
-5.000000000000004
30
35
10
87.72354286469243
20
-5.495853690220514
30
35
10
87.80500075307512
20
-6.1145877809171
30
35
10
87.5570605803946
20
-4.231295194569367
30
35
10
87.43933982822018
20
-3.3371173070873796
30
35
10
87.34900951803156
20
-2.6509904819684382
30
35
10
87.27525512860842
20
-2.0907702751760278
30
35
10
87.21192079858928
20
-1.6096982774564788
30
35
10
87.15513679174792
20
-1.1783809239542455
30
35
10
87.1022225211328
20
-0.7764571353075622
30
35
10
87.0511112605664
20
-0.3882285676537813
30
35
10
87
20
1.836970198721031e-16
30
35
10
86.94708572938487
20
0.4019237886466847
30
35
10
86.89030172254351
20
0.8332411421489175
30
35
10
86.82696739252438
20
1.3143131398684667
30
35
10
86.76148078402348
20
1.8117333157176454
30
35
10
84.61829412570917
20
5.381705874290829
30
35
10
86.06217782649108
20
3.4999999999999947
30
35
10
71.7336297125159
20
2.4048132702034817
30
35
10
74.13844298271938
20
4.250091393480549
30
35
10
76.10196479561014
20
5.756754671997009
30
35
10
77.78807920141072
20
7.050555760387908
30
35
10
79.29980802092074
20
8.210546082103521
30
35
10
80.70851501963114
20
9.291484980368857
30
35
10
81.28108891324553
20
9.730836381551368
30
35
10
76.5
20
6.062177826491073
30
35
10
78.24678699689876
20
6.785720691183508
30
35
10
80.13655442036638
20
7.568487987714654
30
35
10
81.75933449614783
20
8.24066550385217
30
35
10
82.26410301037947
20
8.449747468305832
30
35
10
71.25217771558255
20
1.1479730275797622e-15
30
35
10
72.97232246025754
20
2.2417362762199002
30
35
10
74.44944423961209
20
4.166758857851082
30
35
10
75.05025253169417
20
4.94974746830583
30
35
10
78.18826668428235
20
6.761480784023479
30
35
10
78.27010927802279
20
6.772255565898437
30
35
10
80.74892685606218
20
7.098598091110861
30
35
10
82.65099048196845
20
7.349009518031558
30
35
10
83.06673065969308
20
7.403742750776435
30
35
10
71.47803000664413
20
-2.4384636098641006
30
35
10
72.4880747052031
20
1.0722961629590295e-15
30
35
10
73.39365600772445
20
2.1862666623785256
30
35
10
73.93782217350892
20
3.500000000000002
30
35
10
80
20
6.999999999999999
30
35
10
81.05914251706858
20
6.86056124232692
30
35
10
83.45483805926182
20
6.545161940738192
30
35
10
83.75596264739845
20
6.505518136625025
30
35
10
72.37837642774662
20
-4.721699805510528
30
35
10
72.19499924692488
20
-6.114587780917102
30
35
10
72.7001524665143
20
-2.277568135664543
30
35
10
73
20
1.0409497792752503e-15
30
35
10
73.23851921597652
20
1.8117333157176456
30
35
10
81.81173331571765
20
6.761480784023478
30
35
10
84.24740920135093
20
5.752590798649073
30
35
10
84.37391114220871
20
5.700191979079259
30
35
10
73.87910848657155
20
-6.677491902407388
30
35
10
74.04351996905164
20
-7.926321096634759
30
35
10
72.92893218813452
20
-7.07106781186547
30
35
10
73.57926095308585
20
-4.399923766742849
30
35
10
73.28963047654292
20
-2.1999618833714263
30
35
10
83.5
20
6.0621778264910695
30
35
10
84.94974746830583
20
4.949747468305833
30
35
10
75.86775013659715
20
-8.159258262890686
30
35
10
76.29796496173881
20
-9.19788872848168
30
35
10
75
20
-8.660254037844386
30
35
10
75.05263678880998
20
-6.191400563791559
30
35
10
74.23752344102282
20
-4.223542864692436
30
35
10
73.39365600772445
20
-2.1862666623785234
30
35
10
73.23851921597652
20
-1.811733315717646
30
35
10
87.07106781186548
20
-7.071067811865476
30
35
10
87.4429394196054
20
-4.428958843275017
30
35
10
87.57583632609712
20
-4.373911142208716
30
35
10
85
20
-8.660254037844386
30
35
10
86.20951079458484
20
-4.939861707977725
30
35
10
82.5881904510252
20
-9.659258262890685
30
35
10
84.24740920135092
20
-5.752590798649075
30
35
10
80
20
-10
30
35
10
80.45691999593578
20
-7.322662835560839
30
35
10
77.41180954897479
20
-9.659258262890681
30
35
10
76.24403735260154
20
-9.0676959631161
30
35
10
81.81173331571765
20
-6.761480784023479
30
35
10
81.05914251706858
20
-6.86056124232692
30
35
10
77.24814126017586
20
-7.362289076105551
30
35
10
75.62608885779127
20
-7.575836326097114
30
35
10
85.38170587429083
20
-4.61829412570917
30
35
10
87.40374275077644
20
-3.0667306596930812
30
35
10
83.5
20
-6.062177826491071
30
35
10
80
20
-6.999999999999999
30
35
10
78.27010927802279
20
-6.772255565898436
30
35
10
75.12153602458926
20
-6.35773803324704
30
35
10
84.94974746830583
20
-4.94974746830583
30
35
10
86.95488955303902
20
-2.336595427329829
30
35
10
87.25596264739846
20
-1.9442293316808148
30
35
10
78.18826668428235
20
-6.761480784023478
30
35
10
75.93230403688389
20
-5.827030459263925
30
35
10
74.68826668428235
20
-5.311733315717645
30
35
10
86.06217782649107
20
-3.5000000000000067
30
35
10
86.35266703190622
20
-2.798697020563762
30
35
10
86.72989072197721
20
-1.8879984719459495
30
35
10
86.99662815125062
20
-1.2440373526015478
30
35
10
87.12346663143529
20
-0.9378221735089293
30
35
10
76.5
20
-6.062177826491071
30
35
10
76.10196479561014
20
-5.756754671997007
30
35
10
74.29980802092074
20
-4.37391114220871
30
35
10
86.82696739252438
20
-1.3143131398684649
30
35
10
86.76148078402348
20
-1.8117333157176534
30
35
10
86.89030172254351
20
-0.833241142148917
30
35
10
86.94708572938487
20
-0.4019237886466843
30
35
10
75.05025253169416
20
-4.949747468305829
30
35
10
74.44944423961209
20
-4.166758857851081
30
35
10
73.93782217350892
20
-3.4999999999999982
30
35
10
87.80500075307512
20
-6.1145877809171
30
72.67194112003547
10
76.29796496173881
20
-9.19788872848168
30
67.32805887996473
10
89.12162357225337
20
-3.886155412764061
30
72.67194112003617
10
74.04351996905164
20
-7.926321096634759
30
67.32805887996385
10
72.19499924692488
20
-6.114587780917102
30
67.32805887996429
10
84.92961208680158
20
4.9651978899472935
30
105
10
83.52013538150425
20
6.046727404849609
30
35
10
73.00331276688857
20
-0.025162962718299903
30
105
10
73.23520644908797
20
-1.7865703529993449
30
35
10
73.24823175705336
20
-1.8351814641104558
30
105
10
73.9281096324321
20
-3.476551851607187
30
35
10
83.47655185160718
20
6.071890367567909
30
105
10
81.83518146411046
20
6.751768242946639
30
35
10
81.83518146411045
20
-6.75176824294664
30
105
10
83.47655185160718
20
-6.071890367567909
30
35
10
73.23520644908797
20
1.7865703529993464
30
105
10
73.00331276688857
20
0.025162962718301513
30
35
10
80.0251629627183
20
-6.9966872331114365
30
105
10
81.78657035299935
20
-6.764793550912041
30
35
10
81.78657035299935
20
6.7647935509120405
30
105
10
80.0251629627183
20
6.9966872331114365
30
35
10
83.52013538150425
20
-6.046727404849609
30
105
10
84.92961208680158
20
-4.965197889947295
30
35
10
73.9281096324321
20
3.4765518516071894
30
105
10
73.24823175705336
20
1.8351814641104574
30
35
10
78.21342964700065
20
-6.7647935509120405
30
105
10
79.9748370372817
20
-6.9966872331114365
30
35
10
79.9748370372817
20
6.9966872331114365
30
105
10
78.21342964700065
20
6.7647935509120405
30
35
10
84.96519788994729
20
-4.929612086801586
30
105
10
86.0467274048496
20
-3.5201353815042506
30
35
10
75.03480211005271
20
4.929612086801584
30
105
10
73.9532725951504
20
3.520135381504247
30
35
10
76.5234481483928
20
-6.071890367567908
30
105
10
78.16481853588954
20
-6.751768242946639
30
35
10
78.16481853588954
20
6.751768242946639
30
105
10
76.52344814839282
20
6.071890367567909
30
35
10
86.0718903675679
20
-3.4765518516071925
30
105
10
86.75176824294664
20
-1.8351814641104613
30
35
10
76.47986461849575
20
6.046727404849609
30
105
10
75.07038791319842
20
4.965197889947294
30
35
10
75.0703879131984
20
-4.965197889947292
30
105
10
76.47986461849575
20
-6.046727404849608
30
35
10
86.0467274048496
20
3.520135381504247
30
105
10
84.96519788994729
20
4.929612086801584
30
35
10
86.76479355091203
20
-1.7865703529993504
30
105
10
86.99668723311143
20
-0.025162962718300718
30
35
10
86.99668723311143
20
0.025162962718300652
30
105
10
86.76479355091203
20
1.7865703529993442
30
35
10
73.9532725951504
20
-3.5201353815042458
30
105
10
75.03480211005271
20
-4.9296120868015825
30
35
10
86.75176824294664
20
1.8351814641104554
30
105
10
86.0718903675679
20
3.476551851607189
30
35
10
144.6592582628907
20
2.588190451025207
30
105
10
144.6592582628907
20
2.588190451025207
30
35
10
143.6602540378444
20
4.999999999999999
30
35
10
143.6602540378444
20
4.999999999999999
30
105
10
145
20
0
30
105
10
145
20
0
30
35
10
142.07106781186548
20
7.071067811865475
30
35
10
142.07106781186548
20
7.071067811865475
30
105
10
144.6592582628907
20
-2.5881904510252154
30
105
10
140
20
8.660254037844386
30
105
10
140.8538175448282
20
4.003026217850415
30
105
10
138.7020350382612
20
9.197888728481677
30
105
10
142.32266283556083
20
0.4569199959357758
30
105
10
142.82365861051454
20
-0.7525907986490716
30
105
10
143.08299310666237
20
-1.3786796564403578
30
105
10
143.24601758618323
20
-1.7722555658984385
30
105
10
143.36129330115182
20
-2.0505557603879105
30
105
10
143.44974746830582
20
-2.2641030103794764
30
105
10
143.52196999335587
20
-2.438463609864108
30
105
10
143.58398888161608
20
-2.588190451025215
30
105
10
143.6395934956413
20
-2.7224318643354657
30
105
10
143.6914087471117
20
-2.8475249471730466
30
105
10
143.7414584367026
20
-2.968355586575985
30
105
10
143.7915081262935
20
-3.0891862259789233
30
105
10
143.8433233777639
20
-3.214279308816505
30
105
10
143.89892799178915
20
-3.348520722126756
30
105
10
143.96094688004933
20
-3.4982475632878636
30
105
10
144.0331694050994
20
-3.6726081627724967
30
105
10
144.12162357225338
20
-3.886155412764061
30
105
10
141.86056124232692
20
1.0591425170685649
30
105
10
141.7614807840235
20
1.8117333157176443
30
105
10
141.98922521812506
20
0.08184259374042514
30
105
10
142.08020438790632
20
-0.6092128092979935
30
105
10
142.1500151602234
20
-1.139478270238051
30
105
10
142.20701541713223
20
-1.5724382060796724
30
105
10
142.25596264739846
20
-1.9442293316808137
30
105
10
142.29984753348572
20
-2.2775681356645503
30
105
10
142.3407417371093
20
-2.5881904510252145
30
105
10
142.3802425045349
20
-2.888228567653787
30
105
10
142.41974327196047
20
-3.1882666842823593
30
105
10
142.46063747558406
20
-3.4988889996430235
30
105
10
142.50452236167132
20
-3.8322278036267594
30
105
10
142.55346959193753
20
-4.2040189292279
30
105
10
142.61046984884638
20
-4.636978865069518
30
105
10
142.68028062116346
20
-5.167244326009573
30
105
10
142.77125979094473
20
-5.858299729047991
30
105
10
142.80500075307512
20
-6.1145877809171
30
105
10
143.66025403784437
20
-5.000000000000004
30
105
10
137.5881904510252
20
9.659258262890681
30
105
10
141.06217782649108
20
3.5000000000000004
30
105
10
136.19530247561863
20
9.842635443712412
30
105
10
135.60475539729242
20
9.21186742188585
30
105
10
136.28108891324553
20
9.730836381551368
30
105
10
135
20
10
30
105
10
134.05124830664786
20
8.019819505217606
30
105
10
132.4118095489748
20
9.659258262890681
30
105
10
132.4429394196054
20
6.785720691183507
30
105
10
130
20
8.660254037844387
30
105
10
130.71701138954526
20
5.461369534408995
30
105
10
127.92893218813452
20
7.0710678118654755
30
105
10
128.79198880791407
20
3.984247755054452
30
105
10
126.3397459621556
20
4.999999999999999
30
105
10
126.55025253169418
20
2.2641030103794706
30
105
10
125.34074173710933
20
2.58819045102521
30
105
10
125.15736455628759
20
1.1953024756186186
30
105
10
136.44871218078717
20
8.11200152805405
30
105
10
137.26410301037947
20
8.449747468305832
30
105
10
134.68826668428235
20
7.38280112758312
30
105
10
132.72474487139158
20
6.569483762668357
30
105
10
131.5
20
6.062177826491072
30
105
10
130.05025253169418
20
4.949747468305833
30
105
10
129.1846091704077
20
3.821619076045751
30
105
10
127.74403735260154
20
1.9442293316808088
30
105
10
126.13728826953479
20
-0.14972684116110374
30
105
10
125
20
1.2246467991473533e-15
30
105
10
125.18337718082172
20
-1.392887975406557
30
105
10
137.09077027517603
20
7.27525512860841
30
105
10
138.0667306596931
20
7.403742750776435
30
105
10
135.06280003094324
20
7.008267780922242
30
105
10
133.18826668428235
20
6.761480784023478
30
105
10
128.93782217350892
20
3.499999999999999
30
105
10
128.23851921597654
20
1.811733315717646
30
105
10
127.35941072940498
20
-0.31062231536066554
30
105
10
126.41601111838392
20
-2.588190451025208
30
105
10
125.34074173710931
20
-2.5881904510252074
30
105
10
125.87837642774663
20
-3.886155412764059
30
105
10
137.56066017177983
20
6.662882692912617
30
105
10
138.75596264739846
20
6.505518136625026
30
105
10
135.08184259374042
20
6.989225218125041
30
105
10
135
20
6.999999999999999
30
105
10
127.9488887394336
20
-0.38822856765378155
30
105
10
127.65925826289069
20
-2.5881904510252083
30
105
10
127.35941072940497
20
-4.865758586689749
30
105
10
126.3397459621556
20
-4.999999999999997
30
105
10
127.19499924692488
20
-6.114587780917102
30
105
10
137.79869702056376
20
6.352667031906221
30
105
10
139.37391114220873
20
5.700191979079259
30
105
10
136.81173331571765
20
6.761480784023478
30
105
10
128
20
2.9976021664879227e-15
30
105
10
128.05291427061513
20
-0.40192378864668477
30
105
10
128.3407417371093
20
-2.588190451025209
30
105
10
128.61876172051143
20
-4.699961883371424
30
105
10
128.89678170391352
20
-6.811733315717639
30
105
10
127.92893218813452
20
-7.07106781186547
30
105
10
129.04351996905163
20
-7.926321096634759
30
105
10
138.5
20
6.0621778264910695
30
105
10
139.94974746830584
20
4.949747468305832
30
105
10
128.2385192159765
20
-1.811733315717641
30
105
10
128.5601382920223
20
-2.588190451025209
30
105
10
129.39266023277074
20
-4.598076211353314
30
105
10
130.16844717906474
20
-6.470991578608327
30
105
10
130.91779982618806
20
-8.280088902293624
30
105
10
130
20
-8.660254037844386
30
105
10
131.2979649617388
20
-9.19788872848168
30
105
10
139.0030262178505
20
-5.853817544828153
30
105
10
131.24403735260154
20
-9.0676959631161
30
105
10
132.4118095489748
20
-9.659258262890681
30
105
10
142.0461062219147
20
-4.593332535758388
30
105
10
135
20
-10
30
105
10
142.57583632609712
20
-4.3739111422087165
30
105
10
137.5881904510252
20
-9.659258262890685
30
105
10
140
20
-8.660254037844386
30
105
10
142.07106781186548
20
-7.071067811865476
30
105
10
130.62608885779127
20
-7.575836326097115
30
105
10
133.5461062219147
20
-7.191408747111705
30
105
10
136.81173331571765
20
-6.76148078402348
30
105
10
142.15178250656697
20
-3.260066554972767
30
105
10
142.40374275077644
20
-3.0667306596930812
30
105
10
141.113152040976
20
-4.0570357417579
30
105
10
138.5
20
-6.0621778264910695
30
105
10
130.12153602458926
20
-6.35773803324704
30
105
10
130.4364079444582
20
-6.399191707917924
30
105
10
134.24740920135093
20
-6.900919541696556
30
105
10
135
20
-6.999999999999999
30
105
10
142.02767753974246
20
-2.2417362762199042
30
105
10
141.76183390131635
20
-2.5881904510252145
30
105
10
141.4362432685619
20
-3.012508424790222
30
105
10
141.0119252947969
20
-3.56549037435335
30
105
10
140.41184906153975
20
-4.347524947173044
30
105
10
139.94974746830584
20
-4.949747468305829
30
105
10
129.68826668428235
20
-5.311733315717644
30
105
10
131.57626515622832
20
-6.093767888537336
30
105
10
133.18826668428235
20
-6.761480784023476
30
105
10
142.06118205153737
20
-1.0881904510252136
30
105
10
142.1234666314353
20
-0.9378221735089283
30
105
10
141.91133141778042
20
-1.4499618833714336
30
105
10
141.7614807840235
20
-1.8117333157176512
30
105
10
141.60634399227555
20
-2.18626666237853
30
105
10
141.4398617079777
20
-2.5881904510252145
30
105
10
141.25417484784617
20
-3.03647818710924
30
105
10
141.06217782649105
20
-3.5000000000000075
30
105
10
129.29980802092075
20
-4.37391114220871
30
105
10
129.5627609564844
20
-4.575682026234989
30
105
10
131.5
20
-6.06217782649107
30
105
10
141.93451339149908
20
-0.4974201758491862
30
105
10
142
20
-1.951563910473908e-15
30
105
10
141.87117906147995
20
-0.9784921735687349
30
105
10
141.8143950546386
20
-1.4098095270709683
30
105
10
128.93782217350892
20
-3.4999999999999973
30
105
10
129.74482937720012
20
-4.551712263915972
30
105
10
130.05025253169416
20
-4.949747468305829
30
105
10
130
20
8.660254037844387
30
35
10
127.92893218813452
20
7.0710678118654755
30
35
10
132.4118095489748
20
9.659258262890681
30
35
10
126.3397459621556
20
4.999999999999999
30
35
10
135
20
10
30
35
10
125.34074173710933
20
2.58819045102521
30
35
10
136.19530247561863
20
9.842635443712412
30
67.32805887996408
10
137.5881904510252
20
9.659258262890681
30
35
10
136.19530247561863
20
9.842635443712412
30
35
10
125.15736455628759
20
1.1953024756186184
30
67.32805887996388
10
125.15736455628759
20
1.1953024756186186
30
35
10
125
20
1.2246467991473533e-15
30
35
10
138.7020350382612
20
9.197888728481677
30
67.32805887996493
10
140
20
8.660254037844386
30
35
10
138.7020350382612
20
9.197888728481677
30
35
10
125.18337718082172
20
-1.3928879754065568
30
67.32805887996477
10
125.18337718082172
20
-1.392887975406557
30
35
10
125.34074173710931
20
-2.5881904510252074
30
35
10
125.87837642774663
20
-3.886155412764059
30
67.32805887996369
10
125.87837642774663
20
-3.886155412764059
30
35
10
126.3397459621556
20
-4.999999999999997
30
35
10
144.02270007667187
20
-3.6473329680938007
30
35
10
144.6592582628907
20
-2.5881904510252154
30
35
10
144.12162357225338
20
-3.886155412764061
30
35
10
143.75596264739846
20
-3.003371848749397
30
35
10
143.55128781921283
20
-2.5092431026672934
30
35
10
143.3841715217973
20
-2.1057886709531504
30
35
10
143.24066550385217
20
-1.7593344961478379
30
35
10
143.11200152805404
20
-1.4487121807871717
30
35
10
142.99210578957928
20
-1.1592582628906873
30
35
10
142.87629539932453
20
-0.8796672480739176
30
35
10
142.76048500906978
20
-0.6000762332571488
30
35
10
142.640589270595
20
-0.31062231536066565
30
35
10
142.5119252947969
20
1.5235063618832378e-16
30
35
10
142.36841927685177
20
0.34645417480531177
30
35
10
142.20130297943624
20
0.7499086065194506
30
35
10
141.9966281512506
20
1.2440373526015502
30
35
10
141.7298907219772
20
1.8879984719459515
30
35
10
141.3526670319062
20
2.798697020563761
30
35
10
140.75259079864907
20
4.247409201350919
30
35
10
139.5933325357584
20
7.0461062219146475
30
35
10
143.66025403784437
20
-5.000000000000004
30
35
10
142.72354286469243
20
-5.495853690220514
30
35
10
142.80500075307512
20
-6.1145877809171
30
35
10
142.5570605803946
20
-4.231295194569367
30
35
10
142.43933982822017
20
-3.3371173070873796
30
35
10
142.34900951803155
20
-2.6509904819684382
30
35
10
142.27525512860842
20
-2.0907702751760278
30
35
10
142.2119207985893
20
-1.6096982774564788
30
35
10
142.1551367917479
20
-1.1783809239542455
30
35
10
142.1022225211328
20
-0.7764571353075622
30
35
10
142.05111126056642
20
-0.3882285676537813
30
35
10
142
20
1.836970198721031e-16
30
35
10
141.94708572938487
20
0.4019237886466847
30
35
10
141.8903017225435
20
0.8332411421489175
30
35
10
141.82696739252438
20
1.3143131398684667
30
35
10
141.7614807840235
20
1.8117333157176454
30
35
10
139.61829412570916
20
5.381705874290829
30
35
10
141.06217782649108
20
3.4999999999999947
30
35
10
126.7336297125159
20
2.4048132702034817
30
35
10
129.13844298271937
20
4.250091393480549
30
35
10
131.10196479561014
20
5.756754671997009
30
35
10
132.7880792014107
20
7.050555760387908
30
35
10
134.29980802092075
20
8.210546082103521
30
35
10
135.70851501963114
20
9.291484980368857
30
35
10
136.28108891324553
20
9.730836381551368
30
35
10
131.5
20
6.062177826491073
30
35
10
133.24678699689878
20
6.785720691183508
30
35
10
135.1365544203664
20
7.568487987714654
30
35
10
136.75933449614783
20
8.24066550385217
30
35
10
137.26410301037947
20
8.449747468305832
30
35
10
126.25217771558255
20
1.1479730275797622e-15
30
35
10
127.97232246025754
20
2.2417362762199002
30
35
10
129.4494442396121
20
4.166758857851082
30
35
10
130.05025253169418
20
4.94974746830583
30
35
10
133.18826668428235
20
6.761480784023479
30
35
10
133.2701092780228
20
6.772255565898437
30
35
10
135.74892685606218
20
7.098598091110861
30
35
10
137.65099048196845
20
7.349009518031558
30
35
10
138.0667306596931
20
7.403742750776435
30
35
10
126.47803000664413
20
-2.4384636098641006
30
35
10
127.4880747052031
20
1.0722961629590295e-15
30
35
10
128.39365600772445
20
2.1862666623785256
30
35
10
128.93782217350892
20
3.500000000000002
30
35
10
135
20
6.999999999999999
30
35
10
136.05914251706858
20
6.86056124232692
30
35
10
138.45483805926182
20
6.545161940738192
30
35
10
138.75596264739846
20
6.505518136625025
30
35
10
127.37837642774662
20
-4.721699805510528
30
35
10
127.19499924692488
20
-6.114587780917102
30
35
10
127.7001524665143
20
-2.277568135664543
30
35
10
128
20
1.0409497792752503e-15
30
35
10
128.2385192159765
20
1.8117333157176456
30
35
10
136.81173331571765
20
6.761480784023478
30
35
10
139.24740920135093
20
5.752590798649073
30
35
10
139.37391114220873
20
5.700191979079259
30
35
10
128.87910848657157
20
-6.677491902407388
30
35
10
129.04351996905163
20
-7.926321096634759
30
35
10
127.92893218813452
20
-7.07106781186547
30
35
10
128.57926095308585
20
-4.399923766742849
30
35
10
128.28963047654292
20
-2.1999618833714263
30
35
10
138.5
20
6.0621778264910695
30
35
10
139.94974746830584
20
4.949747468305833
30
35
10
130.86775013659715
20
-8.159258262890686
30
35
10
131.2979649617388
20
-9.19788872848168
30
35
10
130
20
-8.660254037844386
30
35
10
130.05263678881
20
-6.191400563791559
30
35
10
129.2375234410228
20
-4.223542864692436
30
35
10
128.39365600772445
20
-2.1862666623785234
30
35
10
128.2385192159765
20
-1.811733315717646
30
35
10
142.07106781186548
20
-7.071067811865476
30
35
10
142.4429394196054
20
-4.428958843275017
30
35
10
142.57583632609712
20
-4.373911142208716
30
35
10
140
20
-8.660254037844386
30
35
10
141.20951079458484
20
-4.939861707977725
30
35
10
137.5881904510252
20
-9.659258262890685
30
35
10
139.24740920135093
20
-5.752590798649075
30
35
10
135
20
-10
30
35
10
135.45691999593578
20
-7.322662835560839
30
35
10
132.4118095489748
20
-9.659258262890681
30
35
10
131.24403735260154
20
-9.0676959631161
30
35
10
136.81173331571765
20
-6.761480784023479
30
35
10
136.05914251706858
20
-6.86056124232692
30
35
10
132.24814126017586
20
-7.362289076105551
30
35
10
130.62608885779127
20
-7.575836326097114
30
35
10
140.38170587429084
20
-4.61829412570917
30
35
10
142.40374275077644
20
-3.0667306596930812
30
35
10
138.5
20
-6.062177826491071
30
35
10
135
20
-6.999999999999999
30
35
10
133.2701092780228
20
-6.772255565898436
30
35
10
130.12153602458926
20
-6.35773803324704
30
35
10
139.94974746830584
20
-4.94974746830583
30
35
10
141.95488955303904
20
-2.336595427329829
30
35
10
142.25596264739846
20
-1.9442293316808148
30
35
10
133.18826668428235
20
-6.761480784023478
30
35
10
130.9323040368839
20
-5.827030459263925
30
35
10
129.68826668428235
20
-5.311733315717645
30
35
10
141.06217782649108
20
-3.5000000000000067
30
35
10
141.3526670319062
20
-2.798697020563762
30
35
10
141.7298907219772
20
-1.8879984719459495
30
35
10
141.9966281512506
20
-1.2440373526015478
30
35
10
142.1234666314353
20
-0.9378221735089293
30
35
10
131.5
20
-6.062177826491071
30
35
10
131.10196479561014
20
-5.756754671997007
30
35
10
129.29980802092075
20
-4.37391114220871
30
35
10
141.82696739252438
20
-1.3143131398684649
30
35
10
141.7614807840235
20
-1.8117333157176534
30
35
10
141.8903017225435
20
-0.833241142148917
30
35
10
141.94708572938487
20
-0.4019237886466843
30
35
10
130.05025253169416
20
-4.949747468305829
30
35
10
129.4494442396121
20
-4.166758857851081
30
35
10
128.93782217350892
20
-3.4999999999999982
30
35
10
142.80500075307512
20
-6.1145877809171
30
72.67194112003547
10
131.2979649617388
20
-9.19788872848168
30
67.32805887996473
10
144.12162357225338
20
-3.886155412764061
30
72.67194112003617
10
129.04351996905163
20
-7.926321096634759
30
67.32805887996385
10
127.19499924692488
20
-6.114587780917102
30
67.32805887996429
10
139.9296120868016
20
4.9651978899472935
30
105
10
138.52013538150425
20
6.046727404849609
30
35
10
128.00331276688857
20
-0.025162962718299903
30
105
10
128.23520644908797
20
-1.7865703529993449
30
35
10
128.24823175705336
20
-1.8351814641104558
30
105
10
128.9281096324321
20
-3.476551851607187
30
35
10
138.47655185160718
20
6.071890367567909
30
105
10
136.83518146411046
20
6.751768242946639
30
35
10
136.83518146411046
20
-6.75176824294664
30
105
10
138.47655185160718
20
-6.071890367567909
30
35
10
128.23520644908797
20
1.7865703529993464
30
105
10
128.00331276688857
20
0.025162962718301513
30
35
10
135.0251629627183
20
-6.9966872331114365
30
105
10
136.78657035299935
20
-6.764793550912041
30
35
10
136.78657035299935
20
6.7647935509120405
30
105
10
135.0251629627183
20
6.9966872331114365
30
35
10
138.52013538150425
20
-6.046727404849609
30
105
10
139.92961208680157
20
-4.965197889947295
30
35
10
128.9281096324321
20
3.4765518516071894
30
105
10
128.24823175705336
20
1.8351814641104574
30
35
10
133.21342964700065
20
-6.7647935509120405
30
105
10
134.9748370372817
20
-6.9966872331114365
30
35
10
134.9748370372817
20
6.9966872331114365
30
105
10
133.21342964700065
20
6.7647935509120405
30
35
10
139.9651978899473
20
-4.929612086801586
30
105
10
141.0467274048496
20
-3.5201353815042506
30
35
10
130.0348021100527
20
4.929612086801584
30
105
10
128.9532725951504
20
3.520135381504247
30
35
10
131.52344814839282
20
-6.071890367567908
30
105
10
133.16481853588954
20
-6.751768242946639
30
35
10
133.16481853588954
20
6.751768242946639
30
105
10
131.52344814839282
20
6.071890367567909
30
35
10
141.0718903675679
20
-3.4765518516071925
30
105
10
141.75176824294664
20
-1.8351814641104613
30
35
10
131.47986461849575
20
6.046727404849609
30
105
10
130.07038791319843
20
4.965197889947294
30
35
10
130.0703879131984
20
-4.965197889947292
30
105
10
131.47986461849575
20
-6.046727404849608
30
35
10
141.0467274048496
20
3.520135381504247
30
105
10
139.9651978899473
20
4.929612086801584
30
35
10
141.76479355091203
20
-1.7865703529993504
30
105
10
141.99668723311143
20
-0.025162962718300718
30
35
10
141.99668723311143
20
0.025162962718300652
30
105
10
141.76479355091203
20
1.7865703529993442
30
35
10
128.9532725951504
20
-3.5201353815042458
30
105
10
130.0348021100527
20
-4.9296120868015825
30
35
10
141.75176824294664
20
1.8351814641104554
30
105
10
141.0718903675679
20
3.476551851607189
30
35
93
5373
90
3
90
0
90
1
90
2
90
3
90
2
90
3
90
0
90
3
90
4
90
5
90
1
90
3
90
1
90
0
90
4
90
3
90
3
90
2
90
6
90
3
90
6
90
7
90
3
90
3
90
8
90
4
90
0
90
3
90
8
90
0
90
3
90
3
90
8
90
3
90
7
90
3
90
8
90
7
90
9
90
4
90
10
90
8
90
9
90
11
90
6
90
12
90
8
90
10
90
49
90
364
90
30
90
3
90
13
90
8
90
12
90
3
90
14
90
8
90
13
90
3
90
15
90
8
90
14
90
3
90
16
90
8
90
15
90
3
90
17
90
8
90
16
90
3
90
18
90
8
90
17
90
3
90
19
90
8
90
18
90
3
90
20
90
8
90
19
90
3
90
21
90
8
90
20
90
3
90
22
90
8
90
21
90
3
90
23
90
8
90
22
90
3
90
24
90
8
90
23
90
3
90
25
90
8
90
24
90
3
90
26
90
8
90
25
90
3
90
27
90
8
90
26
90
3
90
27
90
28
90
8
90
3
90
29
90
12
90
30
90
4
90
31
90
13
90
12
90
29
90
6
90
32
90
14
90
13
90
31
90
360
90
155
90
5
90
33
90
15
90
14
90
32
90
144
90
4
90
34
90
16
90
15
90
33
90
4
90
35
90
17
90
16
90
34
90
4
90
36
90
18
90
17
90
35
90
4
90
37
90
19
90
18
90
36
90
4
90
38
90
20
90
19
90
37
90
5
90
39
90
21
90
20
90
38
90
127
90
4
90
40
90
22
90
21
90
39
90
4
90
41
90
23
90
22
90
40
90
4
90
42
90
24
90
23
90
41
90
5
90
43
90
25
90
24
90
42
90
119
90
4
90
44
90
26
90
25
90
43
90
4
90
45
90
27
90
26
90
44
90
5
90
27
90
45
90
46
90
47
90
28
90
3
90
10
90
11
90
48
90
11
90
49
90
10
90
48
90
50
90
52
90
66
90
77
90
87
90
96
90
106
90
356
90
4
90
51
90
52
90
50
90
53
90
4
90
54
90
51
90
53
90
55
90
4
90
56
90
54
90
55
90
57
90
6
90
58
90
352
90
69
90
56
90
57
90
59
90
5
90
60
90
70
90
58
90
59
90
61
90
4
90
62
90
60
90
61
90
63
90
3
90
62
90
63
90
64
90
4
90
51
90
65
90
66
90
52
90
4
90
54
90
67
90
65
90
51
90
6
90
56
90
68
90
348
90
79
90
67
90
54
90
3
90
69
90
68
90
56
90
4
90
70
90
60
90
71
90
344
90
5
90
62
90
72
90
80
90
71
90
60
90
5
90
73
90
72
90
62
90
64
90
74
90
3
90
73
90
74
90
75
90
4
90
65
90
76
90
77
90
66
90
4
90
67
90
78
90
76
90
65
90
5
90
79
90
340
90
89
90
78
90
67
90
4
90
80
90
72
90
81
90
336
90
4
90
73
90
82
90
81
90
72
90
5
90
83
90
82
90
73
90
75
90
84
90
3
90
83
90
84
90
85
90
4
90
76
90
86
90
87
90
77
90
6
90
78
90
88
90
332
90
97
90
86
90
76
90
3
90
89
90
88
90
78
90
5
90
82
90
90
90
98
90
328
90
81
90
4
90
83
90
91
90
90
90
82
90
5
90
92
90
91
90
83
90
85
90
93
90
3
90
92
90
93
90
94
90
6
90
86
90
95
90
324
90
105
90
96
90
87
90
3
90
97
90
95
90
86
90
4
90
98
90
90
90
99
90
320
90
5
90
91
90
100
90
107
90
99
90
90
90
4
90
92
90
101
90
100
90
91
90
5
90
102
90
101
90
92
90
94
90
103
90
3
90
102
90
103
90
104
90
4
90
105
90
318
90
106
90
96
90
4
90
107
90
100
90
108
90
322
90
6
90
101
90
109
90
151
90
158
90
108
90
100
90
6
90
102
90
110
90
130
90
140
90
109
90
101
90
6
90
111
90
123
90
110
90
102
90
104
90
112
90
4
90
111
90
112
90
113
90
115
90
7
90
114
90
129
90
326
90
125
90
115
90
113
90
116
90
4
90
117
90
114
90
116
90
118
90
5
90
43
90
119
90
117
90
118
90
120
90
4
90
44
90
43
90
120
90
121
90
4
90
45
90
44
90
121
90
122
90
3
90
45
90
122
90
46
90
3
90
123
90
111
90
124
90
6
90
125
90
330
90
133
90
124
90
111
90
115
90
3
90
126
90
39
90
127
90
4
90
128
90
40
90
39
90
126
90
7
90
129
90
114
90
41
90
40
90
128
90
139
90
334
90
4
90
117
90
42
90
41
90
114
90
3
90
119
90
42
90
117
90
3
90
130
90
110
90
131
90
7
90
123
90
124
90
132
90
338
90
142
90
131
90
110
90
3
90
133
90
132
90
124
90
3
90
134
90
36
90
35
90
4
90
135
90
37
90
36
90
134
90
4
90
136
90
38
90
37
90
135
90
6
90
137
90
126
90
127
90
38
90
136
90
150
90
4
90
138
90
128
90
126
90
137
90
4
90
139
90
128
90
138
90
342
90
6
90
140
90
130
90
131
90
141
90
346
90
153
90
3
90
142
90
141
90
131
90
3
90
143
90
33
90
144
90
4
90
145
90
34
90
33
90
143
90
4
90
146
90
35
90
34
90
145
90
4
90
147
90
134
90
35
90
146
90
4
90
148
90
135
90
134
90
147
90
4
90
149
90
136
90
135
90
148
90
4
90
150
90
136
90
149
90
350
90
3
90
151
90
109
90
152
90
6
90
140
90
153
90
354
90
160
90
152
90
109
90
3
90
154
90
32
90
155
90
5
90
156
90
143
90
144
90
32
90
154
90
4
90
157
90
145
90
143
90
156
90
4
90
146
90
145
90
157
90
358
90
5
90
158
90
151
90
152
90
159
90
362
90
3
90
160
90
159
90
152
90
3
90
57
90
161
90
162
90
3
90
162
90
59
90
57
90
3
90
55
90
163
90
161
90
3
90
161
90
57
90
55
90
3
90
59
90
162
90
164
90
3
90
164
90
61
90
59
90
3
90
53
90
165
90
163
90
3
90
163
90
55
90
53
90
3
90
61
90
164
90
166
90
3
90
166
90
63
90
61
90
4
90
167
90
48
90
168
90
169
90
3
90
167
90
50
90
48
90
3
90
167
90
169
90
165
90
4
90
167
90
165
90
53
90
50
90
4
90
170
90
63
90
166
90
171
90
3
90
170
90
64
90
63
90
3
90
170
90
171
90
172
90
4
90
170
90
172
90
74
90
64
90
4
90
173
90
9
90
174
90
175
90
3
90
173
90
11
90
9
90
3
90
173
90
175
90
168
90
4
90
173
90
168
90
48
90
11
90
4
90
176
90
74
90
172
90
177
90
3
90
176
90
75
90
74
90
3
90
176
90
177
90
178
90
4
90
176
90
178
90
84
90
75
90
3
90
7
90
6
90
174
90
3
90
174
90
9
90
7
90
4
90
179
90
84
90
178
90
180
90
3
90
179
90
85
90
84
90
3
90
179
90
180
90
181
90
4
90
179
90
181
90
93
90
85
90
4
90
182
90
5
90
183
90
184
90
3
90
185
90
5
90
182
90
3
90
186
90
5
90
185
90
3
90
187
90
5
90
186
90
3
90
188
90
5
90
187
90
3
90
189
90
5
90
188
90
3
90
190
90
5
90
189
90
3
90
191
90
5
90
190
90
3
90
192
90
5
90
191
90
3
90
193
90
5
90
192
90
3
90
194
90
5
90
193
90
3
90
195
90
5
90
194
90
3
90
196
90
5
90
195
90
3
90
197
90
5
90
196
90
4
90
198
90
5
90
197
90
217
90
3
90
199
90
5
90
198
90
5
90
200
90
5
90
199
90
365
90
219
90
3
90
201
90
5
90
200
90
4
90
5
90
201
90
175
90
174
90
3
90
5
90
174
90
6
90
3
90
5
90
6
90
2
90
3
90
2
90
1
90
5
90
3
90
182
90
184
90
202
90
5
90
203
90
185
90
182
90
202
90
204
90
5
90
205
90
186
90
185
90
203
90
273
90
4
90
206
90
187
90
186
90
205
90
5
90
207
90
188
90
187
90
206
90
287
90
4
90
208
90
189
90
188
90
207
90
5
90
209
90
190
90
189
90
208
90
294
90
4
90
210
90
191
90
190
90
209
90
5
90
211
90
192
90
191
90
210
90
302
90
4
90
212
90
193
90
192
90
211
90
4
90
213
90
194
90
193
90
212
90
4
90
214
90
195
90
194
90
213
90
4
90
215
90
196
90
195
90
214
90
4
90
216
90
197
90
196
90
215
90
4
90
217
90
197
90
216
90
361
90
5
90
218
90
200
90
219
90
357
90
263
90
10
90
201
90
200
90
218
90
256
90
248
90
240
90
231
90
226
90
169
90
168
90
3
90
201
90
168
90
175
90
3
90
220
90
171
90
166
90
4
90
221
90
220
90
166
90
164
90
6
90
222
90
353
90
235
90
221
90
164
90
162
90
5
90
223
90
227
90
222
90
162
90
161
90
4
90
224
90
223
90
161
90
163
90
4
90
225
90
224
90
163
90
165
90
4
90
226
90
225
90
165
90
169
90
5
90
227
90
223
90
228
90
236
90
349
90
4
90
224
90
229
90
228
90
223
90
4
90
225
90
230
90
229
90
224
90
4
90
226
90
231
90
230
90
225
90
3
90
232
90
177
90
172
90
5
90
220
90
233
90
232
90
172
90
171
90
6
90
221
90
234
90
345
90
244
90
233
90
220
90
3
90
235
90
234
90
221
90
4
90
236
90
228
90
237
90
341
90
5
90
229
90
238
90
245
90
237
90
228
90
4
90
230
90
239
90
238
90
229
90
4
90
231
90
240
90
239
90
230
90
3
90
241
90
180
90
178
90
5
90
232
90
242
90
241
90
178
90
177
90
6
90
233
90
243
90
337
90
253
90
242
90
232
90
3
90
244
90
243
90
233
90
4
90
245
90
238
90
246
90
333
90
5
90
239
90
247
90
254
90
246
90
238
90
4
90
240
90
248
90
247
90
239
90
3
90
249
90
250
90
181
90
5
90
241
90
251
90
249
90
181
90
180
90
4
90
242
90
252
90
251
90
241
90
4
90
253
90
329
90
252
90
242
90
5
90
254
90
247
90
255
90
262
90
325
90
4
90
248
90
256
90
255
90
247
90
3
90
257
90
258
90
259
90
5
90
249
90
260
90
257
90
259
90
250
90
4
90
251
90
261
90
260
90
249
90
5
90
252
90
321
90
270
90
261
90
251
90
5
90
262
90
255
90
218
90
263
90
319
90
3
90
256
90
218
90
255
90
4
90
264
90
281
90
265
90
266
90
7
90
257
90
267
90
291
90
285
90
264
90
266
90
258
90
6
90
260
90
268
90
305
90
297
90
267
90
257
90
6
90
261
90
269
90
323
90
312
90
268
90
260
90
3
90
270
90
269
90
261
90
3
90
203
90
204
90
271
90
5
90
272
90
273
90
203
90
271
90
274
90
4
90
275
90
272
90
274
90
276
90
4
90
277
90
275
90
276
90
278
90
7
90
279
90
282
90
327
90
288
90
277
90
278
90
280
90
4
90
281
90
279
90
280
90
265
90
4
90
282
90
279
90
283
90
331
90
6
90
281
90
264
90
284
90
289
90
283
90
279
90
3
90
285
90
284
90
264
90
3
90
272
90
205
90
273
90
4
90
275
90
206
90
205
90
272
90
5
90
277
90
286
90
287
90
206
90
275
90
5
90
288
90
335
90
292
90
286
90
277
90
4
90
289
90
284
90
290
90
339
90
5
90
285
90
291
90
295
90
290
90
284
90
3
90
286
90
207
90
287
90
7
90
292
90
343
90
298
90
293
90
208
90
207
90
286
90
3
90
294
90
208
90
293
90
6
90
295
90
291
90
267
90
296
90
303
90
347
90
3
90
297
90
296
90
267
90
3
90
298
90
299
90
293
90
5
90
300
90
209
90
294
90
293
90
299
90
6
90
301
90
210
90
209
90
300
90
351
90
307
90
3
90
302
90
210
90
301
90
4
90
303
90
296
90
304
90
355
90
5
90
297
90
305
90
310
90
304
90
296
90
3
90
306
90
301
90
307
90
5
90
308
90
211
90
302
90
301
90
306
90
4
90
309
90
212
90
211
90
308
90
4
90
213
90
212
90
309
90
359
90
5
90
310
90
305
90
268
90
311
90
363
90
3
90
312
90
311
90
268
90
3
90
120
90
276
90
274
90
3
90
274
90
121
90
120
90
3
90
118
90
278
90
276
90
3
90
276
90
120
90
118
90
3
90
121
90
274
90
271
90
3
90
271
90
122
90
121
90
3
90
116
90
280
90
278
90
3
90
278
90
118
90
116
90
3
90
313
90
204
90
202
90
4
90
313
90
202
90
47
90
46
90
4
90
313
90
122
90
271
90
204
90
3
90
313
90
46
90
122
90
4
90
314
90
112
90
266
90
265
90
3
90
314
90
113
90
112
90
3
90
314
90
265
90
280
90
4
90
314
90
280
90
116
90
113
90
3
90
315
90
184
90
183
90
4
90
315
90
183
90
8
90
28
90
4
90
315
90
47
90
202
90
184
90
3
90
315
90
28
90
47
90
4
90
316
90
103
90
259
90
258
90
3
90
316
90
104
90
103
90
3
90
316
90
258
90
266
90
4
90
316
90
266
90
112
90
104
90
3
90
8
90
183
90
5
90
3
90
5
90
4
90
8
90
4
90
317
90
93
90
181
90
250
90
3
90
317
90
94
90
93
90
3
90
317
90
250
90
259
90
4
90
317
90
259
90
103
90
94
90
4
90
318
90
319
90
263
90
106
90
4
90
319
90
318
90
105
90
262
90
4
90
320
90
321
90
252
90
98
90
5
90
321
90
320
90
99
90
107
90
270
90
5
90
322
90
323
90
269
90
270
90
107
90
5
90
323
90
322
90
108
90
158
90
312
90
4
90
324
90
325
90
262
90
105
90
5
90
325
90
324
90
95
90
97
90
254
90
4
90
326
90
327
90
282
90
125
90
4
90
327
90
326
90
129
90
288
90
4
90
328
90
329
90
253
90
81
90
4
90
329
90
328
90
98
90
252
90
5
90
330
90
331
90
283
90
289
90
133
90
4
90
331
90
330
90
125
90
282
90
5
90
332
90
333
90
246
90
254
90
97
90
5
90
333
90
332
90
88
90
89
90
245
90
4
90
334
90
335
90
288
90
129
90
4
90
335
90
334
90
139
90
292
90
5
90
336
90
337
90
243
90
244
90
80
90
4
90
337
90
336
90
81
90
253
90
5
90
338
90
339
90
290
90
295
90
142
90
5
90
339
90
338
90
132
90
133
90
289
90
5
90
340
90
341
90
237
90
245
90
89
90
4
90
341
90
340
90
79
90
236
90
4
90
342
90
343
90
292
90
139
90
6
90
343
90
342
90
138
90
137
90
150
90
298
90
5
90
344
90
345
90
234
90
235
90
70
90
5
90
345
90
344
90
71
90
80
90
244
90
4
90
346
90
347
90
303
90
153
90
5
90
347
90
346
90
141
90
142
90
295
90
4
90
348
90
349
90
236
90
79
90
5
90
349
90
348
90
68
90
69
90
227
90
6
90
350
90
351
90
300
90
299
90
298
90
150
90
7
90
351
90
350
90
149
90
148
90
147
90
146
90
307
90
5
90
352
90
353
90
222
90
227
90
69
90
5
90
353
90
352
90
58
90
70
90
235
90
5
90
354
90
355
90
304
90
310
90
160
90
4
90
355
90
354
90
153
90
303
90
4
90
356
90
357
90
219
90
49
90
4
90
357
90
356
90
106
90
263
90
7
90
358
90
359
90
309
90
308
90
306
90
307
90
146
90
7
90
359
90
358
90
157
90
156
90
154
90
155
90
213
90
7
90
360
90
361
90
216
90
215
90
214
90
213
90
155
90
6
90
361
90
360
90
31
90
29
90
30
90
217
90
5
90
362
90
363
90
311
90
312
90
158
90
5
90
363
90
362
90
159
90
160
90
310
90
6
90
364
90
365
90
199
90
198
90
217
90
30
90
4
90
365
90
364
90
49
90
219
90
3
90
366
90
367
90
368
90
3
90
368
90
369
90
366
90
3
90
370
90
371
90
367
90
3
90
367
90
366
90
370
90
3
90
369
90
368
90
372
90
3
90
372
90
373
90
369
90
3
90
374
90
370
90
366
90
3
90
374
90
366
90
369
90
3
90
374
90
369
90
373
90
3
90
374
90
373
90
375
90
4
90
376
90
374
90
375
90
377
90
6
90
378
90
374
90
376
90
415
90
730
90
396
90
3
90
379
90
374
90
378
90
3
90
380
90
374
90
379
90
3
90
381
90
374
90
380
90
3
90
382
90
374
90
381
90
3
90
383
90
374
90
382
90
3
90
384
90
374
90
383
90
3
90
385
90
374
90
384
90
3
90
386
90
374
90
385
90
3
90
387
90
374
90
386
90
3
90
388
90
374
90
387
90
3
90
389
90
374
90
388
90
3
90
390
90
374
90
389
90
3
90
391
90
374
90
390
90
3
90
392
90
374
90
391
90
3
90
393
90
374
90
392
90
3
90
393
90
394
90
374
90
3
90
395
90
378
90
396
90
4
90
397
90
379
90
378
90
395
90
6
90
398
90
380
90
379
90
397
90
726
90
521
90
5
90
399
90
381
90
380
90
398
90
510
90
4
90
400
90
382
90
381
90
399
90
4
90
401
90
383
90
382
90
400
90
4
90
402
90
384
90
383
90
401
90
4
90
403
90
385
90
384
90
402
90
4
90
404
90
386
90
385
90
403
90
5
90
405
90
387
90
386
90
404
90
493
90
4
90
406
90
388
90
387
90
405
90
4
90
407
90
389
90
388
90
406
90
4
90
408
90
390
90
389
90
407
90
5
90
409
90
391
90
390
90
408
90
485
90
4
90
410
90
392
90
391
90
409
90
4
90
411
90
393
90
392
90
410
90
5
90
393
90
411
90
412
90
413
90
394
90
3
90
376
90
377
90
414
90
11
90
415
90
376
90
414
90
416
90
418
90
432
90
443
90
453
90
462
90
472
90
722
90
4
90
417
90
418
90
416
90
419
90
4
90
420
90
417
90
419
90
421
90
4
90
422
90
420
90
421
90
423
90
6
90
424
90
718
90
435
90
422
90
423
90
425
90
5
90
426
90
436
90
424
90
425
90
427
90
4
90
428
90
426
90
427
90
429
90
3
90
428
90
429
90
430
90
4
90
417
90
431
90
432
90
418
90
4
90
420
90
433
90
431
90
417
90
6
90
422
90
434
90
714
90
445
90
433
90
420
90
3
90
435
90
434
90
422
90
4
90
436
90
426
90
437
90
710
90
5
90
428
90
438
90
446
90
437
90
426
90
5
90
439
90
438
90
428
90
430
90
440
90
3
90
439
90
440
90
441
90
4
90
431
90
442
90
443
90
432
90
4
90
433
90
444
90
442
90
431
90
5
90
445
90
706
90
455
90
444
90
433
90
4
90
446
90
438
90
447
90
702
90
4
90
439
90
448
90
447
90
438
90
5
90
449
90
448
90
439
90
441
90
450
90
3
90
449
90
450
90
451
90
4
90
442
90
452
90
453
90
443
90
6
90
444
90
454
90
698
90
463
90
452
90
442
90
3
90
455
90
454
90
444
90
5
90
448
90
456
90
464
90
694
90
447
90
4
90
449
90
457
90
456
90
448
90
5
90
458
90
457
90
449
90
451
90
459
90
3
90
458
90
459
90
460
90
6
90
452
90
461
90
690
90
471
90
462
90
453
90
3
90
463
90
461
90
452
90
4
90
464
90
456
90
465
90
686
90
5
90
457
90
466
90
473
90
465
90
456
90
4
90
458
90
467
90
466
90
457
90
5
90
468
90
467
90
458
90
460
90
469
90
3
90
468
90
469
90
470
90
4
90
471
90
684
90
472
90
462
90
4
90
473
90
466
90
474
90
688
90
6
90
467
90
475
90
517
90
524
90
474
90
466
90
6
90
468
90
476
90
496
90
506
90
475
90
467
90
6
90
477
90
489
90
476
90
468
90
470
90
478
90
4
90
477
90
478
90
479
90
481
90
7
90
480
90
495
90
692
90
491
90
481
90
479
90
482
90
4
90
483
90
480
90
482
90
484
90
5
90
409
90
485
90
483
90
484
90
486
90
4
90
410
90
409
90
486
90
487
90
4
90
411
90
410
90
487
90
488
90
3
90
411
90
488
90
412
90
3
90
489
90
477
90
490
90
6
90
491
90
696
90
499
90
490
90
477
90
481
90
3
90
492
90
405
90
493
90
4
90
494
90
406
90
405
90
492
90
7
90
495
90
480
90
407
90
406
90
494
90
505
90
700
90
4
90
483
90
408
90
407
90
480
90
3
90
485
90
408
90
483
90
3
90
496
90
476
90
497
90
7
90
489
90
490
90
498
90
704
90
508
90
497
90
476
90
3
90
499
90
498
90
490
90
3
90
500
90
402
90
401
90
4
90
501
90
403
90
402
90
500
90
4
90
502
90
404
90
403
90
501
90
6
90
503
90
492
90
493
90
404
90
502
90
516
90
4
90
504
90
494
90
492
90
503
90
4
90
505
90
494
90
504
90
708
90
6
90
506
90
496
90
497
90
507
90
712
90
519
90
3
90
508
90
507
90
497
90
3
90
509
90
399
90
510
90
4
90
511
90
400
90
399
90
509
90
4
90
512
90
401
90
400
90
511
90
4
90
513
90
500
90
401
90
512
90
4
90
514
90
501
90
500
90
513
90
4
90
515
90
502
90
501
90
514
90
4
90
516
90
502
90
515
90
716
90
3
90
517
90
475
90
518
90
6
90
506
90
519
90
720
90
526
90
518
90
475
90
3
90
520
90
398
90
521
90
5
90
522
90
509
90
510
90
398
90
520
90
4
90
523
90
511
90
509
90
522
90
4
90
512
90
511
90
523
90
724
90
5
90
524
90
517
90
518
90
525
90
728
90
3
90
526
90
525
90
518
90
3
90
423
90
527
90
528
90
3
90
528
90
425
90
423
90
3
90
421
90
529
90
527
90
3
90
527
90
423
90
421
90
3
90
425
90
528
90
530
90
3
90
530
90
427
90
425
90
3
90
419
90
531
90
529
90
3
90
529
90
421
90
419
90
3
90
427
90
530
90
532
90
3
90
532
90
429
90
427
90
4
90
533
90
414
90
534
90
535
90
3
90
533
90
416
90
414
90
3
90
533
90
535
90
531
90
4
90
533
90
531
90
419
90
416
90
4
90
536
90
429
90
532
90
537
90
3
90
536
90
430
90
429
90
3
90
536
90
537
90
538
90
4
90
536
90
538
90
440
90
430
90
4
90
539
90
375
90
540
90
541
90
3
90
539
90
377
90
375
90
3
90
539
90
541
90
534
90
4
90
539
90
534
90
414
90
377
90
4
90
542
90
440
90
538
90
543
90
3
90
542
90
441
90
440
90
3
90
542
90
543
90
544
90
4
90
542
90
544
90
450
90
441
90
3
90
373
90
372
90
540
90
3
90
540
90
375
90
373
90
4
90
545
90
450
90
544
90
546
90
3
90
545
90
451
90
450
90
3
90
545
90
546
90
547
90
4
90
545
90
547
90
459
90
451
90
4
90
548
90
371
90
549
90
550
90
3
90
551
90
371
90
548
90
3
90
552
90
371
90
551
90
3
90
553
90
371
90
552
90
3
90
554
90
371
90
553
90
3
90
555
90
371
90
554
90
3
90
556
90
371
90
555
90
3
90
557
90
371
90
556
90
3
90
558
90
371
90
557
90
3
90
559
90
371
90
558
90
3
90
560
90
371
90
559
90
3
90
561
90
371
90
560
90
3
90
562
90
371
90
561
90
3
90
563
90
371
90
562
90
4
90
564
90
371
90
563
90
583
90
3
90
565
90
371
90
564
90
5
90
566
90
371
90
565
90
731
90
585
90
3
90
567
90
371
90
566
90
4
90
371
90
567
90
541
90
540
90
3
90
371
90
540
90
372
90
3
90
371
90
372
90
368
90
3
90
368
90
367
90
371
90
3
90
548
90
550
90
568
90
5
90
569
90
551
90
548
90
568
90
570
90
5
90
571
90
552
90
551
90
569
90
639
90
4
90
572
90
553
90
552
90
571
90
5
90
573
90
554
90
553
90
572
90
653
90
4
90
574
90
555
90
554
90
573
90
5
90
575
90
556
90
555
90
574
90
660
90
4
90
576
90
557
90
556
90
575
90
5
90
577
90
558
90
557
90
576
90
668
90
4
90
578
90
559
90
558
90
577
90
4
90
579
90
560
90
559
90
578
90
4
90
580
90
561
90
560
90
579
90
4
90
581
90
562
90
561
90
580
90
4
90
582
90
563
90
562
90
581
90
4
90
583
90
563
90
582
90
727
90
5
90
584
90
566
90
585
90
723
90
629
90
10
90
567
90
566
90
584
90
622
90
614
90
606
90
597
90
592
90
535
90
534
90
3
90
567
90
534
90
541
90
3
90
586
90
537
90
532
90
4
90
587
90
586
90
532
90
530
90
6
90
588
90
719
90
601
90
587
90
530
90
528
90
5
90
589
90
593
90
588
90
528
90
527
90
4
90
590
90
589
90
527
90
529
90
4
90
591
90
590
90
529
90
531
90
4
90
592
90
591
90
531
90
535
90
5
90
593
90
589
90
594
90
602
90
715
90
4
90
590
90
595
90
594
90
589
90
4
90
591
90
596
90
595
90
590
90
4
90
592
90
597
90
596
90
591
90
3
90
598
90
543
90
538
90
5
90
586
90
599
90
598
90
538
90
537
90
6
90
587
90
600
90
711
90
610
90
599
90
586
90
3
90
601
90
600
90
587
90
4
90
602
90
594
90
603
90
707
90
5
90
595
90
604
90
611
90
603
90
594
90
4
90
596
90
605
90
604
90
595
90
4
90
597
90
606
90
605
90
596
90
3
90
607
90
546
90
544
90
5
90
598
90
608
90
607
90
544
90
543
90
6
90
599
90
609
90
703
90
619
90
608
90
598
90
3
90
610
90
609
90
599
90
4
90
611
90
604
90
612
90
699
90
5
90
605
90
613
90
620
90
612
90
604
90
4
90
606
90
614
90
613
90
605
90
3
90
615
90
616
90
547
90
5
90
607
90
617
90
615
90
547
90
546
90
4
90
608
90
618
90
617
90
607
90
4
90
619
90
695
90
618
90
608
90
5
90
620
90
613
90
621
90
628
90
691
90
4
90
614
90
622
90
621
90
613
90
3
90
623
90
624
90
625
90
5
90
615
90
626
90
623
90
625
90
616
90
4
90
617
90
627
90
626
90
615
90
5
90
618
90
687
90
636
90
627
90
617
90
5
90
628
90
621
90
584
90
629
90
685
90
3
90
622
90
584
90
621
90
4
90
630
90
647
90
631
90
632
90
7
90
623
90
633
90
657
90
651
90
630
90
632
90
624
90
6
90
626
90
634
90
671
90
663
90
633
90
623
90
6
90
627
90
635
90
689
90
678
90
634
90
626
90
3
90
636
90
635
90
627
90
3
90
569
90
570
90
637
90
5
90
638
90
639
90
569
90
637
90
640
90
4
90
641
90
638
90
640
90
642
90
4
90
643
90
641
90
642
90
644
90
7
90
645
90
648
90
693
90
654
90
643
90
644
90
646
90
4
90
647
90
645
90
646
90
631
90
4
90
648
90
645
90
649
90
697
90
6
90
647
90
630
90
650
90
655
90
649
90
645
90
3
90
651
90
650
90
630
90
3
90
638
90
571
90
639
90
4
90
641
90
572
90
571
90
638
90
5
90
643
90
652
90
653
90
572
90
641
90
5
90
654
90
701
90
658
90
652
90
643
90
4
90
655
90
650
90
656
90
705
90
5
90
651
90
657
90
661
90
656
90
650
90
3
90
652
90
573
90
653
90
7
90
658
90
709
90
664
90
659
90
574
90
573
90
652
90
3
90
660
90
574
90
659
90
6
90
661
90
657
90
633
90
662
90
669
90
713
90
3
90
663
90
662
90
633
90
3
90
664
90
665
90
659
90
5
90
666
90
575
90
660
90
659
90
665
90
6
90
667
90
576
90
575
90
666
90
717
90
673
90
3
90
668
90
576
90
667
90
4
90
669
90
662
90
670
90
721
90
5
90
663
90
671
90
676
90
670
90
662
90
3
90
672
90
667
90
673
90
5
90
674
90
577
90
668
90
667
90
672
90
4
90
675
90
578
90
577
90
674
90
4
90
579
90
578
90
675
90
725
90
5
90
676
90
671
90
634
90
677
90
729
90
3
90
678
90
677
90
634
90
3
90
486
90
642
90
640
90
3
90
640
90
487
90
486
90
3
90
484
90
644
90
642
90
3
90
642
90
486
90
484
90
3
90
487
90
640
90
637
90
3
90
637
90
488
90
487
90
3
90
482
90
646
90
644
90
3
90
644
90
484
90
482
90
3
90
679
90
570
90
568
90
4
90
679
90
568
90
413
90
412
90
4
90
679
90
488
90
637
90
570
90
3
90
679
90
412
90
488
90
4
90
680
90
478
90
632
90
631
90
3
90
680
90
479
90
478
90
3
90
680
90
631
90
646
90
4
90
680
90
646
90
482
90
479
90
3
90
681
90
550
90
549
90
4
90
681
90
549
90
374
90
394
90
4
90
681
90
413
90
568
90
550
90
3
90
681
90
394
90
413
90
4
90
682
90
469
90
625
90
624
90
3
90
682
90
470
90
469
90
3
90
682
90
624
90
632
90
4
90
682
90
632
90
478
90
470
90
3
90
374
90
549
90
371
90
3
90
371
90
370
90
374
90
4
90
683
90
459
90
547
90
616
90
3
90
683
90
460
90
459
90
3
90
683
90
616
90
625
90
4
90
683
90
625
90
469
90
460
90
4
90
684
90
685
90
629
90
472
90
4
90
685
90
684
90
471
90
628
90
4
90
686
90
687
90
618
90
464
90
5
90
687
90
686
90
465
90
473
90
636
90
5
90
688
90
689
90
635
90
636
90
473
90
5
90
689
90
688
90
474
90
524
90
678
90
4
90
690
90
691
90
628
90
471
90
5
90
691
90
690
90
461
90
463
90
620
90
4
90
692
90
693
90
648
90
491
90
4
90
693
90
692
90
495
90
654
90
4
90
694
90
695
90
619
90
447
90
4
90
695
90
694
90
464
90
618
90
5
90
696
90
697
90
649
90
655
90
499
90
4
90
697
90
696
90
491
90
648
90
5
90
698
90
699
90
612
90
620
90
463
90
5
90
699
90
698
90
454
90
455
90
611
90
4
90
700
90
701
90
654
90
495
90
4
90
701
90
700
90
505
90
658
90
5
90
702
90
703
90
609
90
610
90
446
90
4
90
703
90
702
90
447
90
619
90
5
90
704
90
705
90
656
90
661
90
508
90
5
90
705
90
704
90
498
90
499
90
655
90
5
90
706
90
707
90
603
90
611
90
455
90
4
90
707
90
706
90
445
90
602
90
4
90
708
90
709
90
658
90
505
90
6
90
709
90
708
90
504
90
503
90
516
90
664
90
5
90
710
90
711
90
600
90
601
90
436
90
5
90
711
90
710
90
437
90
446
90
610
90
4
90
712
90
713
90
669
90
519
90
5
90
713
90
712
90
507
90
508
90
661
90
4
90
714
90
715
90
602
90
445
90
5
90
715
90
714
90
434
90
435
90
593
90
6
90
716
90
717
90
666
90
665
90
664
90
516
90
7
90
717
90
716
90
515
90
514
90
513
90
512
90
673
90
5
90
718
90
719
90
588
90
593
90
435
90
5
90
719
90
718
90
424
90
436
90
601
90
5
90
720
90
721
90
670
90
676
90
526
90
4
90
721
90
720
90
519
90
669
90
4
90
722
90
723
90
585
90
415
90
4
90
723
90
722
90
472
90
629
90
7
90
724
90
725
90
675
90
674
90
672
90
673
90
512
90
7
90
725
90
724
90
523
90
522
90
520
90
521
90
579
90
7
90
726
90
727
90
582
90
581
90
580
90
579
90
521
90
6
90
727
90
726
90
397
90
395
90
396
90
583
90
5
90
728
90
729
90
677
90
678
90
524
90
5
90
729
90
728
90
525
90
526
90
676
90
6
90
730
90
731
90
565
90
564
90
583
90
396
90
4
90
731
90
730
90
415
90
585
90
3
90
732
90
733
90
734
90
3
90
734
90
735
90
732
90
3
90
736
90
737
90
733
90
3
90
733
90
732
90
736
90
3
90
735
90
734
90
738
90
3
90
738
90
739
90
735
90
3
90
740
90
736
90
732
90
3
90
740
90
732
90
735
90
3
90
740
90
735
90
739
90
3
90
740
90
739
90
741
90
4
90
742
90
740
90
741
90
743
90
6
90
744
90
740
90
742
90
781
90
1096
90
762
90
3
90
745
90
740
90
744
90
3
90
746
90
740
90
745
90
3
90
747
90
740
90
746
90
3
90
748
90
740
90
747
90
3
90
749
90
740
90
748
90
3
90
750
90
740
90
749
90
3
90
751
90
740
90
750
90
3
90
752
90
740
90
751
90
3
90
753
90
740
90
752
90
3
90
754
90
740
90
753
90
3
90
755
90
740
90
754
90
3
90
756
90
740
90
755
90
3
90
757
90
740
90
756
90
3
90
758
90
740
90
757
90
3
90
759
90
740
90
758
90
3
90
759
90
760
90
740
90
3
90
761
90
744
90
762
90
4
90
763
90
745
90
744
90
761
90
6
90
764
90
746
90
745
90
763
90
1092
90
887
90
5
90
765
90
747
90
746
90
764
90
876
90
4
90
766
90
748
90
747
90
765
90
4
90
767
90
749
90
748
90
766
90
4
90
768
90
750
90
749
90
767
90
4
90
769
90
751
90
750
90
768
90
4
90
770
90
752
90
751
90
769
90
5
90
771
90
753
90
752
90
770
90
859
90
4
90
772
90
754
90
753
90
771
90
4
90
773
90
755
90
754
90
772
90
4
90
774
90
756
90
755
90
773
90
5
90
775
90
757
90
756
90
774
90
851
90
4
90
776
90
758
90
757
90
775
90
4
90
777
90
759
90
758
90
776
90
5
90
759
90
777
90
778
90
779
90
760
90
3
90
742
90
743
90
780
90
11
90
781
90
742
90
780
90
782
90
784
90
798
90
809
90
819
90
828
90
838
90
1088
90
4
90
783
90
784
90
782
90
785
90
4
90
786
90
783
90
785
90
787
90
4
90
788
90
786
90
787
90
789
90
6
90
790
90
1084
90
801
90
788
90
789
90
791
90
5
90
792
90
802
90
790
90
791
90
793
90
4
90
794
90
792
90
793
90
795
90
3
90
794
90
795
90
796
90
4
90
783
90
797
90
798
90
784
90
4
90
786
90
799
90
797
90
783
90
6
90
788
90
800
90
1080
90
811
90
799
90
786
90
3
90
801
90
800
90
788
90
4
90
802
90
792
90
803
90
1076
90
5
90
794
90
804
90
812
90
803
90
792
90
5
90
805
90
804
90
794
90
796
90
806
90
3
90
805
90
806
90
807
90
4
90
797
90
808
90
809
90
798
90
4
90
799
90
810
90
808
90
797
90
5
90
811
90
1072
90
821
90
810
90
799
90
4
90
812
90
804
90
813
90
1068
90
4
90
805
90
814
90
813
90
804
90
5
90
815
90
814
90
805
90
807
90
816
90
3
90
815
90
816
90
817
90
4
90
808
90
818
90
819
90
809
90
6
90
810
90
820
90
1064
90
829
90
818
90
808
90
3
90
821
90
820
90
810
90
5
90
814
90
822
90
830
90
1060
90
813
90
4
90
815
90
823
90
822
90
814
90
5
90
824
90
823
90
815
90
817
90
825
90
3
90
824
90
825
90
826
90
6
90
818
90
827
90
1056
90
837
90
828
90
819
90
3
90
829
90
827
90
818
90
4
90
830
90
822
90
831
90
1052
90
5
90
823
90
832
90
839
90
831
90
822
90
4
90
824
90
833
90
832
90
823
90
5
90
834
90
833
90
824
90
826
90
835
90
3
90
834
90
835
90
836
90
4
90
837
90
1050
90
838
90
828
90
4
90
839
90
832
90
840
90
1054
90
6
90
833
90
841
90
883
90
890
90
840
90
832
90
6
90
834
90
842
90
862
90
872
90
841
90
833
90
6
90
843
90
855
90
842
90
834
90
836
90
844
90
4
90
843
90
844
90
845
90
847
90
7
90
846
90
861
90
1058
90
857
90
847
90
845
90
848
90
4
90
849
90
846
90
848
90
850
90
5
90
775
90
851
90
849
90
850
90
852
90
4
90
776
90
775
90
852
90
853
90
4
90
777
90
776
90
853
90
854
90
3
90
777
90
854
90
778
90
3
90
855
90
843
90
856
90
6
90
857
90
1062
90
865
90
856
90
843
90
847
90
3
90
858
90
771
90
859
90
4
90
860
90
772
90
771
90
858
90
7
90
861
90
846
90
773
90
772
90
860
90
871
90
1066
90
4
90
849
90
774
90
773
90
846
90
3
90
851
90
774
90
849
90
3
90
862
90
842
90
863
90
7
90
855
90
856
90
864
90
1070
90
874
90
863
90
842
90
3
90
865
90
864
90
856
90
3
90
866
90
768
90
767
90
4
90
867
90
769
90
768
90
866
90
4
90
868
90
770
90
769
90
867
90
6
90
869
90
858
90
859
90
770
90
868
90
882
90
4
90
870
90
860
90
858
90
869
90
4
90
871
90
860
90
870
90
1074
90
6
90
872
90
862
90
863
90
873
90
1078
90
885
90
3
90
874
90
873
90
863
90
3
90
875
90
765
90
876
90
4
90
877
90
766
90
765
90
875
90
4
90
878
90
767
90
766
90
877
90
4
90
879
90
866
90
767
90
878
90
4
90
880
90
867
90
866
90
879
90
4
90
881
90
868
90
867
90
880
90
4
90
882
90
868
90
881
90
1082
90
3
90
883
90
841
90
884
90
6
90
872
90
885
90
1086
90
892
90
884
90
841
90
3
90
886
90
764
90
887
90
5
90
888
90
875
90
876
90
764
90
886
90
4
90
889
90
877
90
875
90
888
90
4
90
878
90
877
90
889
90
1090
90
5
90
890
90
883
90
884
90
891
90
1094
90
3
90
892
90
891
90
884
90
3
90
789
90
893
90
894
90
3
90
894
90
791
90
789
90
3
90
787
90
895
90
893
90
3
90
893
90
789
90
787
90
3
90
791
90
894
90
896
90
3
90
896
90
793
90
791
90
3
90
785
90
897
90
895
90
3
90
895
90
787
90
785
90
3
90
793
90
896
90
898
90
3
90
898
90
795
90
793
90
4
90
899
90
780
90
900
90
901
90
3
90
899
90
782
90
780
90
3
90
899
90
901
90
897
90
4
90
899
90
897
90
785
90
782
90
4
90
902
90
795
90
898
90
903
90
3
90
902
90
796
90
795
90
3
90
902
90
903
90
904
90
4
90
902
90
904
90
806
90
796
90
4
90
905
90
741
90
906
90
907
90
3
90
905
90
743
90
741
90
3
90
905
90
907
90
900
90
4
90
905
90
900
90
780
90
743
90
4
90
908
90
806
90
904
90
909
90
3
90
908
90
807
90
806
90
3
90
908
90
909
90
910
90
4
90
908
90
910
90
816
90
807
90
3
90
739
90
738
90
906
90
3
90
906
90
741
90
739
90
4
90
911
90
816
90
910
90
912
90
3
90
911
90
817
90
816
90
3
90
911
90
912
90
913
90
4
90
911
90
913
90
825
90
817
90
4
90
914
90
737
90
915
90
916
90
3
90
917
90
737
90
914
90
3
90
918
90
737
90
917
90
3
90
919
90
737
90
918
90
3
90
920
90
737
90
919
90
3
90
921
90
737
90
920
90
3
90
922
90
737
90
921
90
3
90
923
90
737
90
922
90
3
90
924
90
737
90
923
90
3
90
925
90
737
90
924
90
3
90
926
90
737
90
925
90
3
90
927
90
737
90
926
90
3
90
928
90
737
90
927
90
3
90
929
90
737
90
928
90
4
90
930
90
737
90
929
90
949
90
3
90
931
90
737
90
930
90
5
90
932
90
737
90
931
90
1097
90
951
90
3
90
933
90
737
90
932
90
4
90
737
90
933
90
907
90
906
90
3
90
737
90
906
90
738
90
3
90
737
90
738
90
734
90
3
90
734
90
733
90
737
90
3
90
914
90
916
90
934
90
5
90
935
90
917
90
914
90
934
90
936
90
5
90
937
90
918
90
917
90
935
90
1005
90
4
90
938
90
919
90
918
90
937
90
5
90
939
90
920
90
919
90
938
90
1019
90
4
90
940
90
921
90
920
90
939
90
5
90
941
90
922
90
921
90
940
90
1026
90
4
90
942
90
923
90
922
90
941
90
5
90
943
90
924
90
923
90
942
90
1034
90
4
90
944
90
925
90
924
90
943
90
4
90
945
90
926
90
925
90
944
90
4
90
946
90
927
90
926
90
945
90
4
90
947
90
928
90
927
90
946
90
4
90
948
90
929
90
928
90
947
90
4
90
949
90
929
90
948
90
1093
90
5
90
950
90
932
90
951
90
1089
90
995
90
10
90
933
90
932
90
950
90
988
90
980
90
972
90
963
90
958
90
901
90
900
90
3
90
933
90
900
90
907
90
3
90
952
90
903
90
898
90
4
90
953
90
952
90
898
90
896
90
6
90
954
90
1085
90
967
90
953
90
896
90
894
90
5
90
955
90
959
90
954
90
894
90
893
90
4
90
956
90
955
90
893
90
895
90
4
90
957
90
956
90
895
90
897
90
4
90
958
90
957
90
897
90
901
90
5
90
959
90
955
90
960
90
968
90
1081
90
4
90
956
90
961
90
960
90
955
90
4
90
957
90
962
90
961
90
956
90
4
90
958
90
963
90
962
90
957
90
3
90
964
90
909
90
904
90
5
90
952
90
965
90
964
90
904
90
903
90
6
90
953
90
966
90
1077
90
976
90
965
90
952
90
3
90
967
90
966
90
953
90
4
90
968
90
960
90
969
90
1073
90
5
90
961
90
970
90
977
90
969
90
960
90
4
90
962
90
971
90
970
90
961
90
4
90
963
90
972
90
971
90
962
90
3
90
973
90
912
90
910
90
5
90
964
90
974
90
973
90
910
90
909
90
6
90
965
90
975
90
1069
90
985
90
974
90
964
90
3
90
976
90
975
90
965
90
4
90
977
90
970
90
978
90
1065
90
5
90
971
90
979
90
986
90
978
90
970
90
4
90
972
90
980
90
979
90
971
90
3
90
981
90
982
90
913
90
5
90
973
90
983
90
981
90
913
90
912
90
4
90
974
90
984
90
983
90
973
90
4
90
985
90
1061
90
984
90
974
90
5
90
986
90
979
90
987
90
994
90
1057
90
4
90
980
90
988
90
987
90
979
90
3
90
989
90
990
90
991
90
5
90
981
90
992
90
989
90
991
90
982
90
4
90
983
90
993
90
992
90
981
90
5
90
984
90
1053
90
1002
90
993
90
983
90
5
90
994
90
987
90
950
90
995
90
1051
90
3
90
988
90
950
90
987
90
4
90
996
90
1013
90
997
90
998
90
7
90
989
90
999
90
1023
90
1017
90
996
90
998
90
990
90
6
90
992
90
1000
90
1037
90
1029
90
999
90
989
90
6
90
993
90
1001
90
1055
90
1044
90
1000
90
992
90
3
90
1002
90
1001
90
993
90
3
90
935
90
936
90
1003
90
5
90
1004
90
1005
90
935
90
1003
90
1006
90
4
90
1007
90
1004
90
1006
90
1008
90
4
90
1009
90
1007
90
1008
90
1010
90
7
90
1011
90
1014
90
1059
90
1020
90
1009
90
1010
90
1012
90
4
90
1013
90
1011
90
1012
90
997
90
4
90
1014
90
1011
90
1015
90
1063
90
6
90
1013
90
996
90
1016
90
1021
90
1015
90
1011
90
3
90
1017
90
1016
90
996
90
3
90
1004
90
937
90
1005
90
4
90
1007
90
938
90
937
90
1004
90
5
90
1009
90
1018
90
1019
90
938
90
1007
90
5
90
1020
90
1067
90
1024
90
1018
90
1009
90
4
90
1021
90
1016
90
1022
90
1071
90
5
90
1017
90
1023
90
1027
90
1022
90
1016
90
3
90
1018
90
939
90
1019
90
7
90
1024
90
1075
90
1030
90
1025
90
940
90
939
90
1018
90
3
90
1026
90
940
90
1025
90
6
90
1027
90
1023
90
999
90
1028
90
1035
90
1079
90
3
90
1029
90
1028
90
999
90
3
90
1030
90
1031
90
1025
90
5
90
1032
90
941
90
1026
90
1025
90
1031
90
6
90
1033
90
942
90
941
90
1032
90
1083
90
1039
90
3
90
1034
90
942
90
1033
90
4
90
1035
90
1028
90
1036
90
1087
90
5
90
1029
90
1037
90
1042
90
1036
90
1028
90
3
90
1038
90
1033
90
1039
90
5
90
1040
90
943
90
1034
90
1033
90
1038
90
4
90
1041
90
944
90
943
90
1040
90
4
90
945
90
944
90
1041
90
1091
90
5
90
1042
90
1037
90
1000
90
1043
90
1095
90
3
90
1044
90
1043
90
1000
90
3
90
852
90
1008
90
1006
90
3
90
1006
90
853
90
852
90
3
90
850
90
1010
90
1008
90
3
90
1008
90
852
90
850
90
3
90
853
90
1006
90
1003
90
3
90
1003
90
854
90
853
90
3
90
848
90
1012
90
1010
90
3
90
1010
90
850
90
848
90
3
90
1045
90
936
90
934
90
4
90
1045
90
934
90
779
90
778
90
4
90
1045
90
854
90
1003
90
936
90
3
90
1045
90
778
90
854
90
4
90
1046
90
844
90
998
90
997
90
3
90
1046
90
845
90
844
90
3
90
1046
90
997
90
1012
90
4
90
1046
90
1012
90
848
90
845
90
3
90
1047
90
916
90
915
90
4
90
1047
90
915
90
740
90
760
90
4
90
1047
90
779
90
934
90
916
90
3
90
1047
90
760
90
779
90
4
90
1048
90
835
90
991
90
990
90
3
90
1048
90
836
90
835
90
3
90
1048
90
990
90
998
90
4
90
1048
90
998
90
844
90
836
90
3
90
740
90
915
90
737
90
3
90
737
90
736
90
740
90
4
90
1049
90
825
90
913
90
982
90
3
90
1049
90
826
90
825
90
3
90
1049
90
982
90
991
90
4
90
1049
90
991
90
835
90
826
90
4
90
1050
90
1051
90
995
90
838
90
4
90
1051
90
1050
90
837
90
994
90
4
90
1052
90
1053
90
984
90
830
90
5
90
1053
90
1052
90
831
90
839
90
1002
90
5
90
1054
90
1055
90
1001
90
1002
90
839
90
5
90
1055
90
1054
90
840
90
890
90
1044
90
4
90
1056
90
1057
90
994
90
837
90
5
90
1057
90
1056
90
827
90
829
90
986
90
4
90
1058
90
1059
90
1014
90
857
90
4
90
1059
90
1058
90
861
90
1020
90
4
90
1060
90
1061
90
985
90
813
90
4
90
1061
90
1060
90
830
90
984
90
5
90
1062
90
1063
90
1015
90
1021
90
865
90
4
90
1063
90
1062
90
857
90
1014
90
5
90
1064
90
1065
90
978
90
986
90
829
90
5
90
1065
90
1064
90
820
90
821
90
977
90
4
90
1066
90
1067
90
1020
90
861
90
4
90
1067
90
1066
90
871
90
1024
90
5
90
1068
90
1069
90
975
90
976
90
812
90
4
90
1069
90
1068
90
813
90
985
90
5
90
1070
90
1071
90
1022
90
1027
90
874
90
5
90
1071
90
1070
90
864
90
865
90
1021
90
5
90
1072
90
1073
90
969
90
977
90
821
90
4
90
1073
90
1072
90
811
90
968
90
4
90
1074
90
1075
90
1024
90
871
90
6
90
1075
90
1074
90
870
90
869
90
882
90
1030
90
5
90
1076
90
1077
90
966
90
967
90
802
90
5
90
1077
90
1076
90
803
90
812
90
976
90
4
90
1078
90
1079
90
1035
90
885
90
5
90
1079
90
1078
90
873
90
874
90
1027
90
4
90
1080
90
1081
90
968
90
811
90
5
90
1081
90
1080
90
800
90
801
90
959
90
6
90
1082
90
1083
90
1032
90
1031
90
1030
90
882
90
7
90
1083
90
1082
90
881
90
880
90
879
90
878
90
1039
90
5
90
1084
90
1085
90
954
90
959
90
801
90
5
90
1085
90
1084
90
790
90
802
90
967
90
5
90
1086
90
1087
90
1036
90
1042
90
892
90
4
90
1087
90
1086
90
885
90
1035
90
4
90
1088
90
1089
90
951
90
781
90
4
90
1089
90
1088
90
838
90
995
90
7
90
1090
90
1091
90
1041
90
1040
90
1038
90
1039
90
878
90
7
90
1091
90
1090
90
889
90
888
90
886
90
887
90
945
90
7
90
1092
90
1093
90
948
90
947
90
946
90
945
90
887
90
6
90
1093
90
1092
90
763
90
761
90
762
90
949
90
5
90
1094
90
1095
90
1043
90
1044
90
890
90
5
90
1095
90
1094
90
891
90
892
90
1042
90
6
90
1096
90
1097
90
931
90
930
90
949
90
762
90
4
90
1097
90
1096
90
781
90
951
94
0
95
0
90
0
1001
CONDUITCAD
1000
{"id":"3d-manifold-008","label":"Branch array","feature3d":{"version":1,"kind":"linear-pattern","parameters":{"count":3,"dx":55},"inputs":["3d-manifold-007"],"suppressed":false},"model3dConsumed":fals
1000
e,"model3dUserHidden":false}
0
ENDSEC
0
SECTION
2
OBJECTS
0
DICTIONARY
5
125
330
0
100
AcDbDictionary
281
1
3
ACAD_LAYOUT
350
126
3
ACAD_GROUP
350
127
3
CONDUITCAD_METADATA
350
12A
0
DICTIONARY
5
126
330
125
100
AcDbDictionary
281
1
3
Model
350
128
3
Layout1
350
129
0
DICTIONARY
5
127
330
125
100
AcDbDictionary
281
1
0
LAYOUT
5
128
330
126
100
AcDbPlotSettings
1

2

4

6

40
0
41
0
42
0
43
0
44
420
45
297
46
0
47
0
48
0
49
0
140
0
141
0
142
1
143
1
70
0
72
1
73
0
74
5
7

75
16
76
0
77
0
78
300
147
1
148
0
149
0
100
AcDbLayout
1
Model
70
1
71
0
10
0
20
0
11
420
21
297
12
0
22
0
32
0
14
0
24
0
34
0
15
420
25
297
35
0
146
0
13
0
23
0
33
0
16
1
26
0
36
0
17
0
27
1
37
0
76
0
330
119
0
LAYOUT
5
129
330
126
100
AcDbPlotSettings
1

2

4

6

40
0
41
0
42
0
43
0
44
420
45
297
46
0
47
0
48
0
49
0
140
0
141
0
142
1
143
1
70
0
72
1
73
0
74
5
7

75
16
76
0
77
0
78
300
147
1
148
0
149
0
100
AcDbLayout
1
Layout1
70
1
71
1
10
0
20
0
11
420
21
297
12
0
22
0
32
0
14
0
24
0
34
0
15
420
25
297
35
0
146
0
13
0
23
0
33
0
16
1
26
0
36
0
17
0
27
1
37
0
76
0
330
11A
0
XRECORD
5
12A
330
125
100
AcDbXrecord
280
1
1
{"parameters":{"grid":"10"},"constraints":[],"metadata":{"description":"Hollow pipe and branch meshes with exact spatial transforms; separate bodies remain independently editable.","modeling":{"versio
1
n":1,"preferredMode":"3d","example":"manifold","notes":"Editable faceted concept model. Not certified or construction-approved."}}}
0
ENDSEC
0
EOF
