
> conduit-cad-workspace@0.13.0 test
> node --test tests/*.test.mjs

TAP version 13
# Subtest: dimension subtype 0: regenerate native picture and ASCII/binary metadata
ok 1 - dimension subtype 0: regenerate native picture and ASCII/binary metadata
  ---
  duration_ms: 44.485228
  type: 'test'
  ...
# Subtest: dimension subtype 1: regenerate native picture and ASCII/binary metadata
ok 2 - dimension subtype 1: regenerate native picture and ASCII/binary metadata
  ---
  duration_ms: 12.692852
  type: 'test'
  ...
# Subtest: dimension subtype 2: regenerate native picture and ASCII/binary metadata
ok 3 - dimension subtype 2: regenerate native picture and ASCII/binary metadata
  ---
  duration_ms: 19.739275
  type: 'test'
  ...
# Subtest: dimension subtype 3: regenerate native picture and ASCII/binary metadata
ok 4 - dimension subtype 3: regenerate native picture and ASCII/binary metadata
  ---
  duration_ms: 13.247456
  type: 'test'
  ...
# Subtest: dimension subtype 4: regenerate native picture and ASCII/binary metadata
ok 5 - dimension subtype 4: regenerate native picture and ASCII/binary metadata
  ---
  duration_ms: 11.739945
  type: 'test'
  ...
# Subtest: dimension subtype 5: regenerate native picture and ASCII/binary metadata
ok 6 - dimension subtype 5: regenerate native picture and ASCII/binary metadata
  ---
  duration_ms: 7.821082
  type: 'test'
  ...
# Subtest: dimension subtype 6: regenerate native picture and ASCII/binary metadata
ok 7 - dimension subtype 6: regenerate native picture and ASCII/binary metadata
  ---
  duration_ms: 7.53798
  type: 'test'
  ...
# Subtest: dimension preserves decimal override, prefix and manual midpoint across regeneration
ok 8 - dimension preserves decimal override, prefix and manual midpoint across regeneration
  ---
  duration_ms: 1.662129
  type: 'test'
  ...
# Subtest: definition-point grip supersedes original authored offset
ok 9 - definition-point grip supersedes original authored offset
  ---
  duration_ms: 1.731264
  type: 'test'
  ...
# Subtest: one space suppresses dimension text without suppressing linework
ok 10 - one space suppresses dimension text without suppressing linework
  ---
  duration_ms: 0.702113
  type: 'test'
  ...
# Subtest: invalid dimension edit is atomic {"a":{"x":80,"y":60}}
ok 11 - invalid dimension edit is atomic {"a":{"x":80,"y":60}}
  ---
  duration_ms: 0.505875
  type: 'test'
  ...
# Subtest: invalid dimension edit is atomic {"style":{"dimtxt":-1}}
ok 12 - invalid dimension edit is atomic {"style":{"dimtxt":-1}}
  ---
  duration_ms: 0.185816
  type: 'test'
  ...
# Subtest: invalid dimension edit is atomic {"style":{"dimdec":20}}
ok 13 - invalid dimension edit is atomic {"style":{"dimdec":20}}
  ---
  duration_ms: 0.160126
  type: 'test'
  ...
# Subtest: invalid dimension edit is atomic {"style":{"unknown":1}}
ok 14 - invalid dimension edit is atomic {"style":{"unknown":1}}
  ---
  duration_ms: 0.129563
  type: 'test'
  ...
# Subtest: non-planar and unsupported dimension frames are refused without mutation
ok 15 - non-planar and unsupported dimension frames are refused without mutation
  ---
  duration_ms: 0.360038
  type: 'test'
  ...
# Subtest: all associated dimensions refresh atomically and keep signed offsets
ok 16 - all associated dimensions refresh atomically and keep signed offsets
  ---
  duration_ms: 0.919325
  type: 'test'
  ...
# Subtest: manual witness edit detaches only its own reference
ok 17 - manual witness edit detaches only its own reference
  ---
  duration_ms: 0.263585
  type: 'test'
  ...
# Subtest: managed dimensions rotate without stale anonymous pictures
ok 18 - managed dimensions rotate without stale anonymous pictures
  ---
  duration_ms: 0.709512
  type: 'test'
  ...
# Subtest: dynamic stretch preserves analytic line/polyline and moves connector ports
ok 19 - dynamic stretch preserves analytic line/polyline and moves connector ports
  ---
  duration_ms: 1.909857
  type: 'test'
  ...
# Subtest: dynamic move action evaluates a pristine instance
ok 20 - dynamic move action evaluates a pristine instance
  ---
  duration_ms: 0.625096
  type: 'test'
  ...
# Subtest: dynamic rotate action evaluates a pristine instance
ok 21 - dynamic rotate action evaluates a pristine instance
  ---
  duration_ms: 1.096767
  type: 'test'
  ...
# Subtest: dynamic scale action evaluates a pristine instance
ok 22 - dynamic scale action evaluates a pristine instance
  ---
  duration_ms: 0.36911
  type: 'test'
  ...
# Subtest: dynamic flip action evaluates a pristine instance
ok 23 - dynamic flip action evaluates a pristine instance
  ---
  duration_ms: 0.282982
  type: 'test'
  ...
# Subtest: dynamic array action evaluates a pristine instance
ok 24 - dynamic array action evaluates a pristine instance
  ---
  duration_ms: 0.469113
  type: 'test'
  ...
# Subtest: visibility hides selected geometry without discarding named terminals
ok 25 - visibility hides selected geometry without discarding named terminals
  ---
  duration_ms: 2.571282
  type: 'test'
  ...
# Subtest: lookup actions are topologically evaluated and validate dependent ranges
ok 26 - lookup actions are topologically evaluated and validate dependent ranges
  ---
  duration_ms: 0.600871
  type: 'test'
  ...
# Subtest: lookup cycles fail before changing document
ok 27 - lookup cycles fail before changing document
  ---
  duration_ms: 0.683543
  type: 'test'
  ...
# Subtest: dynamic mutation rejects invalid values and array resource explosions
ok 28 - dynamic mutation rejects invalid values and array resource explosions
  ---
  duration_ms: 0.552507
  type: 'test'
  ...
# Subtest: partial bulge stretch is rejected instead of silently changing arc geometry
ok 29 - partial bulge stretch is rejected instead of silently changing arc geometry
  ---
  duration_ms: 0.308237
  type: 'test'
  ...
# Subtest: dynamic block geometry is rendered and connector points use evaluated dimensions
ok 30 - dynamic block geometry is rendered and connector points use evaluated dimensions
  ---
  duration_ms: 1.008937
  type: 'test'
  ...
# Subtest: dynamic DXF exports baked variants and recovers editable master metadata
ok 31 - dynamic DXF exports baked variants and recovers editable master metadata
  ---
  duration_ms: 36.553804
  type: 'test'
  ...
# Subtest: dynamic authored definition is preserved through repeat exports
ok 32 - dynamic authored definition is preserved through repeat exports
  ---
  duration_ms: 18.403409
  type: 'test'
  ...
# Subtest: unshifted LINEAR gradient reaches scene and SVG without replacing native DXF tags
ok 33 - unshifted LINEAR gradient reaches scene and SVG without replacing native DXF tags
  ---
  duration_ms: 12.713234
  type: 'test'
  ...
# Subtest: dynamic grip inverses preserve scaled rotated nonzero-base coordinates
ok 34 - dynamic grip inverses preserve scaled rotated nonzero-base coordinates
  ---
  duration_ms: 0.660074
  type: 'test'
  ...
# Subtest: invalid dynamic grip, port, parameter/action type and entity budgets fail explicitly
ok 35 - invalid dynamic grip, port, parameter/action type and entity budgets fail explicitly
  ---
  duration_ms: 0.484498
  type: 'test'
  ...
# Subtest: circle radius associations track size and detach safely when source is removed
ok 36 - circle radius associations track size and detach safely when source is removed
  ---
  duration_ms: 0.759035
  type: 'test'
  ...
# Subtest: oversized native XDATA is refused rather than writing an invalid DXF
ok 37 - oversized native XDATA is refused rather than writing an invalid DXF
  ---
  duration_ms: 1.801075
  type: 'test'
  ...
# Subtest: invalid dimension formatting and overflowing geometry remain atomic
ok 38 - invalid dimension formatting and overflowing geometry remain atomic
  ---
  duration_ms: 0.581424
  type: 'test'
  ...
# Subtest: repeated native export does not accumulate unreachable generated pictures
ok 39 - repeated native export does not accumulate unreachable generated pictures
  ---
  duration_ms: 34.545174
  type: 'test'
  ...
# Subtest: explicit static references keep a previous generated native block
ok 40 - explicit static references keep a previous generated native block
  ---
  duration_ms: 6.182815
  type: 'test'
  ...
# Subtest: rotating a default-angle linear dimension updates its native angle and rejects shear
ok 41 - rotating a default-angle linear dimension updates its native angle and rejects shear
  ---
  duration_ms: 0.529306
  type: 'test'
  ...
# Subtest: dimension similarity scaling honors resolved document style scale
ok 42 - dimension similarity scaling honors resolved document style scale
  ---
  duration_ms: 0.29612
  type: 'test'
  ...
# Subtest: native hatch rotation updates gradient angle in radians
ok 43 - native hatch rotation updates gradient angle in radians
  ---
  duration_ms: 0.278917
  type: 'test'
  ...
# Subtest: all 223 symbol masters have finite geometry and valid named ports
ok 44 - all 223 symbol masters have finite geometry and valid named ports
  ---
  duration_ms: 31.511191
  type: 'test'
  ...
# Subtest: native block transform and port direction use base point, scale and rotation
ok 45 - native block transform and port direction use base point, scale and rotation
  ---
  duration_ms: 2.240934
  type: 'test'
  ...
# Subtest: moving insert keeps imported attributes in world coordinates
ok 46 - moving insert keeps imported attributes in world coordinates
  ---
  duration_ms: 1.205909
  type: 'test'
  ...
# Subtest: layer, by-layer and by-block dash inheritance
ok 47 - layer, by-layer and by-block dash inheritance
  ---
  duration_ms: 0.256688
  type: 'test'
  ...
# Subtest: recursive blocks terminate at explicit recursion budget
ok 48 - recursive blocks terminate at explicit recursion budget
  ---
  duration_ms: 0.67202
  type: 'test'
  ...
# Subtest: text cleanup handles Unicode, paragraphs and formatting without HTML execution
ok 49 - text cleanup handles Unicode, paragraphs and formatting without HTML execution
  ---
  duration_ms: 6.859064
  type: 'test'
  ...
# Subtest: pid DXF round trip preserves identity, ports, tags, connector graph and parameter metadata
ok 50 - pid DXF round trip preserves identity, ports, tags, connector graph and parameter metadata
  ---
  duration_ms: 563.732293
  type: 'test'
  ...
# Subtest: electrical DXF round trip preserves identity, ports, tags, connector graph and parameter metadata
ok 51 - electrical DXF round trip preserves identity, ports, tags, connector graph and parameter metadata
  ---
  duration_ms: 511.905387
  type: 'test'
  ...
# Subtest: flow DXF round trip preserves identity, ports, tags, connector graph and parameter metadata
ok 52 - flow DXF round trip preserves identity, ports, tags, connector graph and parameter metadata
  ---
  duration_ms: 325.902495
  type: 'test'
  ...
# Subtest: DXF writer AC1015
ok 53 - DXF writer AC1015
  ---
  duration_ms: 3.011007
  type: 'test'
  ...
# Subtest: DXF writer AC1018
ok 54 - DXF writer AC1018
  ---
  duration_ms: 2.057319
  type: 'test'
  ...
# Subtest: DXF writer AC1021
ok 55 - DXF writer AC1021
  ---
  duration_ms: 1.811079
  type: 'test'
  ...
# Subtest: DXF writer AC1024
ok 56 - DXF writer AC1024
  ---
  duration_ms: 1.651116
  type: 'test'
  ...
# Subtest: DXF writer AC1027
ok 57 - DXF writer AC1027
  ---
  duration_ms: 1.666658
  type: 'test'
  ...
# Subtest: DXF writer AC1032
ok 58 - DXF writer AC1032
  ---
  duration_ms: 1.65934
  type: 'test'
  ...
# Subtest: bulges, splines, ellipses and text retain numeric data in normalized round trip
ok 59 - bulges, splines, ellipses and text retain numeric data in normalized round trip
  ---
  duration_ms: 5.170675
  type: 'test'
  ...
# Subtest: legacy R2000 Unicode escapes render correctly
ok 60 - legacy R2000 Unicode escapes render correctly
  ---
  duration_ms: 2.013293
  type: 'test'
  ...
# Subtest: original ASCII byte preservation includes code page bytes and line endings
ok 61 - original ASCII byte preservation includes code page bytes and line endings
  ---
  duration_ms: 0.752538
  type: 'test'
  ...
# Subtest: unsupported DXF entity and opaque sections are retained and export is transparent
ok 62 - unsupported DXF entity and opaque sections are retained and export is transparent
  ---
  duration_ms: 1.904165
  type: 'test'
  ...
# Subtest: non-default OCS projects an edge-on circle to the top view
ok 63 - non-default OCS projects an edge-on circle to the top view
  ---
  duration_ms: 1.759046
  type: 'test'
  ...
# Subtest: old POLYLINE VERTEX and SEQEND import as one path
ok 64 - old POLYLINE VERTEX and SEQEND import as one path
  ---
  duration_ms: 0.442227
  type: 'test'
  ...
# Subtest: native HATCH export retains loops and pattern definitions
ok 65 - native HATCH export retains loops and pattern definitions
  ---
  duration_ms: 13.694076
  type: 'test'
  ...
# Subtest: authored dimension exports native DIMENSION and a complete graphics block
ok 66 - authored dimension exports native DIMENSION and a complete graphics block
  ---
  duration_ms: 7.619541
  type: 'test'
  ...
# Subtest: malformed or truncated ASCII DXF is rejected
ok 67 - malformed or truncated ASCII DXF is rejected
  ---
  duration_ms: 0.707825
  type: 'test'
  ...
# Subtest: binary DXF modern word codes imports and preserves exact source
ok 68 - binary DXF modern word codes imports and preserves exact source
  ---
  duration_ms: 1.817098
  type: 'test'
  ...
# Subtest: binary DXF R12 byte codes imports and preserves exact source
ok 69 - binary DXF R12 byte codes imports and preserves exact source
  ---
  duration_ms: 0.706448
  type: 'test'
  ...
# Subtest: scene compiles with Float64 source and rebased Float32 uploads
ok 70 - scene compiles with Float64 source and rebased Float32 uploads
  ---
  duration_ms: 0.467075
  type: 'test'
  ...
# Subtest: hidden layers and layouts do not compile
ok 71 - hidden layers and layouts do not compile
  ---
  duration_ms: 0.394555
  type: 'test'
  ...
# Subtest: camera zoom anchors and inverse transforms are exact
ok 72 - camera zoom anchors and inverse transforms are exact
  ---
  duration_ms: 12.768559
  type: 'test'
  ...
# Subtest: WebGPU sources contain compute culling and instanced stroke entry points
ok 73 - WebGPU sources contain compute culling and instanced stroke entry points
  ---
  duration_ms: 0.275457
  type: 'test'
  ...
# Subtest: BOM emits quoted tag and coordinate records
ok 74 - BOM emits quoted tag and coordinate records
  ---
  duration_ms: 7.840293
  type: 'test'
  ...
# Subtest: symbol installs are isolated between documents and factory masters
ok 75 - symbol installs are isolated between documents and factory masters
  ---
  duration_ms: 23.387379
  type: 'test'
  ...
# Subtest: DXF preserves int64 group values as decimal strings
ok 76 - DXF preserves int64 group values as decimal strings
  ---
  duration_ms: 0.27108
  type: 'test'
  ...
# Subtest: ACI import retains standard red, cyan and green rather than theme substitutions
ok 77 - ACI import retains standard red, cyan and green rather than theme substitutions
  ---
  duration_ms: 0.688635
  type: 'test'
  ...
# Subtest: MINSERT grid spacing rotates but is not scaled with block geometry
ok 78 - MINSERT grid spacing rotates but is not scaled with block geometry
  ---
  duration_ms: 0.537168
  type: 'test'
  ...
# Subtest: MINSERT attributes repeat at rotated unscaled grid offsets
ok 79 - MINSERT attributes repeat at rotated unscaled grid offsets
  ---
  duration_ms: 0.401748
  type: 'test'
  ...
# Subtest: MINSERT zero spacing does not emit duplicate occurrences
ok 80 - MINSERT zero spacing does not emit duplicate occurrences
  ---
  duration_ms: 0.250665
  type: 'test'
  ...
# Subtest: every tool has unique descriptor and coverage
ok 81 - every tool has unique descriptor and coverage
  ---
  duration_ms: 3.080689
  type: 'test'
  ...
# Subtest: arc: native factory, renderer and point-session agree
ok 82 - arc: native factory, renderer and point-session agree
  ---
  duration_ms: 3.960668
  type: 'test'
  ...
# Subtest: arc: ASCII and binary roundtrips keep native entity
ok 83 - arc: ASCII and binary roundtrips keep native entity
  ---
  duration_ms: 29.035642
  type: 'test'
  ...
# Subtest: arc-center: native factory, renderer and point-session agree
ok 84 - arc-center: native factory, renderer and point-session agree
  ---
  duration_ms: 2.581511
  type: 'test'
  ...
# Subtest: arc-center: ASCII and binary roundtrips keep native entity
ok 85 - arc-center: ASCII and binary roundtrips keep native entity
  ---
  duration_ms: 10.668586
  type: 'test'
  ...
# Subtest: circle-3p: native factory, renderer and point-session agree
ok 86 - circle-3p: native factory, renderer and point-session agree
  ---
  duration_ms: 0.632146
  type: 'test'
  ...
# Subtest: circle-3p: ASCII and binary roundtrips keep native entity
ok 87 - circle-3p: ASCII and binary roundtrips keep native entity
  ---
  duration_ms: 9.37964
  type: 'test'
  ...
# Subtest: circle-diameter: native factory, renderer and point-session agree
ok 88 - circle-diameter: native factory, renderer and point-session agree
  ---
  duration_ms: 0.463053
  type: 'test'
  ...
# Subtest: circle-diameter: ASCII and binary roundtrips keep native entity
ok 89 - circle-diameter: ASCII and binary roundtrips keep native entity
  ---
  duration_ms: 10.421967
  type: 'test'
  ...
# Subtest: ellipse: native factory, renderer and point-session agree
ok 90 - ellipse: native factory, renderer and point-session agree
  ---
  duration_ms: 0.993065
  type: 'test'
  ...
# Subtest: ellipse: ASCII and binary roundtrips keep native entity
ok 91 - ellipse: ASCII and binary roundtrips keep native entity
  ---
  duration_ms: 5.341226
  type: 'test'
  ...
# Subtest: ellipse-arc: native factory, renderer and point-session agree
ok 92 - ellipse-arc: native factory, renderer and point-session agree
  ---
  duration_ms: 0.387508
  type: 'test'
  ...
# Subtest: ellipse-arc: ASCII and binary roundtrips keep native entity
ok 93 - ellipse-arc: ASCII and binary roundtrips keep native entity
  ---
  duration_ms: 10.905611
  type: 'test'
  ...
# Subtest: spline: native factory, renderer and point-session agree
ok 94 - spline: native factory, renderer and point-session agree
  ---
  duration_ms: 2.832389
  type: 'test'
  ...
# Subtest: spline: ASCII and binary roundtrips keep native entity
ok 95 - spline: ASCII and binary roundtrips keep native entity
  ---
  duration_ms: 10.282152
  type: 'test'
  ...
# Subtest: bezier: native factory, renderer and point-session agree
ok 96 - bezier: native factory, renderer and point-session agree
  ---
  duration_ms: 2.306821
  type: 'test'
  ...
# Subtest: bezier: ASCII and binary roundtrips keep native entity
ok 97 - bezier: ASCII and binary roundtrips keep native entity
  ---
  duration_ms: 6.552744
  type: 'test'
  ...
# Subtest: polygon: native factory, renderer and point-session agree
ok 98 - polygon: native factory, renderer and point-session agree
  ---
  duration_ms: 1.686511
  type: 'test'
  ...
# Subtest: polygon: ASCII and binary roundtrips keep native entity
ok 99 - polygon: ASCII and binary roundtrips keep native entity
  ---
  duration_ms: 9.392582
  type: 'test'
  ...
# Subtest: donut: native factory, renderer and point-session agree
ok 100 - donut: native factory, renderer and point-session agree
  ---
  duration_ms: 0.696525
  type: 'test'
  ...
# Subtest: donut: ASCII and binary roundtrips keep native entity
ok 101 - donut: ASCII and binary roundtrips keep native entity
  ---
  duration_ms: 8.751325
  type: 'test'
  ...
# Subtest: solid: native factory, renderer and point-session agree
ok 102 - solid: native factory, renderer and point-session agree
  ---
  duration_ms: 0.809991
  type: 'test'
  ...
# Subtest: solid: ASCII and binary roundtrips keep native entity
ok 103 - solid: ASCII and binary roundtrips keep native entity
  ---
  duration_ms: 6.935501
  type: 'test'
  ...
# Subtest: face: native factory, renderer and point-session agree
ok 104 - face: native factory, renderer and point-session agree
  ---
  duration_ms: 0.288459
  type: 'test'
  ...
# Subtest: face: ASCII and binary roundtrips keep native entity
ok 105 - face: ASCII and binary roundtrips keep native entity
  ---
  duration_ms: 12.605068
  type: 'test'
  ...
# Subtest: hatch: native factory, renderer and point-session agree
ok 106 - hatch: native factory, renderer and point-session agree
  ---
  duration_ms: 0.960934
  type: 'test'
  ...
# Subtest: hatch: ASCII and binary roundtrips keep native entity
ok 107 - hatch: ASCII and binary roundtrips keep native entity
  ---
  duration_ms: 11.811356
  type: 'test'
  ...
# Subtest: wipeout: native factory, renderer and point-session agree
ok 108 - wipeout: native factory, renderer and point-session agree
  ---
  duration_ms: 3.939501
  type: 'test'
  ...
# Subtest: wipeout: ASCII and binary roundtrips keep native entity
ok 109 - wipeout: ASCII and binary roundtrips keep native entity
  ---
  duration_ms: 7.807786
  type: 'test'
  ...
# Subtest: point: native factory, renderer and point-session agree
ok 110 - point: native factory, renderer and point-session agree
  ---
  duration_ms: 0.318063
  type: 'test'
  ...
# Subtest: point: ASCII and binary roundtrips keep native entity
ok 111 - point: ASCII and binary roundtrips keep native entity
  ---
  duration_ms: 4.200479
  type: 'test'
  ...
# Subtest: ray: native factory, renderer and point-session agree
ok 112 - ray: native factory, renderer and point-session agree
  ---
  duration_ms: 0.321406
  type: 'test'
  ...
# Subtest: ray: ASCII and binary roundtrips keep native entity
ok 113 - ray: ASCII and binary roundtrips keep native entity
  ---
  duration_ms: 5.853022
  type: 'test'
  ...
# Subtest: xline: native factory, renderer and point-session agree
ok 114 - xline: native factory, renderer and point-session agree
  ---
  duration_ms: 0.222956
  type: 'test'
  ...
# Subtest: xline: ASCII and binary roundtrips keep native entity
ok 115 - xline: ASCII and binary roundtrips keep native entity
  ---
  duration_ms: 4.706623
  type: 'test'
  ...
# Subtest: mtext: native factory, renderer and point-session agree
ok 116 - mtext: native factory, renderer and point-session agree
  ---
  duration_ms: 0.924635
  type: 'test'
  ...
# Subtest: mtext: ASCII and binary roundtrips keep native entity
ok 117 - mtext: ASCII and binary roundtrips keep native entity
  ---
  duration_ms: 6.032128
  type: 'test'
  ...
# Subtest: leader: native factory, renderer and point-session agree
ok 118 - leader: native factory, renderer and point-session agree
  ---
  duration_ms: 0.321086
  type: 'test'
  ...
# Subtest: leader: ASCII and binary roundtrips keep native entity
ok 119 - leader: ASCII and binary roundtrips keep native entity
  ---
  duration_ms: 5.520708
  type: 'test'
  ...
# Subtest: dim-aligned: native factory, renderer and point-session agree
ok 120 - dim-aligned: native factory, renderer and point-session agree
  ---
  duration_ms: 2.313543
  type: 'test'
  ...
# Subtest: dim-aligned: ASCII and binary roundtrips keep native entity
ok 121 - dim-aligned: ASCII and binary roundtrips keep native entity
  ---
  duration_ms: 10.144475
  type: 'test'
  ...
# Subtest: dim-horizontal: native factory, renderer and point-session agree
ok 122 - dim-horizontal: native factory, renderer and point-session agree
  ---
  duration_ms: 0.656314
  type: 'test'
  ...
# Subtest: dim-horizontal: ASCII and binary roundtrips keep native entity
ok 123 - dim-horizontal: ASCII and binary roundtrips keep native entity
  ---
  duration_ms: 10.465819
  type: 'test'
  ...
# Subtest: dim-vertical: native factory, renderer and point-session agree
ok 124 - dim-vertical: native factory, renderer and point-session agree
  ---
  duration_ms: 0.524799
  type: 'test'
  ...
# Subtest: dim-vertical: ASCII and binary roundtrips keep native entity
ok 125 - dim-vertical: ASCII and binary roundtrips keep native entity
  ---
  duration_ms: 13.421401
  type: 'test'
  ...
# Subtest: dim-radius: native factory, renderer and point-session agree
ok 126 - dim-radius: native factory, renderer and point-session agree
  ---
  duration_ms: 0.574085
  type: 'test'
  ...
# Subtest: dim-radius: ASCII and binary roundtrips keep native entity
ok 127 - dim-radius: ASCII and binary roundtrips keep native entity
  ---
  duration_ms: 7.397515
  type: 'test'
  ...
# Subtest: dim-diameter: native factory, renderer and point-session agree
ok 128 - dim-diameter: native factory, renderer and point-session agree
  ---
  duration_ms: 0.646431
  type: 'test'
  ...
# Subtest: dim-diameter: ASCII and binary roundtrips keep native entity
ok 129 - dim-diameter: ASCII and binary roundtrips keep native entity
  ---
  duration_ms: 6.060778
  type: 'test'
  ...
# Subtest: dim-angular: native factory, renderer and point-session agree
ok 130 - dim-angular: native factory, renderer and point-session agree
  ---
  duration_ms: 1.203192
  type: 'test'
  ...
# Subtest: dim-angular: ASCII and binary roundtrips keep native entity
ok 131 - dim-angular: ASCII and binary roundtrips keep native entity
  ---
  duration_ms: 14.692601
  type: 'test'
  ...
# Subtest: dim-angular-lines: native factory, renderer and point-session agree
ok 132 - dim-angular-lines: native factory, renderer and point-session agree
  ---
  duration_ms: 1.669697
  type: 'test'
  ...
# Subtest: dim-angular-lines: ASCII and binary roundtrips keep native entity
ok 133 - dim-angular-lines: ASCII and binary roundtrips keep native entity
  ---
  duration_ms: 7.019312
  type: 'test'
  ...
# Subtest: dim-ordinate-x: native factory, renderer and point-session agree
ok 134 - dim-ordinate-x: native factory, renderer and point-session agree
  ---
  duration_ms: 0.668899
  type: 'test'
  ...
# Subtest: dim-ordinate-x: ASCII and binary roundtrips keep native entity
ok 135 - dim-ordinate-x: ASCII and binary roundtrips keep native entity
  ---
  duration_ms: 5.861506
  type: 'test'
  ...
# Subtest: dim-ordinate-y: native factory, renderer and point-session agree
ok 136 - dim-ordinate-y: native factory, renderer and point-session agree
  ---
  duration_ms: 0.427804
  type: 'test'
  ...
# Subtest: dim-ordinate-y: ASCII and binary roundtrips keep native entity
ok 137 - dim-ordinate-y: ASCII and binary roundtrips keep native entity
  ---
  duration_ms: 5.189861
  type: 'test'
  ...
# Subtest: circumcircle preserves survey-coordinate precision and arc through point
ok 138 - circumcircle preserves survey-coordinate precision and arc through point
  ---
  duration_ms: 1.126156
  type: 'test'
  ...
# Subtest: arc orientation includes picked through-point on reflex arcs
ok 139 - arc orientation includes picked through-point on reflex arcs
  ---
  duration_ms: 0.373551
  type: 'test'
  ...
# Subtest: collinear, coincident and nonfinite arc inputs are refused without mutation
ok 140 - collinear, coincident and nonfinite arc inputs are refused without mutation
  ---
  duration_ms: 0.525286
  type: 'test'
  ...
# Subtest: ellipse canonicalizes a longer second semi-axis and remaps arc parameters
ok 141 - ellipse canonicalizes a longer second semi-axis and remaps arc parameters
  ---
  duration_ms: 0.627536
  type: 'test'
  ...
# Subtest: ellipse minor radius is perpendicular axis distance, not radial cursor distance
ok 142 - ellipse minor radius is perpendicular axis distance, not radial cursor distance
  ---
  duration_ms: 1.25993
  type: 'test'
  ...
# Subtest: interpolating spline visits every point and matches tangent across internal knots
ok 143 - interpolating spline visits every point and matches tangent across internal knots
  ---
  duration_ms: 0.424199
  type: 'test'
  ...
# Subtest: closed interpolating spline has a shared seam and closed native flag
ok 144 - closed interpolating spline has a shared seam and closed native flag
  ---
  duration_ms: 0.167164
  type: 'test'
  ...
# Subtest: native donut encodes two semicircles and a real polyline width
ok 145 - native donut encodes two semicircles and a real polyline width
  ---
  duration_ms: 0.291963
  type: 'test'
  ...
# Subtest: polygon inscribed/circumscribed and bounds checks
ok 146 - polygon inscribed/circumscribed and bounds checks
  ---
  duration_ms: 0.465474
  type: 'test'
  ...
# Subtest: hatch copies native circles/ellipse/bulges, preserving islands without changing sources
ok 147 - hatch copies native circles/ellipse/bulges, preserving islands without changing sources
  ---
  duration_ms: 0.668159
  type: 'test'
  ...
# Subtest: hatch line and cross patterns produce visible bounded segments
ok 148 - hatch line and cross patterns produce visible bounded segments
  ---
  duration_ms: 1.634191
  type: 'test'
  ...
# Subtest: simple-boundary validator rejects intersections, touching, overlap and zero area
ok 149 - simple-boundary validator rejects intersections, touching, overlap and zero area
  ---
  duration_ms: 0.254414
  type: 'test'
  ...
# Subtest: wipeout normalized boundary reconstructs the authored polygon
ok 150 - wipeout normalized boundary reconstructs the authored polygon
  ---
  duration_ms: 0.166051
  type: 'test'
  ...
# Subtest: polar and relative point entry accepts parameter expressions without eval
ok 151 - polar and relative point entry accepts parameter expressions without eval
  ---
  duration_ms: 1.323267
  type: 'test'
  ...
# Subtest: session undo, incomplete finish, close and expansion limits
ok 152 - session undo, incomplete finish, close and expansion limits
  ---
  duration_ms: 0.378867
  type: 'test'
  ...
# Subtest: preview of degenerate points remains a nonmutating guide
ok 153 - preview of degenerate points remains a nonmutating guide
  ---
  duration_ms: 0.24187
  type: 'test'
  ...
# Subtest: new DXF tools preserve SOLID and 3DFACE perimeter order
ok 154 - new DXF tools preserve SOLID and 3DFACE perimeter order
  ---
  duration_ms: 3.00313
  type: 'test'
  ...
# Subtest: polyline arc midpoint snap lies on the bulge not the chord
ok 155 - polyline arc midpoint snap lies on the bulge not the chord
  ---
  duration_ms: 0.73043
  type: 'test'
  ...
# Subtest: ellipse snaps retain native minor-axis ratio
ok 156 - ellipse snaps retain native minor-axis ratio
  ---
  duration_ms: 0.375339
  type: 'test'
  ...
# Subtest: spline endpoint snaps use the actual NURBS curve
ok 157 - spline endpoint snaps use the actual NURBS curve
  ---
  duration_ms: 0.350381
  type: 'test'
  ...
# Subtest: construction lines are indexed across the viewport without inflating fit extents
ok 158 - construction lines are indexed across the viewport without inflating fit extents
  ---
  duration_ms: 8.350413
  type: 'test'
  ...
# Subtest: nested construction-line references retain viewport indexing and finite fit bounds
ok 159 - nested construction-line references retain viewport indexing and finite fit bounds
  ---
  duration_ms: 0.804139
  type: 'test'
  ...
# Subtest: nonfinite or elevated point coordinates fail before native construction
ok 160 - nonfinite or elevated point coordinates fail before native construction
  ---
  duration_ms: 0.466129
  type: 'test'
  ...
# Subtest: curved hatch sources reject invalid native ellipse axes and excessive vertices
ok 161 - curved hatch sources reject invalid native ellipse axes and excessive vertices
  ---
  duration_ms: 0.501942
  type: 'test'
  ...
# Subtest: triangle fills and faces retain three unique native corners through DXF
ok 162 - triangle fills and faces retain three unique native corners through DXF
  ---
  duration_ms: 4.207499
  type: 'test'
  ...
# Subtest: offscreen infinite geometry stays camera-dependent even when it emits no segments
ok 163 - offscreen infinite geometry stays camera-dependent even when it emits no segments
  ---
  duration_ms: 4.705819
  type: 'test'
  ...
# Subtest: typed ASCII/binary transport roundtrip group 160
ok 164 - typed ASCII/binary transport roundtrip group 160
  ---
  duration_ms: 2.950636
  type: 'test'
  ...
# Subtest: typed ASCII/binary transport roundtrip group 169
ok 165 - typed ASCII/binary transport roundtrip group 169
  ---
  duration_ms: 0.629334
  type: 'test'
  ...
# Subtest: typed ASCII/binary transport roundtrip group 1071
ok 166 - typed ASCII/binary transport roundtrip group 1071
  ---
  duration_ms: 0.48682
  type: 'test'
  ...
# Subtest: typed ASCII/binary transport roundtrip group 90
ok 167 - typed ASCII/binary transport roundtrip group 90
  ---
  duration_ms: 0.318949
  type: 'test'
  ...
# Subtest: typed ASCII/binary transport roundtrip group 370
ok 168 - typed ASCII/binary transport roundtrip group 370
  ---
  duration_ms: 0.370472
  type: 'test'
  ...
# Subtest: typed ASCII/binary transport roundtrip group 290
ok 169 - typed ASCII/binary transport roundtrip group 290
  ---
  duration_ms: 0.334202
  type: 'test'
  ...
# Subtest: typed ASCII/binary transport roundtrip group 40
ok 170 - typed ASCII/binary transport roundtrip group 40
  ---
  duration_ms: 0.410452
  type: 'test'
  ...
# Subtest: typed ASCII/binary transport roundtrip group 310
ok 171 - typed ASCII/binary transport roundtrip group 310
  ---
  duration_ms: 0.418454
  type: 'test'
  ...
# Subtest: reject malformed/overflow scalar 160:9223372036854775808
ok 172 - reject malformed/overflow scalar 160:9223372036854775808
  ---
  duration_ms: 0.67679
  type: 'test'
  ...
# Subtest: reject malformed/overflow scalar 160:-9223372036854775809
ok 173 - reject malformed/overflow scalar 160:-9223372036854775809
  ---
  duration_ms: 0.511664
  type: 'test'
  ...
# Subtest: reject malformed/overflow scalar 290:2
ok 174 - reject malformed/overflow scalar 290:2
  ---
  duration_ms: 0.157051
  type: 'test'
  ...
# Subtest: reject malformed/overflow scalar 70:32768
ok 175 - reject malformed/overflow scalar 70:32768
  ---
  duration_ms: 0.082993
  type: 'test'
  ...
# Subtest: reject malformed/overflow scalar 90:2147483648
ok 176 - reject malformed/overflow scalar 90:2147483648
  ---
  duration_ms: 0.076309
  type: 'test'
  ...
# Subtest: reject malformed/overflow scalar 40:NaN
ok 177 - reject malformed/overflow scalar 40:NaN
  ---
  duration_ms: 0.062927
  type: 'test'
  ...
# Subtest: reject malformed/overflow scalar 310:FFF
ok 178 - reject malformed/overflow scalar 310:FFF
  ---
  duration_ms: 0.102388
  type: 'test'
  ...
# Subtest: reject malformed/overflow scalar 40:
ok 179 - reject malformed/overflow scalar 40:
  ---
  duration_ms: 0.065066
  type: 'test'
  ...
# Subtest: reject malformed/overflow scalar 70:1.5
ok 180 - reject malformed/overflow scalar 70:1.5
  ---
  duration_ms: 0.067728
  type: 'test'
  ...
# Subtest: reject incomplete pairs, trailing data and malformed section nesting
ok 181 - reject incomplete pairs, trailing data and malformed section nesting
  ---
  duration_ms: 0.234777
  type: 'test'
  ...
# Subtest: R12 binary single-byte group codes and extended-code escape
ok 182 - R12 binary single-byte group codes and extended-code escape
  ---
  duration_ms: 0.317422
  type: 'test'
  ...
# Subtest: binary source signature, truncation and trailing bytes are guarded
ok 183 - binary source signature, truncation and trailing bytes are guarded
  ---
  duration_ms: 0.867144
  type: 'test'
  ...
# Subtest: binary metadata and Unicode MTEXT survive all modern export versions
ok 184 - binary metadata and Unicode MTEXT survive all modern export versions
  ---
  duration_ms: 52.637418
  type: 'test'
  ...
# Subtest: modern MTEXT chunks never split Unicode scalars or exceed 250 UTF-8 bytes
ok 185 - modern MTEXT chunks never split Unicode scalars or exceed 250 UTF-8 bytes
  ---
  duration_ms: 1.533166
  type: 'test'
  ...
# Subtest: extension coordinate fields do not shadow entity coordinates
ok 186 - extension coordinate fields do not shadow entity coordinates
  ---
  duration_ms: 0.815655
  type: 'test'
  ...
# Subtest: unknown classes, object records, payload and handles survive preserving output
ok 187 - unknown classes, object records, payload and handles survive preserving output
  ---
  duration_ms: 53.054494
  type: 'test'
  ...
# Subtest: preserving permits an unreferenced LINE endpoint edit and retains unknown entities
ok 188 - preserving permits an unreferenced LINE endpoint edit and retains unknown entities
  ---
  duration_ms: 0.85933
  type: 'test'
  ...
# Subtest: preserving refuses dependency-sensitive, unrepresented and structural edits
ok 189 - preserving refuses dependency-sensitive, unrepresented and structural edits
  ---
  duration_ms: 1.060896
  type: 'test'
  ...
# Subtest: preserving rejects duplicate handles and modified raw payloads
ok 190 - preserving rejects duplicate handles and modified raw payloads
  ---
  duration_ms: 19.918887
  type: 'test'
  ...
# Subtest: normalized 64-bit source handles cannot cause unsafe-number allocation loops
ok 191 - normalized 64-bit source handles cannot cause unsafe-number allocation loops
  ---
  duration_ms: 1.251265
  type: 'test'
  ...
# Subtest: model and all inactive paper-space contents are recovered once
ok 192 - model and all inactive paper-space contents are recovered once
  ---
  duration_ms: 48.777869
  type: 'test'
  ...
# Subtest: layout root dictionaries, block owners, table counts and HANDSEED are coherent
ok 193 - layout root dictionaries, block owners, table counts and HANDSEED are coherent
  ---
  duration_ms: 48.945703
  type: 'test'
  ...
# Subtest: viewport clip and frozen layer references are remapped without changing semantics
ok 194 - viewport clip and frozen layer references are remapped without changing semantics
  ---
  duration_ms: 30.848912
  type: 'test'
  ...
# Subtest: viewport DCS transform applies target, twist, scale and view center
ok 195 - viewport DCS transform applies target, twist, scale and view center
  ---
  duration_ms: 0.459904
  type: 'test'
  ...
# Subtest: paper layout geometry uses clip polygons and excludes frozen layers
ok 196 - paper layout geometry uses clip polygons and excludes frozen layers
  ---
  duration_ms: 22.509831
  type: 'test'
  ...
# Subtest: paper SVG uses nested scene-space clipping
ok 197 - paper SVG uses nested scene-space clipping
  ---
  duration_ms: 41.263763
  type: 'test'
  ...
# Subtest: native mesh topology and helix fields survive ASCII and binary
ok 198 - native mesh topology and helix fields survive ASCII and binary
  ---
  duration_ms: 139.091876
  type: 'test'
  ...
# Subtest: mesh invalid indices/counts and unsupported downgrades fail explicitly
ok 199 - mesh invalid indices/counts and unsupported downgrades fail explicitly
  ---
  duration_ms: 30.730313
  type: 'test'
  ...
# Subtest: WIPEOUT converts normalized image boundary to the intended WCS mask
ok 200 - WIPEOUT converts normalized image boundary to the intended WCS mask
  ---
  duration_ms: 14.638602
  type: 'test'
  ...
# Subtest: native dimension edits cannot leave stale graphics blocks
ok 201 - native dimension edits cannot leave stale graphics blocks
  ---
  duration_ms: 10.429606
  type: 'test'
  ...
# Subtest: strict normalized mode reports foreign data loss; preservation remains available
ok 202 - strict normalized mode reports foreign data loss; preservation remains available
  ---
  duration_ms: 60.782732
  type: 'test'
  ...
# Subtest: preservation refuses global line-pattern changes and arbitrary soft references
ok 203 - preservation refuses global line-pattern changes and arbitrary soft references
  ---
  duration_ms: 46.395386
  type: 'test'
  ...
# Subtest: normalized export retains insertion unit codes beyond the UI unit choices
ok 204 - normalized export retains insertion unit codes beyond the UI unit choices
  ---
  duration_ms: 103.165707
  type: 'test'
  ...
# Subtest: exploding a clipped viewport rejects before producing unclipped entities
ok 205 - exploding a clipped viewport rejects before producing unclipped entities
  ---
  duration_ms: 12.960417
  type: 'test'
  ...
# Subtest: expression 2+3*4
ok 206 - expression 2+3*4
  ---
  duration_ms: 2.475793
  type: 'test'
  ...
# Subtest: expression (2+3)*4
ok 207 - expression (2+3)*4
  ---
  duration_ms: 0.289645
  type: 'test'
  ...
# Subtest: expression 2^3^2
ok 208 - expression 2^3^2
  ---
  duration_ms: 0.323201
  type: 'test'
  ...
# Subtest: expression -2^2
ok 209 - expression -2^2
  ---
  duration_ms: 0.950003
  type: 'test'
  ...
# Subtest: expression 2^-2
ok 210 - expression 2^-2
  ---
  duration_ms: 0.274291
  type: 'test'
  ...
# Subtest: expression (-2)^2
ok 211 - expression (-2)^2
  ---
  duration_ms: 0.138062
  type: 'test'
  ...
# Subtest: expression 2e3 / .5
ok 212 - expression 2e3 / .5
  ---
  duration_ms: 0.297647
  type: 'test'
  ...
# Subtest: expression pi*2
ok 213 - expression pi*2
  ---
  duration_ms: 0.17996
  type: 'test'
  ...
# Subtest: parameter dependency resolution and cycle diagnostics
ok 214 - parameter dependency resolution and cycle diagnostics
  ---
  duration_ms: 2.117031
  type: 'test'
  ...
# Subtest: unsafe or invalid expression rejected: globalThis.x=1
ok 215 - unsafe or invalid expression rejected: globalThis.x=1
  ---
  duration_ms: 0.563916
  type: 'test'
  ...
# Subtest: unsafe or invalid expression rejected: constructor
ok 216 - unsafe or invalid expression rejected: constructor
  ---
  duration_ms: 0.225199
  type: 'test'
  ...
# Subtest: unsafe or invalid expression rejected: 1/0
ok 217 - unsafe or invalid expression rejected: 1/0
  ---
  duration_ms: 0.115511
  type: 'test'
  ...
# Subtest: unsafe or invalid expression rejected: abc
ok 218 - unsafe or invalid expression rejected: abc
  ---
  duration_ms: 0.097075
  type: 'test'
  ...
# Subtest: unsafe or invalid expression rejected: 1;2
ok 219 - unsafe or invalid expression rejected: 1;2
  ---
  duration_ms: 0.086544
  type: 'test'
  ...
# Subtest: unsafe or invalid expression rejected: Math.sin(2)
ok 220 - unsafe or invalid expression rejected: Math.sin(2)
  ---
  duration_ms: 0.08316
  type: 'test'
  ...
# Subtest: unsafe or invalid expression rejected: 2 +
ok 221 - unsafe or invalid expression rejected: 2 +
  ---
  duration_ms: 0.130025
  type: 'test'
  ...
# Subtest: unsafe or invalid expression rejected: (2
ok 222 - unsafe or invalid expression rejected: (2
  ---
  duration_ms: 0.100129
  type: 'test'
  ...
# Subtest: unsafe or invalid expression rejected: 2**3
ok 223 - unsafe or invalid expression rejected: 2**3
  ---
  duration_ms: 0.097235
  type: 'test'
  ...
# Subtest: constraint horizontal and length solve together
ok 224 - constraint horizontal and length solve together
  ---
  duration_ms: 5.703162
  type: 'test'
  ...
# Subtest: radius constraint uses named expressions
ok 225 - radius constraint uses named expressions
  ---
  duration_ms: 0.833435
  type: 'test'
  ...
# Subtest: coincidence and perpendicular constraints
ok 226 - coincidence and perpendicular constraints
  ---
  duration_ms: 5.549948
  type: 'test'
  ...
# Subtest: conflicting constraints roll back complete geometry
ok 227 - conflicting constraints roll back complete geometry
  ---
  duration_ms: 3.526361
  type: 'test'
  ...
# Subtest: stale, incompatible and negative-size constraints fail explicitly
ok 228 - stale, incompatible and negative-size constraints fail explicitly
  ---
  duration_ms: 0.509356
  type: 'test'
  ...
# Subtest: history atomically cancels exceptions and invalidates redo
ok 229 - history atomically cancels exceptions and invalidates redo
  ---
  duration_ms: 0.589083
  type: 'test'
  ...
# Subtest: history suppresses no-op edits and enforces entry limit
ok 230 - history suppresses no-op edits and enforces entry limit
  ---
  duration_ms: 0.255491
  type: 'test'
  ...
# Subtest: spatial queries agree with brute force over 10000 boxes
ok 231 - spatial queries agree with brute force over 10000 boxes
  ---
  duration_ms: 61.059465
  type: 'test'
  ...
# Subtest: routing has no obstacle collisions and returns orthogonal segments
ok 232 - routing has no obstacle collisions and returns orthogonal segments
  ---
  duration_ms: 2.305541
  type: 'test'
  ...
# Subtest: router reports blocked endpoints and safety limits, never claims successful fallback
ok 233 - router reports blocked endpoints and safety limits, never claims successful fallback
  ---
  duration_ms: 0.518887
  type: 'test'
  ...
# Subtest: port leads and waypoints preserve exact endpoints
ok 234 - port leads and waypoints preserve exact endpoints
  ---
  duration_ms: 0.863189
  type: 'test'
  ...
# Subtest: directed graph preserves port references
ok 235 - directed graph preserves port references
  ---
  duration_ms: 0.465232
  type: 'test'
  ...
# Subtest: spatial updates remove stale hits and discover objects outside original tree bounds
ok 236 - spatial updates remove stale hits and discover objects outside original tree bounds
  ---
  duration_ms: 6.102812
  type: 'test'
  ...
# Subtest: port routing does not re-enter the bodies of its own endpoint equipment
ok 237 - port routing does not re-enter the bodies of its own endpoint equipment
  ---
  duration_ms: 0.891942
  type: 'test'
  ...
# Subtest: a waypoint inside endpoint equipment is rejected rather than routed through its body
ok 238 - a waypoint inside endpoint equipment is rejected rather than routed through its body
  ---
  duration_ms: 1.810476
  type: 'test'
  ...
# Subtest: port routing validates lead and clearance budgets
ok 239 - port routing validates lead and clearance budgets
  ---
  duration_ms: 0.752451
  type: 'test'
  ...
# Subtest: all independently generated entities import without unsupported entities or nonfinite geometry
ok 240 - all independently generated entities import without unsupported entities or nonfinite geometry
  ---
  duration_ms: 9.692001
  type: 'test'
  ...
# Subtest: native hatch arc-False agrees with independent analytic endpoints
ok 241 - native hatch arc-False agrees with independent analytic endpoints
  ---
  duration_ms: 0.590121
  type: 'test'
  ...
# Subtest: native hatch arc-True agrees with independent analytic endpoints
ok 242 - native hatch arc-True agrees with independent analytic endpoints
  ---
  duration_ms: 0.27911
  type: 'test'
  ...
# Subtest: native hatch ellipse-False agrees with independent analytic endpoints
ok 243 - native hatch ellipse-False agrees with independent analytic endpoints
  ---
  duration_ms: 0.5453
  type: 'test'
  ...
# Subtest: native hatch ellipse-True agrees with independent analytic endpoints
ok 244 - native hatch ellipse-True agrees with independent analytic endpoints
  ---
  duration_ms: 0.67748
  type: 'test'
  ...
# Subtest: normal, outer, and ignore hatch styles produce correct nested-island topology
ok 245 - normal, outer, and ignore hatch styles produce correct nested-island topology
  ---
  duration_ms: 0.461497
  type: 'test'
  ...
# Subtest: hatch pattern scanlines never bridge an island hole
ok 246 - hatch pattern scanlines never bridge an island hole
  ---
  duration_ms: 1.625855
  type: 'test'
  ...
# Subtest: pathological hatch spacing terminates at the configured safety budget
ok 247 - pathological hatch spacing terminates at the configured safety budget
  ---
  duration_ms: 0.286798
  type: 'test'
  ...
# Subtest: malformed hatch counts are rejected before allocation
ok 248 - malformed hatch counts are rejected before allocation
  ---
  duration_ms: 0.903897
  type: 'test'
  ...
# Subtest: rational spline hatch preserves native knots, controls, weights and edge topology
ok 249 - rational spline hatch preserves native knots, controls, weights and edge topology
  ---
  duration_ms: 6.805939
  type: 'test'
  ...
# Subtest: gradient DXF data survives native export and supported LINEAR preview is exposed
ok 250 - gradient DXF data survives native export and supported LINEAR preview is exposed
  ---
  duration_ms: 0.466498
  type: 'test'
  ...
# Subtest: variable-width bulge polyline emits a filled ribbon and retains per-vertex widths
ok 251 - variable-width bulge polyline emits a filled ribbon and retains per-vertex widths
  ---
  duration_ms: 0.358357
  type: 'test'
  ...
# Subtest: 3D POLYLINE retains Z, vertex ordering, native record type, and closure
ok 252 - 3D POLYLINE retains Z, vertex ordering, native record type, and closure
  ---
  duration_ms: 0.292491
  type: 'test'
  ...
# Subtest: polyface and polygon meshes remain native and render indexed edges
ok 253 - polyface and polygon meshes remain native and render indexed edges
  ---
  duration_ms: 0.55416
  type: 'test'
  ...
# Subtest: 3DFACE uses native vertex order and respects hidden edge bitmask
ok 254 - 3DFACE uses native vertex order and respects hidden edge bitmask
  ---
  duration_ms: 0.424186
  type: 'test'
  ...
# Subtest: WCS ellipse minor axis respects reversed extrusion normal
ok 255 - WCS ellipse minor axis respects reversed extrusion normal
  ---
  duration_ms: 0.254027
  type: 'test'
  ...
# Subtest: OCS arbitrary-axis basis normalizes vectors and includes projected elevation
ok 256 - OCS arbitrary-axis basis normalizes vectors and includes projected elevation
  ---
  duration_ms: 0.2852
  type: 'test'
  ...
# Subtest: dragging reflected OCS entities follows the world-space pointer delta
ok 257 - dragging reflected OCS entities follows the world-space pointer delta
  ---
  duration_ms: 0.597519
  type: 'test'
  ...
# Subtest: edge-on plane edits reject atomically instead of moving in the wrong coordinate frame
ok 258 - edge-on plane edits reject atomically instead of moving in the wrong coordinate frame
  ---
  duration_ms: 0.28828
  type: 'test'
  ...
# Subtest: MTEXT attachment 1 retains wrapping box, rotation and placement
ok 259 - MTEXT attachment 1 retains wrapping box, rotation and placement
  ---
  duration_ms: 4.23359
  type: 'test'
  ...
# Subtest: MTEXT attachment 2 retains wrapping box, rotation and placement
ok 260 - MTEXT attachment 2 retains wrapping box, rotation and placement
  ---
  duration_ms: 0.727071
  type: 'test'
  ...
# Subtest: MTEXT attachment 3 retains wrapping box, rotation and placement
ok 261 - MTEXT attachment 3 retains wrapping box, rotation and placement
  ---
  duration_ms: 0.53061
  type: 'test'
  ...
# Subtest: MTEXT attachment 4 retains wrapping box, rotation and placement
ok 262 - MTEXT attachment 4 retains wrapping box, rotation and placement
  ---
  duration_ms: 0.478589
  type: 'test'
  ...
# Subtest: MTEXT attachment 5 retains wrapping box, rotation and placement
ok 263 - MTEXT attachment 5 retains wrapping box, rotation and placement
  ---
  duration_ms: 0.48937
  type: 'test'
  ...
# Subtest: MTEXT attachment 6 retains wrapping box, rotation and placement
ok 264 - MTEXT attachment 6 retains wrapping box, rotation and placement
  ---
  duration_ms: 0.502683
  type: 'test'
  ...
# Subtest: MTEXT attachment 7 retains wrapping box, rotation and placement
ok 265 - MTEXT attachment 7 retains wrapping box, rotation and placement
  ---
  duration_ms: 0.581949
  type: 'test'
  ...
# Subtest: MTEXT attachment 8 retains wrapping box, rotation and placement
ok 266 - MTEXT attachment 8 retains wrapping box, rotation and placement
  ---
  duration_ms: 0.585424
  type: 'test'
  ...
# Subtest: MTEXT attachment 9 retains wrapping box, rotation and placement
ok 267 - MTEXT attachment 9 retains wrapping box, rotation and placement
  ---
  duration_ms: 1.806952
  type: 'test'
  ...
# Subtest: MTEXT background truecolor does not overwrite foreground ACI
ok 268 - MTEXT background truecolor does not overwrite foreground ACI
  ---
  duration_ms: 0.462752
  type: 'test'
  ...
# Subtest: MTEXT formatter scopes styles, decodes escapes, and wraps long unbroken identifiers
ok 269 - MTEXT formatter scopes styles, decodes escapes, and wraps long unbroken identifiers
  ---
  duration_ms: 0.483412
  type: 'test'
  ...
# Subtest: TEXT second alignment point, width factor, and style survive the native writer
ok 270 - TEXT second alignment point, width factor, and style survive the native writer
  ---
  duration_ms: 1.076345
  type: 'test'
  ...
# Subtest: signed linetypes preserve leading gaps and dots with global/entity scale
ok 271 - signed linetypes preserve leading gaps and dots with global/entity scale
  ---
  duration_ms: 0.299806
  type: 'test'
  ...
# Subtest: DXF transparency remains native rather than a synthetic hatch alpha
ok 272 - DXF transparency remains native rather than a synthetic hatch alpha
  ---
  duration_ms: 0.410947
  type: 'test'
  ...
# Subtest: rays and construction lines clip parametrically to the current view
ok 273 - rays and construction lines clip parametrically to the current view
  ---
  duration_ms: 0.311631
  type: 'test'
  ...
# Subtest: native leader keeps vertices and adds its arrow at the first vertex
ok 274 - native leader keeps vertices and adds its arrow at the first vertex
  ---
  duration_ms: 0.805932
  type: 'test'
  ...
# Subtest: native hatch similarity transformation updates analytic edges and pattern definitions
ok 275 - native hatch similarity transformation updates analytic edges and pattern definitions
  ---
  duration_ms: 1.476625
  type: 'test'
  ...
# Subtest: SVG exchange retains compound hole contours, opacity, and masked text
ok 276 - SVG exchange retains compound hole contours, opacity, and masked text
  ---
  duration_ms: 18.978475
  type: 'test'
  ...
# Subtest: all 223 original symbol masters have connection ports on actual terminal geometry
ok 277 - all 223 original symbol masters have connection ports on actual terminal geometry
  ---
  duration_ms: 90.379392
  type: 'test'
  ...
# Subtest: affine inverse and composition retain double precision
ok 278 - affine inverse and composition retain double precision
  ---
  duration_ms: 1.619018
  type: 'test'
  ...
# Subtest: singular transforms fail explicitly
ok 279 - singular transforms fail explicitly
  ---
  duration_ms: 0.804412
  type: 'test'
  ...
# Subtest: zoom-independent segment projection clamps endpoints
ok 280 - zoom-independent segment projection clamps endpoints
  ---
  duration_ms: 0.423019
  type: 'test'
  ...
# Subtest: segment intersection and infinite-line extension
ok 281 - segment intersection and infinite-line extension
  ---
  duration_ms: 0.358062
  type: 'test'
  ...
# Subtest: parallel and degenerate lines do not produce NaNs
ok 282 - parallel and degenerate lines do not produce NaNs
  ---
  duration_ms: 0.209018
  type: 'test'
  ...
# Subtest: box intersection checks crossing, contained and distant segments
ok 283 - box intersection checks crossing, contained and distant segments
  ---
  duration_ms: 0.353846
  type: 'test'
  ...
# Subtest: polygon area and inclusive edge containment
ok 284 - polygon area and inclusive edge containment
  ---
  duration_ms: 0.537734
  type: 'test'
  ...
# Subtest: orthogonal simplification removes duplicates but keeps reversal
ok 285 - orthogonal simplification removes duplicates but keeps reversal
  ---
  duration_ms: 1.037177
  type: 'test'
  ...
# Subtest: arc tessellation follows adaptive chord error budget
ok 286 - arc tessellation follows adaptive chord error budget
  ---
  duration_ms: 0.928903
  type: 'test'
  ...
# Subtest: positive and negative bulges interpolate intended semicircles
ok 287 - positive and negative bulges interpolate intended semicircles
  ---
  duration_ms: 1.890018
  type: 'test'
  ...
# Subtest: rational quadratic NURBS quarter circle
ok 288 - rational quadratic NURBS quarter circle
  ---
  duration_ms: 1.853394
  type: 'test'
  ...
# Subtest: spline evaluation rejects malformed explicit knot vectors
ok 289 - spline evaluation rejects malformed explicit knot vectors
  ---
  duration_ms: 0.204711
  type: 'test'
  ...
# Subtest: open and closed offsets and tangent fillet
ok 290 - open and closed offsets and tangent fillet
  ---
  duration_ms: 0.632942
  type: 'test'
  ...
# Subtest: circle quadrant snaps are exactly cardinal, arc snaps are restricted
ok 291 - circle quadrant snaps are exactly cardinal, arc snaps are restricted
  ---
  duration_ms: 0.620536
  type: 'test'
  ...
# Subtest: closed polyline provides closing-segment midpoint snap
ok 292 - closed polyline provides closing-segment midpoint snap
  ---
  duration_ms: 0.310727
  type: 'test'
  ...
# Subtest: 180 unique SVG glyphs are immutable discoverable metadata
ok 293 - 180 unique SVG glyphs are immutable discoverable metadata
  ---
  duration_ms: 1.569638
  type: 'test'
  ...
# Subtest: All icons are decorative, unfocusable, currentColor vectors with bounded viewboxes
ok 294 - All icons are decorative, unfocusable, currentColor vectors with bounded viewboxes
  ---
  duration_ms: 1.210859
  type: 'test'
  ...
# Subtest: Untrusted glyph and class inputs cannot inject SVG or event handlers
ok 295 - Untrusted glyph and class inputs cannot inject SVG or event handlers
  ---
  duration_ms: 0.223941
  type: 'test'
  ...
# Subtest: All command, modeling, drawing and example semantics resolve to registered glyphs
ok 296 - All command, modeling, drawing and example semantics resolve to registered glyphs
  ---
  duration_ms: 0.338384
  type: 'test'
  ...
# Subtest: Native entities and all camera view actions have non-generic icons
ok 297 - Native entities and all camera view actions have non-generic icons
  ---
  duration_ms: 0.327699
  type: 'test'
  ...
# Subtest: Shared action identity is used in tools and selection modes
ok 298 - Shared action identity is used in tools and selection modes
  ---
  duration_ms: 0.177425
  type: 'test'
  ...
# Subtest: Geometric field icons do not substitute or parse dimension values
ok 299 - Geometric field icons do not substitute or parse dimension values
  ---
  duration_ms: 0.413756
  type: 'test'
  ...
# Subtest: Command captions and external names are escaped without deleting accessible text
ok 300 - Command captions and external names are escaped without deleting accessible text
  ---
  duration_ms: 0.229797
  type: 'test'
  ...
# Subtest: Explicit state override can reuse a control with a different glyph
ok 301 - Explicit state override can reuse a control with a different glyph
  ---
  duration_ms: 0.309471
  type: 'test'
  ...
# Subtest: Compact rules only hide semantic captions, not fields or arbitrary document names
ok 302 - Compact rules only hide semantic captions, not fields or arbitrary document names
  ---
  duration_ms: 10.036256
  type: 'test'
  ...
# Subtest: Icon integration has no global observer, timer-based scan or external asset load
ok 303 - Icon integration has no global observer, timer-based scan or external asset load
  ---
  duration_ms: 1.769521
  type: 'test'
  ...
# Subtest: incremental entity update retains buffer identity and leaves unrelated geometry unchanged
ok 304 - incremental entity update retains buffer identity and leaves unrelated geometry unchanged
  ---
  duration_ms: 272.729756
  type: 'test'
  ...
# Subtest: incremental update switches to rebuild atomically when topology changes
ok 305 - incremental update switches to rebuild atomically when topology changes
  ---
  duration_ms: 1.250611
  type: 'test'
  ...
# Subtest: incremental update relocates BVH hits after moving beyond previous scene bounds
ok 306 - incremental update relocates BVH hits after moving beyond previous scene bounds
  ---
  duration_ms: 0.557326
  type: 'test'
  ...
# Subtest: whole-design parameter preview changes dependent 2D and 3D without source mutation
ok 307 - whole-design parameter preview changes dependent 2D and 3D without source mutation
  ---
  duration_ms: 9.987071
  type: 'test'
  ...
# Subtest: unchanged parameter records and object annotations survive expression changes
ok 308 - unchanged parameter records and object annotations survive expression changes
  ---
  duration_ms: 1.888085
  type: 'test'
  ...
# Subtest: renaming follows stable row metadata and validates all dependencies before commit
ok 309 - renaming follows stable row metadata and validates all dependencies before commit
  ---
  duration_ms: 1.142842
  type: 'test'
  ...
# Subtest: cyclic parameter changes invalidate previous good preview
ok 310 - cyclic parameter changes invalidate previous good preview
  ---
  duration_ms: 1.200145
  type: 'test'
  ...
# Subtest: parameter name guard rejects "constructor"
ok 311 - parameter name guard rejects "constructor"
  ---
  duration_ms: 0.541804
  type: 'test'
  ...
# Subtest: parameter name guard rejects "__proto__"
ok 312 - parameter name guard rejects "__proto__"
  ---
  duration_ms: 0.416468
  type: 'test'
  ...
# Subtest: parameter name guard rejects "prototype"
ok 313 - parameter name guard rejects "prototype"
  ---
  duration_ms: 0.547022
  type: 'test'
  ...
# Subtest: parameter name guard rejects "sin"
ok 314 - parameter name guard rejects "sin"
  ---
  duration_ms: 0.427175
  type: 'test'
  ...
# Subtest: parameter name guard rejects "pi"
ok 315 - parameter name guard rejects "pi"
  ---
  duration_ms: 0.792553
  type: 'test'
  ...
# Subtest: parameter name guard rejects "bad name"
ok 316 - parameter name guard rejects "bad name"
  ---
  duration_ms: 0.67445
  type: 'test'
  ...
# Subtest: parameter name guard rejects "0bad"
ok 317 - parameter name guard rejects "0bad"
  ---
  duration_ms: 0.364528
  type: 'test'
  ...
# Subtest: parameter name guard rejects ""
ok 318 - parameter name guard rejects ""
  ---
  duration_ms: 0.343663
  type: 'test'
  ...
# Subtest: duplicate and constraint-measurement names are not silently shadowed
ok 319 - duplicate and constraint-measurement names are not silently shadowed
  ---
  duration_ms: 1.983492
  type: 'test'
  ...
# Subtest: parameter deletion preserves invalid draft for repair without modifying design
ok 320 - parameter deletion preserves invalid draft for repair without modifying design
  ---
  duration_ms: 1.027464
  type: 'test'
  ...
# Subtest: parameter scrubbing retains its original formula without accumulating nesting
ok 321 - parameter scrubbing retains its original formula without accumulating nesting
  ---
  duration_ms: 0.808772
  type: 'test'
  ...
# Subtest: parameter snapshots are detached and histories bounded
ok 322 - parameter snapshots are detached and histories bounded
  ---
  duration_ms: 1.37696
  type: 'test'
  ...
# Subtest: parameter source identity and complete signature reject concurrent edits d=>d.version++
ok 323 - parameter source identity and complete signature reject concurrent edits d=>d.version++
  ---
  duration_ms: 0.836722
  type: 'test'
  ...
# Subtest: parameter source identity and complete signature reject concurrent edits d=>d.parameters.Size=41
ok 324 - parameter source identity and complete signature reject concurrent edits d=>d.parameters.Size=41
  ---
  duration_ms: 0.795935
  type: 'test'
  ...
# Subtest: global parameter changes cannot bypass locked dependent geometry
ok 325 - global parameter changes cannot bypass locked dependent geometry
  ---
  duration_ms: 0.878798
  type: 'test'
  ...
# Subtest: unrelated parameter changes can retain locked geometry with regeneration bookkeeping
ok 326 - unrelated parameter changes can retain locked geometry with regeneration bookkeeping
  ---
  duration_ms: 0.601319
  type: 'test'
  ...
# Subtest: parameter apply is one host history transaction
ok 327 - parameter apply is one host history transaction
  ---
  duration_ms: 0.791008
  type: 'test'
  ...
# Subtest: ended parameter session rejects use and releases document references
ok 328 - ended parameter session rejects use and releases document references
  ---
  duration_ms: 0.253377
  type: 'test'
  ...
# Subtest: parameter schema input is bounded and never executes arbitrary code
ok 329 - parameter schema input is bounded and never executes arbitrary code
  ---
  duration_ms: 0.325359
  type: 'test'
  ...
# Subtest: new spatial path stages incomplete points, stable entity id and evaluated WCS positions
ok 330 - new spatial path stages incomplete points, stable entity id and evaluated WCS positions
  ---
  duration_ms: 0.925335
  type: 'test'
  ...
# Subtest: spatial path expressions regenerate with design parameters
ok 331 - spatial path expressions regenerate with design parameters
  ---
  duration_ms: 0.459224
  type: 'test'
  ...
# Subtest: native vertex edit replaces only that vertex expression so subsequent regeneration keeps the edit
ok 332 - native vertex edit replaces only that vertex expression so subsequent regeneration keeps the edit
  ---
  duration_ms: 0.46777
  type: 'test'
  ...
# Subtest: insertion, removal and undo retain unaffected native vertex metadata
ok 333 - insertion, removal and undo retain unaffected native vertex metadata
  ---
  duration_ms: 0.732512
  type: 'test'
  ...
# Subtest: expression-preserving XYZ path drag is based on gesture start and atomically rejects nonfinite delta
ok 334 - expression-preserving XYZ path drag is based on gesture start and atomically rejects nonfinite delta
  ---
  duration_ms: 1.649904
  type: 'test'
  ...
# Subtest: invalid native path does not leave stale preview: [{"x":0,"y":0,"z":0}]
ok 335 - invalid native path does not leave stale preview: [{"x":0,"y":0,"z":0}]
  ---
  duration_ms: 0.098245
  type: 'test'
  ...
# Subtest: invalid native path does not leave stale preview: [{"x":0,"y":0,"z":0},{"x":0,"y":0,"z":0}]
ok 336 - invalid native path does not leave stale preview: [{"x":0,"y":0,"z":0},{"x":0,"y":0,"z":0}]
  ---
  duration_ms: 0.066099
  type: 'test'
  ...
# Subtest: invalid native path does not leave stale preview: [{"x":0,"y":0,"z":0},{"x":null,"y":0,"z":0}]
ok 337 - invalid native path does not leave stale preview: [{"x":0,"y":0,"z":0},{"x":null,"y":0,"z":0}]
  ---
  duration_ms: 0.059645
  type: 'test'
  ...
# Subtest: invalid native path does not leave stale preview: [{"x":0,"y":0,"z":0},{"x":10000000000000,"y":0,"z":0}]
ok 338 - invalid native path does not leave stale preview: [{"x":0,"y":0,"z":0},{"x":10000000000000,"y":0,"z":0}]
  ---
  duration_ms: 0.053755
  type: 'test'
  ...
# Subtest: invalid native path does not leave stale preview: [{"x":0,"y":0,"z":0},{"x":"unknown","y":0,"z":0}]
ok 339 - invalid native path does not leave stale preview: [{"x":0,"y":0,"z":0},{"x":"unknown","y":0,"z":0}]
  ---
  duration_ms: 0.071258
  type: 'test'
  ...
# Subtest: closing requires three distinct consecutive vertices and no duplicate terminal point
ok 340 - closing requires three distinct consecutive vertices and no duplicate terminal point
  ---
  duration_ms: 0.612656
  type: 'test'
  ...
# Subtest: path edits regenerate downstream sweep while preserving source identity
ok 341 - path edits regenerate downstream sweep while preserving source identity
  ---
  duration_ms: 12.356267
  type: 'test'
  ...
# Subtest: path updates and features are atomic when a downstream feature fails
ok 342 - path updates and features are atomic when a downstream feature fails
  ---
  duration_ms: 0.805004
  type: 'test'
  ...
# Subtest: malformed path expression count fails before any prepared update is published
ok 343 - malformed path expression count fails before any prepared update is published
  ---
  duration_ms: 0.581478
  type: 'test'
  ...
# Subtest: locked path and dependent locked sweep reject visual editing
ok 344 - locked path and dependent locked sweep reject visual editing
  ---
  duration_ms: 7.566639
  type: 'test'
  ...
# Subtest: path source signature, layout, flags and output layer are guarded
ok 345 - path source signature, layout, flags and output layer are guarded
  ---
  duration_ms: 3.687278
  type: 'test'
  ...
# Subtest: invalid path snapshots cannot forge original vertex metadata
ok 346 - invalid path snapshots cannot forge original vertex metadata
  ---
  duration_ms: 0.596667
  type: 'test'
  ...
# Subtest: ASCII DXF preserves native spatial path, XYZ expressions and later regeneration
ok 347 - ASCII DXF preserves native spatial path, XYZ expressions and later regeneration
  ---
  duration_ms: 15.202159
  type: 'test'
  ...
# Subtest: binary DXF preserves native spatial path, XYZ expressions and later regeneration
ok 348 - binary DXF preserves native spatial path, XYZ expressions and later regeneration
  ---
  duration_ms: 7.898369
  type: 'test'
  ...
# Subtest: path draft history, closed lifecycle, and detached snapshots
ok 349 - path draft history, closed lifecycle, and detached snapshots
  ---
  duration_ms: 0.418729
  type: 'test'
  ...
# Subtest: parameter-driven path and sweep update together in one parameter draft
ok 350 - parameter-driven path and sweep update together in one parameter draft
  ---
  duration_ms: 3.708535
  type: 'test'
  ...
# Subtest: workshop has six native editable entities and independent repeatable geometry
ok 351 - workshop has six native editable entities and independent repeatable geometry
  ---
  duration_ms: 6.557126
  type: 'test'
  ...
# Subtest: parameter previews mark changed native geometry dirty for record-preserving writers
ok 352 - parameter previews mark changed native geometry dirty for record-preserving writers
  ---
  duration_ms: 0.50495
  type: 'test'
  ...
# Subtest: display coordinates are immutable and cached across repeated camera-only reads
ok 353 - display coordinates are immutable and cached across repeated camera-only reads
  ---
  duration_ms: 0.838554
  type: 'test'
  ...
# Subtest: an invalid coordinate revision never returns or repeatedly evaluates old cached points
ok 354 - an invalid coordinate revision never returns or repeatedly evaluates old cached points
  ---
  duration_ms: 0.76747
  type: 'test'
  ...
# Subtest: unfinished display coordinates remain available without accepting an invalid native path
ok 355 - unfinished display coordinates remain available without accepting an invalid native path
  ---
  duration_ms: 0.255728
  type: 'test'
  ...
# Subtest: reversing an open spatial path retains expression and native vertex provenance
ok 356 - reversing an open spatial path retains expression and native vertex provenance
  ---
  duration_ms: 0.51297
  type: 'test'
  ...
# Subtest: closed-path reversal retains start identity and closure without duplicate endpoints
ok 357 - closed-path reversal retains start identity and closure without duplicate endpoints
  ---
  duration_ms: 0.35332
  type: 'test'
  ...
# Subtest: reversal is an atomic history operation and a dependent sweep regenerates
ok 358 - reversal is an atomic history operation and a dependent sweep regenerates
  ---
  duration_ms: 4.530808
  type: 'test'
  ...
# Subtest: future spatial path metadata is rejected, never silently downgraded
ok 359 - future spatial path metadata is rejected, never silently downgraded
  ---
  duration_ms: 0.289889
  type: 'test'
  ...
# Subtest: ASCII reversed native path retains traversal and expressions through DXF
ok 360 - ASCII reversed native path retains traversal and expressions through DXF
  ---
  duration_ms: 2.620577
  type: 'test'
  ...
# Subtest: binary reversed native path retains traversal and expressions through DXF
ok 361 - binary reversed native path retains traversal and expressions through DXF
  ---
  duration_ms: 5.28865
  type: 'test'
  ...
# Subtest: native editor inventory and operation registry are immutable
ok 362 - native editor inventory and operation registry are immutable
  ---
  duration_ms: 2.189157
  type: 'test'
  ...
# Subtest: native LINE position is edited only in an isolated preview
ok 363 - native LINE position is edited only in an isolated preview
  ---
  duration_ms: 7.022383
  type: 'test'
  ...
# Subtest: native CIRCLE position is edited only in an isolated preview
ok 364 - native CIRCLE position is edited only in an isolated preview
  ---
  duration_ms: 1.1655
  type: 'test'
  ...
# Subtest: native ARC position is edited only in an isolated preview
ok 365 - native ARC position is edited only in an isolated preview
  ---
  duration_ms: 0.788754
  type: 'test'
  ...
# Subtest: native ELLIPSE position is edited only in an isolated preview
ok 366 - native ELLIPSE position is edited only in an isolated preview
  ---
  duration_ms: 0.826329
  type: 'test'
  ...
# Subtest: native POINT position is edited only in an isolated preview
ok 367 - native POINT position is edited only in an isolated preview
  ---
  duration_ms: 0.833299
  type: 'test'
  ...
# Subtest: native RAY position is edited only in an isolated preview
ok 368 - native RAY position is edited only in an isolated preview
  ---
  duration_ms: 2.257676
  type: 'test'
  ...
# Subtest: native XLINE position is edited only in an isolated preview
ok 369 - native XLINE position is edited only in an isolated preview
  ---
  duration_ms: 0.857793
  type: 'test'
  ...
# Subtest: native TEXT position is edited only in an isolated preview
ok 370 - native TEXT position is edited only in an isolated preview
  ---
  duration_ms: 2.030206
  type: 'test'
  ...
# Subtest: native MTEXT position is edited only in an isolated preview
ok 371 - native MTEXT position is edited only in an isolated preview
  ---
  duration_ms: 1.635566
  type: 'test'
  ...
# Subtest: exact field operation is atomic on invalid coupled geometry
ok 372 - exact field operation is atomic on invalid coupled geometry
  ---
  duration_ms: 1.067822
  type: 'test'
  ...
# Subtest: line length expression survives commit and later parameter changes
ok 373 - line length expression survives commit and later parameter changes
  ---
  duration_ms: 1.494389
  type: 'test'
  ...
# Subtest: signed numeric and expression drags never accumulate nesting
ok 374 - signed numeric and expression drags never accumulate nesting
  ---
  duration_ms: 0.254623
  type: 'test'
  ...
# Subtest: line endpoint drag updates actual length and angle, not a display polyline
ok 375 - line endpoint drag updates actual length and angle, not a display polyline
  ---
  duration_ms: 1.497382
  type: 'test'
  ...
# Subtest: start grip keeps the opposite endpoint at its gesture-start position
ok 376 - start grip keeps the opposite endpoint at its gesture-start position
  ---
  duration_ms: 0.6364
  type: 'test'
  ...
# Subtest: line length grip follows orientation rather than world X
ok 377 - line length grip follows orientation rather than world X
  ---
  duration_ms: 0.490836
  type: 'test'
  ...
# Subtest: numeric zero-length and unsupported expressions never leave stale previews
ok 378 - numeric zero-length and unsupported expressions never leave stale previews
  ---
  duration_ms: 2.081887
  type: 'test'
  ...
# Subtest: circle radius drag preserves formula and creation identity
ok 379 - circle radius drag preserves formula and creation identity
  ---
  duration_ms: 1.172868
  type: 'test'
  ...
# Subtest: arc angle grip and clockwise flags remain native
ok 380 - arc angle grip and clockwise flags remain native
  ---
  duration_ms: 1.790342
  type: 'test'
  ...
# Subtest: ellipse retains native major vector and parameter interval
ok 381 - ellipse retains native major vector and parameter interval
  ---
  duration_ms: 0.527833
  type: 'test'
  ...
# Subtest: rotated parametric rectangle size and origin are independently editable
ok 382 - rotated parametric rectangle size and origin are independently editable
  ---
  duration_ms: 0.908165
  type: 'test'
  ...
# Subtest: LWPOLYLINE control handles preserve native entity metadata
ok 383 - LWPOLYLINE control handles preserve native entity metadata
  ---
  duration_ms: 0.660229
  type: 'test'
  ...
# Subtest: POLYLINE control handles preserve native entity metadata
ok 384 - POLYLINE control handles preserve native entity metadata
  ---
  duration_ms: 0.826931
  type: 'test'
  ...
# Subtest: LEADER control handles preserve native entity metadata
ok 385 - LEADER control handles preserve native entity metadata
  ---
  duration_ms: 0.457329
  type: 'test'
  ...
# Subtest: SOLID control handles preserve native entity metadata
ok 386 - SOLID control handles preserve native entity metadata
  ---
  duration_ms: 0.749857
  type: 'test'
  ...
# Subtest: TRACE control handles preserve native entity metadata
ok 387 - TRACE control handles preserve native entity metadata
  ---
  duration_ms: 0.343258
  type: 'test'
  ...
# Subtest: 3DFACE control handles preserve native entity metadata
ok 388 - 3DFACE control handles preserve native entity metadata
  ---
  duration_ms: 0.421261
  type: 'test'
  ...
# Subtest: triangular face duplicate fourth corner moves together
ok 389 - triangular face duplicate fourth corner moves together
  ---
  duration_ms: 1.253504
  type: 'test'
  ...
# Subtest: polyline bulge survives coordinate edits and is directly editable
ok 390 - polyline bulge survives coordinate edits and is directly editable
  ---
  duration_ms: 0.653129
  type: 'test'
  ...
# Subtest: duplicate adjacent vertices are rejected atomically
ok 391 - duplicate adjacent vertices are rejected atomically
  ---
  duration_ms: 0.470856
  type: 'test'
  ...
# Subtest: rational spline edits retain degree knots and weights, discard stale fits
ok 392 - rational spline edits retain degree knots and weights, discard stale fits
  ---
  duration_ms: 1.185633
  type: 'test'
  ...
# Subtest: closed spline duplicate endpoint remains paired
ok 393 - closed spline duplicate endpoint remains paired
  ---
  duration_ms: 0.808236
  type: 'test'
  ...
# Subtest: native hatch loop editing preserves holes and pattern metadata
ok 394 - native hatch loop editing preserves holes and pattern metadata
  ---
  duration_ms: 1.181628
  type: 'test'
  ...
# Subtest: crossing hatch outline fails without modifying original
ok 395 - crossing hatch outline fails without modifying original
  ---
  duration_ms: 0.554968
  type: 'test'
  ...
# Subtest: MTEXT line editing retains width attachment and formatting codes
ok 396 - MTEXT line editing retains width attachment and formatting codes
  ---
  duration_ms: 0.845743
  type: 'test'
  ...
# Subtest: calculated text content is read-only, its position remains editable
ok 397 - calculated text content is read-only, its position remains editable
  ---
  duration_ms: 1.406845
  type: 'test'
  ...
# Subtest: native dimension subtype 0 has real witness grips and regenerated pictures
ok 398 - native dimension subtype 0 has real witness grips and regenerated pictures
  ---
  duration_ms: 5.508832
  type: 'test'
  ...
# Subtest: native dimension subtype 1 has real witness grips and regenerated pictures
ok 399 - native dimension subtype 1 has real witness grips and regenerated pictures
  ---
  duration_ms: 1.415108
  type: 'test'
  ...
# Subtest: native dimension subtype 2 has real witness grips and regenerated pictures
ok 400 - native dimension subtype 2 has real witness grips and regenerated pictures
  ---
  duration_ms: 1.632518
  type: 'test'
  ...
# Subtest: native dimension subtype 3 has real witness grips and regenerated pictures
ok 401 - native dimension subtype 3 has real witness grips and regenerated pictures
  ---
  duration_ms: 1.25383
  type: 'test'
  ...
# Subtest: native dimension subtype 4 has real witness grips and regenerated pictures
ok 402 - native dimension subtype 4 has real witness grips and regenerated pictures
  ---
  duration_ms: 1.593108
  type: 'test'
  ...
# Subtest: native dimension subtype 5 has real witness grips and regenerated pictures
ok 403 - native dimension subtype 5 has real witness grips and regenerated pictures
  ---
  duration_ms: 1.057151
  type: 'test'
  ...
# Subtest: native dimension subtype 6 has real witness grips and regenerated pictures
ok 404 - native dimension subtype 6 has real witness grips and regenerated pictures
  ---
  duration_ms: 0.775783
  type: 'test'
  ...
# Subtest: rotated linear dimension uses its projected offset, not aligned distance
ok 405 - rotated linear dimension uses its projected offset, not aligned distance
  ---
  duration_ms: 0.392794
  type: 'test'
  ...
# Subtest: dimension line offset keeps source associations; moving witness detaches only that reference
ok 406 - dimension line offset keeps source associations; moving witness detaches only that reference
  ---
  duration_ms: 1.484539
  type: 'test'
  ...
# Subtest: editing a driven line updates the constraint rather than fighting it
ok 407 - editing a driven line updates the constraint rather than fighting it
  ---
  duration_ms: 5.345206
  type: 'test'
  ...
# Subtest: constraint expression chips solve actual geometry and reject conflict atomically
ok 408 - constraint expression chips solve actual geometry and reject conflict atomically
  ---
  duration_ms: 3.552464
  type: 'test'
  ...
# Subtest: dynamic block numeric grips respect rotated nonuniform instance transform
ok 409 - dynamic block numeric grips respect rotated nonuniform instance transform
  ---
  duration_ms: 4.624478
  type: 'test'
  ...
# Subtest: dynamic grips use the current draft instance transform after rotation
ok 410 - dynamic grips use the current draft instance transform after rotation
  ---
  duration_ms: 1.419214
  type: 'test'
  ...
# Subtest: move previews from pristine input with copy and stable result IDs
ok 411 - move previews from pristine input with copy and stable result IDs
  ---
  duration_ms: 0.74007
  type: 'test'
  ...
# Subtest: rotate previews from pristine input with copy and stable result IDs
ok 412 - rotate previews from pristine input with copy and stable result IDs
  ---
  duration_ms: 1.091879
  type: 'test'
  ...
# Subtest: scale previews from pristine input with copy and stable result IDs
ok 413 - scale previews from pristine input with copy and stable result IDs
  ---
  duration_ms: 0.54627
  type: 'test'
  ...
# Subtest: offset previews from pristine input with copy and stable result IDs
ok 414 - offset previews from pristine input with copy and stable result IDs
  ---
  duration_ms: 0.390934
  type: 'test'
  ...
# Subtest: uniform scaling updates supported parametric aliases
ok 415 - uniform scaling updates supported parametric aliases
  ---
  duration_ms: 0.633095
  type: 'test'
  ...
# Subtest: offset preserves source and radius formula on native copied circle
ok 416 - offset preserves source and radius formula on native copied circle
  ---
  duration_ms: 0.612775
  type: 'test'
  ...
# Subtest: fillet operation produces a native ARC and two tangent line ends
ok 417 - fillet operation produces a native ARC and two tangent line ends
  ---
  duration_ms: 1.240157
  type: 'test'
  ...
# Subtest: negative scale, collapsed offset, wrong fillet inputs and unsafe bulge offsets are rejected
ok 418 - negative scale, collapsed offset, wrong fillet inputs and unsafe bulge offsets are rejected
  ---
  duration_ms: 1.083901
  type: 'test'
  ...
# Subtest: draft undo/redo and host history stay distinct
ok 419 - draft undo/redo and host history stay distinct
  ---
  duration_ms: 0.895756
  type: 'test'
  ...
# Subtest: full source guard rejects d=>d.name='Renamed'
ok 420 - full source guard rejects d=>d.name='Renamed'
  ---
  duration_ms: 1.288456
  type: 'test'
  ...
# Subtest: full source guard rejects d=>d.parameters.other=4
ok 421 - full source guard rejects d=>d.parameters.other=4
  ---
  duration_ms: 0.300827
  type: 'test'
  ...
# Subtest: full source guard rejects d=>d.entities[0].b.x=250
ok 422 - full source guard rejects d=>d.entities[0].b.x=250
  ---
  duration_ms: 0.29447
  type: 'test'
  ...
# Subtest: full source guard rejects d=>d.version++
ok 423 - full source guard rejects d=>d.version++
  ---
  duration_ms: 0.270409
  type: 'test'
  ...
# Subtest: separate document with matching JSON cannot receive a preview
ok 424 - separate document with matching JSON cannot receive a preview
  ---
  duration_ms: 0.374748
  type: 'test'
  ...
# Subtest: unsafe editing is explicitly guarded: {"id":"e-mukbu82g-1","type":"3DSOLID","layer":"0"}
ok 425 - unsafe editing is explicitly guarded: {"id":"e-mukbu82g-1","type":"3DSOLID","layer":"0"}
  ---
  duration_ms: 0.207627
  type: 'test'
  ...
# Subtest: unsafe editing is explicitly guarded: {"id":"e-mukbu82g-2","type":"LINE","layer":"0","a":{"x":0,"y":0},"b":{"x":10,"y":0},"locked":true}
ok 426 - unsafe editing is explicitly guarded: {"id":"e-mukbu82g-2","type":"LINE","layer":"0","a":{"x":0,"y":0},"b":{"x":10,"y":0},"locked":true}
  ---
  duration_ms: 0.137292
  type: 'test'
  ...
# Subtest: unsafe editing is explicitly guarded: {"id":"e-mukbu82g-3","type":"LINE","layer":"0","a":{"x":0,"y":0,"z":1},"b":{"x":10,"y":0}}
ok 427 - unsafe editing is explicitly guarded: {"id":"e-mukbu82g-3","type":"LINE","layer":"0","a":{"x":0,"y":0,"z":1},"b":{"x":10,"y":0}}
  ---
  duration_ms: 0.132483
  type: 'test'
  ...
# Subtest: unsafe editing is explicitly guarded: {"id":"e-mukbu82g-4","type":"CIRCLE","layer":"0","c":{"x":0,"y":0},"r":5,"extrusion":{"x":0,"y":1,"z":0}}
ok 428 - unsafe editing is explicitly guarded: {"id":"e-mukbu82g-4","type":"CIRCLE","layer":"0","c":{"x":0,"y":0},"r":5,"extrusion":{"x":0,"y":1,"z":0}}
  ---
  duration_ms: 0.139393
  type: 'test'
  ...
# Subtest: unsafe editing is explicitly guarded: {"id":"e-mukbu82g-5","type":"DIMENSION","layer":"0","dimtype":33,"a":{"x":0,"y":0},"b":{"x":20,"y":0}}
ok 429 - unsafe editing is explicitly guarded: {"id":"e-mukbu82g-5","type":"DIMENSION","layer":"0","dimtype":33,"a":{"x":0,"y":0},"b":{"x":20,"y":0}}
  ---
  duration_ms: 0.1676
  type: 'test'
  ...
# Subtest: unsafe editing is explicitly guarded: {"id":"e-mukbu82g-6","type":"HATCH","layer":"0","associative":true}
ok 430 - unsafe editing is explicitly guarded: {"id":"e-mukbu82g-6","type":"HATCH","layer":"0","associative":true}
  ---
  duration_ms: 0.139603
  type: 'test'
  ...
# Subtest: unsafe editing is explicitly guarded: {"id":"e-mukbu82g-7","type":"POLYLINE","layer":"0","flags":64,"points":[{"x":0,"y":0}]}
ok 431 - unsafe editing is explicitly guarded: {"id":"e-mukbu82g-7","type":"POLYLINE","layer":"0","flags":64,"points":[{"x":0,"y":0}]}
  ---
  duration_ms: 0.151647
  type: 'test'
  ...
# Subtest: unsafe editing is explicitly guarded: {"id":"e-mukbu82g-8","type":"LINE","layer":"0","a":{"x":0,"y":0},"b":{"x":10,"y":0},"model3dConsumed":true}
ok 432 - unsafe editing is explicitly guarded: {"id":"e-mukbu82g-8","type":"LINE","layer":"0","a":{"x":0,"y":0},"b":{"x":10,"y":0},"model3dConsumed":true}
  ---
  duration_ms: 0.130664
  type: 'test'
  ...
# Subtest: unknown fields, nonfinite values and long input are rejected
ok 433 - unknown fields, nonfinite values and long input are rejected
  ---
  duration_ms: 0.490853
  type: 'test'
  ...
# Subtest: writeDXF keeps edited native types and parametric values
ok 434 - writeDXF keeps edited native types and parametric values
  ---
  duration_ms: 12.749823
  type: 'test'
  ...
# Subtest: writeDXFBinary keeps edited native types and parametric values
ok 435 - writeDXFBinary keeps edited native types and parametric values
  ---
  duration_ms: 9.243534
  type: 'test'
  ...
# Subtest: 3D measurement is world-space at origin 0
ok 436 - 3D measurement is world-space at origin 0
  ---
  duration_ms: 0.377521
  type: 'test'
  ...
# Subtest: 3D measurement is world-space at origin 100000000
ok 437 - 3D measurement is world-space at origin 100000000
  ---
  duration_ms: 0.107116
  type: 'test'
  ...
# Subtest: 3D measurement is world-space at origin 10000000000
ok 438 - 3D measurement is world-space at origin 10000000000
  ---
  duration_ms: 0.09157
  type: 'test'
  ...
# Subtest: arbitrary section guide is coplanar {"x":1,"y":0,"z":0}
ok 439 - arbitrary section guide is coplanar {"x":1,"y":0,"z":0}
  ---
  duration_ms: 0.457751
  type: 'test'
  ...
# Subtest: arbitrary section guide is coplanar {"x":0,"y":2,"z":0}
ok 440 - arbitrary section guide is coplanar {"x":0,"y":2,"z":0}
  ---
  duration_ms: 0.138993
  type: 'test'
  ...
# Subtest: arbitrary section guide is coplanar {"x":1,"y":2,"z":3}
ok 441 - arbitrary section guide is coplanar {"x":1,"y":2,"z":3}
  ---
  duration_ms: 0.250497
  type: 'test'
  ...
# Subtest: inspection mathematics rejects invalid planes and coordinates
ok 442 - inspection mathematics rejects invalid planes and coordinates
  ---
  duration_ms: 0.318329
  type: 'test'
  ...
# Subtest: public restore rejects incomplete or foreign field snapshots without mutation
ok 443 - public restore rejects incomplete or foreign field snapshots without mutation
  ---
  duration_ms: 0.534065
  type: 'test'
  ...
# Subtest: copied block attributes receive separate stable native identities
ok 444 - copied block attributes receive separate stable native identities
  ---
  duration_ms: 2.264252
  type: 'test'
  ...
# Subtest: elevated native dimension witnesses cannot be flattened through 2D editing
ok 445 - elevated native dimension witnesses cannot be flattened through 2D editing
  ---
  duration_ms: 0.291795
  type: 'test'
  ...
# Subtest: visual workshop has native editable geometry, active constraints and managed dimensions
ok 446 - visual workshop has native editable geometry, active constraints and managed dimensions
  ---
  duration_ms: 2.334711
  type: 'test'
  ...
# Subtest: visual workshop block grip updates its native parameter
ok 447 - visual workshop block grip updates its native parameter
  ---
  duration_ms: 2.321464
  type: 'test'
  ...
# Subtest: visual box is transient, cached and atomically committable
ok 448 - visual box is transient, cached and atomically committable
  ---
  duration_ms: 9.660433
  type: 'test'
  ...
# Subtest: visual wedge is transient, cached and atomically committable
ok 449 - visual wedge is transient, cached and atomically committable
  ---
  duration_ms: 1.722617
  type: 'test'
  ...
# Subtest: visual cylinder is transient, cached and atomically committable
ok 450 - visual cylinder is transient, cached and atomically committable
  ---
  duration_ms: 20.432443
  type: 'test'
  ...
# Subtest: visual cone is transient, cached and atomically committable
ok 451 - visual cone is transient, cached and atomically committable
  ---
  duration_ms: 9.120938
  type: 'test'
  ...
# Subtest: visual sphere is transient, cached and atomically committable
ok 452 - visual sphere is transient, cached and atomically committable
  ---
  duration_ms: 35.905351
  type: 'test'
  ...
# Subtest: visual torus is transient, cached and atomically committable
ok 453 - visual torus is transient, cached and atomically committable
  ---
  duration_ms: 80.125017
  type: 'test'
  ...
# Subtest: ray-based orthographic axis {"x":1,"y":0,"z":0}
ok 454 - ray-based orthographic axis {"x":1,"y":0,"z":0}
  ---
  duration_ms: 0.880995
  type: 'test'
  ...
# Subtest: ray-based orthographic axis {"x":0,"y":1,"z":0}
ok 455 - ray-based orthographic axis {"x":0,"y":1,"z":0}
  ---
  duration_ms: 0.34402
  type: 'test'
  ...
# Subtest: ray-based orthographic axis {"x":0,"y":0,"z":1}
ok 456 - ray-based orthographic axis {"x":0,"y":0,"z":1}
  ---
  duration_ms: 0.600007
  type: 'test'
  ...
# Subtest: ray-based perspective axis {"x":1,"y":0,"z":0}
ok 457 - ray-based perspective axis {"x":1,"y":0,"z":0}
  ---
  duration_ms: 0.601984
  type: 'test'
  ...
# Subtest: ray-based perspective axis {"x":0,"y":1,"z":0}
ok 458 - ray-based perspective axis {"x":0,"y":1,"z":0}
  ---
  duration_ms: 0.262241
  type: 'test'
  ...
# Subtest: ray-based perspective axis {"x":0,"y":0,"z":1}
ok 459 - ray-based perspective axis {"x":0,"y":0,"z":1}
  ---
  duration_ms: 0.168778
  type: 'test'
  ...
# Subtest: large-origin gesture remains translated, origin 0
ok 460 - large-origin gesture remains translated, origin 0
  ---
  duration_ms: 0.203722
  type: 'test'
  ...
# Subtest: large-origin gesture remains translated, origin 100000000
ok 461 - large-origin gesture remains translated, origin 100000000
  ---
  duration_ms: 0.115174
  type: 'test'
  ...
# Subtest: large-origin gesture remains translated, origin 10000000000
ok 462 - large-origin gesture remains translated, origin 10000000000
  ---
  duration_ms: 0.188922
  type: 'test'
  ...
# Subtest: end-on axis has finite explicit vertical fallback
ok 463 - end-on axis has finite explicit vertical fallback
  ---
  duration_ms: 0.296539
  type: 'test'
  ...
# Subtest: drag camera is frozen until release
ok 464 - drag camera is frozen until release
  ---
  duration_ms: 0.213131
  type: 'test'
  ...
# Subtest: face-local plane motion false
ok 465 - face-local plane motion false
  ---
  duration_ms: 0.341148
  type: 'test'
  ...
# Subtest: face-local plane motion true
ok 466 - face-local plane motion true
  ---
  duration_ms: 0.118628
  type: 'test'
  ...
# Subtest: edge-on plane is rejected, not projected to infinity
ok 467 - edge-on plane is rejected, not projected to infinity
  ---
  duration_ms: 0.562613
  type: 'test'
  ...
# Subtest: plane basis requires orthogonality
ok 468 - plane basis requires orthogonality
  ---
  duration_ms: 0.192363
  type: 'test'
  ...
# Subtest: ray plane rejects intersections behind the eye
ok 469 - ray plane rejects intersections behind the eye
  ---
  duration_ms: 0.12623
  type: 'test'
  ...
# Subtest: angle gesture unwraps two turns without +/-180 discontinuity
ok 470 - angle gesture unwraps two turns without +/-180 discontinuity
  ---
  duration_ms: 0.72901
  type: 'test'
  ...
# Subtest: invalid gesture and snap samples cannot leak NaN
ok 471 - invalid gesture and snap samples cannot leak NaN
  ---
  duration_ms: 0.347949
  type: 'test'
  ...
# Subtest: snap supports negatives and fine floating increments
ok 472 - snap supports negatives and fine floating increments
  ---
  duration_ms: 0.153145
  type: 'test'
  ...
# Subtest: dragging a parameter expression preserves its upstream dependency
ok 473 - dragging a parameter expression preserves its upstream dependency
  ---
  duration_ms: 0.451723
  type: 'test'
  ...
# Subtest: expression drag samples start from the pristine expression, not nested deltas
ok 474 - expression drag samples start from the pristine expression, not nested deltas
  ---
  duration_ms: 0.640185
  type: 'test'
  ...
# Subtest: draft undo/redo does not touch document history
ok 475 - draft undo/redo does not touch document history
  ---
  duration_ms: 0.430633
  type: 'test'
  ...
# Subtest: invalid preview clears prior geometry and recovers after correction
ok 476 - invalid preview clears prior geometry and recovers after correction
  ---
  duration_ms: 0.730187
  type: 'test'
  ...
# Subtest: unknown and oversized values are rejected before invalidating
ok 477 - unknown and oversized values are rejected before invalidating
  ---
  duration_ms: 0.31933
  type: 'test'
  ...
# Subtest: stale-source guard catches d=>d.name='Changed'
ok 478 - stale-source guard catches d=>d.name='Changed'
  ---
  duration_ms: 0.385721
  type: 'test'
  ...
# Subtest: stale-source guard catches d=>d.entities.push(rect())
ok 479 - stale-source guard catches d=>d.entities.push(rect())
  ---
  duration_ms: 0.368419
  type: 'test'
  ...
# Subtest: stale-source guard catches d=>d.parameters.Span=2
ok 480 - stale-source guard catches d=>d.parameters.Span=2
  ---
  duration_ms: 0.292641
  type: 'test'
  ...
# Subtest: stale-source guard catches d=>d.version++
ok 481 - stale-source guard catches d=>d.version++
  ---
  duration_ms: 0.301907
  type: 'test'
  ...
# Subtest: different document with the same JSON cannot receive a draft
ok 482 - different document with the same JSON cannot receive a draft
  ---
  duration_ms: 0.392146
  type: 'test'
  ...
# Subtest: cancel closes session and releases document references
ok 483 - cancel closes session and releases document references
  ---
  duration_ms: 0.404966
  type: 'test'
  ...
# Subtest: all preview samples become one undoable host transaction
ok 484 - all preview samples become one undoable host transaction
  ---
  duration_ms: 3.322747
  type: 'test'
  ...
# Subtest: extrusion 0 handles follow native extents
ok 485 - extrusion 0 handles follow native extents
  ---
  duration_ms: 1.329073
  type: 'test'
  ...
# Subtest: extrusion 1 handles follow native extents
ok 486 - extrusion 1 handles follow native extents
  ---
  duration_ms: 0.489206
  type: 'test'
  ...
# Subtest: extrusion 2 handles follow native extents
ok 487 - extrusion 2 handles follow native extents
  ---
  duration_ms: 0.390788
  type: 'test'
  ...
# Subtest: native tilted profile handles use OCS normal
ok 488 - native tilted profile handles use OCS normal
  ---
  duration_ms: 4.180135
  type: 'test'
  ...
# Subtest: new body operation removes a stale extrusion target
ok 489 - new body operation removes a stale extrusion target
  ---
  duration_ms: 1.999885
  type: 'test'
  ...
# Subtest: missing extrusion target cannot Apply an old new-body preview
ok 490 - missing extrusion target cannot Apply an old new-body preview
  ---
  duration_ms: 0.514248
  type: 'test'
  ...
# Subtest: face 0: hole placement and local dimensions
ok 491 - face 0: hole placement and local dimensions
  ---
  duration_ms: 45.303672
  type: 'test'
  ...
# Subtest: face 1: hole placement and local dimensions
ok 492 - face 1: hole placement and local dimensions
  ---
  duration_ms: 47.868813
  type: 'test'
  ...
# Subtest: face 2: hole placement and local dimensions
ok 493 - face 2: hole placement and local dimensions
  ---
  duration_ms: 43.0215
  type: 'test'
  ...
# Subtest: face 3: hole placement and local dimensions
ok 494 - face 3: hole placement and local dimensions
  ---
  duration_ms: 14.000281
  type: 'test'
  ...
# Subtest: face 4: hole placement and local dimensions
ok 495 - face 4: hole placement and local dimensions
  ---
  duration_ms: 14.737342
  type: 'test'
  ...
# Subtest: face 5: hole placement and local dimensions
ok 496 - face 5: hole placement and local dimensions
  ---
  duration_ms: 21.775512
  type: 'test'
  ...
# Subtest: face input validation is atomic when an invalid face is picked
ok 497 - face input validation is atomic when an invalid face is picked
  ---
  duration_ms: 0.596602
  type: 'test'
  ...
# Subtest: face profile is native editable CAD geometry
ok 498 - face profile is native editable CAD geometry
  ---
  duration_ms: 0.952543
  type: 'test'
  ...
# Subtest: native ground sketch 0/0
ok 499 - native ground sketch 0/0
  ---
  duration_ms: 0.502291
  type: 'test'
  ...
# Subtest: native ground sketch 0/1
ok 500 - native ground sketch 0/1
  ---
  duration_ms: 0.658983
  type: 'test'
  ...
# Subtest: native ground sketch 1/0
ok 501 - native ground sketch 1/0
  ---
  duration_ms: 0.417287
  type: 'test'
  ...
# Subtest: native ground sketch 1/1
ok 502 - native ground sketch 1/1
  ---
  duration_ms: 0.284918
  type: 'test'
  ...
# Subtest: native ground sketch 2/0
ok 503 - native ground sketch 2/0
  ---
  duration_ms: 0.256054
  type: 'test'
  ...
# Subtest: native ground sketch 2/1
ok 504 - native ground sketch 2/1
  ---
  duration_ms: 0.238923
  type: 'test'
  ...
# Subtest: press pull preview edits the chosen planar face only
ok 505 - press pull preview edits the chosen planar face only
  ---
  duration_ms: 1.28899
  type: 'test'
  ...
# Subtest: transform move supplies a complete axis triad
ok 506 - transform move supplies a complete axis triad
  ---
  duration_ms: 1.252673
  type: 'test'
  ...
# Subtest: transform rotate supplies a complete axis triad
ok 507 - transform rotate supplies a complete axis triad
  ---
  duration_ms: 0.743071
  type: 'test'
  ...
# Subtest: transform scale supplies a complete axis triad
ok 508 - transform scale supplies a complete axis triad
  ---
  duration_ms: 0.518562
  type: 'test'
  ...
# Subtest: new transforms rotate around the selected body center, old transforms remain world-origin
ok 509 - new transforms rotate around the selected body center, old transforms remain world-origin
  ---
  duration_ms: 1.034449
  type: 'test'
  ...
# Subtest: direct vertex mode requires explicit history detachment
ok 510 - direct vertex mode requires explicit history detachment
  ---
  duration_ms: 4.527671
  type: 'test'
  ...
# Subtest: planar vertices cannot escape their native OCS plane
ok 511 - planar vertices cannot escape their native OCS plane
  ---
  duration_ms: 0.454288
  type: 'test'
  ...
# Subtest: existing feature edits regenerate downstream features without replacing identities
ok 512 - existing feature edits regenerate downstream features without replacing identities
  ---
  duration_ms: 1.467771
  type: 'test'
  ...
# Subtest: locked existing feature cannot enter visual authoring
ok 513 - locked existing feature cannot enter visual authoring
  ---
  duration_ms: 0.352983
  type: 'test'
  ...
# Subtest: duplicate and self references are rejected before regeneration
ok 514 - duplicate and self references are rejected before regeneration
  ---
  duration_ms: 0.359054
  type: 'test'
  ...
# Subtest: choice fields and detail fields follow the actual parameter values
ok 515 - choice fields and detail fields follow the actual parameter values
  ---
  duration_ms: 0.635639
  type: 'test'
  ...
# Subtest: every visual tool has a discoverable unique name
ok 516 - every visual tool has a discoverable unique name
  ---
  duration_ms: 0.199897
  type: 'test'
  ...
# Subtest: WYSIWYG result survives native ASCII DXF and keeps feature metadata
ok 517 - WYSIWYG result survives native ASCII DXF and keeps feature metadata
  ---
  duration_ms: 14.668465
  type: 'test'
  ...
# Subtest: WYSIWYG result survives native binary DXF and keeps feature metadata
ok 518 - WYSIWYG result survives native binary DXF and keeps feature metadata
  ---
  duration_ms: 15.318863
  type: 'test'
  ...
# Subtest: canvas-picked transform source initializes center pivot atomically
ok 519 - canvas-picked transform source initializes center pivot atomically
  ---
  duration_ms: 0.746444
  type: 'test'
  ...
# Subtest: visual tool descriptors and nested options are immutable
ok 520 - visual tool descriptors and nested options are immutable
  ---
  duration_ms: 0.246157
  type: 'test'
  ...
# Subtest: screen layout 320×422: badges do not mask 44px handle targets
ok 521 - screen layout 320×422: badges do not mask 44px handle targets
  ---
  duration_ms: 2.407494
  type: 'test'
  ...
# Subtest: screen layout 390×698: badges do not mask 44px handle targets
ok 522 - screen layout 390×698: badges do not mask 44px handle targets
  ---
  duration_ms: 1.19874
  type: 'test'
  ...
# Subtest: screen layout 844×260: badges do not mask 44px handle targets
ok 523 - screen layout 844×260: badges do not mask 44px handle targets
  ---
  duration_ms: 1.207687
  type: 'test'
  ...
# Subtest: screen layout 1024×630: badges do not mask 44px handle targets
ok 524 - screen layout 1024×630: badges do not mask 44px handle targets
  ---
  duration_ms: 0.461366
  type: 'test'
  ...
# Subtest: screen layout 1400×840: badges do not mask 44px handle targets
ok 525 - screen layout 1400×840: badges do not mask 44px handle targets
  ---
  duration_ms: 0.451218
  type: 'test'
  ...
# Subtest: unusable viewport hides anchors rather than spilling into toolbars
ok 526 - unusable viewport hides anchors rather than spilling into toolbars
  ---
  duration_ms: 0.189814
  type: 'test'
  ...
# Subtest: fixed-arity input setters reject an invalid slot without mutation
ok 527 - fixed-arity input setters reject an invalid slot without mutation
  ---
  duration_ms: 0.524833
  type: 'test'
  ...
# Subtest: nonfinite ray data fails explicitly
ok 528 - nonfinite ray data fails explicitly
  ---
  duration_ms: 2.868997
  type: 'test'
  ...
# Subtest: mobile media covers coarse portrait tablets without forcing wide desktop touch laptops
ok 529 - mobile media covers coarse portrait tablets without forcing wide desktop touch laptops
  ---
  duration_ms: 1.409716
  type: 'test'
  ...
# Subtest: ordinary viewport
ok 530 - ordinary viewport
  ---
  duration_ms: 2.048366
  type: 'test'
  ...
# Subtest: software keyboard
ok 531 - software keyboard
  ---
  duration_ms: 0.179463
  type: 'test'
  ...
# Subtest: resized layout keyboard
ok 532 - resized layout keyboard
  ---
  duration_ms: 0.161897
  type: 'test'
  ...
# Subtest: browser toolbar is not keyboard
ok 533 - browser toolbar is not keyboard
  ---
  duration_ms: 0.174777
  type: 'test'
  ...
# Subtest: accessibility zoom
ok 534 - accessibility zoom
  ---
  duration_ms: 0.226228
  type: 'test'
  ...
# Subtest: panned keyboard
ok 535 - panned keyboard
  ---
  duration_ms: 0.15757
  type: 'test'
  ...
# Subtest: missing visual viewport
ok 536 - missing visual viewport
  ---
  duration_ms: 0.16681
  type: 'test'
  ...
# Subtest: invalid metrics
ok 537 - invalid metrics
  ---
  duration_ms: 0.402363
  type: 'test'
  ...
# Subtest: no focused input
ok 538 - no focused input
  ---
  duration_ms: 0.602168
  type: 'test'
  ...
# Subtest: extrude extent 0 retains closed outward geometry and exact interval
ok 539 - extrude extent 0 retains closed outward geometry and exact interval
  ---
  duration_ms: 4.685614
  type: 'test'
  ...
# Subtest: extrude extent 1 retains closed outward geometry and exact interval
ok 540 - extrude extent 1 retains closed outward geometry and exact interval
  ---
  duration_ms: 0.934714
  type: 'test'
  ...
# Subtest: extrude extent 2 retains closed outward geometry and exact interval
ok 541 - extrude extent 2 retains closed outward geometry and exact interval
  ---
  duration_ms: 1.984756
  type: 'test'
  ...
# Subtest: negative one-sided extrusion remains outward oriented
ok 542 - negative one-sided extrusion remains outward oriented
  ---
  duration_ms: 0.675828
  type: 'test'
  ...
# Subtest: extrude profile-normal mode works in an arbitrary tilted plane
ok 543 - extrude profile-normal mode works in an arbitrary tilted plane
  ---
  duration_ms: 0.781769
  type: 'test'
  ...
# Subtest: rejects invalid extrusion {"extent":3}
ok 544 - rejects invalid extrusion {"extent":3}
  ---
  duration_ms: 0.379664
  type: 'test'
  ...
# Subtest: rejects invalid extrusion {"extent":1,"height":-2}
ok 545 - rejects invalid extrusion {"extent":1,"height":-2}
  ---
  duration_ms: 0.251519
  type: 'test'
  ...
# Subtest: rejects invalid extrusion {"extent":2,"distance2":0}
ok 546 - rejects invalid extrusion {"extent":2,"distance2":0}
  ---
  duration_ms: 0.15061
  type: 'test'
  ...
# Subtest: rejects invalid extrusion {"extent":2,"distance2":-4}
ok 547 - rejects invalid extrusion {"extent":2,"distance2":-4}
  ---
  duration_ms: 0.43884
  type: 'test'
  ...
# Subtest: rejects invalid extrusion {"startOffset":null}
ok 548 - rejects invalid extrusion {"startOffset":null}
  ---
  duration_ms: 0.503575
  type: 'test'
  ...
# Subtest: rejects invalid extrusion {"useNormal":3}
ok 549 - rejects invalid extrusion {"useNormal":3}
  ---
  duration_ms: 0.260577
  type: 'test'
  ...
# Subtest: rejects invalid extrusion {"nz":0,"nx":0,"ny":0}
ok 550 - rejects invalid extrusion {"nz":0,"nx":0,"ny":0}
  ---
  duration_ms: 0.136272
  type: 'test'
  ...
# Subtest: extrusion boolean 1 combines with a selected target
ok 551 - extrusion boolean 1 combines with a selected target
  ---
  duration_ms: 16.974457
  type: 'test'
  ...
# Subtest: extrusion boolean 2 combines with a selected target
ok 552 - extrusion boolean 2 combines with a selected target
  ---
  duration_ms: 15.131717
  type: 'test'
  ...
# Subtest: extrusion boolean 3 combines with a selected target
ok 553 - extrusion boolean 3 combines with a selected target
  ---
  duration_ms: 6.440954
  type: 'test'
  ...
# Subtest: extrusion operation refuses ambiguous inputs and no-op cuts
ok 554 - extrusion operation refuses ambiguous inputs and no-op cuts
  ---
  duration_ms: 6.537745
  type: 'test'
  ...
# Subtest: face frame 0 produces orthonormal basis and reversible coordinates
ok 555 - face frame 0 produces orthonormal basis and reversible coordinates
  ---
  duration_ms: 0.665193
  type: 'test'
  ...
# Subtest: face frame 1 produces orthonormal basis and reversible coordinates
ok 556 - face frame 1 produces orthonormal basis and reversible coordinates
  ---
  duration_ms: 0.180787
  type: 'test'
  ...
# Subtest: face frame 2 produces orthonormal basis and reversible coordinates
ok 557 - face frame 2 produces orthonormal basis and reversible coordinates
  ---
  duration_ms: 0.259845
  type: 'test'
  ...
# Subtest: face frame 3 produces orthonormal basis and reversible coordinates
ok 558 - face frame 3 produces orthonormal basis and reversible coordinates
  ---
  duration_ms: 0.198606
  type: 'test'
  ...
# Subtest: face frame 4 produces orthonormal basis and reversible coordinates
ok 559 - face frame 4 produces orthonormal basis and reversible coordinates
  ---
  duration_ms: 1.554968
  type: 'test'
  ...
# Subtest: face frame 5 produces orthonormal basis and reversible coordinates
ok 560 - face frame 5 produces orthonormal basis and reversible coordinates
  ---
  duration_ms: 0.159459
  type: 'test'
  ...
# Subtest: hole 0/0 matches independent faceted removed volume
ok 561 - hole 0/0 matches independent faceted removed volume
  ---
  duration_ms: 53.792727
  type: 'test'
  ...
# Subtest: hole 0/1 matches independent faceted removed volume
ok 562 - hole 0/1 matches independent faceted removed volume
  ---
  duration_ms: 47.716049
  type: 'test'
  ...
# Subtest: hole 1/0 matches independent faceted removed volume
ok 563 - hole 1/0 matches independent faceted removed volume
  ---
  duration_ms: 76.230418
  type: 'test'
  ...
# Subtest: hole 1/1 matches independent faceted removed volume
ok 564 - hole 1/1 matches independent faceted removed volume
  ---
  duration_ms: 51.682326
  type: 'test'
  ...
# Subtest: hole 2/0 matches independent faceted removed volume
ok 565 - hole 2/0 matches independent faceted removed volume
  ---
  duration_ms: 55.421424
  type: 'test'
  ...
# Subtest: hole 2/1 matches independent faceted removed volume
ok 566 - hole 2/1 matches independent faceted removed volume
  ---
  duration_ms: 56.21648
  type: 'test'
  ...
# Subtest: drill follows inward normal on box face 0
ok 567 - drill follows inward normal on box face 0
  ---
  duration_ms: 10.55573
  type: 'test'
  ...
# Subtest: drill follows inward normal on box face 2
ok 568 - drill follows inward normal on box face 2
  ---
  duration_ms: 13.594565
  type: 'test'
  ...
# Subtest: drill follows inward normal on box face 3
ok 569 - drill follows inward normal on box face 3
  ---
  duration_ms: 9.633644
  type: 'test'
  ...
# Subtest: drill follows inward normal on box face 4
ok 570 - drill follows inward normal on box face 4
  ---
  duration_ms: 12.044636
  type: 'test'
  ...
# Subtest: drill follows inward normal on box face 5
ok 571 - drill follows inward normal on box face 5
  ---
  duration_ms: 11.399213
  type: 'test'
  ...
# Subtest: drill works on a translated rotated body without world-axis assumptions
ok 572 - drill works on a translated rotated body without world-axis assumptions
  ---
  duration_ms: 13.757955
  type: 'test'
  ...
# Subtest: invalid hole is rejected {"diameter":0}
ok 573 - invalid hole is rejected {"diameter":0}
  ---
  duration_ms: 0.415913
  type: 'test'
  ...
# Subtest: invalid hole is rejected {"holeType":1,"counterDiameter":2}
ok 574 - invalid hole is rejected {"holeType":1,"counterDiameter":2}
  ---
  duration_ms: 0.420628
  type: 'test'
  ...
# Subtest: invalid hole is rejected {"holeType":1,"counterDepth":25}
ok 575 - invalid hole is rejected {"holeType":1,"counterDepth":25}
  ---
  duration_ms: 0.173014
  type: 'test'
  ...
# Subtest: invalid hole is rejected {"holeType":2,"sinkAngle":180}
ok 576 - invalid hole is rejected {"holeType":2,"sinkAngle":180}
  ---
  duration_ms: 0.145672
  type: 'test'
  ...
# Subtest: invalid hole is rejected {"holeType":2,"sinkAngle":0}
ok 577 - invalid hole is rejected {"holeType":2,"sinkAngle":0}
  ---
  duration_ms: 0.143762
  type: 'test'
  ...
# Subtest: invalid hole is rejected {"through":0,"depth":-1}
ok 578 - invalid hole is rejected {"through":0,"depth":-1}
  ---
  duration_ms: 0.174829
  type: 'test'
  ...
# Subtest: invalid hole is rejected {"u":1000}
ok 579 - invalid hole is rejected {"u":1000}
  ---
  duration_ms: 0.152144
  type: 'test'
  ...
# Subtest: invalid hole is rejected {"face":200}
ok 580 - invalid hole is rejected {"face":200}
  ---
  duration_ms: 0.118729
  type: 'test'
  ...
# Subtest: invalid hole is rejected {"segments":2}
ok 581 - invalid hole is rejected {"segments":2}
  ---
  duration_ms: 0.252081
  type: 'test'
  ...
# Subtest: invalid hole is rejected {"holeType":4}
ok 582 - invalid hole is rejected {"holeType":4}
  ---
  duration_ms: 0.129243
  type: 'test'
  ...
# Subtest: invalid hole is rejected {"through":9}
ok 583 - invalid hole is rejected {"through":9}
  ---
  duration_ms: 0.107621
  type: 'test'
  ...
# Subtest: nonplanar face and open target are rejected
ok 584 - nonplanar face and open target are rejected
  ---
  duration_ms: 0.33688
  type: 'test'
  ...
# Subtest: face reference refuses replaced topology and allows explicit reattachment
ok 585 - face reference refuses replaced topology and allows explicit reattachment
  ---
  duration_ms: 18.053124
  type: 'test'
  ...
# Subtest: attached hole follows upstream dimension edits and rolls back invalid descendants
ok 586 - attached hole follows upstream dimension edits and rolls back invalid descendants
  ---
  duration_ms: 93.740125
  type: 'test'
  ...
# Subtest: extrusion booleans regenerate both named inputs and preserve legacy extrusion defaults
ok 587 - extrusion booleans regenerate both named inputs and preserve legacy extrusion defaults
  ---
  duration_ms: 18.303269
  type: 'test'
  ...
# Subtest: native rectangle profile snapshot lies in face 0 OCS plane
ok 588 - native rectangle profile snapshot lies in face 0 OCS plane
  ---
  duration_ms: 3.753855
  type: 'test'
  ...
# Subtest: native circle profile snapshot lies in face 0 OCS plane
ok 589 - native circle profile snapshot lies in face 0 OCS plane
  ---
  duration_ms: 0.716069
  type: 'test'
  ...
# Subtest: native rectangle profile snapshot lies in face 1 OCS plane
ok 590 - native rectangle profile snapshot lies in face 1 OCS plane
  ---
  duration_ms: 0.227302
  type: 'test'
  ...
# Subtest: native circle profile snapshot lies in face 1 OCS plane
ok 591 - native circle profile snapshot lies in face 1 OCS plane
  ---
  duration_ms: 0.403448
  type: 'test'
  ...
# Subtest: native rectangle profile snapshot lies in face 2 OCS plane
ok 592 - native rectangle profile snapshot lies in face 2 OCS plane
  ---
  duration_ms: 0.214026
  type: 'test'
  ...
# Subtest: native circle profile snapshot lies in face 2 OCS plane
ok 593 - native circle profile snapshot lies in face 2 OCS plane
  ---
  duration_ms: 0.631658
  type: 'test'
  ...
# Subtest: native rectangle profile snapshot lies in face 3 OCS plane
ok 594 - native rectangle profile snapshot lies in face 3 OCS plane
  ---
  duration_ms: 0.126313
  type: 'test'
  ...
# Subtest: native circle profile snapshot lies in face 3 OCS plane
ok 595 - native circle profile snapshot lies in face 3 OCS plane
  ---
  duration_ms: 0.421903
  type: 'test'
  ...
# Subtest: native rectangle profile snapshot lies in face 4 OCS plane
ok 596 - native rectangle profile snapshot lies in face 4 OCS plane
  ---
  duration_ms: 0.186863
  type: 'test'
  ...
# Subtest: native circle profile snapshot lies in face 4 OCS plane
ok 597 - native circle profile snapshot lies in face 4 OCS plane
  ---
  duration_ms: 0.502871
  type: 'test'
  ...
# Subtest: native rectangle profile snapshot lies in face 5 OCS plane
ok 598 - native rectangle profile snapshot lies in face 5 OCS plane
  ---
  duration_ms: 0.179256
  type: 'test'
  ...
# Subtest: native circle profile snapshot lies in face 5 OCS plane
ok 599 - native circle profile snapshot lies in face 5 OCS plane
  ---
  duration_ms: 0.379045
  type: 'test'
  ...
# Subtest: DXF ASCII retains hole attachments and re-executable history
ok 600 - DXF ASCII retains hole attachments and re-executable history
  ---
  duration_ms: 133.567083
  type: 'test'
  ...
# Subtest: DXF binary retains hole attachments and re-executable history
ok 601 - DXF binary retains hole attachments and re-executable history
  ---
  duration_ms: 38.618149
  type: 'test'
  ...
# Subtest: hole-plate example is deterministic and regenerates
ok 602 - hole-plate example is deterministic and regenerates
  ---
  duration_ms: 214.385624
  type: 'test'
  ...
# Subtest: extrusion-study example is deterministic and regenerates
ok 603 - extrusion-study example is deterministic and regenerates
  ---
  duration_ms: 2.522114
  type: 'test'
  ...
# Subtest: face-boss example is deterministic and regenerates
ok 604 - face-boss example is deterministic and regenerates
  ---
  duration_ms: 3.347187
  type: 'test'
  ...
# Subtest: small-padding side drilling never creates duplicate conforming-edge insertions
ok 605 - small-padding side drilling never creates duplicate conforming-edge insertions
  ---
  duration_ms: 41.568966
  type: 'test'
  ...
# Subtest: Feature parent edit regenerates dependent geometry without changing identities
ok 606 - Feature parent edit regenerates dependent geometry without changing identities
  ---
  duration_ms: 11.208361
  type: 'test'
  ...
# Subtest: Invalid upstream edit is atomic across all dependent bodies
ok 607 - Invalid upstream edit is atomic across all dependent bodies
  ---
  duration_ms: 1.317152
  type: 'test'
  ...
# Subtest: Missing inputs and cyclic dependencies leave the document unchanged
ok 608 - Missing inputs and cyclic dependencies leave the document unchanged
  ---
  duration_ms: 1.095081
  type: 'test'
  ...
# Subtest: Suppression restores stock and guards enabled descendants
ok 609 - Suppression restores stock and guards enabled descendants
  ---
  duration_ms: 0.91259
  type: 'test'
  ...
# Subtest: Feature removal requires explicit cascade and removes descendants
ok 610 - Feature removal requires explicit cascade and removes descendants
  ---
  duration_ms: 3.425941
  type: 'test'
  ...
# Subtest: Baking a leaf retains evaluated geometry and hides input stock
ok 611 - Baking a leaf retains evaluated geometry and hides input stock
  ---
  duration_ms: 3.973024
  type: 'test'
  ...
# Subtest: Named expressions drive primitive and dependent pattern calculations
ok 612 - Named expressions drive primitive and dependent pattern calculations
  ---
  duration_ms: 10.510979
  type: 'test'
  ...
# Subtest: Feature caches return independent geometry without cross-document mutation
ok 613 - Feature caches return independent geometry without cross-document mutation
  ---
  duration_ms: 0.630922
  type: 'test'
  ...
# Subtest: Spatial native curves retain XYZ and tilted OCS elevation
ok 614 - Spatial native curves retain XYZ and tilted OCS elevation
  ---
  duration_ms: 1.526593
  type: 'test'
  ...
# Subtest: Rational spatial spline sampling retains endpoint Z and weights
ok 615 - Rational spatial spline sampling retains endpoint Z and weights
  ---
  duration_ms: 1.627882
  type: 'test'
  ...
# Subtest: Planar OCS controls reject an off-plane edit without mutation
ok 616 - Planar OCS controls reject an off-plane edit without mutation
  ---
  duration_ms: 0.782391
  type: 'test'
  ...
# Subtest: 3DFACE triangle controls keep native duplicate fourth vertex synchronized
ok 617 - 3DFACE triangle controls keep native duplicate fourth vertex synchronized
  ---
  duration_ms: 0.928701
  type: 'test'
  ...
# Subtest: Direct mesh control editing detaches feature metadata only after successful validation
ok 618 - Direct mesh control editing detaches feature metadata only after successful validation
  ---
  duration_ms: 0.685607
  type: 'test'
  ...
# Subtest: Planar face press/pull moves its connected face and preserves closed topology
ok 619 - Planar face press/pull moves its connected face and preserves closed topology
  ---
  duration_ms: 1.841915
  type: 'test'
  ...
# Subtest: Section calculations emit finite native lines on the requested plane
ok 620 - Section calculations emit finite native lines on the requested plane
  ---
  duration_ms: 0.98422
  type: 'test'
  ...
# Subtest: OBJ/STL serialization contains native evaluated coordinates and all triangles
ok 621 - OBJ/STL serialization contains native evaluated coordinates and all triangles
  ---
  duration_ms: 1.051124
  type: 'test'
  ...
# Subtest: Recovered example hole-plate is deterministic and regenerates native closed bodies
ok 622 - Recovered example hole-plate is deterministic and regenerates native closed bodies
  ---
  duration_ms: 522.326422
  type: 'test'
  ...
# Subtest: Recovered example extrusion-study is deterministic and regenerates native closed bodies
ok 623 - Recovered example extrusion-study is deterministic and regenerates native closed bodies
  ---
  duration_ms: 6.443217
  type: 'test'
  ...
# Subtest: Recovered example face-boss is deterministic and regenerates native closed bodies
ok 624 - Recovered example face-boss is deterministic and regenerates native closed bodies
  ---
  duration_ms: 5.399148
  type: 'test'
  ...
# Subtest: Recovered example bracket is deterministic and regenerates native closed bodies
ok 625 - Recovered example bracket is deterministic and regenerates native closed bodies
  ---
  duration_ms: 86.82261
  type: 'test'
  ...
# Subtest: Recovered example flange is deterministic and regenerates native closed bodies
ok 626 - Recovered example flange is deterministic and regenerates native closed bodies
  ---
  duration_ms: 626.867246
  type: 'test'
  ...
# Subtest: Recovered example vessel is deterministic and regenerates native closed bodies
ok 627 - Recovered example vessel is deterministic and regenerates native closed bodies
  ---
  duration_ms: 50.588677
  type: 'test'
  ...
# Subtest: Recovered example transition is deterministic and regenerates native closed bodies
ok 628 - Recovered example transition is deterministic and regenerates native closed bodies
  ---
  duration_ms: 9.16119
  type: 'test'
  ...
# Subtest: Recovered example conduit is deterministic and regenerates native closed bodies
ok 629 - Recovered example conduit is deterministic and regenerates native closed bodies
  ---
  duration_ms: 20.062811
  type: 'test'
  ...
# Subtest: Recovered example fixture is deterministic and regenerates native closed bodies
ok 630 - Recovered example fixture is deterministic and regenerates native closed bodies
  ---
  duration_ms: 47.889485
  type: 'test'
  ...
# Subtest: Recovered example shaft is deterministic and regenerates native closed bodies
ok 631 - Recovered example shaft is deterministic and regenerates native closed bodies
  ---
  duration_ms: 31.408982
  type: 'test'
  ...
# Subtest: Recovered example enclosure is deterministic and regenerates native closed bodies
ok 632 - Recovered example enclosure is deterministic and regenerates native closed bodies
  ---
  duration_ms: 109.356995
  type: 'test'
  ...
# Subtest: Recovered example manifold is deterministic and regenerates native closed bodies
ok 633 - Recovered example manifold is deterministic and regenerates native closed bodies
  ---
  duration_ms: 264.491368
  type: 'test'
  ...
# Subtest: Recovered example primitives is deterministic and regenerates native closed bodies
ok 634 - Recovered example primitives is deterministic and regenerates native closed bodies
  ---
  duration_ms: 75.824142
  type: 'test'
  ...
# Subtest: ASCII DXF round trip retains mesh topology and explicit metadata contract (true)
ok 635 - ASCII DXF round trip retains mesh topology and explicit metadata contract (true)
  ---
  duration_ms: 16.342979
  type: 'test'
  ...
# Subtest: ASCII DXF round trip retains mesh topology and explicit metadata contract (false)
ok 636 - ASCII DXF round trip retains mesh topology and explicit metadata contract (false)
  ---
  duration_ms: 5.531529
  type: 'test'
  ...
# Subtest: binary DXF round trip retains mesh topology and explicit metadata contract (true)
ok 637 - binary DXF round trip retains mesh topology and explicit metadata contract (true)
  ---
  duration_ms: 9.180114
  type: 'test'
  ...
# Subtest: binary DXF round trip retains mesh topology and explicit metadata contract (false)
ok 638 - binary DXF round trip retains mesh topology and explicit metadata contract (false)
  ---
  duration_ms: 7.426111
  type: 'test'
  ...
# Subtest: Depth picking chooses the nearest face regardless of entity order (perspective=false)
ok 639 - Depth picking chooses the nearest face regardless of entity order (perspective=false)
  ---
  duration_ms: 76.792126
  type: 'test'
  ...
# Subtest: Depth picking chooses the nearest face regardless of entity order (perspective=true)
ok 640 - Depth picking chooses the nearest face regardless of entity order (perspective=true)
  ---
  duration_ms: 52.523541
  type: 'test'
  ...
# Subtest: Nested INSERT transformations preserve Z and map picking to owning reference
ok 641 - Nested INSERT transformations preserve Z and map picking to owning reference
  ---
  duration_ms: 0.79552
  type: 'test'
  ...
# Subtest: OCS right-handed orthonormal frame {"x":0,"y":0,"z":1}
ok 642 - OCS right-handed orthonormal frame {"x":0,"y":0,"z":1}
  ---
  duration_ms: 1.947913
  type: 'test'
  ...
# Subtest: OCS right-handed orthonormal frame {"x":0,"y":0,"z":-1}
ok 643 - OCS right-handed orthonormal frame {"x":0,"y":0,"z":-1}
  ---
  duration_ms: 0.31327
  type: 'test'
  ...
# Subtest: OCS right-handed orthonormal frame {"x":1,"y":0,"z":0}
ok 644 - OCS right-handed orthonormal frame {"x":1,"y":0,"z":0}
  ---
  duration_ms: 0.23991
  type: 'test'
  ...
# Subtest: OCS right-handed orthonormal frame {"x":0,"y":-1,"z":0}
ok 645 - OCS right-handed orthonormal frame {"x":0,"y":-1,"z":0}
  ---
  duration_ms: 0.170489
  type: 'test'
  ...
# Subtest: OCS right-handed orthonormal frame {"x":1,"y":2,"z":3}
ok 646 - OCS right-handed orthonormal frame {"x":1,"y":2,"z":3}
  ---
  duration_ms: 0.245941
  type: 'test'
  ...
# Subtest: OCS right-handed orthonormal frame {"x":0.001,"y":0.001,"z":1}
ok 647 - OCS right-handed orthonormal frame {"x":0.001,"y":0.001,"z":1}
  ---
  duration_ms: 0.149034
  type: 'test'
  ...
# Subtest: Spatial transforms compose around arbitrary axes and retain reflection winding
ok 648 - Spatial transforms compose around arbitrary axes and retain reflection winding
  ---
  duration_ms: 3.647322
  type: 'test'
  ...
# Subtest: Translated mesh mass properties stay numerically stable at civil coordinates
ok 649 - Translated mesh mass properties stay numerically stable at civil coordinates
  ---
  duration_ms: 0.761948
  type: 'test'
  ...
# Subtest: box has closed oriented finite polygon topology
ok 650 - box has closed oriented finite polygon topology
  ---
  duration_ms: 1.19025
  type: 'test'
  ...
# Subtest: cylinder has closed oriented finite polygon topology
ok 651 - cylinder has closed oriented finite polygon topology
  ---
  duration_ms: 18.133157
  type: 'test'
  ...
# Subtest: cone has closed oriented finite polygon topology
ok 652 - cone has closed oriented finite polygon topology
  ---
  duration_ms: 1.153796
  type: 'test'
  ...
# Subtest: sphere has closed oriented finite polygon topology
ok 653 - sphere has closed oriented finite polygon topology
  ---
  duration_ms: 29.488194
  type: 'test'
  ...
# Subtest: torus has closed oriented finite polygon topology
ok 654 - torus has closed oriented finite polygon topology
  ---
  duration_ms: 43.611538
  type: 'test'
  ...
# Subtest: extrude has closed oriented finite polygon topology
ok 655 - extrude has closed oriented finite polygon topology
  ---
  duration_ms: 3.545373
  type: 'test'
  ...
# Subtest: negative extrusion has closed oriented finite polygon topology
ok 656 - negative extrusion has closed oriented finite polygon topology
  ---
  duration_ms: 0.643833
  type: 'test'
  ...
# Subtest: taper extrusion has closed oriented finite polygon topology
ok 657 - taper extrusion has closed oriented finite polygon topology
  ---
  duration_ms: 0.336731
  type: 'test'
  ...
# Subtest: revolve has closed oriented finite polygon topology
ok 658 - revolve has closed oriented finite polygon topology
  ---
  duration_ms: 3.102926
  type: 'test'
  ...
# Subtest: partial revolve has closed oriented finite polygon topology
ok 659 - partial revolve has closed oriented finite polygon topology
  ---
  duration_ms: 25.673154
  type: 'test'
  ...
# Subtest: loft has closed oriented finite polygon topology
ok 660 - loft has closed oriented finite polygon topology
  ---
  duration_ms: 0.813485
  type: 'test'
  ...
# Subtest: sweep has closed oriented finite polygon topology
ok 661 - sweep has closed oriented finite polygon topology
  ---
  duration_ms: 0.670341
  type: 'test'
  ...
# Subtest: Concave extrusion retains its notch rather than fan filling
ok 662 - Concave extrusion retains its notch rather than fan filling
  ---
  duration_ms: 0.510473
  type: 'test'
  ...
# Subtest: Extrusion rejects coplanar direction and nonplanar profiles
ok 663 - Extrusion rejects coplanar direction and nonplanar profiles
  ---
  duration_ms: 9.690405
  type: 'test'
  ...
# Subtest: Invalid topology and unbounded inputs fail before meshing
ok 664 - Invalid topology and unbounded inputs fail before meshing
  ---
  duration_ms: 0.449239
  type: 'test'
  ...
# Subtest: BSP union conforms intersections and has expected volume
ok 665 - BSP union conforms intersections and has expected volume
  ---
  duration_ms: 14.747333
  type: 'test'
  ...
# Subtest: BSP subtract conforms intersections and has expected volume
ok 666 - BSP subtract conforms intersections and has expected volume
  ---
  duration_ms: 6.196362
  type: 'test'
  ...
# Subtest: BSP intersect conforms intersections and has expected volume
ok 667 - BSP intersect conforms intersections and has expected volume
  ---
  duration_ms: 5.494315
  type: 'test'
  ...
# Subtest: Disjoint Boolean intersection is an empty mesh, not an exception
ok 668 - Disjoint Boolean intersection is an empty mesh, not an exception
  ---
  duration_ms: 1.179285
  type: 'test'
  ...
# Subtest: Boolean rejects open input shells
ok 669 - Boolean rejects open input shells
  ---
  duration_ms: 0.417818
  type: 'test'
  ...
# Subtest: bounded calculation sqrt(144)
ok 670 - bounded calculation sqrt(144)
  ---
  duration_ms: 1.951739
  type: 'test'
  ...
# Subtest: bounded calculation sin(rad(30))
ok 671 - bounded calculation sin(rad(30))
  ---
  duration_ms: 0.324091
  type: 'test'
  ...
# Subtest: bounded calculation deg(atan2(1,1))
ok 672 - bounded calculation deg(atan2(1,1))
  ---
  duration_ms: 0.371595
  type: 'test'
  ...
# Subtest: bounded calculation hypot(3,4)
ok 673 - bounded calculation hypot(3,4)
  ---
  duration_ms: 0.125333
  type: 'test'
  ...
# Subtest: bounded calculation clamp(20,1,10)
ok 674 - bounded calculation clamp(20,1,10)
  ---
  duration_ms: 0.1872
  type: 'test'
  ...
# Subtest: bounded calculation min(3,max(2,4))
ok 675 - bounded calculation min(3,max(2,4))
  ---
  duration_ms: 0.094612
  type: 'test'
  ...
# Subtest: bounded calculation 2^-2
ok 676 - bounded calculation 2^-2
  ---
  duration_ms: 0.17093
  type: 'test'
  ...
# Subtest: bounded calculation -2^2
ok 677 - bounded calculation -2^2
  ---
  duration_ms: 0.07712
  type: 'test'
  ...
# Subtest: invalid calculation sqrt(-1)
ok 678 - invalid calculation sqrt(-1)
  ---
  duration_ms: 0.436145
  type: 'test'
  ...
# Subtest: invalid calculation min(1)
ok 679 - invalid calculation min(1)
  ---
  duration_ms: 0.460812
  type: 'test'
  ...
# Subtest: invalid calculation sin()
ok 680 - invalid calculation sin()
  ---
  duration_ms: 0.214458
  type: 'test'
  ...
# Subtest: invalid calculation unknown(2)
ok 681 - invalid calculation unknown(2)
  ---
  duration_ms: 0.133291
  type: 'test'
  ...
# Subtest: invalid calculation clamp(1,5,2)
ok 682 - invalid calculation clamp(1,5,2)
  ---
  duration_ms: 0.129054
  type: 'test'
  ...
# Subtest: invalid calculation constructor(1)
ok 683 - invalid calculation constructor(1)
  ---
  duration_ms: 0.127512
  type: 'test'
  ...
# Subtest: invalid calculation 2^100000
ok 684 - invalid calculation 2^100000
  ---
  duration_ms: 0.093666
  type: 'test'
  ...
# Subtest: parameter dependency values and report
ok 685 - parameter dependency values and report
  ---
  duration_ms: 1.439569
  type: 'test'
  ...
# Subtest: branching expressions have bounded memoized evaluation
ok 686 - branching expressions have bounded memoized evaluation
  ---
  duration_ms: 2.605382
  type: 'test'
  ...
# Subtest: cycles and nested expression budget fail
ok 687 - cycles and nested expression budget fail
  ---
  duration_ms: 1.096438
  type: 'test'
  ...
# Subtest: fully constrained anchored line has rank four
ok 688 - fully constrained anchored line has rank four
  ---
  duration_ms: 5.982274
  type: 'test'
  ...
# Subtest: unconstrained geometry is included in degrees of freedom
ok 689 - unconstrained geometry is included in degrees of freedom
  ---
  duration_ms: 0.703536
  type: 'test'
  ...
# Subtest: dependent constraints are reported separately from conflicts
ok 690 - dependent constraints are reported separately from conflicts
  ---
  duration_ms: 0.729083
  type: 'test'
  ...
# Subtest: disconnected components solve independently above old global limit
ok 691 - disconnected components solve independently above old global limit
  ---
  duration_ms: 102.773045
  type: 'test'
  ...
# Subtest: one conflicting component rolls back every component
ok 692 - one conflicting component rolls back every component
  ---
  duration_ms: 2.823812
  type: 'test'
  ...
# Subtest: analysis is read only for an unsolved system
ok 693 - analysis is read only for an unsolved system
  ---
  duration_ms: 0.377381
  type: 'test'
  ...
# Subtest: scaled sketch 0.001
ok 694 - scaled sketch 0.001
  ---
  duration_ms: 0.647001
  type: 'test'
  ...
# Subtest: scaled sketch 1
ok 695 - scaled sketch 1
  ---
  duration_ms: 0.489264
  type: 'test'
  ...
# Subtest: scaled sketch 1000000
ok 696 - scaled sketch 1000000
  ---
  duration_ms: 0.507025
  type: 'test'
  ...
# Subtest: large-coordinate translated sketch retains small local detail
ok 697 - large-coordinate translated sketch retains small local detail
  ---
  duration_ms: 3.98703
  type: 'test'
  ...
# Subtest: distance point relation
ok 698 - distance point relation
  ---
  duration_ms: 0.708439
  type: 'test'
  ...
# Subtest: distance-x point relation
ok 699 - distance-x point relation
  ---
  duration_ms: 0.326729
  type: 'test'
  ...
# Subtest: distance-y point relation
ok 700 - distance-y point relation
  ---
  duration_ms: 0.315779
  type: 'test'
  ...
# Subtest: concentric diameter circle solve
ok 701 - concentric diameter circle solve
  ---
  duration_ms: 0.695563
  type: 'test'
  ...
# Subtest: point-on-line incidence
ok 702 - point-on-line incidence
  ---
  duration_ms: 0.691639
  type: 'test'
  ...
# Subtest: midpoint incidence
ok 703 - midpoint incidence
  ---
  duration_ms: 0.571267
  type: 'test'
  ...
# Subtest: point-on-circle relation
ok 704 - point-on-circle relation
  ---
  duration_ms: 0.51411
  type: 'test'
  ...
# Subtest: collinear relation
ok 705 - collinear relation
  ---
  duration_ms: 0.927925
  type: 'test'
  ...
# Subtest: line-circle tangency branch remains on selected side
ok 706 - line-circle tangency branch remains on selected side
  ---
  duration_ms: 0.69178
  type: 'test'
  ...
# Subtest: circle-circle external tangency
ok 707 - circle-circle external tangency
  ---
  duration_ms: 0.845693
  type: 'test'
  ...
# Subtest: symmetric points about axis
ok 708 - symmetric points about axis
  ---
  duration_ms: 0.694915
  type: 'test'
  ...
# Subtest: relative angular relation wraps across ±180
ok 709 - relative angular relation wraps across ±180
  ---
  duration_ms: 0.852119
  type: 'test'
  ...
# Subtest: reference dimensions only measure and never drive
ok 710 - reference dimensions only measure and never drive
  ---
  duration_ms: 0.354708
  type: 'test'
  ...
# Subtest: suppressed constraints do not block solving
ok 711 - suppressed constraints do not block solving
  ---
  duration_ms: 0.284076
  type: 'test'
  ...
# Subtest: curved polyline partial constraints and wrong planes fail without mutation
ok 712 - curved polyline partial constraints and wrong planes fail without mutation
  ---
  duration_ms: 0.534295
  type: 'test'
  ...
# Subtest: block session is an isolated native geometry draft
ok 713 - block session is an isolated native geometry draft
  ---
  duration_ms: 1.633057
  type: 'test'
  ...
# Subtest: block save updates every direct and nested insertion
ok 714 - block save updates every direct and nested insertion
  ---
  duration_ms: 4.572067
  type: 'test'
  ...
# Subtest: stale session refuses to overwrite newer definition
ok 715 - stale session refuses to overwrite newer definition
  ---
  duration_ms: 0.771298
  type: 'test'
  ...
# Subtest: cyclic nesting is rejected atomically
ok 716 - cyclic nesting is rejected atomically
  ---
  duration_ms: 0.659821
  type: 'test'
  ...
# Subtest: connected port removal aborts entire block update
ok 717 - connected port removal aborts entire block update
  ---
  duration_ms: 0.877909
  type: 'test'
  ...
# Subtest: attribute synchronization preserves values and updates placement
ok 718 - attribute synchronization preserves values and updates placement
  ---
  duration_ms: 1.066116
  type: 'test'
  ...
# Subtest: invalid block geometry fails before database mutation
ok 719 - invalid block geometry fails before database mutation
  ---
  duration_ms: 0.632748
  type: 'test'
  ...
# Subtest: rename and make-unique preserve native references
ok 720 - rename and make-unique preserve native references
  ---
  duration_ms: 0.690894
  type: 'test'
  ...
# Subtest: constraint-based block independently solves parameterized geometry and ports
ok 721 - constraint-based block independently solves parameterized geometry and ports
  ---
  duration_ms: 3.24281
  type: 'test'
  ...
# Subtest: dynamic parameter-expression cycles are rejected
ok 722 - dynamic parameter-expression cycles are rejected
  ---
  duration_ms: 0.343273
  type: 'test'
  ...
# Subtest: block save validates every existing non-default variant
ok 723 - block save validates every existing non-default variant
  ---
  duration_ms: 3.836185
  type: 'test'
  ...
# Subtest: polar action computes displacement from pristine polar default
ok 724 - polar action computes displacement from pristine polar default
  ---
  duration_ms: 1.488445
  type: 'test'
  ...
# Subtest: polar arrays generate native rotated copies within limits
ok 725 - polar arrays generate native rotated copies within limits
  ---
  duration_ms: 0.671546
  type: 'test'
  ...
# Subtest: block solver behavior survives ASCII DXF
ok 726 - block solver behavior survives ASCII DXF
  ---
  duration_ms: 17.907732
  type: 'test'
  ...
# Subtest: block solver behavior survives binary DXF
ok 727 - block solver behavior survives binary DXF
  ---
  duration_ms: 13.928418
  type: 'test'
  ...
# Subtest: straight polyline segment length drives native vertices
ok 728 - straight polyline segment length drives native vertices
  ---
  duration_ms: 1.786397
  type: 'test'
  ...
# Subtest: named constraints cannot shadow parameters or duplicate measurement names
ok 729 - named constraints cannot shadow parameters or duplicate measurement names
  ---
  duration_ms: 0.423935
  type: 'test'
  ...
# Subtest: tangent branch choices are validated
ok 730 - tangent branch choices are validated
  ---
  duration_ms: 0.20802
  type: 'test'
  ...
# Subtest: line and circle equality is rejected rather than reinterpreted
ok 731 - line and circle equality is rejected rather than reinterpreted
  ---
  duration_ms: 0.246744
  type: 'test'
  ...
# Subtest: automatic constraints preserve identities and do not grow on repeat
ok 732 - automatic constraints preserve identities and do not grow on repeat
  ---
  duration_ms: 1.456351
  type: 'test'
  ...
# Subtest: automatic constraints reject invalid budgets and ignore nonplanar geometry
ok 733 - automatic constraints reject invalid budgets and ignore nonplanar geometry
  ---
  duration_ms: 0.298848
  type: 'test'
  ...
# Subtest: computed annotation updates atomically from parameters and reference measurements
ok 734 - computed annotation updates atomically from parameters and reference measurements
  ---
  duration_ms: 0.604987
  type: 'test'
  ...
# Subtest: calculation metadata roundtrips through native binary DXF text
ok 735 - calculation metadata roundtrips through native binary DXF text
  ---
  duration_ms: 7.693279
  type: 'test'
  ...
# Subtest: static constrained block updates anchored ports and calculations
ok 736 - static constrained block updates anchored ports and calculations
  ---
  duration_ms: 1.57126
  type: 'test'
  ...
# Subtest: nonfinite non-point block geometry cannot be sanitized into null
ok 737 - nonfinite non-point block geometry cannot be sanitized into null
  ---
  duration_ms: 0.62085
  type: 'test'
  ...
# Subtest: constraint-based block updates dependent native dimensions and calculations
ok 738 - constraint-based block updates dependent native dimensions and calculations
  ---
  duration_ms: 3.283353
  type: 'test'
  ...
# Subtest: named driving dimensions form a dependency graph across components
ok 739 - named driving dimensions form a dependency graph across components
  ---
  duration_ms: 0.659074
  type: 'test'
  ...
# Subtest: cyclic named dimension expressions fail before mutation
ok 740 - cyclic named dimension expressions fail before mutation
  ---
  duration_ms: 0.331017
  type: 'test'
  ...
# Subtest: reference measurements are not silently sampled to drive constraints
ok 741 - reference measurements are not silently sampled to drive constraints
  ---
  duration_ms: 0.220095
  type: 'test'
  ...
# Subtest: attribute synchronization survives canonical DXF tags and preserves flags
ok 742 - attribute synchronization survives canonical DXF tags and preserves flags
  ---
  duration_ms: 19.033225
  type: 'test'
  ...
# Subtest: constant ATTDEF renders without a redundant ATTRIB
ok 743 - constant ATTDEF renders without a redundant ATTRIB
  ---
  duration_ms: 1.342224
  type: 'test'
  ...
# Subtest: dynamic attribute actions synchronize instance placement without losing user text
ok 744 - dynamic attribute actions synchronize instance placement without losing user text
  ---
  duration_ms: 0.851469
  type: 'test'
  ...
# Subtest: attribute text frame handles rotated nonuniform insertion 2
ok 745 - attribute text frame handles rotated nonuniform insertion 2
  ---
  duration_ms: 3.280142
  type: 'test'
  ...
# Subtest: attribute text frame handles rotated nonuniform insertion -2
ok 746 - attribute text frame handles rotated nonuniform insertion -2
  ---
  duration_ms: 0.826461
  type: 'test'
  ...
# Subtest: block create and delete are validated, isolated operations
ok 747 - block create and delete are validated, isolated operations
  ---
  duration_ms: 0.759123
  type: 'test'
  ...
# Subtest: calculated dynamic attributes ignore stale manual values
ok 748 - calculated dynamic attributes ignore stale manual values
  ---
  duration_ms: 0.534234
  type: 'test'
  ...
# Subtest: coincident-point distance leaves a singular starting state without source mutation until success
ok 749 - coincident-point distance leaves a singular starting state without source mutation until success
  ---
  duration_ms: 0.79283
  type: 'test'
  ...
# Subtest: initially concentric circles can solve to external tangency
ok 750 - initially concentric circles can solve to external tangency
  ---
  duration_ms: 1.082562
  type: 'test'
  ...
# Subtest: locked geometry is never redistributed by solving
ok 751 - locked geometry is never redistributed by solving
  ---
  duration_ms: 2.805894
  type: 'test'
  ...
# Subtest: nonzero polyline elevation is refused instead of flattened during solving
ok 752 - nonzero polyline elevation is refused instead of flattened during solving
  ---
  duration_ms: 0.237429
  type: 'test'
  ...
# Subtest: All sixteen immutable CAD styles have distinct identifiers and documented pass semantics
ok 753 - All sixteen immutable CAD styles have distinct identifiers and documented pass semantics
  ---
  duration_ms: 3.843075
  type: 'test'
  ...
# Subtest: Frame uniform contract is explicitly aligned to 29 vec4 slots
ok 754 - Frame uniform contract is explicitly aligned to 29 vec4 slots
  ---
  duration_ms: 0.22397
  type: 'test'
  ...
# Subtest: Tolerant restored settings whitelist unknown values without accepting prototype contamination
ok 755 - Tolerant restored settings whitelist unknown values without accepting prototype contamination
  ---
  duration_ms: 1.418457
  type: 'test'
  ...
# Subtest: Strict display settings reject invalid edgeWidth before mutation
ok 756 - Strict display settings reject invalid edgeWidth before mutation
  ---
  duration_ms: 0.263791
  type: 'test'
  ...
# Subtest: Strict display settings reject invalid silhouetteWidth before mutation
ok 757 - Strict display settings reject invalid silhouetteWidth before mutation
  ---
  duration_ms: 0.378549
  type: 'test'
  ...
# Subtest: Strict display settings reject invalid exposure before mutation
ok 758 - Strict display settings reject invalid exposure before mutation
  ---
  duration_ms: 0.175152
  type: 'test'
  ...
# Subtest: Strict display settings reject invalid creaseAngle before mutation
ok 759 - Strict display settings reject invalid creaseAngle before mutation
  ---
  duration_ms: 0.264293
  type: 'test'
  ...
# Subtest: Strict display settings reject invalid ambientOcclusion before mutation
ok 760 - Strict display settings reject invalid ambientOcclusion before mutation
  ---
  duration_ms: 0.224768
  type: 'test'
  ...
# Subtest: Strict display settings reject invalid grid before mutation
ok 761 - Strict display settings reject invalid grid before mutation
  ---
  duration_ms: 0.46067
  type: 'test'
  ...
# Subtest: Strict display settings reject invalid backgroundColor before mutation
ok 762 - Strict display settings reject invalid backgroundColor before mutation
  ---
  duration_ms: 0.546227
  type: 'test'
  ...
# Subtest: Strict display settings reject invalid aoRadius before mutation
ok 763 - Strict display settings reject invalid aoRadius before mutation
  ---
  duration_ms: 0.271236
  type: 'test'
  ...
# Subtest: Strict display settings reject invalid xrayOpacity before mutation
ok 764 - Strict display settings reject invalid xrayOpacity before mutation
  ---
  duration_ms: 0.172102
  type: 'test'
  ...
# Subtest: Strict display settings reject invalid environment before mutation
ok 765 - Strict display settings reject invalid environment before mutation
  ---
  duration_ms: 0.21179
  type: 'test'
  ...
# Subtest: Strict display settings reject invalid quality before mutation
ok 766 - Strict display settings reject invalid quality before mutation
  ---
  duration_ms: 0.185528
  type: 'test'
  ...
# Subtest: Strict display settings reject invalid jitter before mutation
ok 767 - Strict display settings reject invalid jitter before mutation
  ---
  duration_ms: 0.148615
  type: 'test'
  ...
# Subtest: Strict display settings reject invalid overhang before mutation
ok 768 - Strict display settings reject invalid overhang before mutation
  ---
  duration_ms: 0.147721
  type: 'test'
  ...
# Subtest: Material defaults, clamping and immutable presets are safe for untrusted metadata
ok 769 - Material defaults, clamping and immutable presets are safe for untrusted metadata
  ---
  duration_ms: 0.477687
  type: 'test'
  ...
# Subtest: Software shaded-edges produces finite nonempty output without mutating CAD geometry
ok 770 - Software shaded-edges produces finite nonempty output without mutating CAD geometry
  ---
  duration_ms: 62.031553
  type: 'test'
  ...
# Subtest: Software shaded produces finite nonempty output without mutating CAD geometry
ok 771 - Software shaded produces finite nonempty output without mutating CAD geometry
  ---
  duration_ms: 32.530418
  type: 'test'
  ...
# Subtest: Software shaded-hidden produces finite nonempty output without mutating CAD geometry
ok 772 - Software shaded-hidden produces finite nonempty output without mutating CAD geometry
  ---
  duration_ms: 18.109276
  type: 'test'
  ...
# Subtest: Software wireframe produces finite nonempty output without mutating CAD geometry
ok 773 - Software wireframe produces finite nonempty output without mutating CAD geometry
  ---
  duration_ms: 26.762856
  type: 'test'
  ...
# Subtest: Software hidden produces finite nonempty output without mutating CAD geometry
ok 774 - Software hidden produces finite nonempty output without mutating CAD geometry
  ---
  duration_ms: 11.939234
  type: 'test'
  ...
# Subtest: Software wireframe-hidden produces finite nonempty output without mutating CAD geometry
ok 775 - Software wireframe-hidden produces finite nonempty output without mutating CAD geometry
  ---
  duration_ms: 15.534107
  type: 'test'
  ...
# Subtest: Software realistic produces finite nonempty output without mutating CAD geometry
ok 776 - Software realistic produces finite nonempty output without mutating CAD geometry
  ---
  duration_ms: 122.511369
  type: 'test'
  ...
# Subtest: Software realistic-edges produces finite nonempty output without mutating CAD geometry
ok 777 - Software realistic-edges produces finite nonempty output without mutating CAD geometry
  ---
  duration_ms: 88.085247
  type: 'test'
  ...
# Subtest: Software conceptual produces finite nonempty output without mutating CAD geometry
ok 778 - Software conceptual produces finite nonempty output without mutating CAD geometry
  ---
  duration_ms: 106.05001
  type: 'test'
  ...
# Subtest: Software gray produces finite nonempty output without mutating CAD geometry
ok 779 - Software gray produces finite nonempty output without mutating CAD geometry
  ---
  duration_ms: 20.819903
  type: 'test'
  ...
# Subtest: Software sketchy produces finite nonempty output without mutating CAD geometry
ok 780 - Software sketchy produces finite nonempty output without mutating CAD geometry
  ---
  duration_ms: 17.345484
  type: 'test'
  ...
# Subtest: Software xray produces finite nonempty output without mutating CAD geometry
ok 781 - Software xray produces finite nonempty output without mutating CAD geometry
  ---
  duration_ms: 61.357383
  type: 'test'
  ...
# Subtest: Software flat produces finite nonempty output without mutating CAD geometry
ok 782 - Software flat produces finite nonempty output without mutating CAD geometry
  ---
  duration_ms: 14.345168
  type: 'test'
  ...
# Subtest: Software flat-edges produces finite nonempty output without mutating CAD geometry
ok 783 - Software flat-edges produces finite nonempty output without mutating CAD geometry
  ---
  duration_ms: 15.068758
  type: 'test'
  ...
# Subtest: Software clay produces finite nonempty output without mutating CAD geometry
ok 784 - Software clay produces finite nonempty output without mutating CAD geometry
  ---
  duration_ms: 19.816912
  type: 'test'
  ...
# Subtest: Software normals produces finite nonempty output without mutating CAD geometry
ok 785 - Software normals produces finite nonempty output without mutating CAD geometry
  ---
  duration_ms: 48.9442
  type: 'test'
  ...
# Subtest: Hidden-line removal, dashed hidden edges and full wireframe are genuinely different passes
ok 786 - Hidden-line removal, dashed hidden edges and full wireframe are genuinely different passes
  ---
  duration_ms: 34.961277
  type: 'test'
  ...
# Subtest: Shaded, edge overlay, Conceptual, gray, material, clay and normal outputs differ
ok 787 - Shaded, edge overlay, Conceptual, gray, material, clay and normal outputs differ
  ---
  duration_ms: 174.969288
  type: 'test'
  ...
# Subtest: Gray interiors discard source hue while preserving the document color
ok 788 - Gray interiors discard source hue while preserving the document color
  ---
  duration_ms: 13.600454
  type: 'test'
  ...
# Subtest: Sketch strokes are stable across redraws and respond to overhang/jitter
ok 789 - Sketch strokes are stable across redraws and respond to overhang/jitter
  ---
  duration_ms: 56.168626
  type: 'test'
  ...
# Subtest: Weighted transparency is independent of opaque and transparent entity submission order
ok 790 - Weighted transparency is independent of opaque and transparent entity submission order
  ---
  duration_ms: 101.520354
  type: 'test'
  ...
# Subtest: Opaque stock correctly occludes transparent geometry behind it
ok 791 - Opaque stock correctly occludes transparent geometry behind it
  ---
  duration_ms: 42.303227
  type: 'test'
  ...
# Subtest: Crease-limited normal smoothing retains hard box corners and smooths a sphere
ok 792 - Crease-limited normal smoothing retains hard box corners and smooths a sphere
  ---
  duration_ms: 10.099408
  type: 'test'
  ...
# Subtest: Smooth sphere shading differs from polygon-normal inspection mode
ok 793 - Smooth sphere shading differs from polygon-normal inspection mode
  ---
  duration_ms: 36.975521
  type: 'test'
  ...
# Subtest: Smooth silhouettes suppress tangent edges but not boundaries or deliberate all-edges inspection
ok 794 - Smooth silhouettes suppress tangent edges but not boundaries or deliberate all-edges inspection
  ---
  duration_ms: 3.561848
  type: 'test'
  ...
# Subtest: Closed box cuts generate correctly oriented planar caps with exact area
ok 795 - Closed box cuts generate correctly oriented planar caps with exact area
  ---
  duration_ms: 1.681978
  type: 'test'
  ...
# Subtest: Section plane through an existing sphere tessellation ring still forms a cap
ok 796 - Section plane through an existing sphere tessellation ring still forms a cap
  ---
  duration_ms: 3.47663
  type: 'test'
  ...
# Subtest: Even-odd torus section cap preserves the annular hole
ok 797 - Even-odd torus section cap preserves the annular hole
  ---
  duration_ms: 19.614604
  type: 'test'
  ...
# Subtest: Open section contours diagnose uncapped geometry rather than fabricating solids
ok 798 - Open section contours diagnose uncapped geometry rather than fabricating solids
  ---
  duration_ms: 0.561708
  type: 'test'
  ...
# Subtest: Section budgets reject pathological contour growth deterministically
ok 799 - Section budgets reject pathological contour growth deterministically
  ---
  duration_ms: 0.527243
  type: 'test'
  ...
# Subtest: Caps are render-only and do not change bounds, source mesh or exported topology
ok 800 - Caps are render-only and do not change bounds, source mesh or exported topology
  ---
  duration_ms: 4.367448
  type: 'test'
  ...
# Subtest: Large WCS origins are rebased before float32 vertex upload
ok 801 - Large WCS origins are rebased before float32 vertex upload
  ---
  duration_ms: 1.433477
  type: 'test'
  ...
# Subtest: Near-plane clipping interpolates positions and normals before projection
ok 802 - Near-plane clipping interpolates positions and normals before projection
  ---
  duration_ms: 0.243428
  type: 'test'
  ...
# Subtest: Perspective and section near clipping produce finite bounded raster images
ok 803 - Perspective and section near clipping produce finite bounded raster images
  ---
  duration_ms: 50.846421
  type: 'test'
  ...
# Subtest: Thick edge rendering remains bounded for distant line projections
ok 804 - Thick edge rendering remains bounded for distant line projections
  ---
  duration_ms: 19.462441
  type: 'test'
  ...
# Subtest: Ambient occlusion and shadows are real image effects
ok 805 - Ambient occlusion and shadows are real image effects
  ---
  duration_ms: 131.955112
  type: 'test'
  ...
# Subtest: GGX metallic, roughness and exposure controls produce bounded distinct radiance
ok 806 - GGX metallic, roughness and exposure controls produce bounded distinct radiance
  ---
  duration_ms: 0.523876
  type: 'test'
  ...
# Subtest: Material and portable display presets survive ASCII DXF application metadata
ok 807 - Material and portable display presets survive ASCII DXF application metadata
  ---
  duration_ms: 11.134461
  type: 'test'
  ...
# Subtest: Material and portable display presets survive binary DXF application metadata
ok 808 - Material and portable display presets survive binary DXF application metadata
  ---
  duration_ms: 7.128519
  type: 'test'
  ...
# Subtest: Nonfinite and excessive software sizes reject before allocating frame buffers
ok 809 - Nonfinite and excessive software sizes reject before allocating frame buffers
  ---
  duration_ms: 0.683894
  type: 'test'
  ...
# Subtest: Native color edits remain authoritative over previously assigned material color
ok 810 - Native color edits remain authoritative over previously assigned material color
  ---
  duration_ms: 0.357151
  type: 'test'
  ...
# Subtest: Native line transparency is packed without changing geometry
ok 811 - Native line transparency is packed without changing geometry
  ---
  duration_ms: 0.64214
  type: 'test'
  ...
# Subtest: Material study is editable native feature geometry with a portable default
ok 812 - Material study is editable native feature geometry with a portable default
  ---
  duration_ms: 235.481476
  type: 'test'
  ...
# Subtest: Attachment memory budget respects desktop limits with transparency=false
ok 813 - Attachment memory budget respects desktop limits with transparency=false
  ---
  duration_ms: 0.468447
  type: 'test'
  ...
# Subtest: Attachment memory budget respects desktop limits with transparency=true
ok 814 - Attachment memory budget respects desktop limits with transparency=true
  ---
  duration_ms: 0.10445
  type: 'test'
  ...
# Subtest: Attachment memory budget respects touch limits with transparency=false
ok 815 - Attachment memory budget respects touch limits with transparency=false
  ---
  duration_ms: 0.082615
  type: 'test'
  ...
# Subtest: Attachment memory budget respects touch limits with transparency=true
ok 816 - Attachment memory budget respects touch limits with transparency=true
  ---
  duration_ms: 0.070468
  type: 'test'
  ...
# Subtest: Opaque display receives a higher resolution budget than weighted transparency
ok 817 - Opaque display receives a higher resolution budget than weighted transparency
  ---
  duration_ms: 0.184987
  type: 'test'
  ...
# Subtest: Native opacity changes remain authoritative over old material metadata
ok 818 - Native opacity changes remain authoritative over old material metadata
  ---
  duration_ms: 0.300375
  type: 'test'
  ...
# Subtest: World-normal inspection is independent of viewing direction
ok 819 - World-normal inspection is independent of viewing direction
  ---
  duration_ms: 0.24014
  type: 'test'
  ...
# Subtest: Material study ring uses declared dimensions, not primitive defaults
ok 820 - Material study ring uses declared dimensions, not primitive defaults
  ---
  duration_ms: 129.390574
  type: 'test'
  ...
# Subtest: Extreme-aspect viewports respect attachment dimension limits and nonzero memory accounting
ok 821 - Extreme-aspect viewports respect attachment dimension limits and nonzero memory accounting
  ---
  duration_ms: 0.308319
  type: 'test'
  ...
# Subtest: 223 masters are audited with explicit standard provenance and distinct family categories
ok 822 - 223 masters are audited with explicit standard provenance and distinct family categories
  ---
  duration_ms: 52.941825
  type: 'test'
  ...
# Subtest: all 64 legacy IDs, DXF block names and named terminals remain available
ok 823 - all 64 legacy IDs, DXF block names and named terminals remain available
  ---
  duration_ms: 0.63584
  type: 'test'
  ...
# Subtest: every original category grows and eight new categories have complete masters
ok 824 - every original category grows and eight new categories have complete masters
  ---
  duration_ms: 0.573306
  type: 'test'
  ...
# Subtest: search supports family, category, aliases and multiword matching without hidden ISO labels
ok 825 - search supports family, category, aliases and multiword matching without hidden ISO labels
  ---
  duration_ms: 6.478076
  type: 'test'
  ...
# Subtest: liquid pump triangles are filled; gas compressor triangles are open
ok 826 - liquid pump triangles are filled; gas compressor triangles are open
  ---
  duration_ms: 0.29131
  type: 'test'
  ...
# Subtest: flow document wave, inductor turns and vessel ends stay analytic in DXF
ok 827 - flow document wave, inductor turns and vessel ends stay analytic in DXF
  ---
  duration_ms: 337.269803
  type: 'test'
  ...
# Subtest: panel-location dashes survive the catalogue preview without dashing the instrument body
ok 828 - panel-location dashes survive the catalogue preview without dashing the instrument body
  ---
  duration_ms: 10.278202
  type: 'test'
  ...
# Subtest: filled symbol components inherit instance colour rather than encoding BYBLOCK as an invalid SVG colour
ok 829 - filled symbol components inherit instance colour rather than encoding BYBLOCK as an invalid SVG colour
  ---
  duration_ms: 14.894815
  type: 'test'
  ...
# Subtest: install and insert never overwrite existing custom or saved catalogue definitions
ok 830 - install and insert never overwrite existing custom or saved catalogue definitions
  ---
  duration_ms: 8.225544
  type: 'test'
  ...
# Subtest: explicit master migration validates all terminals before mutating any master
ok 831 - explicit master migration validates all terminals before mutating any master
  ---
  duration_ms: 17.705906
  type: 'test'
  ...
# Subtest: explicit master migration supports one-step undo and preserves instance transforms and identity
ok 832 - explicit master migration supports one-step undo and preserves instance transforms and identity
  ---
  duration_ms: 70.868638
  type: 'test'
  ...
# Subtest: catalogue audit catches detached terminals and zero-length geometry
ok 833 - catalogue audit catches detached terminals and zero-length geometry
  ---
  duration_ms: 0.487735
  type: 'test'
  ...
# Subtest: all new category insertions create the correct category layer in a minimal imported document
ok 834 - all new category insertions create the correct category layer in a minimal imported document
  ---
  duration_ms: 2.078536
  type: 'test'
  ...
# Subtest: line style registry has unique identities and finite positive metrics
ok 835 - line style registry has unique identities and finite positive metrics
  ---
  duration_ms: 0.393279
  type: 'test'
  ...
# Subtest: pid starter: native blocks, attached connectors and independent identity survive DXF
ok 836 - pid starter: native blocks, attached connectors and independent identity survive DXF
  ---
  duration_ms: 194.589667
  type: 'test'
  ...
# Subtest: electrical starter: native blocks, attached connectors and independent identity survive DXF
ok 837 - electrical starter: native blocks, attached connectors and independent identity survive DXF
  ---
  duration_ms: 229.708798
  type: 'test'
  ...
# Subtest: flow starter: native blocks, attached connectors and independent identity survive DXF
ok 838 - flow starter: native blocks, attached connectors and independent identity survive DXF
  ---
  duration_ms: 167.473075
  type: 'test'
  ...
# Subtest: water-treatment starter: native blocks, attached connectors and independent identity survive DXF
ok 839 - water-treatment starter: native blocks, attached connectors and independent identity survive DXF
  ---
  duration_ms: 127.278399
  type: 'test'
  ...
# Subtest: chemical-batch starter: native blocks, attached connectors and independent identity survive DXF
ok 840 - chemical-batch starter: native blocks, attached connectors and independent identity survive DXF
  ---
  duration_ms: 99.517179
  type: 'test'
  ...
# Subtest: oil-gas starter: native blocks, attached connectors and independent identity survive DXF
ok 841 - oil-gas starter: native blocks, attached connectors and independent identity survive DXF
  ---
  duration_ms: 139.054151
  type: 'test'
  ...
# Subtest: food-beverage starter: native blocks, attached connectors and independent identity survive DXF
ok 842 - food-beverage starter: native blocks, attached connectors and independent identity survive DXF
  ---
  duration_ms: 88.96476
  type: 'test'
  ...
# Subtest: pharmaceutical starter: native blocks, attached connectors and independent identity survive DXF
ok 843 - pharmaceutical starter: native blocks, attached connectors and independent identity survive DXF
  ---
  duration_ms: 105.904489
  type: 'test'
  ...
# Subtest: power-single-line starter: native blocks, attached connectors and independent identity survive DXF
ok 844 - power-single-line starter: native blocks, attached connectors and independent identity survive DXF
  ---
  duration_ms: 93.930154
  type: 'test'
  ...
# Subtest: solar starter: native blocks, attached connectors and independent identity survive DXF
ok 845 - solar starter: native blocks, attached connectors and independent identity survive DXF
  ---
  duration_ms: 100.047177
  type: 'test'
  ...
# Subtest: hvac-air starter: native blocks, attached connectors and independent identity survive DXF
ok 846 - hvac-air starter: native blocks, attached connectors and independent identity survive DXF
  ---
  duration_ms: 87.031664
  type: 'test'
  ...
# Subtest: hvac-hydronic starter: native blocks, attached connectors and independent identity survive DXF
ok 847 - hvac-hydronic starter: native blocks, attached connectors and independent identity survive DXF
  ---
  duration_ms: 86.849885
  type: 'test'
  ...
# Subtest: hydraulic-actuator starter: native blocks, attached connectors and independent identity survive DXF
ok 848 - hydraulic-actuator starter: native blocks, attached connectors and independent identity survive DXF
  ---
  duration_ms: 90.296517
  type: 'test'
  ...
# Subtest: pneumatic-clamp starter: native blocks, attached connectors and independent identity survive DXF
ok 849 - pneumatic-clamp starter: native blocks, attached connectors and independent identity survive DXF
  ---
  duration_ms: 103.606849
  type: 'test'
  ...
# Subtest: instrument-loop starter: native blocks, attached connectors and independent identity survive DXF
ok 850 - instrument-loop starter: native blocks, attached connectors and independent identity survive DXF
  ---
  duration_ms: 88.608344
  type: 'test'
  ...
# Subtest: automation-io starter: native blocks, attached connectors and independent identity survive DXF
ok 851 - automation-io starter: native blocks, attached connectors and independent identity survive DXF
  ---
  duration_ms: 89.202977
  type: 'test'
  ...
# Subtest: fire-alarm starter: native blocks, attached connectors and independent identity survive DXF
ok 852 - fire-alarm starter: native blocks, attached connectors and independent identity survive DXF
  ---
  duration_ms: 84.509568
  type: 'test'
  ...
# Subtest: network starter: native blocks, attached connectors and independent identity survive DXF
ok 853 - network starter: native blocks, attached connectors and independent identity survive DXF
  ---
  duration_ms: 90.070038
  type: 'test'
  ...
# Subtest: plumbing starter: native blocks, attached connectors and independent identity survive DXF
ok 854 - plumbing starter: native blocks, attached connectors and independent identity survive DXF
  ---
  duration_ms: 113.278068
  type: 'test'
  ...
# Subtest: quality-workflow starter: native blocks, attached connectors and independent identity survive DXF
ok 855 - quality-workflow starter: native blocks, attached connectors and independent identity survive DXF
  ---
  duration_ms: 89.389813
  type: 'test'
  ...
# Subtest: all catalogue ellipses obey native DXF minor-to-major axis limits
ok 856 - all catalogue ellipses obey native DXF minor-to-major axis limits
  ---
  duration_ms: 0.456997
  type: 'test'
  ...
# Subtest: tall rupture-disc ellipse keeps its half-ellipse endpoints after axis normalization
ok 857 - tall rupture-disc ellipse keeps its half-ellipse endpoints after axis normalization
  ---
  duration_ms: 0.220183
  type: 'test'
  ...
# Subtest: preview bounds include heat/cool and fire-damper functional marks above the body
ok 858 - preview bounds include heat/cool and fire-damper functional marks above the body
  ---
  duration_ms: 5.193032
  type: 'test'
  ...
# Subtest: sessions have independent IDs even for identical document names
ok 859 - sessions have independent IDs even for identical document names
  ---
  duration_ms: 4.221174
  type: 'test'
  ...
# Subtest: caller session IDs are validated and duplicates refused before insertion
ok 860 - caller session IDs are validated and duplicates refused before insertion
  ---
  duration_ms: 0.575024
  type: 'test'
  ...
# Subtest: document cap never evicts existing drawings
ok 861 - document cap never evicts existing drawings
  ---
  duration_ms: 0.452392
  type: 'test'
  ...
# Subtest: workspace options reject invalid limits
ok 862 - workspace options reject invalid limits
  ---
  duration_ms: 2.42354
  type: 'test'
  ...
# Subtest: activation retains opaque histories and geometry references
ok 863 - activation retains opaque histories and geometry references
  ---
  duration_ms: 0.357055
  type: 'test'
  ...
# Subtest: closed active tab selects its adjacent neighbor; last tab can be removed
ok 864 - closed active tab selects its adjacent neighbor; last tab can be removed
  ---
  duration_ms: 0.464259
  type: 'test'
  ...
# Subtest: unsaved close requires explicit discard
ok 865 - unsaved close requires explicit discard
  ---
  duration_ms: 0.346043
  type: 'test'
  ...
# Subtest: closing an inactive session preserves active selection
ok 866 - closing an inactive session preserves active selection
  ---
  duration_ms: 0.241707
  type: 'test'
  ...
# Subtest: tab reorder does not change the active document
ok 867 - tab reorder does not change the active document
  ---
  duration_ms: 0.964981
  type: 'test'
  ...
# Subtest: save snapshots all drawing records with one ordered active manifest
ok 868 - save snapshots all drawing records with one ordered active manifest
  ---
  duration_ms: 1.048458
  type: 'test'
  ...
# Subtest: edits made during an asynchronous write stay dirty
ok 869 - edits made during an asynchronous write stay dirty
  ---
  duration_ms: 10.321325
  type: 'test'
  ...
# Subtest: later save is serialized and captures fresh document data
ok 870 - later save is serialized and captures fresh document data
  ---
  duration_ms: 0.73025
  type: 'test'
  ...
# Subtest: failed writes retain every dirty tab and recovery errors
ok 871 - failed writes retain every dirty tab and recovery errors
  ---
  duration_ms: 0.416448
  type: 'test'
  ...
# Subtest: save queue recovers after errors rather than poisoning subsequent attempts
ok 872 - save queue recovers after errors rather than poisoning subsequent attempts
  ---
  duration_ms: 0.385812
  type: 'test'
  ...
# Subtest: closing during a save cannot resurrect a tab in the next manifest
ok 873 - closing during a save cannot resurrect a tab in the next manifest
  ---
  duration_ms: 2.006139
  type: 'test'
  ...
# Subtest: explicit capture serializes view and draft but not host context functions
ok 874 - explicit capture serializes view and draft but not host context functions
  ---
  duration_ms: 0.449354
  type: 'test'
  ...
# Subtest: beforeSave captures active state at execution, not queue admission
ok 875 - beforeSave captures active state at execution, not queue admission
  ---
  duration_ms: 0.272904
  type: 'test'
  ...
# Subtest: disposed workspace cancels timers and rejects new saves and documents
ok 876 - disposed workspace cancels timers and rejects new saves and documents
  ---
  duration_ms: 20.501155
  type: 'test'
  ...
# Subtest: save snapshots reject non-serializable models before issuing storage writes
ok 877 - save snapshots reject non-serializable models before issuing storage writes
  ---
  duration_ms: 0.408966
  type: 'test'
  ...
# Subtest: clipboard imports only reachable blocks
ok 878 - clipboard imports only reachable blocks
  ---
  duration_ms: 0.576539
  type: 'test'
  ...
# Subtest: clipboard colliding definitions receive independent names
ok 879 - clipboard colliding definitions receive independent names
  ---
  duration_ms: 0.239848
  type: 'test'
  ...
# Subtest: clipboard collision rewrites transitive nested dependencies
ok 880 - clipboard collision rewrites transitive nested dependencies
  ---
  duration_ms: 0.251289
  type: 'test'
  ...
# Subtest: identical destination definitions are reused without mutation
ok 881 - identical destination definitions are reused without mutation
  ---
  duration_ms: 0.379721
  type: 'test'
  ...
# Subtest: clipboard recursive nesting is rejected
ok 882 - clipboard recursive nesting is rejected
  ---
  duration_ms: 0.235892
  type: 'test'
  ...
# Subtest: clipboard name allocation skips existing suffixed names
ok 883 - clipboard name allocation skips existing suffixed names
  ---
  duration_ms: 0.179771
  type: 'test'
  ...
# Subtest: localStorage fallback stores manifest and records atomically and round-trips order
ok 884 - localStorage fallback stores manifest and records atomically and round-trips order
  ---
  duration_ms: 2.889819
  type: 'test'
  ...
# Subtest: closed saved drawing records remain available without reopening at startup
ok 885 - closed saved drawing records remain available without reopening at startup
  ---
  duration_ms: 33.827594
  type: 'test'
  ...
# Subtest: quota failure leaves previous localStorage checkpoint intact
ok 886 - quota failure leaves previous localStorage checkpoint intact
  ---
  duration_ms: 0.635608
  type: 'test'
  ...
# Subtest: workspace keys isolate different browser workspaces
ok 887 - workspace keys isolate different browser workspaces
  ---
  duration_ms: 0.379966
  type: 'test'
  ...
# Subtest: invalid recovery records are rejected before any writes
ok 888 - invalid recovery records are rejected before any writes
  ---
  duration_ms: 0.416172
  type: 'test'
  ...
# Subtest: clipboard collisions honor case-insensitive DXF block names
ok 889 - clipboard collisions honor case-insensitive DXF block names
  ---
  duration_ms: 0.228092
  type: 'test'
  ...
# Subtest: clipboard identical case-variant definitions reuse the destination spelling
ok 890 - clipboard identical case-variant definitions reuse the destination spelling
  ---
  duration_ms: 0.240299
  type: 'test'
  ...
# Subtest: ambiguous case-duplicate block graphs are refused before importing
ok 891 - ambiguous case-duplicate block graphs are refused before importing
  ---
  duration_ms: 2.251537
  type: 'test'
  ...
# Subtest: storage refuses duplicate and missing manifest IDs without writes
ok 892 - storage refuses duplicate and missing manifest IDs without writes
  ---
  duration_ms: 0.499428
  type: 'test'
  ...
# Subtest: synchronous IndexedDB put failure aborts an enqueued manifest transaction
ok 893 - synchronous IndexedDB put failure aborts an enqueued manifest transaction
  ---
  duration_ms: 0.749153
  type: 'test'
  ...
1..893
# tests 893
# suites 0
# pass 893
# fail 0
# cancelled 0
# skipped 0
# todo 0
# duration_ms 6218.924907
