0
SECTION
2
HEADER
9
$ACADVER
1
AC1024
9
$INSUNITS
70
4
9
$LTSCALE
40
1
9
$MEASUREMENT
70
1
999
CONDUIT:{"parameters":{"grid":"10","pipeWidth":"2","valveSize":"64"},"constraints":[],"metadata":{"author":"","description":""}}
9
$HANDSEED
5
B13
9
$DWGCODEPAGE
3
ANSI_1252
9
$CLAYER
8
0
9
$TILEMODE
70
1
0
ENDSEC
0
SECTION
2
TABLES
0
TABLE
2
LTYPE
5
68C
330
0
100
AcDbSymbolTable
70
6
0
LTYPE
5
68D
100
AcDbSymbolTableRecord
100
AcDbLinetypeTableRecord
2
CONTINUOUS
70
0
3
Solid line
72
65
73
0
40
0
330
68C
0
LTYPE
5
68E
100
AcDbSymbolTableRecord
100
AcDbLinetypeTableRecord
2
DASHED
70
0
3
DASHED
72
65
73
2
40
12
49
8
74
0
49
-4
74
0
330
68C
0
LTYPE
5
68F
100
AcDbSymbolTableRecord
100
AcDbLinetypeTableRecord
2
CENTER
70
0
3
CENTER
72
65
73
4
40
20
49
12
74
0
49
-3
74
0
49
2
74
0
49
-3
74
0
330
68C
0
LTYPE
5
690
100
AcDbSymbolTableRecord
100
AcDbLinetypeTableRecord
2
HIDDEN
70
0
3
HIDDEN
72
65
73
2
40
7
49
4
74
0
49
-3
74
0
330
68C
0
LTYPE
5
691
100
AcDbSymbolTableRecord
100
AcDbLinetypeTableRecord
2
CC_DASH_4_3
70
0
3
CC_DASH_4_3
72
65
73
2
40
7
49
4
74
0
49
-3
74
0
330
68C
0
LTYPE
5
692
100
AcDbSymbolTableRecord
100
AcDbLinetypeTableRecord
2
CC_DASH_2_3
70
0
3
CC_DASH_2_3
72
65
73
2
40
5
49
2
74
0
49
-3
74
0
330
68C
0
ENDTAB
0
TABLE
2
LAYER
5
693
330
0
100
AcDbSymbolTable
70
13
0
LAYER
5
694
100
AcDbSymbolTableRecord
100
AcDbLayerTableRecord
2
0
70
0
62
7
420
3426133
6
CONTINUOUS
330
693
0
LAYER
5
695
100
AcDbSymbolTableRecord
100
AcDbLayerTableRecord
2
Equipment
70
0
62
7
420
3495011
6
CONTINUOUS
330
693
0
LAYER
5
696
100
AcDbSymbolTableRecord
100
AcDbLayerTableRecord
2
Process
70
0
62
7
420
1342583
6
CONTINUOUS
330
693
0
LAYER
5
697
100
AcDbSymbolTableRecord
100
AcDbLayerTableRecord
2
Instruments
70
0
62
7
420
10187334
6
CONTINUOUS
330
693
0
LAYER
5
698
100
AcDbSymbolTableRecord
100
AcDbLayerTableRecord
2
Electrical
70
0
62
7
420
6584250
6
CONTINUOUS
330
693
0
LAYER
5
699
100
AcDbSymbolTableRecord
100
AcDbLayerTableRecord
2
Annotations
70
0
62
7
420
7438474
6
CONTINUOUS
330
693
0
LAYER
5
69A
100
AcDbSymbolTableRecord
100
AcDbLayerTableRecord
2
Hydraulics
70
0
62
7
420
3495011
6
CONTINUOUS
330
693
0
LAYER
5
69B
100
AcDbSymbolTableRecord
100
AcDbLayerTableRecord
2
Pneumatics
70
0
62
7
420
3495011
6
CONTINUOUS
330
693
0
LAYER
5
69C
100
AcDbSymbolTableRecord
100
AcDbLayerTableRecord
2
HVAC
70
0
62
7
420
3495011
6
CONTINUOUS
330
693
0
LAYER
5
69D
100
AcDbSymbolTableRecord
100
AcDbLayerTableRecord
2
Water
70
0
62
7
420
3495011
6
CONTINUOUS
330
693
0
LAYER
5
69E
100
AcDbSymbolTableRecord
100
AcDbLayerTableRecord
2
Automation
70
0
62
7
420
3495011
6
CONTINUOUS
330
693
0
LAYER
5
69F
100
AcDbSymbolTableRecord
100
AcDbLayerTableRecord
2
Fire
70
0
62
7
420
3495011
6
CONTINUOUS
330
693
0
LAYER
5
6A0
100
AcDbSymbolTableRecord
100
AcDbLayerTableRecord
2
Network
70
0
62
7
420
3495011
6
CONTINUOUS
330
693
0
ENDTAB
0
TABLE
2
STYLE
5
6A1
330
0
100
AcDbSymbolTable
70
1
0
STYLE
5
6A2
100
AcDbSymbolTableRecord
100
AcDbTextStyleTableRecord
2
STANDARD
70
0
40
0
41
1
50
0
71
0
42
2.5
3
txt
4

330
6A1
0
ENDTAB
0
TABLE
2
APPID
5
6A3
330
0
100
AcDbSymbolTable
70
2
0
APPID
5
6A4
100
AcDbSymbolTableRecord
100
AcDbRegAppTableRecord
2
CONDUITCAD
70
0
330
6A3
0
APPID
5
B0C
100
AcDbSymbolTableRecord
100
AcDbRegAppTableRecord
2
ACAD
70
0
330
6A3
0
ENDTAB
0
TABLE
2
BLOCK_RECORD
5
6A5
330
0
100
AcDbSymbolTable
70
225
0
BLOCK_RECORD
5
6A6
100
AcDbSymbolTableRecord
100
AcDbBlockTableRecord
2
*Model_Space
340
B10
330
6A5
0
BLOCK_RECORD
5
6A7
100
AcDbSymbolTableRecord
100
AcDbBlockTableRecord
2
*Paper_Space
340
B11
330
6A5
0
BLOCK_RECORD
5
6A8
100
AcDbSymbolTableRecord
100
AcDbBlockTableRecord
2
CC_GATE_VALVE
330
6A5
0
BLOCK_RECORD
5
6A9
100
AcDbSymbolTableRecord
100
AcDbBlockTableRecord
2
CC_BALL_VALVE
330
6A5
0
BLOCK_RECORD
5
6AA
100
AcDbSymbolTableRecord
100
AcDbBlockTableRecord
2
CC_GLOBE_VALVE
330
6A5
0
BLOCK_RECORD
5
6AB
100
AcDbSymbolTableRecord
100
AcDbBlockTableRecord
2
CC_BUTTERFLY_VALVE
330
6A5
0
BLOCK_RECORD
5
6AC
100
AcDbSymbolTableRecord
100
AcDbBlockTableRecord
2
CC_CHECK_VALVE
330
6A5
0
BLOCK_RECORD
5
6AD
100
AcDbSymbolTableRecord
100
AcDbBlockTableRecord
2
CC_CONTROL_VALVE
330
6A5
0
BLOCK_RECORD
5
6AE
100
AcDbSymbolTableRecord
100
AcDbBlockTableRecord
2
CC_SOLENOID_VALVE
330
6A5
0
BLOCK_RECORD
5
6AF
100
AcDbSymbolTableRecord
100
AcDbBlockTableRecord
2
CC_RELIEF_VALVE
330
6A5
0
BLOCK_RECORD
5
6B0
100
AcDbSymbolTableRecord
100
AcDbBlockTableRecord
2
CC_THREE_WAY_VALVE
330
6A5
0
BLOCK_RECORD
5
6B1
100
AcDbSymbolTableRecord
100
AcDbBlockTableRecord
2
CC_PUMP
330
6A5
0
BLOCK_RECORD
5
6B2
100
AcDbSymbolTableRecord
100
AcDbBlockTableRecord
2
CC_GEAR_PUMP
330
6A5
0
BLOCK_RECORD
5
6B3
100
AcDbSymbolTableRecord
100
AcDbBlockTableRecord
2
CC_COMPRESSOR
330
6A5
0
BLOCK_RECORD
5
6B4
100
AcDbSymbolTableRecord
100
AcDbBlockTableRecord
2
CC_FAN
330
6A5
0
BLOCK_RECORD
5
6B5
100
AcDbSymbolTableRecord
100
AcDbBlockTableRecord
2
CC_STRAINER
330
6A5
0
BLOCK_RECORD
5
6B6
100
AcDbSymbolTableRecord
100
AcDbBlockTableRecord
2
CC_FILTER
330
6A5
0
BLOCK_RECORD
5
6B7
100
AcDbSymbolTableRecord
100
AcDbBlockTableRecord
2
CC_HEAT_EXCHANGER
330
6A5
0
BLOCK_RECORD
5
6B8
100
AcDbSymbolTableRecord
100
AcDbBlockTableRecord
2
CC_TANK
330
6A5
0
BLOCK_RECORD
5
6B9
100
AcDbSymbolTableRecord
100
AcDbBlockTableRecord
2
CC_VESSEL
330
6A5
0
BLOCK_RECORD
5
6BA
100
AcDbSymbolTableRecord
100
AcDbBlockTableRecord
2
CC_MIXER
330
6A5
0
BLOCK_RECORD
5
6BB
100
AcDbSymbolTableRecord
100
AcDbBlockTableRecord
2
CC_PRESSURE_INDICATOR
330
6A5
0
BLOCK_RECORD
5
6BC
100
AcDbSymbolTableRecord
100
AcDbBlockTableRecord
2
CC_FLOW_TRANSMITTER
330
6A5
0
BLOCK_RECORD
5
6BD
100
AcDbSymbolTableRecord
100
AcDbBlockTableRecord
2
CC_TEMPERATURE
330
6A5
0
BLOCK_RECORD
5
6BE
100
AcDbSymbolTableRecord
100
AcDbBlockTableRecord
2
CC_LEVEL_TRANSMITTER
330
6A5
0
BLOCK_RECORD
5
6BF
100
AcDbSymbolTableRecord
100
AcDbBlockTableRecord
2
CC_REDUCER
330
6A5
0
BLOCK_RECORD
5
6C0
100
AcDbSymbolTableRecord
100
AcDbBlockTableRecord
2
CC_FLANGE
330
6A5
0
BLOCK_RECORD
5
6C1
100
AcDbSymbolTableRecord
100
AcDbBlockTableRecord
2
CC_OFFPAGE
330
6A5
0
BLOCK_RECORD
5
6C2
100
AcDbSymbolTableRecord
100
AcDbBlockTableRecord
2
CC_RESISTOR
330
6A5
0
BLOCK_RECORD
5
6C3
100
AcDbSymbolTableRecord
100
AcDbBlockTableRecord
2
CC_RESISTOR_IEC
330
6A5
0
BLOCK_RECORD
5
6C4
100
AcDbSymbolTableRecord
100
AcDbBlockTableRecord
2
CC_CAPACITOR
330
6A5
0
BLOCK_RECORD
5
6C5
100
AcDbSymbolTableRecord
100
AcDbBlockTableRecord
2
CC_INDUCTOR
330
6A5
0
BLOCK_RECORD
5
6C6
100
AcDbSymbolTableRecord
100
AcDbBlockTableRecord
2
CC_DIODE
330
6A5
0
BLOCK_RECORD
5
6C7
100
AcDbSymbolTableRecord
100
AcDbBlockTableRecord
2
CC_LED
330
6A5
0
BLOCK_RECORD
5
6C8
100
AcDbSymbolTableRecord
100
AcDbBlockTableRecord
2
CC_SWITCH
330
6A5
0
BLOCK_RECORD
5
6C9
100
AcDbSymbolTableRecord
100
AcDbBlockTableRecord
2
CC_SWITCH_NC
330
6A5
0
BLOCK_RECORD
5
6CA
100
AcDbSymbolTableRecord
100
AcDbBlockTableRecord
2
CC_FUSE
330
6A5
0
BLOCK_RECORD
5
6CB
100
AcDbSymbolTableRecord
100
AcDbBlockTableRecord
2
CC_RELAY
330
6A5
0
BLOCK_RECORD
5
6CC
100
AcDbSymbolTableRecord
100
AcDbBlockTableRecord
2
CC_MOTOR
330
6A5
0
BLOCK_RECORD
5
6CD
100
AcDbSymbolTableRecord
100
AcDbBlockTableRecord
2
CC_GENERATOR
330
6A5
0
BLOCK_RECORD
5
6CE
100
AcDbSymbolTableRecord
100
AcDbBlockTableRecord
2
CC_TRANSFORMER
330
6A5
0
BLOCK_RECORD
5
6CF
100
AcDbSymbolTableRecord
100
AcDbBlockTableRecord
2
CC_GROUND
330
6A5
0
BLOCK_RECORD
5
6D0
100
AcDbSymbolTableRecord
100
AcDbBlockTableRecord
2
CC_BATTERY
330
6A5
0
BLOCK_RECORD
5
6D1
100
AcDbSymbolTableRecord
100
AcDbBlockTableRecord
2
CC_TERMINAL
330
6A5
0
BLOCK_RECORD
5
6D2
100
AcDbSymbolTableRecord
100
AcDbBlockTableRecord
2
CC_OP_AMP
330
6A5
0
BLOCK_RECORD
5
6D3
100
AcDbSymbolTableRecord
100
AcDbBlockTableRecord
2
CC_LAMP
330
6A5
0
BLOCK_RECORD
5
6D4
100
AcDbSymbolTableRecord
100
AcDbBlockTableRecord
2
CC_PROCESS
330
6A5
0
BLOCK_RECORD
5
6D5
100
AcDbSymbolTableRecord
100
AcDbBlockTableRecord
2
CC_DECISION
330
6A5
0
BLOCK_RECORD
5
6D6
100
AcDbSymbolTableRecord
100
AcDbBlockTableRecord
2
CC_TERMINATOR
330
6A5
0
BLOCK_RECORD
5
6D7
100
AcDbSymbolTableRecord
100
AcDbBlockTableRecord
2
CC_DATA
330
6A5
0
BLOCK_RECORD
5
6D8
100
AcDbSymbolTableRecord
100
AcDbBlockTableRecord
2
CC_DOCUMENT
330
6A5
0
BLOCK_RECORD
5
6D9
100
AcDbSymbolTableRecord
100
AcDbBlockTableRecord
2
CC_DATABASE
330
6A5
0
BLOCK_RECORD
5
6DA
100
AcDbSymbolTableRecord
100
AcDbBlockTableRecord
2
CC_SUBPROCESS
330
6A5
0
BLOCK_RECORD
5
6DB
100
AcDbSymbolTableRecord
100
AcDbBlockTableRecord
2
CC_MANUAL
330
6A5
0
BLOCK_RECORD
5
6DC
100
AcDbSymbolTableRecord
100
AcDbBlockTableRecord
2
CC_PREPARATION
330
6A5
0
BLOCK_RECORD
5
6DD
100
AcDbSymbolTableRecord
100
AcDbBlockTableRecord
2
CC_DELAY
330
6A5
0
BLOCK_RECORD
5
6DE
100
AcDbSymbolTableRecord
100
AcDbBlockTableRecord
2
CC_JUNCTION
330
6A5
0
BLOCK_RECORD
5
6DF
100
AcDbSymbolTableRecord
100
AcDbBlockTableRecord
2
CC_NOTE
330
6A5
0
BLOCK_RECORD
5
6E0
100
AcDbSymbolTableRecord
100
AcDbBlockTableRecord
2
CC_PRESSURE_PANEL
330
6A5
0
BLOCK_RECORD
5
6E1
100
AcDbSymbolTableRecord
100
AcDbBlockTableRecord
2
CC_PRESSURE_REAR
330
6A5
0
BLOCK_RECORD
5
6E2
100
AcDbSymbolTableRecord
100
AcDbBlockTableRecord
2
CC_CAPACITOR_POLARIZED
330
6A5
0
BLOCK_RECORD
5
6E3
100
AcDbSymbolTableRecord
100
AcDbBlockTableRecord
2
CC_SIGNAL_GROUND
330
6A5
0
BLOCK_RECORD
5
6E4
100
AcDbSymbolTableRecord
100
AcDbBlockTableRecord
2
CC_CHASSIS
330
6A5
0
BLOCK_RECORD
5
6E5
100
AcDbSymbolTableRecord
100
AcDbBlockTableRecord
2
CC_CONTACT_NO
330
6A5
0
BLOCK_RECORD
5
6E6
100
AcDbSymbolTableRecord
100
AcDbBlockTableRecord
2
CC_CONTACT_NC
330
6A5
0
BLOCK_RECORD
5
6E7
100
AcDbSymbolTableRecord
100
AcDbBlockTableRecord
2
CC_POTENTIOMETER
330
6A5
0
BLOCK_RECORD
5
6E8
100
AcDbSymbolTableRecord
100
AcDbBlockTableRecord
2
CC_NEEDLE_VALVE
330
6A5
0
BLOCK_RECORD
5
6E9
100
AcDbSymbolTableRecord
100
AcDbBlockTableRecord
2
CC_DIAPHRAGM_VALVE
330
6A5
0
BLOCK_RECORD
5
6EA
100
AcDbSymbolTableRecord
100
AcDbBlockTableRecord
2
CC_PLUG_VALVE
330
6A5
0
BLOCK_RECORD
5
6EB
100
AcDbSymbolTableRecord
100
AcDbBlockTableRecord
2
CC_KNIFE_GATE_VALVE
330
6A5
0
BLOCK_RECORD
5
6EC
100
AcDbSymbolTableRecord
100
AcDbBlockTableRecord
2
CC_MOTOR_VALVE
330
6A5
0
BLOCK_RECORD
5
6ED
100
AcDbSymbolTableRecord
100
AcDbBlockTableRecord
2
CC_RUPTURE_DISC
330
6A5
0
BLOCK_RECORD
5
6EE
100
AcDbSymbolTableRecord
100
AcDbBlockTableRecord
2
CC_ORIFICE_PLATE
330
6A5
0
BLOCK_RECORD
5
6EF
100
AcDbSymbolTableRecord
100
AcDbBlockTableRecord
2
CC_SPECTACLE_BLIND
330
6A5
0
BLOCK_RECORD
5
6F0
100
AcDbSymbolTableRecord
100
AcDbBlockTableRecord
2
CC_EXPANSION_JOINT
330
6A5
0
BLOCK_RECORD
5
6F1
100
AcDbSymbolTableRecord
100
AcDbBlockTableRecord
2
CC_STATIC_MIXER
330
6A5
0
BLOCK_RECORD
5
6F2
100
AcDbSymbolTableRecord
100
AcDbBlockTableRecord
2
CC_PLATE_EXCHANGER
330
6A5
0
BLOCK_RECORD
5
6F3
100
AcDbSymbolTableRecord
100
AcDbBlockTableRecord
2
CC_COLUMN
330
6A5
0
BLOCK_RECORD
5
6F4
100
AcDbSymbolTableRecord
100
AcDbBlockTableRecord
2
CC_PACKED_COLUMN
330
6A5
0
BLOCK_RECORD
5
6F5
100
AcDbSymbolTableRecord
100
AcDbBlockTableRecord
2
CC_CYCLONE
330
6A5
0
BLOCK_RECORD
5
6F6
100
AcDbSymbolTableRecord
100
AcDbBlockTableRecord
2
CC_STEAM_TRAP
330
6A5
0
BLOCK_RECORD
5
6F7
100
AcDbSymbolTableRecord
100
AcDbBlockTableRecord
2
CC_SIGHT_GLASS
330
6A5
0
BLOCK_RECORD
5
6F8
100
AcDbSymbolTableRecord
100
AcDbBlockTableRecord
2
CC_SAMPLING_POINT
330
6A5
0
BLOCK_RECORD
5
6F9
100
AcDbSymbolTableRecord
100
AcDbBlockTableRecord
2
CC_VARIABLE_RESISTOR
330
6A5
0
BLOCK_RECORD
5
6FA
100
AcDbSymbolTableRecord
100
AcDbBlockTableRecord
2
CC_THERMISTOR
330
6A5
0
BLOCK_RECORD
5
6FB
100
AcDbSymbolTableRecord
100
AcDbBlockTableRecord
2
CC_PHOTORESISTOR
330
6A5
0
BLOCK_RECORD
5
6FC
100
AcDbSymbolTableRecord
100
AcDbBlockTableRecord
2
CC_ZENER_DIODE
330
6A5
0
BLOCK_RECORD
5
6FD
100
AcDbSymbolTableRecord
100
AcDbBlockTableRecord
2
CC_PHOTODIODE
330
6A5
0
BLOCK_RECORD
5
6FE
100
AcDbSymbolTableRecord
100
AcDbBlockTableRecord
2
CC_TRANSISTOR_NPN
330
6A5
0
BLOCK_RECORD
5
6FF
100
AcDbSymbolTableRecord
100
AcDbBlockTableRecord
2
CC_TRANSISTOR_PNP
330
6A5
0
BLOCK_RECORD
5
700
100
AcDbSymbolTableRecord
100
AcDbBlockTableRecord
2
CC_TRANSFORMER_WINDINGS
330
6A5
0
BLOCK_RECORD
5
701
100
AcDbSymbolTableRecord
100
AcDbBlockTableRecord
2
CC_CIRCUIT_BREAKER
330
6A5
0
BLOCK_RECORD
5
702
100
AcDbSymbolTableRecord
100
AcDbBlockTableRecord
2
CC_DISCONNECT
330
6A5
0
BLOCK_RECORD
5
703
100
AcDbSymbolTableRecord
100
AcDbBlockTableRecord
2
CC_VOLTMETER
330
6A5
0
BLOCK_RECORD
5
704
100
AcDbSymbolTableRecord
100
AcDbBlockTableRecord
2
CC_AMMETER
330
6A5
0
BLOCK_RECORD
5
705
100
AcDbSymbolTableRecord
100
AcDbBlockTableRecord
2
CC_AC_SOURCE
330
6A5
0
BLOCK_RECORD
5
706
100
AcDbSymbolTableRecord
100
AcDbBlockTableRecord
2
CC_DC_SOURCE
330
6A5
0
BLOCK_RECORD
5
707
100
AcDbSymbolTableRecord
100
AcDbBlockTableRecord
2
CC_JUNCTION_DOT
330
6A5
0
BLOCK_RECORD
5
708
100
AcDbSymbolTableRecord
100
AcDbBlockTableRecord
2
CC_WIRE_CROSSING
330
6A5
0
BLOCK_RECORD
5
709
100
AcDbSymbolTableRecord
100
AcDbBlockTableRecord
2
CC_INVERTER
330
6A5
0
BLOCK_RECORD
5
70A
100
AcDbSymbolTableRecord
100
AcDbBlockTableRecord
2
CC_PV_MODULE
330
6A5
0
BLOCK_RECORD
5
70B
100
AcDbSymbolTableRecord
100
AcDbBlockTableRecord
2
CC_THREE_PHASE_MOTOR
330
6A5
0
BLOCK_RECORD
5
70C
100
AcDbSymbolTableRecord
100
AcDbBlockTableRecord
2
CC_CELL
330
6A5
0
BLOCK_RECORD
5
70D
100
AcDbSymbolTableRecord
100
AcDbBlockTableRecord
2
CC_MANUAL_OPERATION
330
6A5
0
BLOCK_RECORD
5
70E
100
AcDbSymbolTableRecord
100
AcDbBlockTableRecord
2
CC_OFFPAGE_FLOW
330
6A5
0
BLOCK_RECORD
5
70F
100
AcDbSymbolTableRecord
100
AcDbBlockTableRecord
2
CC_INTERNAL_STORAGE
330
6A5
0
BLOCK_RECORD
5
710
100
AcDbSymbolTableRecord
100
AcDbBlockTableRecord
2
CC_DISPLAY
330
6A5
0
BLOCK_RECORD
5
711
100
AcDbSymbolTableRecord
100
AcDbBlockTableRecord
2
CC_STORED_DATA
330
6A5
0
BLOCK_RECORD
5
712
100
AcDbSymbolTableRecord
100
AcDbBlockTableRecord
2
CC_MERGE
330
6A5
0
BLOCK_RECORD
5
713
100
AcDbSymbolTableRecord
100
AcDbBlockTableRecord
2
CC_EXTRACT
330
6A5
0
BLOCK_RECORD
5
714
100
AcDbSymbolTableRecord
100
AcDbBlockTableRecord
2
CC_COLLATE
330
6A5
0
BLOCK_RECORD
5
715
100
AcDbSymbolTableRecord
100
AcDbBlockTableRecord
2
CC_SORT
330
6A5
0
BLOCK_RECORD
5
716
100
AcDbSymbolTableRecord
100
AcDbBlockTableRecord
2
CC_PARALLEL
330
6A5
0
BLOCK_RECORD
5
717
100
AcDbSymbolTableRecord
100
AcDbBlockTableRecord
2
CC_PRESSURE_TRANSMITTER
330
6A5
0
BLOCK_RECORD
5
718
100
AcDbSymbolTableRecord
100
AcDbBlockTableRecord
2
CC_DIFFERENTIAL_PRESSURE
330
6A5
0
BLOCK_RECORD
5
719
100
AcDbSymbolTableRecord
100
AcDbBlockTableRecord
2
CC_TEMPERATURE_INDICATOR
330
6A5
0
BLOCK_RECORD
5
71A
100
AcDbSymbolTableRecord
100
AcDbBlockTableRecord
2
CC_FLOW_INDICATOR
330
6A5
0
BLOCK_RECORD
5
71B
100
AcDbSymbolTableRecord
100
AcDbBlockTableRecord
2
CC_LEVEL_INDICATOR
330
6A5
0
BLOCK_RECORD
5
71C
100
AcDbSymbolTableRecord
100
AcDbBlockTableRecord
2
CC_PRESSURE_SWITCH
330
6A5
0
BLOCK_RECORD
5
71D
100
AcDbSymbolTableRecord
100
AcDbBlockTableRecord
2
CC_LEVEL_SWITCH
330
6A5
0
BLOCK_RECORD
5
71E
100
AcDbSymbolTableRecord
100
AcDbBlockTableRecord
2
CC_TEMPERATURE_SWITCH
330
6A5
0
BLOCK_RECORD
5
71F
100
AcDbSymbolTableRecord
100
AcDbBlockTableRecord
2
CC_ANALYSER
330
6A5
0
BLOCK_RECORD
5
720
100
AcDbSymbolTableRecord
100
AcDbBlockTableRecord
2
CC_FLOW_CONTROLLER
330
6A5
0
BLOCK_RECORD
5
721
100
AcDbSymbolTableRecord
100
AcDbBlockTableRecord
2
CC_PRESSURE_CONTROLLER
330
6A5
0
BLOCK_RECORD
5
722
100
AcDbSymbolTableRecord
100
AcDbBlockTableRecord
2
CC_TEMPERATURE_CONTROLLER
330
6A5
0
BLOCK_RECORD
5
723
100
AcDbSymbolTableRecord
100
AcDbBlockTableRecord
2
CC_LEVEL_CONTROLLER
330
6A5
0
BLOCK_RECORD
5
724
100
AcDbSymbolTableRecord
100
AcDbBlockTableRecord
2
CC_FLOW_CONTROLLER_PANEL
330
6A5
0
BLOCK_RECORD
5
725
100
AcDbSymbolTableRecord
100
AcDbBlockTableRecord
2
CC_FLOW_CONTROLLER_REAR
330
6A5
0
BLOCK_RECORD
5
726
100
AcDbSymbolTableRecord
100
AcDbBlockTableRecord
2
CC_IP_CONVERTER
330
6A5
0
BLOCK_RECORD
5
727
100
AcDbSymbolTableRecord
100
AcDbBlockTableRecord
2
CC_THERMOWELL
330
6A5
0
BLOCK_RECORD
5
728
100
AcDbSymbolTableRecord
100
AcDbBlockTableRecord
2
CC_HYD_PUMP
330
6A5
0
BLOCK_RECORD
5
729
100
AcDbSymbolTableRecord
100
AcDbBlockTableRecord
2
CC_HYD_MOTOR
330
6A5
0
BLOCK_RECORD
5
72A
100
AcDbSymbolTableRecord
100
AcDbBlockTableRecord
2
CC_HYD_VARIABLE_PUMP
330
6A5
0
BLOCK_RECORD
5
72B
100
AcDbSymbolTableRecord
100
AcDbBlockTableRecord
2
CC_HYD_FILTER
330
6A5
0
BLOCK_RECORD
5
72C
100
AcDbSymbolTableRecord
100
AcDbBlockTableRecord
2
CC_HYD_THROTTLE
330
6A5
0
BLOCK_RECORD
5
72D
100
AcDbSymbolTableRecord
100
AcDbBlockTableRecord
2
CC_HYD_FLOW_CONTROL
330
6A5
0
BLOCK_RECORD
5
72E
100
AcDbSymbolTableRecord
100
AcDbBlockTableRecord
2
CC_HYD_CHECK
330
6A5
0
BLOCK_RECORD
5
72F
100
AcDbSymbolTableRecord
100
AcDbBlockTableRecord
2
CC_HYD_GAUGE
330
6A5
0
BLOCK_RECORD
5
730
100
AcDbSymbolTableRecord
100
AcDbBlockTableRecord
2
CC_HYD_CYLINDER
330
6A5
0
BLOCK_RECORD
5
731
100
AcDbSymbolTableRecord
100
AcDbBlockTableRecord
2
CC_HYD_CYLINDER_SPRING
330
6A5
0
BLOCK_RECORD
5
732
100
AcDbSymbolTableRecord
100
AcDbBlockTableRecord
2
CC_HYD_CYLINDER_CUSHIONED
330
6A5
0
BLOCK_RECORD
5
733
100
AcDbSymbolTableRecord
100
AcDbBlockTableRecord
2
CC_HYD_VALVE_22_NC
330
6A5
0
BLOCK_RECORD
5
734
100
AcDbSymbolTableRecord
100
AcDbBlockTableRecord
2
CC_HYD_VALVE_32
330
6A5
0
BLOCK_RECORD
5
735
100
AcDbSymbolTableRecord
100
AcDbBlockTableRecord
2
CC_HYD_SHUTTLE
330
6A5
0
BLOCK_RECORD
5
736
100
AcDbSymbolTableRecord
100
AcDbBlockTableRecord
2
CC_HYD_PLUG
330
6A5
0
BLOCK_RECORD
5
737
100
AcDbSymbolTableRecord
100
AcDbBlockTableRecord
2
CC_PNEU_COMPRESSOR
330
6A5
0
BLOCK_RECORD
5
738
100
AcDbSymbolTableRecord
100
AcDbBlockTableRecord
2
CC_PNEU_MOTOR
330
6A5
0
BLOCK_RECORD
5
739
100
AcDbSymbolTableRecord
100
AcDbBlockTableRecord
2
CC_PNEU_FILTER
330
6A5
0
BLOCK_RECORD
5
73A
100
AcDbSymbolTableRecord
100
AcDbBlockTableRecord
2
CC_PNEU_THROTTLE
330
6A5
0
BLOCK_RECORD
5
73B
100
AcDbSymbolTableRecord
100
AcDbBlockTableRecord
2
CC_PNEU_FLOW_CONTROL
330
6A5
0
BLOCK_RECORD
5
73C
100
AcDbSymbolTableRecord
100
AcDbBlockTableRecord
2
CC_PNEU_CHECK
330
6A5
0
BLOCK_RECORD
5
73D
100
AcDbSymbolTableRecord
100
AcDbBlockTableRecord
2
CC_PNEU_GAUGE
330
6A5
0
BLOCK_RECORD
5
73E
100
AcDbSymbolTableRecord
100
AcDbBlockTableRecord
2
CC_PNEU_CYLINDER
330
6A5
0
BLOCK_RECORD
5
73F
100
AcDbSymbolTableRecord
100
AcDbBlockTableRecord
2
CC_PNEU_CYLINDER_SPRING
330
6A5
0
BLOCK_RECORD
5
740
100
AcDbSymbolTableRecord
100
AcDbBlockTableRecord
2
CC_PNEU_CYLINDER_CUSHIONED
330
6A5
0
BLOCK_RECORD
5
741
100
AcDbSymbolTableRecord
100
AcDbBlockTableRecord
2
CC_PNEU_VALVE_22_NC
330
6A5
0
BLOCK_RECORD
5
742
100
AcDbSymbolTableRecord
100
AcDbBlockTableRecord
2
CC_PNEU_VALVE_32
330
6A5
0
BLOCK_RECORD
5
743
100
AcDbSymbolTableRecord
100
AcDbBlockTableRecord
2
CC_PNEU_SHUTTLE
330
6A5
0
BLOCK_RECORD
5
744
100
AcDbSymbolTableRecord
100
AcDbBlockTableRecord
2
CC_PNEU_PLUG
330
6A5
0
BLOCK_RECORD
5
745
100
AcDbSymbolTableRecord
100
AcDbBlockTableRecord
2
CC_HYD_VALVE_43
330
6A5
0
BLOCK_RECORD
5
746
100
AcDbSymbolTableRecord
100
AcDbBlockTableRecord
2
CC_HYD_VALVE_43_TANDEM
330
6A5
0
BLOCK_RECORD
5
747
100
AcDbSymbolTableRecord
100
AcDbBlockTableRecord
2
CC_HYD_RESERVOIR
330
6A5
0
BLOCK_RECORD
5
748
100
AcDbSymbolTableRecord
100
AcDbBlockTableRecord
2
CC_HYD_ACCUMULATOR
330
6A5
0
BLOCK_RECORD
5
749
100
AcDbSymbolTableRecord
100
AcDbBlockTableRecord
2
CC_HYD_RELIEF
330
6A5
0
BLOCK_RECORD
5
74A
100
AcDbSymbolTableRecord
100
AcDbBlockTableRecord
2
CC_PNEU_DRYER
330
6A5
0
BLOCK_RECORD
5
74B
100
AcDbSymbolTableRecord
100
AcDbBlockTableRecord
2
CC_PNEU_LUBRICATOR
330
6A5
0
BLOCK_RECORD
5
74C
100
AcDbSymbolTableRecord
100
AcDbBlockTableRecord
2
CC_PNEU_REGULATOR
330
6A5
0
BLOCK_RECORD
5
74D
100
AcDbSymbolTableRecord
100
AcDbBlockTableRecord
2
CC_PNEU_EXHAUST
330
6A5
0
BLOCK_RECORD
5
74E
100
AcDbSymbolTableRecord
100
AcDbBlockTableRecord
2
CC_PNEU_SILENCER
330
6A5
0
BLOCK_RECORD
5
74F
100
AcDbSymbolTableRecord
100
AcDbBlockTableRecord
2
CC_HVAC_FAN
330
6A5
0
BLOCK_RECORD
5
750
100
AcDbSymbolTableRecord
100
AcDbBlockTableRecord
2
CC_HVAC_FILTER
330
6A5
0
BLOCK_RECORD
5
751
100
AcDbSymbolTableRecord
100
AcDbBlockTableRecord
2
CC_HVAC_DAMPER
330
6A5
0
BLOCK_RECORD
5
752
100
AcDbSymbolTableRecord
100
AcDbBlockTableRecord
2
CC_HVAC_MOTOR_DAMPER
330
6A5
0
BLOCK_RECORD
5
753
100
AcDbSymbolTableRecord
100
AcDbBlockTableRecord
2
CC_HVAC_FIRE_DAMPER
330
6A5
0
BLOCK_RECORD
5
754
100
AcDbSymbolTableRecord
100
AcDbBlockTableRecord
2
CC_HVAC_HEATING_COIL
330
6A5
0
BLOCK_RECORD
5
755
100
AcDbSymbolTableRecord
100
AcDbBlockTableRecord
2
CC_HVAC_COOLING_COIL
330
6A5
0
BLOCK_RECORD
5
756
100
AcDbSymbolTableRecord
100
AcDbBlockTableRecord
2
CC_HVAC_SILENCER
330
6A5
0
BLOCK_RECORD
5
757
100
AcDbSymbolTableRecord
100
AcDbBlockTableRecord
2
CC_HVAC_DIFFUSER
330
6A5
0
BLOCK_RECORD
5
758
100
AcDbSymbolTableRecord
100
AcDbBlockTableRecord
2
CC_HVAC_RETURN_GRILLE
330
6A5
0
BLOCK_RECORD
5
759
100
AcDbSymbolTableRecord
100
AcDbBlockTableRecord
2
CC_HVAC_BOILER
330
6A5
0
BLOCK_RECORD
5
75A
100
AcDbSymbolTableRecord
100
AcDbBlockTableRecord
2
CC_HVAC_CHILLER
330
6A5
0
BLOCK_RECORD
5
75B
100
AcDbSymbolTableRecord
100
AcDbBlockTableRecord
2
CC_HVAC_RADIATOR
330
6A5
0
BLOCK_RECORD
5
75C
100
AcDbSymbolTableRecord
100
AcDbBlockTableRecord
2
CC_HVAC_EXPANSION_VESSEL
330
6A5
0
BLOCK_RECORD
5
75D
100
AcDbSymbolTableRecord
100
AcDbBlockTableRecord
2
CC_WATER_METER
330
6A5
0
BLOCK_RECORD
5
75E
100
AcDbSymbolTableRecord
100
AcDbBlockTableRecord
2
CC_WATER_BACKFLOW
330
6A5
0
BLOCK_RECORD
5
75F
100
AcDbSymbolTableRecord
100
AcDbBlockTableRecord
2
CC_WATER_HEATER
330
6A5
0
BLOCK_RECORD
5
760
100
AcDbSymbolTableRecord
100
AcDbBlockTableRecord
2
CC_WATER_SOFTENER
330
6A5
0
BLOCK_RECORD
5
761
100
AcDbSymbolTableRecord
100
AcDbBlockTableRecord
2
CC_WATER_RO
330
6A5
0
BLOCK_RECORD
5
762
100
AcDbSymbolTableRecord
100
AcDbBlockTableRecord
2
CC_WATER_UV
330
6A5
0
BLOCK_RECORD
5
763
100
AcDbSymbolTableRecord
100
AcDbBlockTableRecord
2
CC_WATER_SCREEN
330
6A5
0
BLOCK_RECORD
5
764
100
AcDbSymbolTableRecord
100
AcDbBlockTableRecord
2
CC_WATER_DOSING
330
6A5
0
BLOCK_RECORD
5
765
100
AcDbSymbolTableRecord
100
AcDbBlockTableRecord
2
CC_WATER_DRAIN
330
6A5
0
BLOCK_RECORD
5
766
100
AcDbSymbolTableRecord
100
AcDbBlockTableRecord
2
CC_WATER_TAP
330
6A5
0
BLOCK_RECORD
5
767
100
AcDbSymbolTableRecord
100
AcDbBlockTableRecord
2
CC_WATER_SUMP
330
6A5
0
BLOCK_RECORD
5
768
100
AcDbSymbolTableRecord
100
AcDbBlockTableRecord
2
CC_WATER_AIR_RELEASE
330
6A5
0
BLOCK_RECORD
5
769
100
AcDbSymbolTableRecord
100
AcDbBlockTableRecord
2
CC_AUTO_PLC
330
6A5
0
BLOCK_RECORD
5
76A
100
AcDbSymbolTableRecord
100
AcDbBlockTableRecord
2
CC_AUTO_DI
330
6A5
0
BLOCK_RECORD
5
76B
100
AcDbSymbolTableRecord
100
AcDbBlockTableRecord
2
CC_AUTO_DO
330
6A5
0
BLOCK_RECORD
5
76C
100
AcDbSymbolTableRecord
100
AcDbBlockTableRecord
2
CC_AUTO_AI
330
6A5
0
BLOCK_RECORD
5
76D
100
AcDbSymbolTableRecord
100
AcDbBlockTableRecord
2
CC_AUTO_AO
330
6A5
0
BLOCK_RECORD
5
76E
100
AcDbSymbolTableRecord
100
AcDbBlockTableRecord
2
CC_AUTO_VFD
330
6A5
0
BLOCK_RECORD
5
76F
100
AcDbSymbolTableRecord
100
AcDbBlockTableRecord
2
CC_AUTO_SAFETY_RELAY
330
6A5
0
BLOCK_RECORD
5
770
100
AcDbSymbolTableRecord
100
AcDbBlockTableRecord
2
CC_AUTO_PID_BLOCK
330
6A5
0
BLOCK_RECORD
5
771
100
AcDbSymbolTableRecord
100
AcDbBlockTableRecord
2
CC_AUTO_GATEWAY
330
6A5
0
BLOCK_RECORD
5
772
100
AcDbSymbolTableRecord
100
AcDbBlockTableRecord
2
CC_AUTO_HMI
330
6A5
0
BLOCK_RECORD
5
773
100
AcDbSymbolTableRecord
100
AcDbBlockTableRecord
2
CC_AUTO_PROXIMITY
330
6A5
0
BLOCK_RECORD
5
774
100
AcDbSymbolTableRecord
100
AcDbBlockTableRecord
2
CC_AUTO_PHOTOEYE
330
6A5
0
BLOCK_RECORD
5
775
100
AcDbSymbolTableRecord
100
AcDbBlockTableRecord
2
CC_FIRE_PANEL
330
6A5
0
BLOCK_RECORD
5
776
100
AcDbSymbolTableRecord
100
AcDbBlockTableRecord
2
CC_FIRE_SMOKE
330
6A5
0
BLOCK_RECORD
5
777
100
AcDbSymbolTableRecord
100
AcDbBlockTableRecord
2
CC_FIRE_HEAT
330
6A5
0
BLOCK_RECORD
5
778
100
AcDbSymbolTableRecord
100
AcDbBlockTableRecord
2
CC_FIRE_CALL
330
6A5
0
BLOCK_RECORD
5
779
100
AcDbSymbolTableRecord
100
AcDbBlockTableRecord
2
CC_FIRE_SOUNDER
330
6A5
0
BLOCK_RECORD
5
77A
100
AcDbSymbolTableRecord
100
AcDbBlockTableRecord
2
CC_FIRE_STROBE
330
6A5
0
BLOCK_RECORD
5
77B
100
AcDbSymbolTableRecord
100
AcDbBlockTableRecord
2
CC_FIRE_MONITOR
330
6A5
0
BLOCK_RECORD
5
77C
100
AcDbSymbolTableRecord
100
AcDbBlockTableRecord
2
CC_FIRE_INTERFACE
330
6A5
0
BLOCK_RECORD
5
77D
100
AcDbSymbolTableRecord
100
AcDbBlockTableRecord
2
CC_NET_ROUTER
330
6A5
0
BLOCK_RECORD
5
77E
100
AcDbSymbolTableRecord
100
AcDbBlockTableRecord
2
CC_NET_SWITCH
330
6A5
0
BLOCK_RECORD
5
77F
100
AcDbSymbolTableRecord
100
AcDbBlockTableRecord
2
CC_NET_FIREWALL
330
6A5
0
BLOCK_RECORD
5
780
100
AcDbSymbolTableRecord
100
AcDbBlockTableRecord
2
CC_NET_SERVER
330
6A5
0
BLOCK_RECORD
5
781
100
AcDbSymbolTableRecord
100
AcDbBlockTableRecord
2
CC_NET_WORKSTATION
330
6A5
0
BLOCK_RECORD
5
782
100
AcDbSymbolTableRecord
100
AcDbBlockTableRecord
2
CC_NET_AP
330
6A5
0
BLOCK_RECORD
5
783
100
AcDbSymbolTableRecord
100
AcDbBlockTableRecord
2
CC_NET_PATCH
330
6A5
0
BLOCK_RECORD
5
784
100
AcDbSymbolTableRecord
100
AcDbBlockTableRecord
2
CC_NET_PHONE
330
6A5
0
BLOCK_RECORD
5
785
100
AcDbSymbolTableRecord
100
AcDbBlockTableRecord
2
CC_NET_CAMERA
330
6A5
0
BLOCK_RECORD
5
786
100
AcDbSymbolTableRecord
100
AcDbBlockTableRecord
2
CC_NET_CLOUD
330
6A5
0
ENDTAB
0
TABLE
2
VPORT
5
B07
330
0
100
AcDbSymbolTable
70
0
0
ENDTAB
0
TABLE
2
VIEW
5
B08
330
0
100
AcDbSymbolTable
70
0
0
ENDTAB
0
TABLE
2
UCS
5
B09
330
0
100
AcDbSymbolTable
70
0
0
ENDTAB
0
TABLE
2
DIMSTYLE
5
B0A
330
0
100
AcDbSymbolTable
70
1
100
AcDbDimStyleTable
71
0
0
DIMSTYLE
105
B0B
330
B0A
100
AcDbSymbolTableRecord
100
AcDbDimStyleTableRecord
2
STANDARD
70
0
340
6A2
0
ENDTAB
0
ENDSEC
0
SECTION
2
BLOCKS
0
BLOCK
5
787
330
6A6
100
AcDbEntity
8
0
100
AcDbBlockBegin
2
*Model_Space
70
1
10
0
20
0
30
0
3
*Model_Space
1

1001
CONDUITCAD
1000
{"ports":[]}
0
ENDBLK
5
788
330
6A6
100
AcDbEntity
8
0
100
AcDbBlockEnd
0
BLOCK
5
789
330
6A7
100
AcDbEntity
8
0
100
AcDbBlockBegin
2
*Paper_Space
70
1
10
0
20
0
30
0
3
*Paper_Space
1

1001
CONDUITCAD
1000
{"ports":[]}
0
ENDBLK
5
78A
330
6A7
100
AcDbEntity
8
0
100
AcDbBlockEnd
0
BLOCK
5
78B
330
6A8
100
AcDbEntity
8
0
100
AcDbBlockBegin
2
CC_GATE_VALVE
70
0
10
0
20
0
30
0
3
CC_GATE_VALVE
1

1001
CONDUITCAD
1000
{"ports":[{"name":"in","x":-45,"y":0,"dx":-1,"dy":0,"medium":"process","role":"connection"},{"name":"out","x":45,"y":0,"dx":1,"dy":0,"medium":"process","role":"connection"}],"symbol":{"name":"Gate val
1000
ve","category":"P&ID","labelOffset":48,"geometryRevision":3,"convention":"ISO-10628-2 family","conformity":"Original master; not standards-certified","standardRefs":["ISO-10628-2"],"normativeEntry":nu
1000
ll,"review":{"level":"geometry-and-convention","dimensionalConformance":"not-verified","note":"Two separate non-self-intersecting triangles with exact common apex."},"group":"Valves & actuators","alia
1000
ses":["gate valve"],"defaultLayer":"Equipment","extents":{"minX":-45,"minY":-18,"maxX":45,"maxY":18}}}
0
LINE
5
1DF
330
6A8
100
AcDbEntity
8
0
62
0
6
CONTINUOUS
100
AcDbLine
10
-45
20
0
30
0
11
-25
21
0
31
0
1001
CONDUITCAD
1000
{"id":"master-gate-valve-0"}
0
LINE
5
1E0
330
6A8
100
AcDbEntity
8
0
62
0
6
CONTINUOUS
100
AcDbLine
10
25
20
0
30
0
11
45
21
0
31
0
1001
CONDUITCAD
1000
{"id":"master-gate-valve-1"}
0
LWPOLYLINE
5
1E1
330
6A8
100
AcDbEntity
8
0
62
0
6
CONTINUOUS
100
AcDbPolyline
90
3
70
1
10
-25
20
-18
10
0
20
0
10
-25
20
18
1001
CONDUITCAD
1000
{"id":"master-gate-valve-2"}
0
LWPOLYLINE
5
1E2
330
6A8
100
AcDbEntity
8
0
62
0
6
CONTINUOUS
100
AcDbPolyline
90
3
70
1
10
25
20
-18
10
0
20
0
10
25
20
18
1001
CONDUITCAD
1000
{"id":"master-gate-valve-3"}
0
ENDBLK
5
78C
330
6A8
100
AcDbEntity
8
0
100
AcDbBlockEnd
0
BLOCK
5
78D
330
6A9
100
AcDbEntity
8
0
100
AcDbBlockBegin
2
CC_BALL_VALVE
70
0
10
0
20
0
30
0
3
CC_BALL_VALVE
1

1001
CONDUITCAD
1000
{"ports":[{"name":"in","x":-45,"y":0,"dx":-1,"dy":0,"medium":"process","role":"connection"},{"name":"out","x":45,"y":0,"dx":1,"dy":0,"medium":"process","role":"connection"}],"symbol":{"name":"Ball val
1000
ve","category":"P&ID","labelOffset":48,"geometryRevision":3,"convention":"ISO-10628-2 family","conformity":"Original master; not standards-certified","standardRefs":["ISO-10628-2"],"normativeEntry":nu
1000
ll,"review":{"level":"geometry-and-convention","dimensionalConformance":"not-verified","note":"Valve body plus ball element; distinguish from butterfly disc."},"group":"Valves & actuators","aliases":[
1000
"ball valve"],"defaultLayer":"Equipment","extents":{"minX":-45,"minY":-18,"maxX":45,"maxY":18}}}
0
LINE
5
1E3
330
6A9
100
AcDbEntity
8
0
62
0
6
CONTINUOUS
100
AcDbLine
10
-45
20
0
30
0
11
-25
21
0
31
0
1001
CONDUITCAD
1000
{"id":"master-ball-valve-0"}
0
LINE
5
1E4
330
6A9
100
AcDbEntity
8
0
62
0
6
CONTINUOUS
100
AcDbLine
10
25
20
0
30
0
11
45
21
0
31
0
1001
CONDUITCAD
1000
{"id":"master-ball-valve-1"}
0
LWPOLYLINE
5
1E5
330
6A9
100
AcDbEntity
8
0
62
0
6
CONTINUOUS
100
AcDbPolyline
90
3
70
1
10
-25
20
-18
10
0
20
0
10
-25
20
18
1001
CONDUITCAD
1000
{"id":"master-ball-valve-2"}
0
LWPOLYLINE
5
1E6
330
6A9
100
AcDbEntity
8
0
62
0
6
CONTINUOUS
100
AcDbPolyline
90
3
70
1
10
25
20
-18
10
0
20
0
10
25
20
18
1001
CONDUITCAD
1000
{"id":"master-ball-valve-3"}
0
CIRCLE
5
1E7
330
6A9
100
AcDbEntity
8
0
62
0
6
CONTINUOUS
100
AcDbCircle
10
0
20
0
30
0
40
11
1001
CONDUITCAD
1000
{"id":"master-ball-valve-4"}
0
ENDBLK
5
78E
330
6A9
100
AcDbEntity
8
0
100
AcDbBlockEnd
0
BLOCK
5
78F
330
6AA
100
AcDbEntity
8
0
100
AcDbBlockBegin
2
CC_GLOBE_VALVE
70
0
10
0
20
0
30
0
3
CC_GLOBE_VALVE
1

1001
CONDUITCAD
1000
{"ports":[{"name":"in","x":-45,"y":0,"dx":-1,"dy":0,"medium":"process","role":"connection"},{"name":"out","x":45,"y":0,"dx":1,"dy":0,"medium":"process","role":"connection"}],"symbol":{"name":"Globe va
1000
lve","category":"P&ID","labelOffset":48,"geometryRevision":3,"convention":"ISO-10628-2 family","conformity":"Original master; not standards-certified","standardRefs":["ISO-10628-2"],"normativeEntry":n
1000
ull,"review":{"level":"geometry-and-convention","dimensionalConformance":"not-verified","note":"Filled globe element distinguishes it from the ball valve."},"group":"Valves & actuators","aliases":["gl
1000
obe valve"],"defaultLayer":"Equipment","extents":{"minX":-45,"minY":-18,"maxX":45,"maxY":18}}}
0
LINE
5
1E8
330
6AA
100
AcDbEntity
8
0
62
0
6
CONTINUOUS
100
AcDbLine
10
-45
20
0
30
0
11
-25
21
0
31
0
1001
CONDUITCAD
1000
{"id":"master-globe-valve-0"}
0
LINE
5
1E9
330
6AA
100
AcDbEntity
8
0
62
0
6
CONTINUOUS
100
AcDbLine
10
25
20
0
30
0
11
45
21
0
31
0
1001
CONDUITCAD
1000
{"id":"master-globe-valve-1"}
0
LWPOLYLINE
5
1EA
330
6AA
100
AcDbEntity
8
0
62
0
6
CONTINUOUS
100
AcDbPolyline
90
3
70
1
10
-25
20
-18
10
0
20
0
10
-25
20
18
1001
CONDUITCAD
1000
{"id":"master-globe-valve-2"}
0
LWPOLYLINE
5
1EB
330
6AA
100
AcDbEntity
8
0
62
0
6
CONTINUOUS
100
AcDbPolyline
90
3
70
1
10
25
20
-18
10
0
20
0
10
25
20
18
1001
CONDUITCAD
1000
{"id":"master-globe-valve-3"}
0
CIRCLE
5
1EC
330
6AA
100
AcDbEntity
8
0
62
0
6
CONTINUOUS
100
AcDbCircle
10
0
20
0
30
0
40
7
1001
CONDUITCAD
1000
{"id":"master-globe-valve-4","fill":"BYBLOCK"}
0
ENDBLK
5
790
330
6AA
100
AcDbEntity
8
0
100
AcDbBlockEnd
0
BLOCK
5
791
330
6AB
100
AcDbEntity
8
0
100
AcDbBlockBegin
2
CC_BUTTERFLY_VALVE
70
0
10
0
20
0
30
0
3
CC_BUTTERFLY_VALVE
1

1001
CONDUITCAD
1000
{"ports":[{"name":"in","x":-45,"y":0,"dx":-1,"dy":0,"medium":"process","role":"connection"},{"name":"out","x":45,"y":0,"dx":1,"dy":0,"medium":"process","role":"connection"}],"symbol":{"name":"Butterfl
1000
y valve","category":"P&ID","labelOffset":48,"geometryRevision":3,"convention":"ISO-10628-2 family","conformity":"Original master; not standards-certified","standardRefs":["ISO-10628-2"],"normativeEntr
1000
y":null,"review":{"level":"geometry-and-convention","dimensionalConformance":"not-verified","note":"Disc ends meet the circular body; separate disc and pivot."},"group":"Valves & actuators","aliases":
1000
["butterfly valve"],"defaultLayer":"Equipment","extents":{"minX":-45,"minY":-22.970479664934214,"maxX":45,"maxY":22.970479664934214}}}
0
LINE
5
1ED
330
6AB
100
AcDbEntity
8
0
62
0
6
CONTINUOUS
100
AcDbLine
10
-45
20
0
30
0
11
-23
21
0
31
0
1001
CONDUITCAD
1000
{"id":"master-butterfly-valve-0"}
0
LINE
5
1EE
330
6AB
100
AcDbEntity
8
0
62
0
6
CONTINUOUS
100
AcDbLine
10
23
20
0
30
0
11
45
21
0
31
0
1001
CONDUITCAD
1000
{"id":"master-butterfly-valve-1"}
0
CIRCLE
5
1EF
330
6AB
100
AcDbEntity
8
0
62
0
6
CONTINUOUS
100
AcDbCircle
10
0
20
0
30
0
40
23
1001
CONDUITCAD
1000
{"id":"master-butterfly-valve-2"}
0
LINE
5
1F0
330
6AB
100
AcDbEntity
8
0
62
0
6
CONTINUOUS
100
AcDbLine
10
-16.263455967
20
-16.263455967
30
0
11
16.263455967
21
16.263455967
31
0
1001
CONDUITCAD
1000
{"id":"master-butterfly-valve-3"}
0
CIRCLE
5
1F1
330
6AB
100
AcDbEntity
8
0
62
0
6
CONTINUOUS
100
AcDbCircle
10
0
20
0
30
0
40
3
1001
CONDUITCAD
1000
{"id":"master-butterfly-valve-4"}
0
ENDBLK
5
792
330
6AB
100
AcDbEntity
8
0
100
AcDbBlockEnd
0
BLOCK
5
793
330
6AC
100
AcDbEntity
8
0
100
AcDbBlockBegin
2
CC_CHECK_VALVE
70
0
10
0
20
0
30
0
3
CC_CHECK_VALVE
1

1001
CONDUITCAD
1000
{"ports":[{"name":"in","x":-45,"y":0,"dx":-1,"dy":0,"medium":"process","role":"connection"},{"name":"out","x":45,"y":0,"dx":1,"dy":0,"medium":"process","role":"connection"},{"name":"top","x":0,"y":18,
1000
"dx":0,"dy":1,"medium":"signal","role":"legacy auxiliary takeoff"}],"symbol":{"name":"Check valve","category":"P&ID","labelOffset":48,"geometryRevision":3,"convention":"ISO-10628-2 family","conformity
1000
":"Original master; not standards-certified","standardRefs":["ISO-10628-2"],"normativeEntry":null,"review":{"level":"geometry-and-convention","dimensionalConformance":"not-verified","note":"Hinged fla
1000
p/seat, not an electrical diode. Legacy takeoff retained and identified."},"group":"Valves & actuators","aliases":["check valve"],"defaultLayer":"Equipment","extents":{"minX":-45,"minY":-20,"maxX":45,
1000
"maxY":22.99300630757162}}}
0
LINE
5
1F2
330
6AC
100
AcDbEntity
8
0
62
0
6
CONTINUOUS
100
AcDbLine
10
-45
20
0
30
0
11
-24
21
0
31
0
1001
CONDUITCAD
1000
{"id":"master-check-valve-0"}
0
LINE
5
1F3
330
6AC
100
AcDbEntity
8
0
62
0
6
CONTINUOUS
100
AcDbLine
10
24
20
0
30
0
11
45
21
0
31
0
1001
CONDUITCAD
1000
{"id":"master-check-valve-1"}
0
LINE
5
1F4
330
6AC
100
AcDbEntity
8
0
62
0
6
CONTINUOUS
100
AcDbLine
10
-24
20
-20
30
0
11
-24
21
20
31
0
1001
CONDUITCAD
1000
{"id":"master-check-valve-2"}
0
LINE
5
1F5
330
6AC
100
AcDbEntity
8
0
62
0
6
CONTINUOUS
100
AcDbLine
10
-24
20
20
30
0
11
24
21
-16
31
0
1001
CONDUITCAD
1000
{"id":"master-check-valve-3"}
0
CIRCLE
5
1F6
330
6AC
100
AcDbEntity
8
0
62
0
6
CONTINUOUS
100
AcDbCircle
10
-24
20
20
30
0
40
3
1001
CONDUITCAD
1000
{"id":"master-check-valve-4"}
0
LINE
5
1F7
330
6AC
100
AcDbEntity
8
0
62
0
6
CONTINUOUS
100
AcDbLine
10
0
20
2
30
0
11
0
21
18
31
0
1001
CONDUITCAD
1000
{"id":"master-check-valve-5"}
0
ENDBLK
5
794
330
6AC
100
AcDbEntity
8
0
100
AcDbBlockEnd
0
BLOCK
5
795
330
6AD
100
AcDbEntity
8
0
100
AcDbBlockBegin
2
CC_CONTROL_VALVE
70
0
10
0
20
0
30
0
3
CC_CONTROL_VALVE
1

1001
CONDUITCAD
1000
{"ports":[{"name":"in","x":-45,"y":0,"dx":-1,"dy":0,"medium":"process","role":"connection"},{"name":"out","x":45,"y":0,"dx":1,"dy":0,"medium":"process","role":"connection"},{"name":"signal","x":0,"y":
1000
50,"dx":0,"dy":1,"medium":"signal","role":"connection"}],"symbol":{"name":"Control valve","category":"P&ID","labelOffset":48,"geometryRevision":3,"convention":"ISO-10628-2 family","conformity":"Origin
1000
al master; not standards-certified","standardRefs":["ISO-10628-2"],"normativeEntry":null,"review":{"level":"geometry-and-convention","dimensionalConformance":"not-verified","note":"Native elliptical d
1000
iaphragm cap and a connected signal terminal."},"group":"Valves & actuators","aliases":["control valve"],"defaultLayer":"Equipment","extents":{"minX":-45,"minY":-18,"maxX":45,"maxY":50}}}
0
LINE
5
1F8
330
6AD
100
AcDbEntity
8
0
62
0
6
CONTINUOUS
100
AcDbLine
10
-45
20
0
30
0
11
-25
21
0
31
0
1001
CONDUITCAD
1000
{"id":"master-control-valve-0"}
0
LINE
5
1F9
330
6AD
100
AcDbEntity
8
0
62
0
6
CONTINUOUS
100
AcDbLine
10
25
20
0
30
0
11
45
21
0
31
0
1001
CONDUITCAD
1000
{"id":"master-control-valve-1"}
0
LWPOLYLINE
5
1FA
330
6AD
100
AcDbEntity
8
0
62
0
6
CONTINUOUS
100
AcDbPolyline
90
3
70
1
10
-25
20
-18
10
0
20
0
10
-25
20
18
1001
CONDUITCAD
1000
{"id":"master-control-valve-2"}
0
LWPOLYLINE
5
1FB
330
6AD
100
AcDbEntity
8
0
62
0
6
CONTINUOUS
100
AcDbPolyline
90
3
70
1
10
25
20
-18
10
0
20
0
10
25
20
18
1001
CONDUITCAD
1000
{"id":"master-control-valve-3"}
0
LINE
5
1FC
330
6AD
100
AcDbEntity
8
0
62
0
6
CONTINUOUS
100
AcDbLine
10
0
20
0
30
0
11
0
21
30
31
0
1001
CONDUITCAD
1000
{"id":"master-control-valve-4"}
0
LINE
5
1FD
330
6AD
100
AcDbEntity
8
0
62
0
6
CONTINUOUS
100
AcDbLine
10
-20
20
30
30
0
11
20
21
30
31
0
1001
CONDUITCAD
1000
{"id":"master-control-valve-5"}
0
ELLIPSE
5
1FE
330
6AD
100
AcDbEntity
8
0
62
0
6
CONTINUOUS
100
AcDbEllipse
10
0
20
30
30
0
11
20
21
0
31
0
40
0.7
41
0
42
3.141592653589793
1001
CONDUITCAD
1000
{"id":"master-control-valve-6"}
0
LINE
5
1FF
330
6AD
100
AcDbEntity
8
0
62
0
6
CONTINUOUS
100
AcDbLine
10
0
20
44
30
0
11
0
21
50
31
0
1001
CONDUITCAD
1000
{"id":"master-control-valve-7"}
0
ENDBLK
5
796
330
6AD
100
AcDbEntity
8
0
100
AcDbBlockEnd
0
BLOCK
5
797
330
6AE
100
AcDbEntity
8
0
100
AcDbBlockBegin
2
CC_SOLENOID_VALVE
70
0
10
0
20
0
30
0
3
CC_SOLENOID_VALVE
1

1001
CONDUITCAD
1000
{"ports":[{"name":"in","x":-45,"y":0,"dx":-1,"dy":0,"medium":"process","role":"connection"},{"name":"out","x":45,"y":0,"dx":1,"dy":0,"medium":"process","role":"connection"}],"symbol":{"name":"Solenoid
1000
 valve","category":"P&ID","labelOffset":48,"geometryRevision":3,"convention":"ISO-10628-2 family","conformity":"Original master; not standards-certified","standardRefs":["ISO-10628-2"],"normativeEntry
1000
":null,"review":{"level":"geometry-and-convention","dimensionalConformance":"not-verified","note":"Solenoid actuator square with diagonal, not an ambiguous text-only actuator."},"group":"Valves & actu
1000
ators","aliases":["solenoid valve"],"defaultLayer":"Equipment","extents":{"minX":-45,"minY":-18,"maxX":45,"maxY":54}}}
0
LINE
5
200
330
6AE
100
AcDbEntity
8
0
62
0
6
CONTINUOUS
100
AcDbLine
10
-45
20
0
30
0
11
-25
21
0
31
0
1001
CONDUITCAD
1000
{"id":"master-solenoid-valve-0"}
0
LINE
5
201
330
6AE
100
AcDbEntity
8
0
62
0
6
CONTINUOUS
100
AcDbLine
10
25
20
0
30
0
11
45
21
0
31
0
1001
CONDUITCAD
1000
{"id":"master-solenoid-valve-1"}
0
LWPOLYLINE
5
202
330
6AE
100
AcDbEntity
8
0
62
0
6
CONTINUOUS
100
AcDbPolyline
90
3
70
1
10
-25
20
-18
10
0
20
0
10
-25
20
18
1001
CONDUITCAD
1000
{"id":"master-solenoid-valve-2"}
0
LWPOLYLINE
5
203
330
6AE
100
AcDbEntity
8
0
62
0
6
CONTINUOUS
100
AcDbPolyline
90
3
70
1
10
25
20
-18
10
0
20
0
10
25
20
18
1001
CONDUITCAD
1000
{"id":"master-solenoid-valve-3"}
0
LINE
5
204
330
6AE
100
AcDbEntity
8
0
62
0
6
CONTINUOUS
100
AcDbLine
10
0
20
0
30
0
11
0
21
30
31
0
1001
CONDUITCAD
1000
{"id":"master-solenoid-valve-4"}
0
LWPOLYLINE
5
205
330
6AE
100
AcDbEntity
8
0
62
0
6
CONTINUOUS
100
AcDbPolyline
90
4
70
1
10
-12
20
30
10
12
20
30
10
12
20
54
10
-12
20
54
1001
CONDUITCAD
1000
{"id":"master-solenoid-valve-5"}
0
LINE
5
206
330
6AE
100
AcDbEntity
8
0
62
0
6
CONTINUOUS
100
AcDbLine
10
-12
20
30
30
0
11
12
21
54
31
0
1001
CONDUITCAD
1000
{"id":"master-solenoid-valve-6"}
0
ENDBLK
5
798
330
6AE
100
AcDbEntity
8
0
100
AcDbBlockEnd
0
BLOCK
5
799
330
6AF
100
AcDbEntity
8
0
100
AcDbBlockBegin
2
CC_RELIEF_VALVE
70
0
10
0
20
0
30
0
3
CC_RELIEF_VALVE
1

1001
CONDUITCAD
1000
{"ports":[{"name":"in","x":-45,"y":0,"dx":-1,"dy":0,"medium":"process","role":"connection"},{"name":"out","x":45,"y":0,"dx":1,"dy":0,"medium":"process","role":"connection"}],"symbol":{"name":"Relief v
1000
alve","category":"P&ID","labelOffset":48,"geometryRevision":3,"convention":"ISO-10628-2 family","conformity":"Original master; not standards-certified","standardRefs":["ISO-10628-2"],"normativeEntry":
1000
null,"review":{"level":"geometry-and-convention","dimensionalConformance":"not-verified","note":"Spring is attached to the valve stem and cap."},"group":"Valves & actuators","aliases":["relief valve"]
1000
,"defaultLayer":"Equipment","extents":{"minX":-45,"minY":-18,"maxX":45,"maxY":47}}}
0
LINE
5
207
330
6AF
100
AcDbEntity
8
0
62
0
6
CONTINUOUS
100
AcDbLine
10
-45
20
0
30
0
11
-25
21
0
31
0
1001
CONDUITCAD
1000
{"id":"master-relief-valve-0"}
0
LINE
5
208
330
6AF
100
AcDbEntity
8
0
62
0
6
CONTINUOUS
100
AcDbLine
10
25
20
0
30
0
11
45
21
0
31
0
1001
CONDUITCAD
1000
{"id":"master-relief-valve-1"}
0
LWPOLYLINE
5
209
330
6AF
100
AcDbEntity
8
0
62
0
6
CONTINUOUS
100
AcDbPolyline
90
3
70
1
10
-25
20
-18
10
0
20
0
10
-25
20
18
1001
CONDUITCAD
1000
{"id":"master-relief-valve-2"}
0
LWPOLYLINE
5
20A
330
6AF
100
AcDbEntity
8
0
62
0
6
CONTINUOUS
100
AcDbPolyline
90
3
70
1
10
25
20
-18
10
0
20
0
10
25
20
18
1001
CONDUITCAD
1000
{"id":"master-relief-valve-3"}
0
LINE
5
20B
330
6AF
100
AcDbEntity
8
0
62
0
6
CONTINUOUS
100
AcDbLine
10
0
20
0
30
0
11
0
21
23
31
0
1001
CONDUITCAD
1000
{"id":"master-relief-valve-4"}
0
LWPOLYLINE
5
20C
330
6AF
100
AcDbEntity
8
0
62
0
6
CONTINUOUS
100
AcDbPolyline
90
10
70
0
10
0
20
23
10
0
20
25.4
10
6
20
28.04
10
-6
20
30.68
10
6
20
33.32
10
-6
20
35.96
10
6
20
38.6
10
-6
20
41.24
10
0
20
44.6
10
0
20
47
1001
CONDUITCAD
1000
{"id":"master-relief-valve-5"}
0
LINE
5
20D
330
6AF
100
AcDbEntity
8
0
62
0
6
CONTINUOUS
100
AcDbLine
10
-14
20
47
30
0
11
14
21
47
31
0
1001
CONDUITCAD
1000
{"id":"master-relief-valve-6"}
0
ENDBLK
5
79A
330
6AF
100
AcDbEntity
8
0
100
AcDbBlockEnd
0
BLOCK
5
79B
330
6B0
100
AcDbEntity
8
0
100
AcDbBlockBegin
2
CC_THREE_WAY_VALVE
70
0
10
0
20
0
30
0
3
CC_THREE_WAY_VALVE
1

1001
CONDUITCAD
1000
{"ports":[{"name":"in","x":-45,"y":0,"dx":-1,"dy":0,"medium":"process","role":"connection"},{"name":"out","x":45,"y":0,"dx":1,"dy":0,"medium":"process","role":"connection"},{"name":"branch","x":0,"y":
1000
-45,"dx":0,"dy":-1,"medium":"process","role":"connection"}],"symbol":{"name":"Three-way valve","category":"P&ID","labelOffset":67,"geometryRevision":3,"convention":"ISO-10628-2 family","conformity":"O
1000
riginal master; not standards-certified","standardRefs":["ISO-10628-2"],"normativeEntry":null,"review":{"level":"geometry-and-convention","dimensionalConformance":"not-verified","note":"Reviewed: silh
1000
ouette, terminal positions, normal state and distinct function retained."},"group":"Valves & actuators","aliases":["three way valve"],"defaultLayer":"Equipment","extents":{"minX":-45,"minY":-45,"maxX"
1000
:45,"maxY":18}}}
0
LINE
5
20E
330
6B0
100
AcDbEntity
8
0
62
0
6
CONTINUOUS
100
AcDbLine
10
-45
20
0
30
0
11
-25
21
0
31
0
1001
CONDUITCAD
1000
{"id":"master-three-way-valve-0"}
0
LINE
5
20F
330
6B0
100
AcDbEntity
8
0
62
0
6
CONTINUOUS
100
AcDbLine
10
25
20
0
30
0
11
45
21
0
31
0
1001
CONDUITCAD
1000
{"id":"master-three-way-valve-1"}
0
LWPOLYLINE
5
210
330
6B0
100
AcDbEntity
8
0
62
0
6
CONTINUOUS
100
AcDbPolyline
90
3
70
1
10
-25
20
-18
10
0
20
0
10
-25
20
18
1001
CONDUITCAD
1000
{"id":"master-three-way-valve-2"}
0
LWPOLYLINE
5
211
330
6B0
100
AcDbEntity
8
0
62
0
6
CONTINUOUS
100
AcDbPolyline
90
3
70
1
10
25
20
-18
10
0
20
0
10
25
20
18
1001
CONDUITCAD
1000
{"id":"master-three-way-valve-3"}
0
LWPOLYLINE
5
212
330
6B0
100
AcDbEntity
8
0
62
0
6
CONTINUOUS
100
AcDbPolyline
90
3
70
1
10
-18
20
-25
10
18
20
-25
10
0
20
0
1001
CONDUITCAD
1000
{"id":"master-three-way-valve-4"}
0
LINE
5
213
330
6B0
100
AcDbEntity
8
0
62
0
6
CONTINUOUS
100
AcDbLine
10
0
20
-25
30
0
11
0
21
-45
31
0
1001
CONDUITCAD
1000
{"id":"master-three-way-valve-5"}
0
ENDBLK
5
79C
330
6B0
100
AcDbEntity
8
0
100
AcDbBlockEnd
0
BLOCK
5
79D
330
6B1
100
AcDbEntity
8
0
100
AcDbBlockBegin
2
CC_PUMP
70
0
10
0
20
0
30
0
3
CC_PUMP
1

1001
CONDUITCAD
1000
{"ports":[{"name":"in","x":-45,"y":0,"dx":-1,"dy":0,"medium":"process","role":"connection"},{"name":"out","x":45,"y":0,"dx":1,"dy":0,"medium":"process","role":"connection"},{"name":"top","x":0,"y":45,
1000
"dx":0,"dy":1,"medium":"process","role":"connection"},{"name":"bottom","x":0,"y":-45,"dx":0,"dy":-1,"medium":"process","role":"connection"}],"symbol":{"name":"Centrifugal pump","category":"P&ID","labe
1000
lOffset":67,"geometryRevision":3,"convention":"ISO-10628-2 family","conformity":"Original master; not standards-certified","standardRefs":["ISO-10628-2"],"normativeEntry":null,"review":{"level":"geome
1000
try-and-convention","dimensionalConformance":"not-verified","note":"Reviewed: silhouette, terminal positions, normal state and distinct function retained."},"group":"Equipment & instruments","aliases"
1000
:["pump"],"defaultLayer":"Equipment","extents":{"minX":-45,"minY":-45,"maxX":45,"maxY":45}}}
0
LINE
5
214
330
6B1
100
AcDbEntity
8
0
62
0
6
CONTINUOUS
100
AcDbLine
10
-45
20
0
30
0
11
-27
21
0
31
0
1001
CONDUITCAD
1000
{"id":"master-pump-0"}
0
LINE
5
215
330
6B1
100
AcDbEntity
8
0
62
0
6
CONTINUOUS
100
AcDbLine
10
27
20
0
30
0
11
45
21
0
31
0
1001
CONDUITCAD
1000
{"id":"master-pump-1"}
0
LINE
5
216
330
6B1
100
AcDbEntity
8
0
62
0
6
CONTINUOUS
100
AcDbLine
10
0
20
27
30
0
11
0
21
45
31
0
1001
CONDUITCAD
1000
{"id":"master-pump-2"}
0
LINE
5
217
330
6B1
100
AcDbEntity
8
0
62
0
6
CONTINUOUS
100
AcDbLine
10
0
20
-27
30
0
11
0
21
-45
31
0
1001
CONDUITCAD
1000
{"id":"master-pump-3"}
0
CIRCLE
5
218
330
6B1
100
AcDbEntity
8
0
62
0
6
CONTINUOUS
100
AcDbCircle
10
0
20
0
30
0
40
27
1001
CONDUITCAD
1000
{"id":"master-pump-4"}
0
LWPOLYLINE
5
219
330
6B1
100
AcDbEntity
8
0
62
0
6
CONTINUOUS
100
AcDbPolyline
90
3
70
1
10
-15
20
-18
10
23
20
0
10
-15
20
18
1001
CONDUITCAD
1000
{"id":"master-pump-5"}
0
LINE
5
21A
330
6B1
100
AcDbEntity
8
0
62
0
6
CONTINUOUS
100
AcDbLine
10
-22
20
-31
30
0
11
22
21
-31
31
0
1001
CONDUITCAD
1000
{"id":"master-pump-6"}
0
ENDBLK
5
79E
330
6B1
100
AcDbEntity
8
0
100
AcDbBlockEnd
0
BLOCK
5
79F
330
6B2
100
AcDbEntity
8
0
100
AcDbBlockBegin
2
CC_GEAR_PUMP
70
0
10
0
20
0
30
0
3
CC_GEAR_PUMP
1

1001
CONDUITCAD
1000
{"ports":[{"name":"in","x":-45,"y":0,"dx":-1,"dy":0,"medium":"process","role":"connection"},{"name":"out","x":45,"y":0,"dx":1,"dy":0,"medium":"process","role":"connection"},{"name":"top","x":0,"y":45,
1000
"dx":0,"dy":1,"medium":"process","role":"connection"},{"name":"bottom","x":0,"y":-45,"dx":0,"dy":-1,"medium":"process","role":"connection"}],"symbol":{"name":"Gear pump","category":"P&ID","labelOffset
1000
":67,"geometryRevision":3,"convention":"ISO-10628-2 family","conformity":"Original master; not standards-certified","standardRefs":["ISO-10628-2"],"normativeEntry":null,"review":{"level":"geometry-and
1000
-convention","dimensionalConformance":"not-verified","note":"Reviewed: silhouette, terminal positions, normal state and distinct function retained."},"group":"Equipment & instruments","aliases":["gear
1000
 pump"],"defaultLayer":"Equipment","extents":{"minX":-45,"minY":-45,"maxX":45,"maxY":45}}}
0
LINE
5
21B
330
6B2
100
AcDbEntity
8
0
62
0
6
CONTINUOUS
100
AcDbLine
10
-45
20
0
30
0
11
-28
21
0
31
0
1001
CONDUITCAD
1000
{"id":"master-gear-pump-0"}
0
LINE
5
21C
330
6B2
100
AcDbEntity
8
0
62
0
6
CONTINUOUS
100
AcDbLine
10
28
20
0
30
0
11
45
21
0
31
0
1001
CONDUITCAD
1000
{"id":"master-gear-pump-1"}
0
LINE
5
21D
330
6B2
100
AcDbEntity
8
0
62
0
6
CONTINUOUS
100
AcDbLine
10
0
20
28
30
0
11
0
21
45
31
0
1001
CONDUITCAD
1000
{"id":"master-gear-pump-2"}
0
LINE
5
21E
330
6B2
100
AcDbEntity
8
0
62
0
6
CONTINUOUS
100
AcDbLine
10
0
20
-28
30
0
11
0
21
-45
31
0
1001
CONDUITCAD
1000
{"id":"master-gear-pump-3"}
0
CIRCLE
5
21F
330
6B2
100
AcDbEntity
8
0
62
0
6
CONTINUOUS
100
AcDbCircle
10
0
20
0
30
0
40
28
1001
CONDUITCAD
1000
{"id":"master-gear-pump-4"}
0
CIRCLE
5
220
330
6B2
100
AcDbEntity
8
0
62
0
6
CONTINUOUS
100
AcDbCircle
10
-9
20
0
30
0
40
11
1001
CONDUITCAD
1000
{"id":"master-gear-pump-5"}
0
CIRCLE
5
221
330
6B2
100
AcDbEntity
8
0
62
0
6
CONTINUOUS
100
AcDbCircle
10
9
20
0
30
0
40
11
1001
CONDUITCAD
1000
{"id":"master-gear-pump-6"}
0
ENDBLK
5
7A0
330
6B2
100
AcDbEntity
8
0
100
AcDbBlockEnd
0
BLOCK
5
7A1
330
6B3
100
AcDbEntity
8
0
100
AcDbBlockBegin
2
CC_COMPRESSOR
70
0
10
0
20
0
30
0
3
CC_COMPRESSOR
1

1001
CONDUITCAD
1000
{"ports":[{"name":"in","x":-45,"y":0,"dx":-1,"dy":0,"medium":"process","role":"connection"},{"name":"out","x":45,"y":0,"dx":1,"dy":0,"medium":"process","role":"connection"},{"name":"top","x":0,"y":45,
1000
"dx":0,"dy":1,"medium":"process","role":"connection"},{"name":"bottom","x":0,"y":-45,"dx":0,"dy":-1,"medium":"process","role":"connection"}],"symbol":{"name":"Compressor","category":"P&ID","labelOffse
1000
t":67,"geometryRevision":3,"convention":"ISO-10628-2 family","conformity":"Original master; not standards-certified","standardRefs":["ISO-10628-2"],"normativeEntry":null,"review":{"level":"geometry-an
1000
d-convention","dimensionalConformance":"not-verified","note":"Reviewed: silhouette, terminal positions, normal state and distinct function retained."},"group":"Equipment & instruments","aliases":["com
1000
pressor"],"defaultLayer":"Equipment","extents":{"minX":-45,"minY":-45,"maxX":45,"maxY":45}}}
0
LINE
5
222
330
6B3
100
AcDbEntity
8
0
62
0
6
CONTINUOUS
100
AcDbLine
10
-45
20
0
30
0
11
-29
21
0
31
0
1001
CONDUITCAD
1000
{"id":"master-compressor-0"}
0
LINE
5
223
330
6B3
100
AcDbEntity
8
0
62
0
6
CONTINUOUS
100
AcDbLine
10
29
20
0
30
0
11
45
21
0
31
0
1001
CONDUITCAD
1000
{"id":"master-compressor-1"}
0
LINE
5
224
330
6B3
100
AcDbEntity
8
0
62
0
6
CONTINUOUS
100
AcDbLine
10
0
20
29
30
0
11
0
21
45
31
0
1001
CONDUITCAD
1000
{"id":"master-compressor-2"}
0
LINE
5
225
330
6B3
100
AcDbEntity
8
0
62
0
6
CONTINUOUS
100
AcDbLine
10
0
20
-29
30
0
11
0
21
-45
31
0
1001
CONDUITCAD
1000
{"id":"master-compressor-3"}
0
CIRCLE
5
226
330
6B3
100
AcDbEntity
8
0
62
0
6
CONTINUOUS
100
AcDbCircle
10
0
20
0
30
0
40
29
1001
CONDUITCAD
1000
{"id":"master-compressor-4"}
0
LWPOLYLINE
5
227
330
6B3
100
AcDbEntity
8
0
62
0
6
CONTINUOUS
100
AcDbPolyline
90
4
70
1
10
-17
20
-20
10
18
20
-10
10
18
20
10
10
-17
20
20
1001
CONDUITCAD
1000
{"id":"master-compressor-5"}
0
ENDBLK
5
7A2
330
6B3
100
AcDbEntity
8
0
100
AcDbBlockEnd
0
BLOCK
5
7A3
330
6B4
100
AcDbEntity
8
0
100
AcDbBlockBegin
2
CC_FAN
70
0
10
0
20
0
30
0
3
CC_FAN
1

1001
CONDUITCAD
1000
{"ports":[{"name":"in","x":-45,"y":0,"dx":-1,"dy":0,"medium":"process","role":"connection"},{"name":"out","x":45,"y":0,"dx":1,"dy":0,"medium":"process","role":"connection"}],"symbol":{"name":"Fan / bl
1000
ower","category":"P&ID","labelOffset":51,"geometryRevision":3,"convention":"ISO-10628-2 family","conformity":"Original master; not standards-certified","standardRefs":["ISO-10628-2"],"normativeEntry":
1000
null,"review":{"level":"geometry-and-convention","dimensionalConformance":"not-verified","note":"Reviewed: silhouette, terminal positions, normal state and distinct function retained."},"group":"Equip
1000
ment & instruments","aliases":["fan"],"defaultLayer":"Equipment","extents":{"minX":-45,"minY":-28.970798929698127,"maxX":45,"maxY":28.970798929698127}}}
0
LINE
5
228
330
6B4
100
AcDbEntity
8
0
62
0
6
CONTINUOUS
100
AcDbLine
10
-45
20
0
30
0
11
-29
21
0
31
0
1001
CONDUITCAD
1000
{"id":"master-fan-0"}
0
LINE
5
229
330
6B4
100
AcDbEntity
8
0
62
0
6
CONTINUOUS
100
AcDbLine
10
29
20
0
30
0
11
45
21
0
31
0
1001
CONDUITCAD
1000
{"id":"master-fan-1"}
0
CIRCLE
5
22A
330
6B4
100
AcDbEntity
8
0
62
0
6
CONTINUOUS
100
AcDbCircle
10
0
20
0
30
0
40
29
1001
CONDUITCAD
1000
{"id":"master-fan-2"}
0
CIRCLE
5
22B
330
6B4
100
AcDbEntity
8
0
62
0
6
CONTINUOUS
100
AcDbCircle
10
0
20
0
30
0
40
6
1001
CONDUITCAD
1000
{"id":"master-fan-3"}
0
LWPOLYLINE
5
22C
330
6B4
100
AcDbEntity
8
0
62
0
6
CONTINUOUS
100
AcDbPolyline
90
4
70
0
10
0
20
6
10
-16
20
19
10
-25
20
5
10
0
20
0
1001
CONDUITCAD
1000
{"id":"master-fan-4"}
0
LWPOLYLINE
5
22D
330
6B4
100
AcDbEntity
8
0
62
0
6
CONTINUOUS
100
AcDbPolyline
90
4
70
0
10
5
20
-3
10
23
20
9
10
18
20
-17
10
0
20
0
1001
CONDUITCAD
1000
{"id":"master-fan-5"}
0
LWPOLYLINE
5
22E
330
6B4
100
AcDbEntity
8
0
62
0
6
CONTINUOUS
100
AcDbPolyline
90
4
70
0
10
-4
20
-4
10
-8
20
-24
10
12
20
-22
10
0
20
0
1001
CONDUITCAD
1000
{"id":"master-fan-6"}
0
ENDBLK
5
7A4
330
6B4
100
AcDbEntity
8
0
100
AcDbBlockEnd
0
BLOCK
5
7A5
330
6B5
100
AcDbEntity
8
0
100
AcDbBlockBegin
2
CC_STRAINER
70
0
10
0
20
0
30
0
3
CC_STRAINER
1

1001
CONDUITCAD
1000
{"ports":[{"name":"in","x":-45,"y":0,"dx":-1,"dy":0,"medium":"process","role":"connection"},{"name":"out","x":45,"y":0,"dx":1,"dy":0,"medium":"process","role":"connection"}],"symbol":{"name":"Y strain
1000
er","category":"P&ID","labelOffset":59,"geometryRevision":3,"convention":"ISO-10628-2 family","conformity":"Original master; not standards-certified","standardRefs":["ISO-10628-2"],"normativeEntry":nu
1000
ll,"review":{"level":"geometry-and-convention","dimensionalConformance":"not-verified","note":"Reviewed: silhouette, terminal positions, normal state and distinct function retained."},"group":"Equipme
1000
nt & instruments","aliases":["strainer"],"defaultLayer":"Equipment","extents":{"minX":-45,"minY":-37,"maxX":45,"maxY":15}}}
0
LINE
5
22F
330
6B5
100
AcDbEntity
8
0
62
0
6
CONTINUOUS
100
AcDbLine
10
-45
20
0
30
0
11
-25
21
0
31
0
1001
CONDUITCAD
1000
{"id":"master-strainer-0"}
0
LINE
5
230
330
6B5
100
AcDbEntity
8
0
62
0
6
CONTINUOUS
100
AcDbLine
10
25
20
0
30
0
11
45
21
0
31
0
1001
CONDUITCAD
1000
{"id":"master-strainer-1"}
0
LWPOLYLINE
5
231
330
6B5
100
AcDbEntity
8
0
62
0
6
CONTINUOUS
100
AcDbPolyline
90
4
70
1
10
-22
20
-15
10
22
20
-15
10
22
20
15
10
-22
20
15
1001
CONDUITCAD
1000
{"id":"master-strainer-2"}
0
LINE
5
232
330
6B5
100
AcDbEntity
8
0
62
0
6
CONTINUOUS
100
AcDbLine
10
-17
20
-12
30
0
11
17
21
12
31
0
1001
CONDUITCAD
1000
{"id":"master-strainer-3"}
0
LWPOLYLINE
5
233
330
6B5
100
AcDbEntity
8
0
62
0
6
CONTINUOUS
100
AcDbPolyline
90
4
70
0
10
-8
20
-15
10
5
20
-37
10
18
20
-30
10
12
20
-15
1001
CONDUITCAD
1000
{"id":"master-strainer-4"}
0
ENDBLK
5
7A6
330
6B5
100
AcDbEntity
8
0
100
AcDbBlockEnd
0
BLOCK
5
7A7
330
6B6
100
AcDbEntity
8
0
100
AcDbBlockBegin
2
CC_FILTER
70
0
10
0
20
0
30
0
3
CC_FILTER
1

1001
CONDUITCAD
1000
{"ports":[{"name":"in","x":-45,"y":0,"dx":-1,"dy":0,"medium":"process","role":"connection"},{"name":"out","x":45,"y":0,"dx":1,"dy":0,"medium":"process","role":"connection"},{"name":"top","x":0,"y":45,
1000
"dx":0,"dy":1,"medium":"process","role":"connection"},{"name":"bottom","x":0,"y":-45,"dx":0,"dy":-1,"medium":"process","role":"connection"}],"symbol":{"name":"Inline filter","category":"P&ID","labelOf
1000
fset":67,"geometryRevision":3,"convention":"ISO-10628-2 family","conformity":"Original master; not standards-certified","standardRefs":["ISO-10628-2"],"normativeEntry":null,"review":{"level":"geometry
1000
-and-convention","dimensionalConformance":"not-verified","note":"Reviewed: silhouette, terminal positions, normal state and distinct function retained."},"group":"Equipment & instruments","aliases":["
1000
filter"],"defaultLayer":"Equipment","extents":{"minX":-45,"minY":-45,"maxX":45,"maxY":45}}}
0
LINE
5
234
330
6B6
100
AcDbEntity
8
0
62
0
6
CONTINUOUS
100
AcDbLine
10
-45
20
0
30
0
11
-25
21
0
31
0
1001
CONDUITCAD
1000
{"id":"master-filter-0"}
0
LINE
5
235
330
6B6
100
AcDbEntity
8
0
62
0
6
CONTINUOUS
100
AcDbLine
10
25
20
0
30
0
11
45
21
0
31
0
1001
CONDUITCAD
1000
{"id":"master-filter-1"}
0
LWPOLYLINE
5
236
330
6B6
100
AcDbEntity
8
0
62
0
6
CONTINUOUS
100
AcDbPolyline
90
4
70
1
10
-25
20
-28
10
25
20
-28
10
25
20
28
10
-25
20
28
1001
CONDUITCAD
1000
{"id":"master-filter-2"}
0
LINE
5
237
330
6B6
100
AcDbEntity
8
0
62
0
6
CONTINUOUS
100
AcDbLine
10
-25
20
-28
30
0
11
25
21
28
31
0
1001
CONDUITCAD
1000
{"id":"master-filter-3"}
0
LINE
5
238
330
6B6
100
AcDbEntity
8
0
62
0
6
CONTINUOUS
100
AcDbLine
10
-25
20
28
30
0
11
25
21
-28
31
0
1001
CONDUITCAD
1000
{"id":"master-filter-4"}
0
LINE
5
239
330
6B6
100
AcDbEntity
8
0
62
0
6
CONTINUOUS
100
AcDbLine
10
0
20
28
30
0
11
0
21
45
31
0
1001
CONDUITCAD
1000
{"id":"master-filter-5"}
0
LINE
5
23A
330
6B6
100
AcDbEntity
8
0
62
0
6
CONTINUOUS
100
AcDbLine
10
0
20
-28
30
0
11
0
21
-45
31
0
1001
CONDUITCAD
1000
{"id":"master-filter-6"}
0
ENDBLK
5
7A8
330
6B6
100
AcDbEntity
8
0
100
AcDbBlockEnd
0
BLOCK
5
7A9
330
6B7
100
AcDbEntity
8
0
100
AcDbBlockBegin
2
CC_HEAT_EXCHANGER
70
0
10
0
20
0
30
0
3
CC_HEAT_EXCHANGER
1

1001
CONDUITCAD
1000
{"ports":[{"name":"in","x":-45,"y":0,"dx":-1,"dy":0,"medium":"process","role":"connection"},{"name":"out","x":45,"y":0,"dx":1,"dy":0,"medium":"process","role":"connection"},{"name":"top","x":0,"y":45,
1000
"dx":0,"dy":1,"medium":"process","role":"connection"},{"name":"bottom","x":0,"y":-45,"dx":0,"dy":-1,"medium":"process","role":"connection"}],"symbol":{"name":"Heat exchanger","category":"P&ID","labelO
1000
ffset":67,"geometryRevision":3,"convention":"ISO-10628-2 family","conformity":"Original master; not standards-certified","standardRefs":["ISO-10628-2"],"normativeEntry":null,"review":{"level":"geometr
1000
y-and-convention","dimensionalConformance":"not-verified","note":"Reviewed: silhouette, terminal positions, normal state and distinct function retained."},"group":"Equipment & instruments","aliases":[
1000
"heat exchanger"],"defaultLayer":"Equipment","extents":{"minX":-45,"minY":-45,"maxX":45,"maxY":45}}}
0
LINE
5
23B
330
6B7
100
AcDbEntity
8
0
62
0
6
CONTINUOUS
100
AcDbLine
10
-45
20
0
30
0
11
-33
21
0
31
0
1001
CONDUITCAD
1000
{"id":"master-heat-exchanger-0"}
0
LINE
5
23C
330
6B7
100
AcDbEntity
8
0
62
0
6
CONTINUOUS
100
AcDbLine
10
33
20
0
30
0
11
45
21
0
31
0
1001
CONDUITCAD
1000
{"id":"master-heat-exchanger-1"}
0
CIRCLE
5
23D
330
6B7
100
AcDbEntity
8
0
62
0
6
CONTINUOUS
100
AcDbCircle
10
0
20
0
30
0
40
33
1001
CONDUITCAD
1000
{"id":"master-heat-exchanger-2"}
0
LWPOLYLINE
5
23E
330
6B7
100
AcDbEntity
8
0
62
0
6
CONTINUOUS
100
AcDbPolyline
90
6
70
0
10
-32
20
0
10
-17
20
15
10
-5
20
-15
10
8
20
15
10
21
20
-15
10
33
20
0
1001
CONDUITCAD
1000
{"id":"master-heat-exchanger-3"}
0
LINE
5
23F
330
6B7
100
AcDbEntity
8
0
62
0
6
CONTINUOUS
100
AcDbLine
10
0
20
33
30
0
11
0
21
45
31
0
1001
CONDUITCAD
1000
{"id":"master-heat-exchanger-4"}
0
LINE
5
240
330
6B7
100
AcDbEntity
8
0
62
0
6
CONTINUOUS
100
AcDbLine
10
0
20
-33
30
0
11
0
21
-45
31
0
1001
CONDUITCAD
1000
{"id":"master-heat-exchanger-5"}
0
ENDBLK
5
7AA
330
6B7
100
AcDbEntity
8
0
100
AcDbBlockEnd
0
BLOCK
5
7AB
330
6B8
100
AcDbEntity
8
0
100
AcDbBlockBegin
2
CC_TANK
70
0
10
0
20
0
30
0
3
CC_TANK
1

1001
CONDUITCAD
1000
{"ports":[{"name":"in","x":-45,"y":0,"dx":-1,"dy":0,"medium":"process","role":"connection"},{"name":"out","x":45,"y":0,"dx":1,"dy":0,"medium":"process","role":"connection"},{"name":"top","x":0,"y":75,
1000
"dx":0,"dy":1,"medium":"process","role":"connection"},{"name":"bottom","x":0,"y":-88,"dx":0,"dy":-1,"medium":"process","role":"connection"}],"symbol":{"name":"Storage tank","category":"P&ID","labelOff
1000
set":110,"geometryRevision":3,"convention":"ISO-10628-2 family","conformity":"Original master; not standards-certified","standardRefs":["ISO-10628-2"],"normativeEntry":null,"review":{"level":"geometry
1000
-and-convention","dimensionalConformance":"not-verified","note":"Flat-bottom storage tank is distinct from a domed pressure vessel."},"group":"Equipment & instruments","aliases":["tank"],"defaultLayer
1000
":"Equipment","extents":{"minX":-45,"minY":-88,"maxX":45,"maxY":75}}}
0
LINE
5
241
330
6B8
100
AcDbEntity
8
0
62
0
6
CONTINUOUS
100
AcDbLine
10
-35
20
-45
30
0
11
-35
21
35
31
0
1001
CONDUITCAD
1000
{"id":"master-tank-0"}
0
LINE
5
242
330
6B8
100
AcDbEntity
8
0
62
0
6
CONTINUOUS
100
AcDbLine
10
35
20
-45
30
0
11
35
21
35
31
0
1001
CONDUITCAD
1000
{"id":"master-tank-1"}
0
LINE
5
243
330
6B8
100
AcDbEntity
8
0
62
0
6
CONTINUOUS
100
AcDbLine
10
-35
20
-45
30
0
11
35
21
-45
31
0
1001
CONDUITCAD
1000
{"id":"master-tank-2"}
0
ELLIPSE
5
244
330
6B8
100
AcDbEntity
8
0
62
0
6
CONTINUOUS
100
AcDbEllipse
10
0
20
35
30
0
11
35
21
0
31
0
40
0.2857142857142857
41
0
42
6.283185307179586
1001
CONDUITCAD
1000
{"id":"master-tank-3"}
0
LINE
5
245
330
6B8
100
AcDbEntity
8
0
62
0
6
CONTINUOUS
100
AcDbLine
10
-45
20
0
30
0
11
-35
21
0
31
0
1001
CONDUITCAD
1000
{"id":"master-tank-4"}
0
LINE
5
246
330
6B8
100
AcDbEntity
8
0
62
0
6
CONTINUOUS
100
AcDbLine
10
35
20
0
30
0
11
45
21
0
31
0
1001
CONDUITCAD
1000
{"id":"master-tank-5"}
0
LINE
5
247
330
6B8
100
AcDbEntity
8
0
62
0
6
CONTINUOUS
100
AcDbLine
10
0
20
45
30
0
11
0
21
75
31
0
1001
CONDUITCAD
1000
{"id":"master-tank-6"}
0
LINE
5
248
330
6B8
100
AcDbEntity
8
0
62
0
6
CONTINUOUS
100
AcDbLine
10
0
20
-45
30
0
11
0
21
-88
31
0
1001
CONDUITCAD
1000
{"id":"master-tank-7"}
0
ENDBLK
5
7AC
330
6B8
100
AcDbEntity
8
0
100
AcDbBlockEnd
0
BLOCK
5
7AD
330
6B9
100
AcDbEntity
8
0
100
AcDbBlockBegin
2
CC_VESSEL
70
0
10
0
20
0
30
0
3
CC_VESSEL
1

1001
CONDUITCAD
1000
{"ports":[{"name":"in","x":-45,"y":0,"dx":-1,"dy":0,"medium":"process","role":"connection"},{"name":"out","x":45,"y":0,"dx":1,"dy":0,"medium":"process","role":"connection"},{"name":"top","x":0,"y":65,
1000
"dx":0,"dy":1,"medium":"process","role":"connection"},{"name":"bottom","x":0,"y":-50,"dx":0,"dy":-1,"medium":"process","role":"connection"}],"symbol":{"name":"Pressure vessel","category":"P&ID","label
1000
Offset":87,"geometryRevision":3,"convention":"ISO-10628-2 family","conformity":"Original master; not standards-certified","standardRefs":["ISO-10628-2"],"normativeEntry":null,"review":{"level":"geomet
1000
ry-and-convention","dimensionalConformance":"not-verified","note":"Native domed-end vessel rather than a plain rectangular box."},"group":"Equipment & instruments","aliases":["vessel"],"defaultLayer":
1000
"Equipment","extents":{"minX":-45,"minY":-65,"maxX":45,"maxY":65}}}
0
LINE
5
249
330
6B9
100
AcDbEntity
8
0
62
0
6
CONTINUOUS
100
AcDbLine
10
-27
20
-23
30
0
11
-27
21
23
31
0
1001
CONDUITCAD
1000
{"id":"master-vessel-0"}
0
ARC
5
24A
330
6B9
100
AcDbEntity
8
0
62
0
6
CONTINUOUS
100
AcDbCircle
10
0
20
23
30
0
40
27
100
AcDbArc
50
0
51
180
1001
CONDUITCAD
1000
{"id":"master-vessel-1"}
0
LINE
5
24B
330
6B9
100
AcDbEntity
8
0
62
0
6
CONTINUOUS
100
AcDbLine
10
27
20
23
30
0
11
27
21
-23
31
0
1001
CONDUITCAD
1000
{"id":"master-vessel-2"}
0
ARC
5
24C
330
6B9
100
AcDbEntity
8
0
62
0
6
CONTINUOUS
100
AcDbCircle
10
0
20
-23
30
0
40
27
100
AcDbArc
50
180
51
360
1001
CONDUITCAD
1000
{"id":"master-vessel-3"}
0
LINE
5
24D
330
6B9
100
AcDbEntity
8
0
62
0
6
CONTINUOUS
100
AcDbLine
10
-45
20
0
30
0
11
-27
21
0
31
0
1001
CONDUITCAD
1000
{"id":"master-vessel-4"}
0
LINE
5
24E
330
6B9
100
AcDbEntity
8
0
62
0
6
CONTINUOUS
100
AcDbLine
10
27
20
0
30
0
11
45
21
0
31
0
1001
CONDUITCAD
1000
{"id":"master-vessel-5"}
0
LINE
5
24F
330
6B9
100
AcDbEntity
8
0
62
0
6
CONTINUOUS
100
AcDbLine
10
0
20
50
30
0
11
0
21
65
31
0
1001
CONDUITCAD
1000
{"id":"master-vessel-6"}
0
LINE
5
250
330
6B9
100
AcDbEntity
8
0
62
0
6
CONTINUOUS
100
AcDbLine
10
-15
20
-45.45
30
0
11
-15
21
-65
31
0
1001
CONDUITCAD
1000
{"id":"master-vessel-7"}
0
LINE
5
251
330
6B9
100
AcDbEntity
8
0
62
0
6
CONTINUOUS
100
AcDbLine
10
15
20
-45.45
30
0
11
15
21
-65
31
0
1001
CONDUITCAD
1000
{"id":"master-vessel-8"}
0
ENDBLK
5
7AE
330
6B9
100
AcDbEntity
8
0
100
AcDbBlockEnd
0
BLOCK
5
7AF
330
6BA
100
AcDbEntity
8
0
100
AcDbBlockBegin
2
CC_MIXER
70
0
10
0
20
0
30
0
3
CC_MIXER
1

1001
CONDUITCAD
1000
{"ports":[{"name":"in","x":-45,"y":0,"dx":-1,"dy":0,"medium":"process","role":"connection"},{"name":"out","x":45,"y":0,"dx":1,"dy":0,"medium":"process","role":"connection"},{"name":"top","x":0,"y":83,
1000
"dx":0,"dy":1,"medium":"mechanical","role":"connection"},{"name":"bottom","x":0,"y":-55,"dx":0,"dy":-1,"medium":"process","role":"connection"}],"symbol":{"name":"Agitated vessel","category":"P&ID","la
1000
belOffset":77,"geometryRevision":3,"convention":"ISO-10628-2 family","conformity":"Original master; not standards-certified","standardRefs":["ISO-10628-2"],"normativeEntry":null,"review":{"level":"geo
1000
metry-and-convention","dimensionalConformance":"not-verified","note":"Domed process vessel and impeller; motor port moved to its actual exposed terminal."},"group":"Equipment & instruments","aliases":
1000
["mixer"],"defaultLayer":"Equipment","extents":{"minX":-45,"minY":-54.97116691854981,"maxX":45,"maxY":83}}}
0
LINE
5
252
330
6BA
100
AcDbEntity
8
0
62
0
6
CONTINUOUS
100
AcDbLine
10
-32
20
-23
30
0
11
-32
21
23
31
0
1001
CONDUITCAD
1000
{"id":"master-mixer-0"}
0
ARC
5
253
330
6BA
100
AcDbEntity
8
0
62
0
6
CONTINUOUS
100
AcDbCircle
10
0
20
23
30
0
40
32
100
AcDbArc
50
0
51
180
1001
CONDUITCAD
1000
{"id":"master-mixer-1"}
0
LINE
5
254
330
6BA
100
AcDbEntity
8
0
62
0
6
CONTINUOUS
100
AcDbLine
10
32
20
23
30
0
11
32
21
-23
31
0
1001
CONDUITCAD
1000
{"id":"master-mixer-2"}
0
ARC
5
255
330
6BA
100
AcDbEntity
8
0
62
0
6
CONTINUOUS
100
AcDbCircle
10
0
20
-23
30
0
40
32
100
AcDbArc
50
180
51
360
1001
CONDUITCAD
1000
{"id":"master-mixer-3"}
0
LINE
5
256
330
6BA
100
AcDbEntity
8
0
62
0
6
CONTINUOUS
100
AcDbLine
10
-45
20
0
30
0
11
-32
21
0
31
0
1001
CONDUITCAD
1000
{"id":"master-mixer-4"}
0
LINE
5
257
330
6BA
100
AcDbEntity
8
0
62
0
6
CONTINUOUS
100
AcDbLine
10
32
20
0
30
0
11
45
21
0
31
0
1001
CONDUITCAD
1000
{"id":"master-mixer-5"}
0
LINE
5
258
330
6BA
100
AcDbEntity
8
0
62
0
6
CONTINUOUS
100
AcDbLine
10
0
20
55
30
0
11
0
21
65
31
0
1001
CONDUITCAD
1000
{"id":"master-mixer-6"}
0
LWPOLYLINE
5
259
330
6BA
100
AcDbEntity
8
0
62
0
6
CONTINUOUS
100
AcDbPolyline
90
4
70
1
10
-12
20
65
10
12
20
65
10
12
20
83
10
-12
20
83
1001
CONDUITCAD
1000
{"id":"master-mixer-7"}
0
LINE
5
25A
330
6BA
100
AcDbEntity
8
0
62
0
6
CONTINUOUS
100
AcDbLine
10
0
20
65
30
0
11
0
21
-25
31
0
1001
CONDUITCAD
1000
{"id":"master-mixer-8"}
0
LINE
5
25B
330
6BA
100
AcDbEntity
8
0
62
0
6
CONTINUOUS
100
AcDbLine
10
-24
20
-15
30
0
11
24
21
-25
31
0
1001
CONDUITCAD
1000
{"id":"master-mixer-9"}
0
ENDBLK
5
7B0
330
6BA
100
AcDbEntity
8
0
100
AcDbBlockEnd
0
BLOCK
5
7B1
330
6BB
100
AcDbEntity
8
0
100
AcDbBlockBegin
2
CC_PRESSURE_INDICATOR
70
0
10
0
20
0
30
0
3
CC_PRESSURE_INDICATOR
1

1001
CONDUITCAD
1000
{"ports":[{"name":"sense","x":0,"y":-45,"dx":0,"dy":-1,"medium":"signal","role":"connection"}],"symbol":{"name":"Pressure indicator","category":"P&ID","labelOffset":67,"geometryRevision":3,"convention
1000
":"ISA-5.1 family","conformity":"Original master; not standards-certified","standardRefs":["ISA-5.1"],"group":"Field & panel instruments","normativeEntry":null,"review":{"level":"geometry-and-conventi
1000
on","dimensionalConformance":"not-verified","note":"Reviewed: silhouette, terminal positions, normal state and distinct function retained."},"aliases":["pressure indicator"],"defaultLayer":"Equipment"
1000
,"extents":{"minX":-26,"minY":-45,"maxX":26,"maxY":25.970550818758205}}}
0
CIRCLE
5
25C
330
6BB
100
AcDbEntity
8
0
62
0
6
CONTINUOUS
100
AcDbCircle
10
0
20
0
30
0
40
26
1001
CONDUITCAD
1000
{"id":"master-pressure-indicator-0"}
0
TEXT
5
25D
330
6BB
100
AcDbEntity
8
0
62
0
6
CONTINUOUS
100
AcDbText
10
0
20
-5
30
0
40
15
1
PI
50
0
41
1
7
STANDARD
72
1
11
0
21
-5
31
0
100
AcDbText
73
0
1001
CONDUITCAD
1000
{"id":"master-pressure-indicator-1"}
0
LINE
5
25E
330
6BB
100
AcDbEntity
8
0
62
0
6
CONTINUOUS
100
AcDbLine
10
0
20
-26
30
0
11
0
21
-45
31
0
1001
CONDUITCAD
1000
{"id":"master-pressure-indicator-2"}
0
ENDBLK
5
7B2
330
6BB
100
AcDbEntity
8
0
100
AcDbBlockEnd
0
BLOCK
5
7B3
330
6BC
100
AcDbEntity
8
0
100
AcDbBlockBegin
2
CC_FLOW_TRANSMITTER
70
0
10
0
20
0
30
0
3
CC_FLOW_TRANSMITTER
1

1001
CONDUITCAD
1000
{"ports":[{"name":"sense","x":0,"y":-45,"dx":0,"dy":-1,"medium":"signal","role":"connection"}],"symbol":{"name":"Flow transmitter","category":"P&ID","labelOffset":67,"geometryRevision":3,"convention":
1000
"ISA-5.1 family","conformity":"Original master; not standards-certified","standardRefs":["ISA-5.1"],"group":"Field & panel instruments","normativeEntry":null,"review":{"level":"geometry-and-convention
1000
","dimensionalConformance":"not-verified","note":"Reviewed: silhouette, terminal positions, normal state and distinct function retained."},"aliases":["flow transmitter"],"defaultLayer":"Equipment","ex
1000
tents":{"minX":-26,"minY":-45,"maxX":26,"maxY":25.970550818758205}}}
0
CIRCLE
5
25F
330
6BC
100
AcDbEntity
8
0
62
0
6
CONTINUOUS
100
AcDbCircle
10
0
20
0
30
0
40
26
1001
CONDUITCAD
1000
{"id":"master-flow-transmitter-0"}
0
TEXT
5
260
330
6BC
100
AcDbEntity
8
0
62
0
6
CONTINUOUS
100
AcDbText
10
0
20
-5
30
0
40
15
1
FT
50
0
41
1
7
STANDARD
72
1
11
0
21
-5
31
0
100
AcDbText
73
0
1001
CONDUITCAD
1000
{"id":"master-flow-transmitter-1"}
0
LINE
5
261
330
6BC
100
AcDbEntity
8
0
62
0
6
CONTINUOUS
100
AcDbLine
10
0
20
-26
30
0
11
0
21
-45
31
0
1001
CONDUITCAD
1000
{"id":"master-flow-transmitter-2"}
0
ENDBLK
5
7B4
330
6BC
100
AcDbEntity
8
0
100
AcDbBlockEnd
0
BLOCK
5
7B5
330
6BD
100
AcDbEntity
8
0
100
AcDbBlockBegin
2
CC_TEMPERATURE
70
0
10
0
20
0
30
0
3
CC_TEMPERATURE
1

1001
CONDUITCAD
1000
{"ports":[{"name":"sense","x":0,"y":-45,"dx":0,"dy":-1,"medium":"signal","role":"connection"}],"symbol":{"name":"Temperature sensor","category":"P&ID","labelOffset":67,"geometryRevision":3,"convention
1000
":"ISA-5.1 family","conformity":"Original master; not standards-certified","standardRefs":["ISA-5.1"],"group":"Field & panel instruments","normativeEntry":null,"review":{"level":"geometry-and-conventi
1000
on","dimensionalConformance":"not-verified","note":"Reviewed: silhouette, terminal positions, normal state and distinct function retained."},"aliases":["temperature"],"defaultLayer":"Equipment","exten
1000
ts":{"minX":-26,"minY":-45,"maxX":26,"maxY":25.970550818758205}}}
0
CIRCLE
5
262
330
6BD
100
AcDbEntity
8
0
62
0
6
CONTINUOUS
100
AcDbCircle
10
0
20
0
30
0
40
26
1001
CONDUITCAD
1000
{"id":"master-temperature-0"}
0
TEXT
5
263
330
6BD
100
AcDbEntity
8
0
62
0
6
CONTINUOUS
100
AcDbText
10
0
20
-5
30
0
40
15
1
TT
50
0
41
1
7
STANDARD
72
1
11
0
21
-5
31
0
100
AcDbText
73
0
1001
CONDUITCAD
1000
{"id":"master-temperature-1"}
0
LINE
5
264
330
6BD
100
AcDbEntity
8
0
62
0
6
CONTINUOUS
100
AcDbLine
10
0
20
-26
30
0
11
0
21
-45
31
0
1001
CONDUITCAD
1000
{"id":"master-temperature-2"}
0
ENDBLK
5
7B6
330
6BD
100
AcDbEntity
8
0
100
AcDbBlockEnd
0
BLOCK
5
7B7
330
6BE
100
AcDbEntity
8
0
100
AcDbBlockBegin
2
CC_LEVEL_TRANSMITTER
70
0
10
0
20
0
30
0
3
CC_LEVEL_TRANSMITTER
1

1001
CONDUITCAD
1000
{"ports":[{"name":"sense","x":-45,"y":0,"dx":-1,"dy":0,"medium":"signal","role":"connection"}],"symbol":{"name":"Level transmitter","category":"P&ID","labelOffset":48,"geometryRevision":3,"convention"
1000
:"ISA-5.1 family","conformity":"Original master; not standards-certified","standardRefs":["ISA-5.1"],"group":"Field & panel instruments","normativeEntry":null,"review":{"level":"geometry-and-conventio
1000
n","dimensionalConformance":"not-verified","note":"Reviewed: silhouette, terminal positions, normal state and distinct function retained."},"aliases":["level transmitter"],"defaultLayer":"Equipment","
1000
extents":{"minX":-45,"minY":-25.970550818758205,"maxX":26,"maxY":25.970550818758205}}}
0
CIRCLE
5
265
330
6BE
100
AcDbEntity
8
0
62
0
6
CONTINUOUS
100
AcDbCircle
10
0
20
0
30
0
40
26
1001
CONDUITCAD
1000
{"id":"master-level-transmitter-0"}
0
TEXT
5
266
330
6BE
100
AcDbEntity
8
0
62
0
6
CONTINUOUS
100
AcDbText
10
0
20
-5
30
0
40
15
1
LT
50
0
41
1
7
STANDARD
72
1
11
0
21
-5
31
0
100
AcDbText
73
0
1001
CONDUITCAD
1000
{"id":"master-level-transmitter-1"}
0
LINE
5
267
330
6BE
100
AcDbEntity
8
0
62
0
6
CONTINUOUS
100
AcDbLine
10
-26
20
0
30
0
11
-45
21
0
31
0
1001
CONDUITCAD
1000
{"id":"master-level-transmitter-2"}
0
ENDBLK
5
7B8
330
6BE
100
AcDbEntity
8
0
100
AcDbBlockEnd
0
BLOCK
5
7B9
330
6BF
100
AcDbEntity
8
0
100
AcDbBlockBegin
2
CC_REDUCER
70
0
10
0
20
0
30
0
3
CC_REDUCER
1

1001
CONDUITCAD
1000
{"ports":[{"name":"in","x":-45,"y":0,"dx":-1,"dy":0,"medium":"process","role":"connection"},{"name":"out","x":45,"y":0,"dx":1,"dy":0,"medium":"process","role":"connection"}],"symbol":{"name":"Concentr
1000
ic reducer","category":"P&ID","labelOffset":48,"geometryRevision":3,"convention":"ISO-10628-2 family","conformity":"Original master; not standards-certified","standardRefs":["ISO-10628-2"],"normativeE
1000
ntry":null,"review":{"level":"geometry-and-convention","dimensionalConformance":"not-verified","note":"Reviewed: silhouette, terminal positions, normal state and distinct function retained."},"group":
1000
"Equipment & instruments","aliases":["reducer"],"defaultLayer":"Equipment","extents":{"minX":-45,"minY":-20,"maxX":45,"maxY":20}}}
0
LINE
5
268
330
6BF
100
AcDbEntity
8
0
62
0
6
CONTINUOUS
100
AcDbLine
10
-45
20
0
30
0
11
-28
21
0
31
0
1001
CONDUITCAD
1000
{"id":"master-reducer-0"}
0
LWPOLYLINE
5
269
330
6BF
100
AcDbEntity
8
0
62
0
6
CONTINUOUS
100
AcDbPolyline
90
4
70
1
10
-28
20
-20
10
25
20
-10
10
25
20
10
10
-28
20
20
1001
CONDUITCAD
1000
{"id":"master-reducer-1"}
0
LINE
5
26A
330
6BF
100
AcDbEntity
8
0
62
0
6
CONTINUOUS
100
AcDbLine
10
25
20
0
30
0
11
45
21
0
31
0
1001
CONDUITCAD
1000
{"id":"master-reducer-2"}
0
ENDBLK
5
7BA
330
6BF
100
AcDbEntity
8
0
100
AcDbBlockEnd
0
BLOCK
5
7BB
330
6C0
100
AcDbEntity
8
0
100
AcDbBlockBegin
2
CC_FLANGE
70
0
10
0
20
0
30
0
3
CC_FLANGE
1

1001
CONDUITCAD
1000
{"ports":[{"name":"in","x":-45,"y":0,"dx":-1,"dy":0,"medium":"process","role":"connection"},{"name":"out","x":45,"y":0,"dx":1,"dy":0,"medium":"process","role":"connection"}],"symbol":{"name":"Flanged 
1000
joint","category":"P&ID","labelOffset":48,"geometryRevision":3,"convention":"ISO-10628-2 family","conformity":"Original master; not standards-certified","standardRefs":["ISO-10628-2"],"normativeEntry"
1000
:null,"review":{"level":"geometry-and-convention","dimensionalConformance":"not-verified","note":"Reviewed: silhouette, terminal positions, normal state and distinct function retained."},"group":"Equi
1000
pment & instruments","aliases":["flange"],"defaultLayer":"Equipment","extents":{"minX":-45,"minY":-23,"maxX":45,"maxY":23}}}
0
LINE
5
26B
330
6C0
100
AcDbEntity
8
0
62
0
6
CONTINUOUS
100
AcDbLine
10
-45
20
0
30
0
11
-5
21
0
31
0
1001
CONDUITCAD
1000
{"id":"master-flange-0"}
0
LINE
5
26C
330
6C0
100
AcDbEntity
8
0
62
0
6
CONTINUOUS
100
AcDbLine
10
5
20
0
30
0
11
45
21
0
31
0
1001
CONDUITCAD
1000
{"id":"master-flange-1"}
0
LINE
5
26D
330
6C0
100
AcDbEntity
8
0
62
0
6
CONTINUOUS
100
AcDbLine
10
-5
20
-23
30
0
11
-5
21
23
31
0
1001
CONDUITCAD
1000
{"id":"master-flange-2"}
0
LINE
5
26E
330
6C0
100
AcDbEntity
8
0
62
0
6
CONTINUOUS
100
AcDbLine
10
5
20
-23
30
0
11
5
21
23
31
0
1001
CONDUITCAD
1000
{"id":"master-flange-3"}
0
ENDBLK
5
7BC
330
6C0
100
AcDbEntity
8
0
100
AcDbBlockEnd
0
BLOCK
5
7BD
330
6C1
100
AcDbEntity
8
0
100
AcDbBlockBegin
2
CC_OFFPAGE
70
0
10
0
20
0
30
0
3
CC_OFFPAGE
1

1001
CONDUITCAD
1000
{"ports":[{"name":"in","x":-45,"y":0,"dx":-1,"dy":0,"medium":"process","role":"connection"},{"name":"out","x":45,"y":0,"dx":1,"dy":0,"medium":"process","role":"connection"}],"symbol":{"name":"Off-page
1000
 connector","category":"P&ID","labelOffset":48,"geometryRevision":3,"convention":"ISO-10628-2 family","conformity":"Original master; not standards-certified","standardRefs":["ISO-10628-2"],"normativeE
1000
ntry":null,"review":{"level":"geometry-and-convention","dimensionalConformance":"not-verified","note":"Reviewed: silhouette, terminal positions, normal state and distinct function retained."},"group":
1000
"Equipment & instruments","aliases":["offpage"],"defaultLayer":"Equipment","extents":{"minX":-45,"minY":-17,"maxX":45,"maxY":17}}}
0
LWPOLYLINE
5
26F
330
6C1
100
AcDbEntity
8
0
62
0
6
CONTINUOUS
100
AcDbPolyline
90
5
70
1
10
-40
20
-17
10
24
20
-17
10
44
20
0
10
24
20
17
10
-40
20
17
1001
CONDUITCAD
1000
{"id":"master-offpage-0"}
0
LINE
5
270
330
6C1
100
AcDbEntity
8
0
62
0
6
CONTINUOUS
100
AcDbLine
10
-45
20
0
30
0
11
-40
21
0
31
0
1001
CONDUITCAD
1000
{"id":"master-offpage-1"}
0
LINE
5
271
330
6C1
100
AcDbEntity
8
0
62
0
6
CONTINUOUS
100
AcDbLine
10
44
20
0
30
0
11
45
21
0
31
0
1001
CONDUITCAD
1000
{"id":"master-offpage-2"}
0
TEXT
5
272
330
6C1
100
AcDbEntity
8
0
62
0
6
CONTINUOUS
100
AcDbText
10
-4
20
-5
30
0
40
13
1
PW
50
0
41
1
7
STANDARD
72
1
11
-4
21
-5
31
0
100
AcDbText
73
0
1001
CONDUITCAD
1000
{"id":"master-offpage-3"}
0
ENDBLK
5
7BE
330
6C1
100
AcDbEntity
8
0
100
AcDbBlockEnd
0
BLOCK
5
7BF
330
6C2
100
AcDbEntity
8
0
100
AcDbBlockBegin
2
CC_RESISTOR
70
0
10
0
20
0
30
0
3
CC_RESISTOR
1

1001
CONDUITCAD
1000
{"ports":[{"name":"in","x":-45,"y":0,"dx":-1,"dy":0,"medium":"electrical","role":"connection"},{"name":"out","x":45,"y":0,"dx":1,"dy":0,"medium":"electrical","role":"connection"}],"symbol":{"name":"Re
1000
sistor \u00b7 zigzag alternative","category":"Electrical","labelOffset":48,"geometryRevision":3,"convention":"ANSI/IEEE-style zigzag alternative","conformity":"Original master; not standards-certified
1000
","standardRefs":["PROJECT"],"representation":"zigzag alternative","normativeEntry":null,"review":{"level":"geometry-and-convention","dimensionalConformance":"not-verified","note":"Zigzag alternative 
1000
explicitly separated from the IEC rectangular form."},"group":"Components","aliases":["resistor"],"defaultLayer":"Electrical","extents":{"minX":-45,"minY":-12,"maxX":45,"maxY":12}}}
0
LINE
5
273
330
6C2
100
AcDbEntity
8
0
62
0
6
CONTINUOUS
100
AcDbLine
10
-45
20
0
30
0
11
-25
21
0
31
0
1001
CONDUITCAD
1000
{"id":"master-resistor-0"}
0
LINE
5
274
330
6C2
100
AcDbEntity
8
0
62
0
6
CONTINUOUS
100
AcDbLine
10
25
20
0
30
0
11
45
21
0
31
0
1001
CONDUITCAD
1000
{"id":"master-resistor-1"}
0
LWPOLYLINE
5
275
330
6C2
100
AcDbEntity
8
0
62
0
6
CONTINUOUS
100
AcDbPolyline
90
7
70
0
10
-25
20
0
10
-19
20
12
10
-10
20
-12
10
0
20
12
10
10
20
-12
10
19
20
12
10
25
20
0
1001
CONDUITCAD
1000
{"id":"master-resistor-2"}
0
ENDBLK
5
7C0
330
6C2
100
AcDbEntity
8
0
100
AcDbBlockEnd
0
BLOCK
5
7C1
330
6C3
100
AcDbEntity
8
0
100
AcDbBlockBegin
2
CC_RESISTOR_IEC
70
0
10
0
20
0
30
0
3
CC_RESISTOR_IEC
1

1001
CONDUITCAD
1000
{"ports":[{"name":"in","x":-45,"y":0,"dx":-1,"dy":0,"medium":"electrical","role":"connection"},{"name":"out","x":45,"y":0,"dx":1,"dy":0,"medium":"electrical","role":"connection"}],"symbol":{"name":"Re
1000
sistor \u00b7 IEC rectangle","category":"Electrical","labelOffset":48,"geometryRevision":3,"convention":"IEC-60617 family","conformity":"Original master; not standards-certified","standardRefs":["IEC-
1000
60617"],"normativeEntry":null,"review":{"level":"geometry-and-convention","dimensionalConformance":"not-verified","note":"Reviewed: silhouette, terminal positions, normal state and distinct function r
1000
etained."},"group":"Components","aliases":["resistor iec"],"defaultLayer":"Electrical","extents":{"minX":-45,"minY":-11,"maxX":45,"maxY":11}}}
0
LINE
5
276
330
6C3
100
AcDbEntity
8
0
62
0
6
CONTINUOUS
100
AcDbLine
10
-45
20
0
30
0
11
-25
21
0
31
0
1001
CONDUITCAD
1000
{"id":"master-resistor-iec-0"}
0
LINE
5
277
330
6C3
100
AcDbEntity
8
0
62
0
6
CONTINUOUS
100
AcDbLine
10
25
20
0
30
0
11
45
21
0
31
0
1001
CONDUITCAD
1000
{"id":"master-resistor-iec-1"}
0
LWPOLYLINE
5
278
330
6C3
100
AcDbEntity
8
0
62
0
6
CONTINUOUS
100
AcDbPolyline
90
4
70
1
10
-25
20
-11
10
25
20
-11
10
25
20
11
10
-25
20
11
1001
CONDUITCAD
1000
{"id":"master-resistor-iec-2"}
0
ENDBLK
5
7C2
330
6C3
100
AcDbEntity
8
0
100
AcDbBlockEnd
0
BLOCK
5
7C3
330
6C4
100
AcDbEntity
8
0
100
AcDbBlockBegin
2
CC_CAPACITOR
70
0
10
0
20
0
30
0
3
CC_CAPACITOR
1

1001
CONDUITCAD
1000
{"ports":[{"name":"in","x":-45,"y":0,"dx":-1,"dy":0,"medium":"electrical","role":"connection"},{"name":"out","x":45,"y":0,"dx":1,"dy":0,"medium":"electrical","role":"connection"}],"symbol":{"name":"Ca
1000
pacitor","category":"Electrical","labelOffset":48,"geometryRevision":3,"convention":"IEC-60617 family","conformity":"Original master; not standards-certified","standardRefs":["IEC-60617"],"normativeEn
1000
try":null,"review":{"level":"geometry-and-convention","dimensionalConformance":"not-verified","note":"Reviewed: silhouette, terminal positions, normal state and distinct function retained."},"group":"
1000
Components","aliases":["capacitor"],"defaultLayer":"Electrical","extents":{"minX":-45,"minY":-25,"maxX":45,"maxY":25}}}
0
LINE
5
279
330
6C4
100
AcDbEntity
8
0
62
0
6
CONTINUOUS
100
AcDbLine
10
-45
20
0
30
0
11
-6
21
0
31
0
1001
CONDUITCAD
1000
{"id":"master-capacitor-0"}
0
LINE
5
27A
330
6C4
100
AcDbEntity
8
0
62
0
6
CONTINUOUS
100
AcDbLine
10
6
20
0
30
0
11
45
21
0
31
0
1001
CONDUITCAD
1000
{"id":"master-capacitor-1"}
0
LINE
5
27B
330
6C4
100
AcDbEntity
8
0
62
0
6
CONTINUOUS
100
AcDbLine
10
-6
20
-25
30
0
11
-6
21
25
31
0
1001
CONDUITCAD
1000
{"id":"master-capacitor-2"}
0
LINE
5
27C
330
6C4
100
AcDbEntity
8
0
62
0
6
CONTINUOUS
100
AcDbLine
10
6
20
-25
30
0
11
6
21
25
31
0
1001
CONDUITCAD
1000
{"id":"master-capacitor-3"}
0
ENDBLK
5
7C4
330
6C4
100
AcDbEntity
8
0
100
AcDbBlockEnd
0
BLOCK
5
7C5
330
6C5
100
AcDbEntity
8
0
100
AcDbBlockBegin
2
CC_INDUCTOR
70
0
10
0
20
0
30
0
3
CC_INDUCTOR
1

1001
CONDUITCAD
1000
{"ports":[{"name":"in","x":-45,"y":0,"dx":-1,"dy":0,"medium":"electrical","role":"connection"},{"name":"out","x":45,"y":0,"dx":1,"dy":0,"medium":"electrical","role":"connection"}],"symbol":{"name":"In
1000
ductor","category":"Electrical","labelOffset":48,"geometryRevision":3,"convention":"IEC-60617 family","conformity":"Original master; not standards-certified","standardRefs":["IEC-60617"],"normativeEnt
1000
ry":null,"review":{"level":"geometry-and-convention","dimensionalConformance":"not-verified","note":"Coil turns are analytic arcs rather than pre-tessellated polylines."},"group":"Components","aliases
1000
":["inductor"],"defaultLayer":"Electrical","extents":{"minX":-45,"minY":0,"maxX":45,"maxY":7.5}}}
0
LINE
5
27D
330
6C5
100
AcDbEntity
8
0
62
0
6
CONTINUOUS
100
AcDbLine
10
-45
20
0
30
0
11
-30
21
0
31
0
1001
CONDUITCAD
1000
{"id":"master-inductor-0"}
0
LINE
5
27E
330
6C5
100
AcDbEntity
8
0
62
0
6
CONTINUOUS
100
AcDbLine
10
30
20
0
30
0
11
45
21
0
31
0
1001
CONDUITCAD
1000
{"id":"master-inductor-1"}
0
ARC
5
27F
330
6C5
100
AcDbEntity
8
0
62
0
6
CONTINUOUS
100
AcDbCircle
10
-22.5
20
0
30
0
40
7.5
100
AcDbArc
50
0
51
180
1001
CONDUITCAD
1000
{"id":"master-inductor-2"}
0
ARC
5
280
330
6C5
100
AcDbEntity
8
0
62
0
6
CONTINUOUS
100
AcDbCircle
10
-7.5
20
0
30
0
40
7.5
100
AcDbArc
50
0
51
180
1001
CONDUITCAD
1000
{"id":"master-inductor-3"}
0
ARC
5
281
330
6C5
100
AcDbEntity
8
0
62
0
6
CONTINUOUS
100
AcDbCircle
10
7.5
20
0
30
0
40
7.5
100
AcDbArc
50
0
51
180
1001
CONDUITCAD
1000
{"id":"master-inductor-4"}
0
ARC
5
282
330
6C5
100
AcDbEntity
8
0
62
0
6
CONTINUOUS
100
AcDbCircle
10
22.5
20
0
30
0
40
7.5
100
AcDbArc
50
0
51
180
1001
CONDUITCAD
1000
{"id":"master-inductor-5"}
0
ENDBLK
5
7C6
330
6C5
100
AcDbEntity
8
0
100
AcDbBlockEnd
0
BLOCK
5
7C7
330
6C6
100
AcDbEntity
8
0
100
AcDbBlockBegin
2
CC_DIODE
70
0
10
0
20
0
30
0
3
CC_DIODE
1

1001
CONDUITCAD
1000
{"ports":[{"name":"in","x":-45,"y":0,"dx":-1,"dy":0,"medium":"electrical","role":"connection"},{"name":"out","x":45,"y":0,"dx":1,"dy":0,"medium":"electrical","role":"connection"}],"symbol":{"name":"Di
1000
ode","category":"Electrical","labelOffset":48,"geometryRevision":3,"convention":"IEC-60617 family","conformity":"Original master; not standards-certified","standardRefs":["IEC-60617"],"normativeEntry"
1000
:null,"review":{"level":"geometry-and-convention","dimensionalConformance":"not-verified","note":"Reviewed: silhouette, terminal positions, normal state and distinct function retained."},"group":"Comp
1000
onents","aliases":["diode"],"defaultLayer":"Electrical","extents":{"minX":-45,"minY":-24,"maxX":45,"maxY":24}}}
0
LINE
5
283
330
6C6
100
AcDbEntity
8
0
62
0
6
CONTINUOUS
100
AcDbLine
10
-45
20
0
30
0
11
-22
21
0
31
0
1001
CONDUITCAD
1000
{"id":"master-diode-0"}
0
LWPOLYLINE
5
284
330
6C6
100
AcDbEntity
8
0
62
0
6
CONTINUOUS
100
AcDbPolyline
90
3
70
1
10
-22
20
-22
10
22
20
0
10
-22
20
22
1001
CONDUITCAD
1000
{"id":"master-diode-1"}
0
LINE
5
285
330
6C6
100
AcDbEntity
8
0
62
0
6
CONTINUOUS
100
AcDbLine
10
22
20
-24
30
0
11
22
21
24
31
0
1001
CONDUITCAD
1000
{"id":"master-diode-2"}
0
LINE
5
286
330
6C6
100
AcDbEntity
8
0
62
0
6
CONTINUOUS
100
AcDbLine
10
22
20
0
30
0
11
45
21
0
31
0
1001
CONDUITCAD
1000
{"id":"master-diode-3"}
0
ENDBLK
5
7C8
330
6C6
100
AcDbEntity
8
0
100
AcDbBlockEnd
0
BLOCK
5
7C9
330
6C7
100
AcDbEntity
8
0
100
AcDbBlockBegin
2
CC_LED
70
0
10
0
20
0
30
0
3
CC_LED
1

1001
CONDUITCAD
1000
{"ports":[{"name":"in","x":-45,"y":0,"dx":-1,"dy":0,"medium":"electrical","role":"connection"},{"name":"out","x":45,"y":0,"dx":1,"dy":0,"medium":"electrical","role":"connection"}],"symbol":{"name":"LE
1000
D","category":"Electrical","labelOffset":48,"geometryRevision":3,"convention":"IEC-60617 family","conformity":"Original master; not standards-certified","standardRefs":["IEC-60617"],"normativeEntry":n
1000
ull,"review":{"level":"geometry-and-convention","dimensionalConformance":"not-verified","note":"Reviewed: silhouette, terminal positions, normal state and distinct function retained."},"group":"Compon
1000
ents","aliases":["led"],"defaultLayer":"Electrical","extents":{"minX":-45,"minY":-24,"maxX":45,"maxY":47}}}
0
LINE
5
287
330
6C7
100
AcDbEntity
8
0
62
0
6
CONTINUOUS
100
AcDbLine
10
-45
20
0
30
0
11
-22
21
0
31
0
1001
CONDUITCAD
1000
{"id":"master-led-0"}
0
LWPOLYLINE
5
288
330
6C7
100
AcDbEntity
8
0
62
0
6
CONTINUOUS
100
AcDbPolyline
90
3
70
1
10
-22
20
-22
10
22
20
0
10
-22
20
22
1001
CONDUITCAD
1000
{"id":"master-led-1"}
0
LINE
5
289
330
6C7
100
AcDbEntity
8
0
62
0
6
CONTINUOUS
100
AcDbLine
10
22
20
-24
30
0
11
22
21
24
31
0
1001
CONDUITCAD
1000
{"id":"master-led-2"}
0
LINE
5
28A
330
6C7
100
AcDbEntity
8
0
62
0
6
CONTINUOUS
100
AcDbLine
10
22
20
0
30
0
11
45
21
0
31
0
1001
CONDUITCAD
1000
{"id":"master-led-3"}
0
LINE
5
28B
330
6C7
100
AcDbEntity
8
0
62
0
6
CONTINUOUS
100
AcDbLine
10
4
20
27
30
0
11
24
21
47
31
0
1001
CONDUITCAD
1000
{"id":"master-led-4"}
0
LWPOLYLINE
5
28C
330
6C7
100
AcDbEntity
8
0
62
0
6
CONTINUOUS
100
AcDbPolyline
90
3
70
0
10
15
20
45
10
24
20
47
10
22
20
38
1001
CONDUITCAD
1000
{"id":"master-led-5"}
0
LINE
5
28D
330
6C7
100
AcDbEntity
8
0
62
0
6
CONTINUOUS
100
AcDbLine
10
18
20
22
30
0
11
38
21
42
31
0
1001
CONDUITCAD
1000
{"id":"master-led-6"}
0
LWPOLYLINE
5
28E
330
6C7
100
AcDbEntity
8
0
62
0
6
CONTINUOUS
100
AcDbPolyline
90
3
70
0
10
29
20
40
10
38
20
42
10
36
20
33
1001
CONDUITCAD
1000
{"id":"master-led-7"}
0
ENDBLK
5
7CA
330
6C7
100
AcDbEntity
8
0
100
AcDbBlockEnd
0
BLOCK
5
7CB
330
6C8
100
AcDbEntity
8
0
100
AcDbBlockBegin
2
CC_SWITCH
70
0
10
0
20
0
30
0
3
CC_SWITCH
1

1001
CONDUITCAD
1000
{"ports":[{"name":"in","x":-45,"y":0,"dx":-1,"dy":0,"medium":"electrical","role":"connection"},{"name":"out","x":45,"y":0,"dx":1,"dy":0,"medium":"electrical","role":"connection"}],"symbol":{"name":"Sw
1000
itch \u00b7 normally open","category":"Electrical","labelOffset":48,"geometryRevision":3,"convention":"IEC-60617 family","conformity":"Original master; not standards-certified","standardRefs":["IEC-60
1000
617"],"normativeEntry":null,"review":{"level":"geometry-and-convention","dimensionalConformance":"not-verified","note":"Reviewed: silhouette, terminal positions, normal state and distinct function ret
1000
ained."},"group":"Components","aliases":["switch"],"defaultLayer":"Electrical","extents":{"minX":-45,"minY":-2.993006307571618,"maxX":45,"maxY":26}}}
0
LINE
5
28F
330
6C8
100
AcDbEntity
8
0
62
0
6
CONTINUOUS
100
AcDbLine
10
-45
20
0
30
0
11
-23
21
0
31
0
1001
CONDUITCAD
1000
{"id":"master-switch-0"}
0
LINE
5
290
330
6C8
100
AcDbEntity
8
0
62
0
6
CONTINUOUS
100
AcDbLine
10
23
20
0
30
0
11
45
21
0
31
0
1001
CONDUITCAD
1000
{"id":"master-switch-1"}
0
CIRCLE
5
291
330
6C8
100
AcDbEntity
8
0
62
0
6
CONTINUOUS
100
AcDbCircle
10
-22
20
0
30
0
40
3
1001
CONDUITCAD
1000
{"id":"master-switch-2"}
0
CIRCLE
5
292
330
6C8
100
AcDbEntity
8
0
62
0
6
CONTINUOUS
100
AcDbCircle
10
22
20
0
30
0
40
3
1001
CONDUITCAD
1000
{"id":"master-switch-3"}
0
LINE
5
293
330
6C8
100
AcDbEntity
8
0
62
0
6
CONTINUOUS
100
AcDbLine
10
-20
20
2
30
0
11
19
21
26
31
0
1001
CONDUITCAD
1000
{"id":"master-switch-4"}
0
ENDBLK
5
7CC
330
6C8
100
AcDbEntity
8
0
100
AcDbBlockEnd
0
BLOCK
5
7CD
330
6C9
100
AcDbEntity
8
0
100
AcDbBlockBegin
2
CC_SWITCH_NC
70
0
10
0
20
0
30
0
3
CC_SWITCH_NC
1

1001
CONDUITCAD
1000
{"ports":[{"name":"in","x":-45,"y":0,"dx":-1,"dy":0,"medium":"electrical","role":"connection"},{"name":"out","x":45,"y":0,"dx":1,"dy":0,"medium":"electrical","role":"connection"}],"symbol":{"name":"Sw
1000
itch \u00b7 normally closed","category":"Electrical","labelOffset":48,"geometryRevision":3,"convention":"IEC-60617 family","conformity":"Original master; not standards-certified","standardRefs":["IEC-
1000
60617"],"normativeEntry":null,"review":{"level":"geometry-and-convention","dimensionalConformance":"not-verified","note":"Reviewed: silhouette, terminal positions, normal state and distinct function r
1000
etained."},"group":"Components","aliases":["switch nc"],"defaultLayer":"Electrical","extents":{"minX":-45,"minY":-2.993006307571618,"maxX":45,"maxY":23}}}
0
LINE
5
294
330
6C9
100
AcDbEntity
8
0
62
0
6
CONTINUOUS
100
AcDbLine
10
-45
20
0
30
0
11
-23
21
0
31
0
1001
CONDUITCAD
1000
{"id":"master-switch-nc-0"}
0
LINE
5
295
330
6C9
100
AcDbEntity
8
0
62
0
6
CONTINUOUS
100
AcDbLine
10
23
20
0
30
0
11
45
21
0
31
0
1001
CONDUITCAD
1000
{"id":"master-switch-nc-1"}
0
CIRCLE
5
296
330
6C9
100
AcDbEntity
8
0
62
0
6
CONTINUOUS
100
AcDbCircle
10
-22
20
0
30
0
40
3
1001
CONDUITCAD
1000
{"id":"master-switch-nc-2"}
0
CIRCLE
5
297
330
6C9
100
AcDbEntity
8
0
62
0
6
CONTINUOUS
100
AcDbCircle
10
22
20
0
30
0
40
3
1001
CONDUITCAD
1000
{"id":"master-switch-nc-3"}
0
LINE
5
298
330
6C9
100
AcDbEntity
8
0
62
0
6
CONTINUOUS
100
AcDbLine
10
-20
20
2
30
0
11
21
21
2
31
0
1001
CONDUITCAD
1000
{"id":"master-switch-nc-4"}
0
LINE
5
299
330
6C9
100
AcDbEntity
8
0
62
0
6
CONTINUOUS
100
AcDbLine
10
0
20
2
30
0
11
0
21
23
31
0
1001
CONDUITCAD
1000
{"id":"master-switch-nc-5"}
0
ENDBLK
5
7CE
330
6C9
100
AcDbEntity
8
0
100
AcDbBlockEnd
0
BLOCK
5
7CF
330
6CA
100
AcDbEntity
8
0
100
AcDbBlockBegin
2
CC_FUSE
70
0
10
0
20
0
30
0
3
CC_FUSE
1

1001
CONDUITCAD
1000
{"ports":[{"name":"in","x":-45,"y":0,"dx":-1,"dy":0,"medium":"electrical","role":"connection"},{"name":"out","x":45,"y":0,"dx":1,"dy":0,"medium":"electrical","role":"connection"}],"symbol":{"name":"Fu
1000
se","category":"Electrical","labelOffset":48,"geometryRevision":3,"convention":"IEC-60617 family","conformity":"Original master; not standards-certified","standardRefs":["IEC-60617"],"normativeEntry":
1000
null,"review":{"level":"geometry-and-convention","dimensionalConformance":"not-verified","note":"Reviewed: silhouette, terminal positions, normal state and distinct function retained."},"group":"Compo
1000
nents","aliases":["fuse"],"defaultLayer":"Electrical","extents":{"minX":-45,"minY":-10,"maxX":45,"maxY":10}}}
0
LINE
5
29A
330
6CA
100
AcDbEntity
8
0
62
0
6
CONTINUOUS
100
AcDbLine
10
-45
20
0
30
0
11
45
21
0
31
0
1001
CONDUITCAD
1000
{"id":"master-fuse-0"}
0
LWPOLYLINE
5
29B
330
6CA
100
AcDbEntity
8
0
62
0
6
CONTINUOUS
100
AcDbPolyline
90
4
70
1
10
-24
20
-10
10
24
20
-10
10
24
20
10
10
-24
20
10
1001
CONDUITCAD
1000
{"id":"master-fuse-1"}
0
ENDBLK
5
7D0
330
6CA
100
AcDbEntity
8
0
100
AcDbBlockEnd
0
BLOCK
5
7D1
330
6CB
100
AcDbEntity
8
0
100
AcDbBlockBegin
2
CC_RELAY
70
0
10
0
20
0
30
0
3
CC_RELAY
1

1001
CONDUITCAD
1000
{"ports":[{"name":"in","x":-45,"y":0,"dx":-1,"dy":0,"medium":"electrical","role":"connection"},{"name":"out","x":45,"y":0,"dx":1,"dy":0,"medium":"electrical","role":"connection"}],"symbol":{"name":"Re
1000
lay coil","category":"Electrical","labelOffset":48,"geometryRevision":3,"convention":"IEC-60617 family","conformity":"Original master; not standards-certified","standardRefs":["IEC-60617"],"normativeE
1000
ntry":null,"review":{"level":"geometry-and-convention","dimensionalConformance":"not-verified","note":"Plain coil rectangle; remove diagonal that implied a different actuator."},"group":"Components","
1000
aliases":["relay"],"defaultLayer":"Electrical","extents":{"minX":-45,"minY":-18,"maxX":45,"maxY":18}}}
0
LINE
5
29C
330
6CB
100
AcDbEntity
8
0
62
0
6
CONTINUOUS
100
AcDbLine
10
-45
20
0
30
0
11
-25
21
0
31
0
1001
CONDUITCAD
1000
{"id":"master-relay-0"}
0
LINE
5
29D
330
6CB
100
AcDbEntity
8
0
62
0
6
CONTINUOUS
100
AcDbLine
10
25
20
0
30
0
11
45
21
0
31
0
1001
CONDUITCAD
1000
{"id":"master-relay-1"}
0
LWPOLYLINE
5
29E
330
6CB
100
AcDbEntity
8
0
62
0
6
CONTINUOUS
100
AcDbPolyline
90
4
70
1
10
-25
20
-18
10
25
20
-18
10
25
20
18
10
-25
20
18
1001
CONDUITCAD
1000
{"id":"master-relay-2"}
0
ENDBLK
5
7D2
330
6CB
100
AcDbEntity
8
0
100
AcDbBlockEnd
0
BLOCK
5
7D3
330
6CC
100
AcDbEntity
8
0
100
AcDbBlockBegin
2
CC_MOTOR
70
0
10
0
20
0
30
0
3
CC_MOTOR
1

1001
CONDUITCAD
1000
{"ports":[{"name":"in","x":-45,"y":0,"dx":-1,"dy":0,"medium":"electrical","role":"connection"},{"name":"out","x":45,"y":0,"dx":1,"dy":0,"medium":"electrical","role":"connection"},{"name":"top","x":0,"
1000
y":45,"dx":0,"dy":1,"medium":"electrical","role":"connection"},{"name":"bottom","x":0,"y":-45,"dx":0,"dy":-1,"medium":"electrical","role":"connection"}],"symbol":{"name":"Motor","category":"Electrical
1000
","labelOffset":67,"geometryRevision":3,"convention":"IEC-60617 family","conformity":"Original master; not standards-certified","standardRefs":["IEC-60617"],"normativeEntry":null,"review":{"level":"ge
1000
ometry-and-convention","dimensionalConformance":"not-verified","note":"Reviewed: silhouette, terminal positions, normal state and distinct function retained."},"group":"Components","aliases":["motor"]
1000
,"defaultLayer":"Electrical","extents":{"minX":-45,"minY":-45,"maxX":45,"maxY":45}}}
0
LINE
5
29F
330
6CC
100
AcDbEntity
8
0
62
0
6
CONTINUOUS
100
AcDbLine
10
-45
20
0
30
0
11
-29
21
0
31
0
1001
CONDUITCAD
1000
{"id":"master-motor-0"}
0
LINE
5
2A0
330
6CC
100
AcDbEntity
8
0
62
0
6
CONTINUOUS
100
AcDbLine
10
29
20
0
30
0
11
45
21
0
31
0
1001
CONDUITCAD
1000
{"id":"master-motor-1"}
0
LINE
5
2A1
330
6CC
100
AcDbEntity
8
0
62
0
6
CONTINUOUS
100
AcDbLine
10
0
20
29
30
0
11
0
21
45
31
0
1001
CONDUITCAD
1000
{"id":"master-motor-2"}
0
LINE
5
2A2
330
6CC
100
AcDbEntity
8
0
62
0
6
CONTINUOUS
100
AcDbLine
10
0
20
-29
30
0
11
0
21
-45
31
0
1001
CONDUITCAD
1000
{"id":"master-motor-3"}
0
CIRCLE
5
2A3
330
6CC
100
AcDbEntity
8
0
62
0
6
CONTINUOUS
100
AcDbCircle
10
0
20
0
30
0
40
29
1001
CONDUITCAD
1000
{"id":"master-motor-4"}
0
TEXT
5
2A4
330
6CC
100
AcDbEntity
8
0
62
0
6
CONTINUOUS
100
AcDbText
10
0
20
-7
30
0
40
22
1
M
50
0
41
1
7
STANDARD
72
1
11
0
21
-7
31
0
100
AcDbText
73
0
1001
CONDUITCAD
1000
{"id":"master-motor-5"}
0
ENDBLK
5
7D4
330
6CC
100
AcDbEntity
8
0
100
AcDbBlockEnd
0
BLOCK
5
7D5
330
6CD
100
AcDbEntity
8
0
100
AcDbBlockBegin
2
CC_GENERATOR
70
0
10
0
20
0
30
0
3
CC_GENERATOR
1

1001
CONDUITCAD
1000
{"ports":[{"name":"in","x":-45,"y":0,"dx":-1,"dy":0,"medium":"electrical","role":"connection"},{"name":"out","x":45,"y":0,"dx":1,"dy":0,"medium":"electrical","role":"connection"},{"name":"top","x":0,"
1000
y":45,"dx":0,"dy":1,"medium":"electrical","role":"connection"},{"name":"bottom","x":0,"y":-45,"dx":0,"dy":-1,"medium":"electrical","role":"connection"}],"symbol":{"name":"Generator","category":"Electr
1000
ical","labelOffset":67,"geometryRevision":3,"convention":"IEC-60617 family","conformity":"Original master; not standards-certified","standardRefs":["IEC-60617"],"normativeEntry":null,"review":{"level"
1000
:"geometry-and-convention","dimensionalConformance":"not-verified","note":"Reviewed: silhouette, terminal positions, normal state and distinct function retained."},"group":"Components","aliases":["gen
1000
erator"],"defaultLayer":"Electrical","extents":{"minX":-45,"minY":-45,"maxX":45,"maxY":45}}}
0
LINE
5
2A5
330
6CD
100
AcDbEntity
8
0
62
0
6
CONTINUOUS
100
AcDbLine
10
-45
20
0
30
0
11
-29
21
0
31
0
1001
CONDUITCAD
1000
{"id":"master-generator-0"}
0
LINE
5
2A6
330
6CD
100
AcDbEntity
8
0
62
0
6
CONTINUOUS
100
AcDbLine
10
29
20
0
30
0
11
45
21
0
31
0
1001
CONDUITCAD
1000
{"id":"master-generator-1"}
0
LINE
5
2A7
330
6CD
100
AcDbEntity
8
0
62
0
6
CONTINUOUS
100
AcDbLine
10
0
20
29
30
0
11
0
21
45
31
0
1001
CONDUITCAD
1000
{"id":"master-generator-2"}
0
LINE
5
2A8
330
6CD
100
AcDbEntity
8
0
62
0
6
CONTINUOUS
100
AcDbLine
10
0
20
-29
30
0
11
0
21
-45
31
0
1001
CONDUITCAD
1000
{"id":"master-generator-3"}
0
CIRCLE
5
2A9
330
6CD
100
AcDbEntity
8
0
62
0
6
CONTINUOUS
100
AcDbCircle
10
0
20
0
30
0
40
29
1001
CONDUITCAD
1000
{"id":"master-generator-4"}
0
TEXT
5
2AA
330
6CD
100
AcDbEntity
8
0
62
0
6
CONTINUOUS
100
AcDbText
10
0
20
-7
30
0
40
22
1
G
50
0
41
1
7
STANDARD
72
1
11
0
21
-7
31
0
100
AcDbText
73
0
1001
CONDUITCAD
1000
{"id":"master-generator-5"}
0
ENDBLK
5
7D6
330
6CD
100
AcDbEntity
8
0
100
AcDbBlockEnd
0
BLOCK
5
7D7
330
6CE
100
AcDbEntity
8
0
100
AcDbBlockBegin
2
CC_TRANSFORMER
70
0
10
0
20
0
30
0
3
CC_TRANSFORMER
1

1001
CONDUITCAD
1000
{"ports":[{"name":"in","x":-45,"y":0,"dx":-1,"dy":0,"medium":"electrical","role":"connection"},{"name":"out","x":45,"y":0,"dx":1,"dy":0,"medium":"electrical","role":"connection"}],"symbol":{"name":"Tr
1000
ansformer","category":"Electrical","labelOffset":48,"geometryRevision":3,"convention":"IEC-60617 family","conformity":"Original master; not standards-certified","representation":"single-line","aliases
1000
":["single line transformer","power transformer","transformer"],"standardRefs":["IEC-60617"],"normativeEntry":null,"review":{"level":"geometry-and-convention","dimensionalConformance":"not-verified","
1000
note":"Single-line transformer form uses intersecting winding circles, not circles mixed with a two-winding core schematic."},"group":"Components","defaultLayer":"Electrical","extents":{"minX":-45,"mi
1000
nY":-17.992659470907405,"maxX":45,"maxY":17.992659470907405}}}
0
LINE
5
2AB
330
6CE
100
AcDbEntity
8
0
62
0
6
CONTINUOUS
100
AcDbLine
10
-45
20
0
30
0
11
-32
21
0
31
0
1001
CONDUITCAD
1000
{"id":"master-transformer-0"}
0
LINE
5
2AC
330
6CE
100
AcDbEntity
8
0
62
0
6
CONTINUOUS
100
AcDbLine
10
32
20
0
30
0
11
45
21
0
31
0
1001
CONDUITCAD
1000
{"id":"master-transformer-1"}
0
CIRCLE
5
2AD
330
6CE
100
AcDbEntity
8
0
62
0
6
CONTINUOUS
100
AcDbCircle
10
-14
20
0
30
0
40
18
1001
CONDUITCAD
1000
{"id":"master-transformer-2"}
0
CIRCLE
5
2AE
330
6CE
100
AcDbEntity
8
0
62
0
6
CONTINUOUS
100
AcDbCircle
10
14
20
0
30
0
40
18
1001
CONDUITCAD
1000
{"id":"master-transformer-3"}
0
ENDBLK
5
7D8
330
6CE
100
AcDbEntity
8
0
100
AcDbBlockEnd
0
BLOCK
5
7D9
330
6CF
100
AcDbEntity
8
0
100
AcDbBlockBegin
2
CC_GROUND
70
0
10
0
20
0
30
0
3
CC_GROUND
1

1001
CONDUITCAD
1000
{"ports":[{"name":"terminal","x":0,"y":40,"dx":0,"dy":1,"medium":"electrical","role":"connection"}],"symbol":{"name":"Protective earth","category":"Electrical","labelOffset":48,"geometryRevision":3,"c
1000
onvention":"IEC-60617 family","conformity":"Original master; not standards-certified","standardRefs":["IEC-60617"],"normativeEntry":null,"review":{"level":"geometry-and-convention","dimensionalConform
1000
ance":"not-verified","note":"Reviewed: silhouette, terminal positions, normal state and distinct function retained."},"group":"Components","aliases":["ground"],"defaultLayer":"Electrical","extents":{"
1000
minX":-26,"minY":-15,"maxX":26,"maxY":40}}}
0
LINE
5
2AF
330
6CF
100
AcDbEntity
8
0
62
0
6
CONTINUOUS
100
AcDbLine
10
0
20
40
30
0
11
0
21
5
31
0
1001
CONDUITCAD
1000
{"id":"master-ground-0"}
0
LINE
5
2B0
330
6CF
100
AcDbEntity
8
0
62
0
6
CONTINUOUS
100
AcDbLine
10
-26
20
5
30
0
11
26
21
5
31
0
1001
CONDUITCAD
1000
{"id":"master-ground-1"}
0
LINE
5
2B1
330
6CF
100
AcDbEntity
8
0
62
0
6
CONTINUOUS
100
AcDbLine
10
-17
20
-5
30
0
11
17
21
-5
31
0
1001
CONDUITCAD
1000
{"id":"master-ground-2"}
0
LINE
5
2B2
330
6CF
100
AcDbEntity
8
0
62
0
6
CONTINUOUS
100
AcDbLine
10
-8
20
-15
30
0
11
8
21
-15
31
0
1001
CONDUITCAD
1000
{"id":"master-ground-3"}
0
ENDBLK
5
7DA
330
6CF
100
AcDbEntity
8
0
100
AcDbBlockEnd
0
BLOCK
5
7DB
330
6D0
100
AcDbEntity
8
0
100
AcDbBlockBegin
2
CC_BATTERY
70
0
10
0
20
0
30
0
3
CC_BATTERY
1

1001
CONDUITCAD
1000
{"ports":[{"name":"in","x":-45,"y":0,"dx":-1,"dy":0,"medium":"electrical","role":"connection"},{"name":"out","x":45,"y":0,"dx":1,"dy":0,"medium":"electrical","role":"connection"}],"symbol":{"name":"Ba
1000
ttery","category":"Electrical","labelOffset":48,"geometryRevision":3,"convention":"IEC-60617 family","conformity":"Original master; not standards-certified","standardRefs":["IEC-60617"],"normativeEntr
1000
y":null,"review":{"level":"geometry-and-convention","dimensionalConformance":"not-verified","note":"Reviewed: silhouette, terminal positions, normal state and distinct function retained."},"group":"Co
1000
mponents","aliases":["battery"],"defaultLayer":"Electrical","extents":{"minX":-45,"minY":-24,"maxX":45,"maxY":24}}}
0
LINE
5
2B3
330
6D0
100
AcDbEntity
8
0
62
0
6
CONTINUOUS
100
AcDbLine
10
-45
20
0
30
0
11
-18
21
0
31
0
1001
CONDUITCAD
1000
{"id":"master-battery-0"}
0
LINE
5
2B4
330
6D0
100
AcDbEntity
8
0
62
0
6
CONTINUOUS
100
AcDbLine
10
18
20
0
30
0
11
45
21
0
31
0
1001
CONDUITCAD
1000
{"id":"master-battery-1"}
0
LINE
5
2B5
330
6D0
100
AcDbEntity
8
0
62
0
6
CONTINUOUS
100
AcDbLine
10
-18
20
-24
30
0
11
-18
21
24
31
0
1001
CONDUITCAD
1000
{"id":"master-battery-2"}
0
LINE
5
2B6
330
6D0
100
AcDbEntity
8
0
62
0
6
CONTINUOUS
100
AcDbLine
10
-6
20
-12
30
0
11
-6
21
12
31
0
1001
CONDUITCAD
1000
{"id":"master-battery-3"}
0
LINE
5
2B7
330
6D0
100
AcDbEntity
8
0
62
0
6
CONTINUOUS
100
AcDbLine
10
6
20
-24
30
0
11
6
21
24
31
0
1001
CONDUITCAD
1000
{"id":"master-battery-4"}
0
LINE
5
2B8
330
6D0
100
AcDbEntity
8
0
62
0
6
CONTINUOUS
100
AcDbLine
10
18
20
-12
30
0
11
18
21
12
31
0
1001
CONDUITCAD
1000
{"id":"master-battery-5"}
0
ENDBLK
5
7DC
330
6D0
100
AcDbEntity
8
0
100
AcDbBlockEnd
0
BLOCK
5
7DD
330
6D1
100
AcDbEntity
8
0
100
AcDbBlockBegin
2
CC_TERMINAL
70
0
10
0
20
0
30
0
3
CC_TERMINAL
1

1001
CONDUITCAD
1000
{"ports":[{"name":"in","x":-45,"y":0,"dx":-1,"dy":0,"medium":"electrical","role":"connection"},{"name":"out","x":45,"y":0,"dx":1,"dy":0,"medium":"electrical","role":"connection"}],"symbol":{"name":"Te
1000
rminal block","category":"Electrical","labelOffset":48,"geometryRevision":3,"convention":"IEC-60617 family","conformity":"Original master; not standards-certified","standardRefs":["IEC-60617"],"normat
1000
iveEntry":null,"review":{"level":"geometry-and-convention","dimensionalConformance":"not-verified","note":"Reviewed: silhouette, terminal positions, normal state and distinct function retained."},"gro
1000
up":"Components","aliases":["terminal"],"defaultLayer":"Electrical","extents":{"minX":-45,"minY":-25,"maxX":45,"maxY":25}}}
0
LINE
5
2B9
330
6D1
100
AcDbEntity
8
0
62
0
6
CONTINUOUS
100
AcDbLine
10
-45
20
0
30
0
11
45
21
0
31
0
1001
CONDUITCAD
1000
{"id":"master-terminal-0"}
0
CIRCLE
5
2BA
330
6D1
100
AcDbEntity
8
0
62
0
6
CONTINUOUS
100
AcDbCircle
10
0
20
0
30
0
40
12
1001
CONDUITCAD
1000
{"id":"master-terminal-1"}
0
LWPOLYLINE
5
2BB
330
6D1
100
AcDbEntity
8
0
62
0
6
CONTINUOUS
100
AcDbPolyline
90
4
70
1
10
-25
20
-25
10
25
20
-25
10
25
20
25
10
-25
20
25
1001
CONDUITCAD
1000
{"id":"master-terminal-2"}
0
ENDBLK
5
7DE
330
6D1
100
AcDbEntity
8
0
100
AcDbBlockEnd
0
BLOCK
5
7DF
330
6D2
100
AcDbEntity
8
0
100
AcDbBlockBegin
2
CC_OP_AMP
70
0
10
0
20
0
30
0
3
CC_OP_AMP
1

1001
CONDUITCAD
1000
{"ports":[{"name":"positive","x":-45,"y":18,"dx":-1,"dy":0,"medium":"electrical","role":"connection"},{"name":"negative","x":-45,"y":-18,"dx":-1,"dy":0,"medium":"electrical","role":"connection"},{"nam
1000
e":"out","x":45,"y":0,"dx":1,"dy":0,"medium":"electrical","role":"connection"}],"symbol":{"name":"Operational amplifier","category":"Electrical","labelOffset":57,"geometryRevision":3,"convention":"IEC
1000
-60617 family","conformity":"Original master; not standards-certified","standardRefs":["IEC-60617"],"normativeEntry":null,"review":{"level":"geometry-and-convention","dimensionalConformance":"not-veri
1000
fied","note":"Reviewed: silhouette, terminal positions, normal state and distinct function retained."},"group":"Components","aliases":["op amp"],"defaultLayer":"Electrical","extents":{"minX":-45,"minY
1000
":-35,"maxX":45,"maxY":35}}}
0
LWPOLYLINE
5
2BC
330
6D2
100
AcDbEntity
8
0
62
0
6
CONTINUOUS
100
AcDbPolyline
90
3
70
1
10
-30
20
-35
10
35
20
0
10
-30
20
35
1001
CONDUITCAD
1000
{"id":"master-op-amp-0"}
0
LINE
5
2BD
330
6D2
100
AcDbEntity
8
0
62
0
6
CONTINUOUS
100
AcDbLine
10
-45
20
18
30
0
11
-30
21
18
31
0
1001
CONDUITCAD
1000
{"id":"master-op-amp-1"}
0
LINE
5
2BE
330
6D2
100
AcDbEntity
8
0
62
0
6
CONTINUOUS
100
AcDbLine
10
-45
20
-18
30
0
11
-30
21
-18
31
0
1001
CONDUITCAD
1000
{"id":"master-op-amp-2"}
0
LINE
5
2BF
330
6D2
100
AcDbEntity
8
0
62
0
6
CONTINUOUS
100
AcDbLine
10
35
20
0
30
0
11
45
21
0
31
0
1001
CONDUITCAD
1000
{"id":"master-op-amp-3"}
0
TEXT
5
2C0
330
6D2
100
AcDbEntity
8
0
62
0
6
CONTINUOUS
100
AcDbText
10
-20
20
13
30
0
40
12
1
+
50
0
41
1
7
STANDARD
72
1
11
-20
21
13
31
0
100
AcDbText
73
0
1001
CONDUITCAD
1000
{"id":"master-op-amp-4"}
0
TEXT
5
2C1
330
6D2
100
AcDbEntity
8
0
62
0
6
CONTINUOUS
100
AcDbText
10
-20
20
-23
30
0
40
12
1
−
50
0
41
1
7
STANDARD
72
1
11
-20
21
-23
31
0
100
AcDbText
73
0
1001
CONDUITCAD
1000
{"id":"master-op-amp-5"}
0
ENDBLK
5
7E0
330
6D2
100
AcDbEntity
8
0
100
AcDbBlockEnd
0
BLOCK
5
7E1
330
6D3
100
AcDbEntity
8
0
100
AcDbBlockBegin
2
CC_LAMP
70
0
10
0
20
0
30
0
3
CC_LAMP
1

1001
CONDUITCAD
1000
{"ports":[{"name":"in","x":-45,"y":0,"dx":-1,"dy":0,"medium":"electrical","role":"connection"},{"name":"out","x":45,"y":0,"dx":1,"dy":0,"medium":"electrical","role":"connection"}],"symbol":{"name":"In
1000
dicator lamp","category":"Electrical","labelOffset":48,"geometryRevision":3,"convention":"IEC-60617 family","conformity":"Original master; not standards-certified","standardRefs":["IEC-60617"],"normat
1000
iveEntry":null,"review":{"level":"geometry-and-convention","dimensionalConformance":"not-verified","note":"Reviewed: silhouette, terminal positions, normal state and distinct function retained."},"gro
1000
up":"Components","aliases":["lamp"],"defaultLayer":"Electrical","extents":{"minX":-45,"minY":-23.99254036801959,"maxX":45,"maxY":23.99254036801959}}}
0
LINE
5
2C2
330
6D3
100
AcDbEntity
8
0
62
0
6
CONTINUOUS
100
AcDbLine
10
-45
20
0
30
0
11
-24
21
0
31
0
1001
CONDUITCAD
1000
{"id":"master-lamp-0"}
0
LINE
5
2C3
330
6D3
100
AcDbEntity
8
0
62
0
6
CONTINUOUS
100
AcDbLine
10
24
20
0
30
0
11
45
21
0
31
0
1001
CONDUITCAD
1000
{"id":"master-lamp-1"}
0
CIRCLE
5
2C4
330
6D3
100
AcDbEntity
8
0
62
0
6
CONTINUOUS
100
AcDbCircle
10
0
20
0
30
0
40
24
1001
CONDUITCAD
1000
{"id":"master-lamp-2"}
0
LINE
5
2C5
330
6D3
100
AcDbEntity
8
0
62
0
6
CONTINUOUS
100
AcDbLine
10
-17
20
-17
30
0
11
17
21
17
31
0
1001
CONDUITCAD
1000
{"id":"master-lamp-3"}
0
LINE
5
2C6
330
6D3
100
AcDbEntity
8
0
62
0
6
CONTINUOUS
100
AcDbLine
10
-17
20
17
30
0
11
17
21
-17
31
0
1001
CONDUITCAD
1000
{"id":"master-lamp-4"}
0
ENDBLK
5
7E2
330
6D3
100
AcDbEntity
8
0
100
AcDbBlockEnd
0
BLOCK
5
7E3
330
6D4
100
AcDbEntity
8
0
100
AcDbBlockBegin
2
CC_PROCESS
70
0
10
0
20
0
30
0
3
CC_PROCESS
1

1001
CONDUITCAD
1000
{"ports":[{"name":"in","x":0,"y":35,"dx":0,"dy":1,"medium":"logical","role":"connection"},{"name":"out","x":0,"y":-35,"dx":0,"dy":-1,"medium":"logical","role":"connection"},{"name":"left","x":-55,"y":
1000
0,"dx":-1,"dy":0,"medium":"logical","role":"connection"},{"name":"right","x":55,"y":0,"dx":1,"dy":0,"medium":"logical","role":"connection"}],"symbol":{"name":"Process","category":"Flow","labelOffset":
1000
57,"geometryRevision":3,"convention":"ISO-5807 family","conformity":"Original master; not standards-certified","standardRefs":["ISO-5807"],"normativeEntry":null,"review":{"level":"geometry-and-convent
1000
ion","dimensionalConformance":"not-verified","note":"Reviewed: silhouette, terminal positions, normal state and distinct function retained."},"group":"Components","aliases":["process"],"defaultLayer":
1000
"Process","extents":{"minX":-55,"minY":-35,"maxX":55,"maxY":35}}}
0
LWPOLYLINE
5
2C7
330
6D4
100
AcDbEntity
8
0
62
0
6
CONTINUOUS
100
AcDbPolyline
90
4
70
1
10
-55
20
-35
10
55
20
-35
10
55
20
35
10
-55
20
35
1001
CONDUITCAD
1000
{"id":"master-process-0"}
0
TEXT
5
2C8
330
6D4
100
AcDbEntity
8
0
62
0
6
CONTINUOUS
100
AcDbText
10
0
20
-5
30
0
40
14
1
Process
50
0
41
1
7
STANDARD
72
1
11
0
21
-5
31
0
100
AcDbText
73
0
1001
CONDUITCAD
1000
{"id":"master-process-1"}
0
ENDBLK
5
7E4
330
6D4
100
AcDbEntity
8
0
100
AcDbBlockEnd
0
BLOCK
5
7E5
330
6D5
100
AcDbEntity
8
0
100
AcDbBlockBegin
2
CC_DECISION
70
0
10
0
20
0
30
0
3
CC_DECISION
1

1001
CONDUITCAD
1000
{"ports":[{"name":"in","x":0,"y":42,"dx":0,"dy":1,"medium":"logical","role":"connection"},{"name":"out","x":0,"y":-42,"dx":0,"dy":-1,"medium":"logical","role":"connection"},{"name":"yes","x":60,"y":0,
1000
"dx":1,"dy":0,"medium":"logical","role":"connection"},{"name":"no","x":-60,"y":0,"dx":-1,"dy":0,"medium":"logical","role":"connection"}],"symbol":{"name":"Decision","category":"Flow","labelOffset":64,
1000
"geometryRevision":3,"convention":"ISO-5807 family","conformity":"Original master; not standards-certified","standardRefs":["ISO-5807"],"normativeEntry":null,"review":{"level":"geometry-and-convention
1000
","dimensionalConformance":"not-verified","note":"Reviewed: silhouette, terminal positions, normal state and distinct function retained."},"group":"Components","aliases":["decision"],"defaultLayer":"P
1000
rocess","extents":{"minX":-60,"minY":-42,"maxX":60,"maxY":42}}}
0
LWPOLYLINE
5
2C9
330
6D5
100
AcDbEntity
8
0
62
0
6
CONTINUOUS
100
AcDbPolyline
90
4
70
1
10
0
20
42
10
60
20
0
10
0
20
-42
10
-60
20
0
1001
CONDUITCAD
1000
{"id":"master-decision-0"}
0
TEXT
5
2CA
330
6D5
100
AcDbEntity
8
0
62
0
6
CONTINUOUS
100
AcDbText
10
0
20
-5
30
0
40
13
1
Decision
50
0
41
1
7
STANDARD
72
1
11
0
21
-5
31
0
100
AcDbText
73
0
1001
CONDUITCAD
1000
{"id":"master-decision-1"}
0
ENDBLK
5
7E6
330
6D5
100
AcDbEntity
8
0
100
AcDbBlockEnd
0
BLOCK
5
7E7
330
6D6
100
AcDbEntity
8
0
100
AcDbBlockBegin
2
CC_TERMINATOR
70
0
10
0
20
0
30
0
3
CC_TERMINATOR
1

1001
CONDUITCAD
1000
{"ports":[{"name":"in","x":0,"y":30,"dx":0,"dy":1,"medium":"logical","role":"connection"},{"name":"out","x":0,"y":-30,"dx":0,"dy":-1,"medium":"logical","role":"connection"}],"symbol":{"name":"Start / 
1000
end","category":"Flow","labelOffset":52,"geometryRevision":3,"convention":"ISO-5807 family","conformity":"Original master; not standards-certified","standardRefs":["ISO-5807"],"normativeEntry":null,"r
1000
eview":{"level":"geometry-and-convention","dimensionalConformance":"not-verified","note":"Analytic semicircles preserve the capsule at arbitrary drawing scale."},"group":"Components","aliases":["termi
1000
nator"],"defaultLayer":"Process","extents":{"minX":-55,"minY":-30,"maxX":55,"maxY":30}}}
0
LINE
5
2CB
330
6D6
100
AcDbEntity
8
0
62
0
6
CONTINUOUS
100
AcDbLine
10
-25
20
-30
30
0
11
25
21
-30
31
0
1001
CONDUITCAD
1000
{"id":"master-terminator-0"}
0
ARC
5
2CC
330
6D6
100
AcDbEntity
8
0
62
0
6
CONTINUOUS
100
AcDbCircle
10
25
20
0
30
0
40
30
100
AcDbArc
50
-90
51
90
1001
CONDUITCAD
1000
{"id":"master-terminator-1"}
0
LINE
5
2CD
330
6D6
100
AcDbEntity
8
0
62
0
6
CONTINUOUS
100
AcDbLine
10
25
20
30
30
0
11
-25
21
30
31
0
1001
CONDUITCAD
1000
{"id":"master-terminator-2"}
0
ARC
5
2CE
330
6D6
100
AcDbEntity
8
0
62
0
6
CONTINUOUS
100
AcDbCircle
10
-25
20
0
30
0
40
30
100
AcDbArc
50
90
51
270
1001
CONDUITCAD
1000
{"id":"master-terminator-3"}
0
TEXT
5
2CF
330
6D6
100
AcDbEntity
8
0
62
0
6
CONTINUOUS
100
AcDbText
10
0
20
-5
30
0
40
13
1
Start / end
50
0
41
1
7
STANDARD
72
1
11
0
21
-5
31
0
100
AcDbText
73
0
1001
CONDUITCAD
1000
{"id":"master-terminator-4"}
0
ENDBLK
5
7E8
330
6D6
100
AcDbEntity
8
0
100
AcDbBlockEnd
0
BLOCK
5
7E9
330
6D7
100
AcDbEntity
8
0
100
AcDbBlockBegin
2
CC_DATA
70
0
10
0
20
0
30
0
3
CC_DATA
1

1001
CONDUITCAD
1000
{"ports":[{"name":"in","x":0,"y":35,"dx":0,"dy":1,"medium":"logical","role":"connection"},{"name":"out","x":0,"y":-35,"dx":0,"dy":-1,"medium":"logical","role":"connection"},{"name":"left","x":-53.5,"y
1000
":0,"dx":-1,"dy":0,"medium":"logical","role":"connection"},{"name":"right","x":53.5,"y":0,"dx":1,"dy":0,"medium":"logical","role":"connection"}],"symbol":{"name":"Data / input","category":"Flow","labe
1000
lOffset":57,"geometryRevision":3,"convention":"ISO-5807 family","conformity":"Original master; not standards-certified","standardRefs":["ISO-5807"],"normativeEntry":null,"review":{"level":"geometry-an
1000
d-convention","dimensionalConformance":"not-verified","note":"Reviewed: silhouette, terminal positions, normal state and distinct function retained."},"group":"Components","aliases":["data"],"defaultL
1000
ayer":"Process","extents":{"minX":-65,"minY":-35,"maxX":65,"maxY":35}}}
0
LWPOLYLINE
5
2D0
330
6D7
100
AcDbEntity
8
0
62
0
6
CONTINUOUS
100
AcDbPolyline
90
4
70
1
10
-42
20
-35
10
65
20
-35
10
42
20
35
10
-65
20
35
1001
CONDUITCAD
1000
{"id":"master-data-0"}
0
TEXT
5
2D1
330
6D7
100
AcDbEntity
8
0
62
0
6
CONTINUOUS
100
AcDbText
10
0
20
-5
30
0
40
14
1
Data
50
0
41
1
7
STANDARD
72
1
11
0
21
-5
31
0
100
AcDbText
73
0
1001
CONDUITCAD
1000
{"id":"master-data-1"}
0
ENDBLK
5
7EA
330
6D7
100
AcDbEntity
8
0
100
AcDbBlockEnd
0
BLOCK
5
7EB
330
6D8
100
AcDbEntity
8
0
100
AcDbBlockBegin
2
CC_DOCUMENT
70
0
10
0
20
0
30
0
3
CC_DOCUMENT
1

1001
CONDUITCAD
1000
{"ports":[{"name":"in","x":0,"y":35,"dx":0,"dy":1,"medium":"logical","role":"connection"},{"name":"out","x":0,"y":-24,"dx":0,"dy":-1,"medium":"logical","role":"connection"},{"name":"left","x":-55,"y":
1000
0,"dx":-1,"dy":0,"medium":"logical","role":"connection"},{"name":"right","x":55,"y":0,"dx":1,"dy":0,"medium":"logical","role":"connection"}],"symbol":{"name":"Document","category":"Flow","labelOffset"
1000
:55,"geometryRevision":3,"convention":"ISO-5807 family","conformity":"Original master; not standards-certified","standardRefs":["ISO-5807"],"normativeEntry":null,"review":{"level":"geometry-and-conven
1000
tion","dimensionalConformance":"not-verified","note":"Native cubic document wave replaces sharp zigzag bottom."},"group":"Components","aliases":["document"],"defaultLayer":"Process","extents":{"minX":
1000
-55,"minY":-32.94012451171875,"maxX":55,"maxY":35}}}
0
LINE
5
2D2
330
6D8
100
AcDbEntity
8
0
62
0
6
CONTINUOUS
100
AcDbLine
10
-55
20
-24
30
0
11
-55
21
35
31
0
1001
CONDUITCAD
1000
{"id":"master-document-0"}
0
LINE
5
2D3
330
6D8
100
AcDbEntity
8
0
62
0
6
CONTINUOUS
100
AcDbLine
10
-55
20
35
30
0
11
55
21
35
31
0
1001
CONDUITCAD
1000
{"id":"master-document-1"}
0
LINE
5
2D4
330
6D8
100
AcDbEntity
8
0
62
0
6
CONTINUOUS
100
AcDbLine
10
55
20
35
30
0
11
55
21
-24
31
0
1001
CONDUITCAD
1000
{"id":"master-document-2"}
0
SPLINE
5
2D5
330
6D8
100
AcDbEntity
8
0
62
0
6
CONTINUOUS
100
AcDbSpline
70
4
71
3
72
8
73
4
74
0
40
0
40
0
40
0
40
0
40
1
40
1
40
1
40
1
41
1
41
1
41
1
41
1
10
-55
20
-24
30
0
10
-20
20
-55
30
0
10
20
20
7
30
0
10
55
20
-24
30
0
1001
CONDUITCAD
1000
{"id":"master-document-3"}
0
TEXT
5
2D6
330
6D8
100
AcDbEntity
8
0
62
0
6
CONTINUOUS
100
AcDbText
10
0
20
-5
30
0
40
14
1
Document
50
0
41
1
7
STANDARD
72
1
11
0
21
-5
31
0
100
AcDbText
73
0
1001
CONDUITCAD
1000
{"id":"master-document-4"}
0
ENDBLK
5
7EC
330
6D8
100
AcDbEntity
8
0
100
AcDbBlockEnd
0
BLOCK
5
7ED
330
6D9
100
AcDbEntity
8
0
100
AcDbBlockBegin
2
CC_DATABASE
70
0
10
0
20
0
30
0
3
CC_DATABASE
1

1001
CONDUITCAD
1000
{"ports":[{"name":"in","x":0,"y":40,"dx":0,"dy":1,"medium":"logical","role":"connection"},{"name":"out","x":0,"y":-40,"dx":0,"dy":-1,"medium":"logical","role":"connection"},{"name":"left","x":-45,"y":
1000
0,"dx":-1,"dy":0,"medium":"logical","role":"connection"},{"name":"right","x":45,"y":0,"dx":1,"dy":0,"medium":"logical","role":"connection"}],"symbol":{"name":"Database","category":"Flow","labelOffset"
1000
:62,"geometryRevision":3,"convention":"ISO-5807 family","conformity":"Original master; not standards-certified","standardRefs":["ISO-5807"],"normativeEntry":null,"review":{"level":"geometry-and-conven
1000
tion","dimensionalConformance":"not-verified","note":"Native elliptical storage cylinder; terminals coincide with silhouette extrema."},"group":"Components","aliases":["database"],"defaultLayer":"Proc
1000
ess","extents":{"minX":-45,"minY":-40,"maxX":45,"maxY":40}}}
0
LINE
5
2D7
330
6D9
100
AcDbEntity
8
0
62
0
6
CONTINUOUS
100
AcDbLine
10
-45
20
-25
30
0
11
-45
21
25
31
0
1001
CONDUITCAD
1000
{"id":"master-database-0"}
0
LINE
5
2D8
330
6D9
100
AcDbEntity
8
0
62
0
6
CONTINUOUS
100
AcDbLine
10
45
20
-25
30
0
11
45
21
25
31
0
1001
CONDUITCAD
1000
{"id":"master-database-1"}
0
ELLIPSE
5
2D9
330
6D9
100
AcDbEntity
8
0
62
0
6
CONTINUOUS
100
AcDbEllipse
10
0
20
25
30
0
11
45
21
0
31
0
40
0.3333333333333333
41
0
42
6.283185307179586
1001
CONDUITCAD
1000
{"id":"master-database-2"}
0
ELLIPSE
5
2DA
330
6D9
100
AcDbEntity
8
0
62
0
6
CONTINUOUS
100
AcDbEllipse
10
0
20
-25
30
0
11
45
21
0
31
0
40
0.3333333333333333
41
3.141592653589793
42
6.283185307179586
1001
CONDUITCAD
1000
{"id":"master-database-3"}
0
TEXT
5
2DB
330
6D9
100
AcDbEntity
8
0
62
0
6
CONTINUOUS
100
AcDbText
10
0
20
-5
30
0
40
13
1
Database
50
0
41
1
7
STANDARD
72
1
11
0
21
-5
31
0
100
AcDbText
73
0
1001
CONDUITCAD
1000
{"id":"master-database-4"}
0
ENDBLK
5
7EE
330
6D9
100
AcDbEntity
8
0
100
AcDbBlockEnd
0
BLOCK
5
7EF
330
6DA
100
AcDbEntity
8
0
100
AcDbBlockBegin
2
CC_SUBPROCESS
70
0
10
0
20
0
30
0
3
CC_SUBPROCESS
1

1001
CONDUITCAD
1000
{"ports":[{"name":"in","x":0,"y":35,"dx":0,"dy":1,"medium":"logical","role":"connection"},{"name":"out","x":0,"y":-35,"dx":0,"dy":-1,"medium":"logical","role":"connection"},{"name":"left","x":-55,"y":
1000
0,"dx":-1,"dy":0,"medium":"logical","role":"connection"},{"name":"right","x":55,"y":0,"dx":1,"dy":0,"medium":"logical","role":"connection"}],"symbol":{"name":"Subprocess","category":"Flow","labelOffse
1000
t":57,"geometryRevision":3,"convention":"ISO-5807 family","conformity":"Original master; not standards-certified","standardRefs":["ISO-5807"],"normativeEntry":null,"review":{"level":"geometry-and-conv
1000
ention","dimensionalConformance":"not-verified","note":"Reviewed: silhouette, terminal positions, normal state and distinct function retained."},"group":"Components","aliases":["subprocess"],"defaultL
1000
ayer":"Process","extents":{"minX":-55,"minY":-35,"maxX":55,"maxY":35}}}
0
LWPOLYLINE
5
2DC
330
6DA
100
AcDbEntity
8
0
62
0
6
CONTINUOUS
100
AcDbPolyline
90
4
70
1
10
-55
20
-35
10
55
20
-35
10
55
20
35
10
-55
20
35
1001
CONDUITCAD
1000
{"id":"master-subprocess-0"}
0
LINE
5
2DD
330
6DA
100
AcDbEntity
8
0
62
0
6
CONTINUOUS
100
AcDbLine
10
-43
20
-35
30
0
11
-43
21
35
31
0
1001
CONDUITCAD
1000
{"id":"master-subprocess-1"}
0
LINE
5
2DE
330
6DA
100
AcDbEntity
8
0
62
0
6
CONTINUOUS
100
AcDbLine
10
43
20
-35
30
0
11
43
21
35
31
0
1001
CONDUITCAD
1000
{"id":"master-subprocess-2"}
0
TEXT
5
2DF
330
6DA
100
AcDbEntity
8
0
62
0
6
CONTINUOUS
100
AcDbText
10
0
20
-5
30
0
40
12
1
Subprocess
50
0
41
1
7
STANDARD
72
1
11
0
21
-5
31
0
100
AcDbText
73
0
1001
CONDUITCAD
1000
{"id":"master-subprocess-3"}
0
ENDBLK
5
7F0
330
6DA
100
AcDbEntity
8
0
100
AcDbBlockEnd
0
BLOCK
5
7F1
330
6DB
100
AcDbEntity
8
0
100
AcDbBlockBegin
2
CC_MANUAL
70
0
10
0
20
0
30
0
3
CC_MANUAL
1

1001
CONDUITCAD
1000
{"ports":[{"name":"in","x":0,"y":32,"dx":0,"dy":1,"medium":"logical","role":"connection"},{"name":"out","x":0,"y":-35,"dx":0,"dy":-1,"medium":"logical","role":"connection"},{"name":"left","x":-55,"y":
1000
0,"dx":-1,"dy":0,"medium":"logical","role":"connection"},{"name":"right","x":55,"y":0,"dx":1,"dy":0,"medium":"logical","role":"connection"}],"symbol":{"name":"Manual input","category":"Flow","labelOff
1000
set":57,"geometryRevision":3,"convention":"ISO-5807 family","conformity":"Original master; not standards-certified","standardRefs":["ISO-5807"],"normativeEntry":null,"review":{"level":"geometry-and-co
1000
nvention","dimensionalConformance":"not-verified","note":"Reviewed: silhouette, terminal positions, normal state and distinct function retained."},"group":"Components","aliases":["manual"],"defaultLay
1000
er":"Process","extents":{"minX":-55,"minY":-35,"maxX":55,"maxY":42}}}
0
LWPOLYLINE
5
2E0
330
6DB
100
AcDbEntity
8
0
62
0
6
CONTINUOUS
100
AcDbPolyline
90
4
70
1
10
-55
20
-35
10
55
20
-35
10
55
20
42
10
-55
20
22
1001
CONDUITCAD
1000
{"id":"master-manual-0"}
0
TEXT
5
2E1
330
6DB
100
AcDbEntity
8
0
62
0
6
CONTINUOUS
100
AcDbText
10
0
20
-5
30
0
40
14
1
Input
50
0
41
1
7
STANDARD
72
1
11
0
21
-5
31
0
100
AcDbText
73
0
1001
CONDUITCAD
1000
{"id":"master-manual-1"}
0
ENDBLK
5
7F2
330
6DB
100
AcDbEntity
8
0
100
AcDbBlockEnd
0
BLOCK
5
7F3
330
6DC
100
AcDbEntity
8
0
100
AcDbBlockBegin
2
CC_PREPARATION
70
0
10
0
20
0
30
0
3
CC_PREPARATION
1

1001
CONDUITCAD
1000
{"ports":[{"name":"in","x":0,"y":35,"dx":0,"dy":1,"medium":"logical","role":"connection"},{"name":"out","x":0,"y":-35,"dx":0,"dy":-1,"medium":"logical","role":"connection"},{"name":"left","x":-60,"y":
1000
0,"dx":-1,"dy":0,"medium":"logical","role":"connection"},{"name":"right","x":60,"y":0,"dx":1,"dy":0,"medium":"logical","role":"connection"}],"symbol":{"name":"Preparation","category":"Flow","labelOffs
1000
et":57,"geometryRevision":3,"convention":"ISO-5807 family","conformity":"Original master; not standards-certified","standardRefs":["ISO-5807"],"normativeEntry":null,"review":{"level":"geometry-and-con
1000
vention","dimensionalConformance":"not-verified","note":"Reviewed: silhouette, terminal positions, normal state and distinct function retained."},"group":"Components","aliases":["preparation"],"defaul
1000
tLayer":"Process","extents":{"minX":-60,"minY":-35,"maxX":60,"maxY":35}}}
0
LWPOLYLINE
5
2E2
330
6DC
100
AcDbEntity
8
0
62
0
6
CONTINUOUS
100
AcDbPolyline
90
6
70
1
10
-40
20
-35
10
40
20
-35
10
60
20
0
10
40
20
35
10
-40
20
35
10
-60
20
0
1001
CONDUITCAD
1000
{"id":"master-preparation-0"}
0
TEXT
5
2E3
330
6DC
100
AcDbEntity
8
0
62
0
6
CONTINUOUS
100
AcDbText
10
0
20
-5
30
0
40
14
1
Prepare
50
0
41
1
7
STANDARD
72
1
11
0
21
-5
31
0
100
AcDbText
73
0
1001
CONDUITCAD
1000
{"id":"master-preparation-1"}
0
ENDBLK
5
7F4
330
6DC
100
AcDbEntity
8
0
100
AcDbBlockEnd
0
BLOCK
5
7F5
330
6DD
100
AcDbEntity
8
0
100
AcDbBlockBegin
2
CC_DELAY
70
0
10
0
20
0
30
0
3
CC_DELAY
1

1001
CONDUITCAD
1000
{"ports":[{"name":"in","x":0,"y":35,"dx":0,"dy":1,"medium":"logical","role":"connection"},{"name":"out","x":0,"y":-35,"dx":0,"dy":-1,"medium":"logical","role":"connection"},{"name":"left","x":-50,"y":
1000
0,"dx":-1,"dy":0,"medium":"logical","role":"connection"},{"name":"right","x":40,"y":0,"dx":1,"dy":0,"medium":"logical","role":"connection"}],"symbol":{"name":"Delay","category":"Flow","labelOffset":57
1000
,"geometryRevision":3,"convention":"ISO-5807 family","conformity":"Original master; not standards-certified","standardRefs":["ISO-5807"],"normativeEntry":null,"review":{"level":"geometry-and-conventio
1000
n","dimensionalConformance":"not-verified","note":"Delay D-form uses a native semicircle."},"group":"Components","aliases":["delay"],"defaultLayer":"Process","extents":{"minX":-50,"minY":-35,"maxX":40
1000
,"maxY":35}}}
0
LINE
5
2E4
330
6DD
100
AcDbEntity
8
0
62
0
6
CONTINUOUS
100
AcDbLine
10
-50
20
-35
30
0
11
5
21
-35
31
0
1001
CONDUITCAD
1000
{"id":"master-delay-0"}
0
ARC
5
2E5
330
6DD
100
AcDbEntity
8
0
62
0
6
CONTINUOUS
100
AcDbCircle
10
5
20
0
30
0
40
35
100
AcDbArc
50
-90
51
90
1001
CONDUITCAD
1000
{"id":"master-delay-1"}
0
LINE
5
2E6
330
6DD
100
AcDbEntity
8
0
62
0
6
CONTINUOUS
100
AcDbLine
10
5
20
35
30
0
11
-50
21
35
31
0
1001
CONDUITCAD
1000
{"id":"master-delay-2"}
0
LINE
5
2E7
330
6DD
100
AcDbEntity
8
0
62
0
6
CONTINUOUS
100
AcDbLine
10
-50
20
35
30
0
11
-50
21
-35
31
0
1001
CONDUITCAD
1000
{"id":"master-delay-3"}
0
TEXT
5
2E8
330
6DD
100
AcDbEntity
8
0
62
0
6
CONTINUOUS
100
AcDbText
10
-5
20
-5
30
0
40
14
1
Delay
50
0
41
1
7
STANDARD
72
1
11
-5
21
-5
31
0
100
AcDbText
73
0
1001
CONDUITCAD
1000
{"id":"master-delay-4"}
0
ENDBLK
5
7F6
330
6DD
100
AcDbEntity
8
0
100
AcDbBlockEnd
0
BLOCK
5
7F7
330
6DE
100
AcDbEntity
8
0
100
AcDbBlockBegin
2
CC_JUNCTION
70
0
10
0
20
0
30
0
3
CC_JUNCTION
1

1001
CONDUITCAD
1000
{"ports":[{"name":"in","x":0,"y":16,"dx":0,"dy":1,"medium":"logical","role":"connection"},{"name":"out","x":0,"y":-16,"dx":0,"dy":-1,"medium":"logical","role":"connection"},{"name":"left","x":-16,"y":
1000
0,"dx":-1,"dy":0,"medium":"logical","role":"connection"},{"name":"right","x":16,"y":0,"dx":1,"dy":0,"medium":"logical","role":"connection"}],"symbol":{"name":"Junction","category":"Flow","labelOffset"
1000
:48,"geometryRevision":3,"convention":"ISO-5807 family","conformity":"Original master; not standards-certified","standardRefs":["ISO-5807"],"normativeEntry":null,"review":{"level":"geometry-and-conven
1000
tion","dimensionalConformance":"not-verified","note":"Reviewed: silhouette, terminal positions, normal state and distinct function retained."},"group":"Components","aliases":["junction"],"defaultLayer
1000
":"Process","extents":{"minX":-16,"minY":-16,"maxX":16,"maxY":16}}}
0
CIRCLE
5
2E9
330
6DE
100
AcDbEntity
8
0
62
0
6
CONTINUOUS
100
AcDbCircle
10
0
20
0
30
0
40
16
1001
CONDUITCAD
1000
{"id":"master-junction-0"}
0
ENDBLK
5
7F8
330
6DE
100
AcDbEntity
8
0
100
AcDbBlockEnd
0
BLOCK
5
7F9
330
6DF
100
AcDbEntity
8
0
100
AcDbBlockBegin
2
CC_NOTE
70
0
10
0
20
0
30
0
3
CC_NOTE
1

1001
CONDUITCAD
1000
{"ports":[{"name":"left","x":-45,"y":0,"dx":-1,"dy":0,"medium":"logical","role":"connection"},{"name":"top","x":0,"y":35,"dx":0,"dy":1,"medium":"logical","role":"connection"},{"name":"bottom","x":0,"y
1000
":-35,"dx":0,"dy":-1,"medium":"logical","role":"connection"}],"symbol":{"name":"Annotation","category":"Flow","labelOffset":57,"geometryRevision":3,"convention":"ISO-5807 family","conformity":"Origina
1000
l master; not standards-certified","standardRefs":["ISO-5807"],"normativeEntry":null,"review":{"level":"geometry-and-convention","dimensionalConformance":"not-verified","note":"Reviewed: silhouette, t
1000
erminal positions, normal state and distinct function retained."},"group":"Components","aliases":["note"],"defaultLayer":"Process","extents":{"minX":-45,"minY":-35,"maxX":45,"maxY":35}}}
0
LWPOLYLINE
5
2EA
330
6DF
100
AcDbEntity
8
0
62
0
6
CONTINUOUS
100
AcDbPolyline
90
4
70
0
10
45
20
35
10
-45
20
35
10
-45
20
-35
10
45
20
-35
1001
CONDUITCAD
1000
{"id":"master-note-0"}
0
TEXT
5
2EB
330
6DF
100
AcDbEntity
8
0
62
0
6
CONTINUOUS
100
AcDbText
10
0
20
-5
30
0
40
14
1
Note
50
0
41
1
7
STANDARD
72
1
11
0
21
-5
31
0
100
AcDbText
73
0
1001
CONDUITCAD
1000
{"id":"master-note-1"}
0
ENDBLK
5
7FA
330
6DF
100
AcDbEntity
8
0
100
AcDbBlockEnd
0
BLOCK
5
7FB
330
6E0
100
AcDbEntity
8
0
100
AcDbBlockBegin
2
CC_PRESSURE_PANEL
70
0
10
0
20
0
30
0
3
CC_PRESSURE_PANEL
1

1001
CONDUITCAD
1000
{"ports":[{"name":"sense","x":0,"y":-45,"dx":0,"dy":-1,"medium":"signal","role":"connection"}],"symbol":{"name":"Pressure indicator \u00b7 panel","category":"P&ID","labelOffset":67,"geometryRevision":
1000
3,"convention":"ISA-5.1 family","conformity":"Original master; not standards-certified","instrumentLocation":"primary accessible panel","standardRefs":["ISA-5.1"],"group":"Field & panel instruments","
1000
normativeEntry":null,"review":{"level":"geometry-and-convention","dimensionalConformance":"not-verified","note":"Accessible panel location uses a solid horizontal divider."},"aliases":["pressure panel
1000
"],"defaultLayer":"Equipment","extents":{"minX":-26,"minY":-45,"maxX":26,"maxY":25.970550818758205}}}
0
CIRCLE
5
2EC
330
6E0
100
AcDbEntity
8
0
62
0
6
CONTINUOUS
100
AcDbCircle
10
0
20
0
30
0
40
26
1001
CONDUITCAD
1000
{"id":"master-pressure-panel-0"}
0
LINE
5
2ED
330
6E0
100
AcDbEntity
8
0
62
0
6
CONTINUOUS
100
AcDbLine
10
-26
20
0
30
0
11
26
21
0
31
0
1001
CONDUITCAD
1000
{"id":"master-pressure-panel-1"}
0
TEXT
5
2EE
330
6E0
100
AcDbEntity
8
0
62
0
6
CONTINUOUS
100
AcDbText
10
0
20
7
30
0
40
12
1
PI
50
0
41
1
7
STANDARD
72
1
11
0
21
7
31
0
100
AcDbText
73
0
1001
CONDUITCAD
1000
{"id":"master-pressure-panel-2"}
0
LINE
5
2EF
330
6E0
100
AcDbEntity
8
0
62
0
6
CONTINUOUS
100
AcDbLine
10
0
20
-26
30
0
11
0
21
-45
31
0
1001
CONDUITCAD
1000
{"id":"master-pressure-panel-3"}
0
ENDBLK
5
7FC
330
6E0
100
AcDbEntity
8
0
100
AcDbBlockEnd
0
BLOCK
5
7FD
330
6E1
100
AcDbEntity
8
0
100
AcDbBlockBegin
2
CC_PRESSURE_REAR
70
0
10
0
20
0
30
0
3
CC_PRESSURE_REAR
1

1001
CONDUITCAD
1000
{"ports":[{"name":"sense","x":0,"y":-45,"dx":0,"dy":-1,"medium":"signal","role":"connection"}],"symbol":{"name":"Pressure indicator \u00b7 rear panel","category":"P&ID","labelOffset":67,"geometryRevis
1000
ion":3,"convention":"ISA-5.1 family","conformity":"Original master; not standards-certified","instrumentLocation":"normally inaccessible","standardRefs":["ISA-5.1"],"group":"Field & panel instruments"
1000
,"normativeEntry":null,"review":{"level":"geometry-and-convention","dimensionalConformance":"not-verified","note":"Inaccessible location divider remains dashed in the catalogue preview and CAD."},"ali
1000
ases":["pressure rear"],"defaultLayer":"Equipment","extents":{"minX":-26,"minY":-45,"maxX":26,"maxY":25.970550818758205}}}
0
CIRCLE
5
2F0
330
6E1
100
AcDbEntity
8
0
62
0
6
CONTINUOUS
100
AcDbCircle
10
0
20
0
30
0
40
26
1001
CONDUITCAD
1000
{"id":"master-pressure-rear-0"}
0
LINE
5
2F1
330
6E1
100
AcDbEntity
8
0
62
0
6
CC_DASH_4_3
100
AcDbLine
10
-26
20
0
30
0
11
26
21
0
31
0
1001
CONDUITCAD
1000
{"id":"master-pressure-rear-1","dash":[4,3]}
0
TEXT
5
2F2
330
6E1
100
AcDbEntity
8
0
62
0
6
CONTINUOUS
100
AcDbText
10
0
20
7
30
0
40
12
1
PI
50
0
41
1
7
STANDARD
72
1
11
0
21
7
31
0
100
AcDbText
73
0
1001
CONDUITCAD
1000
{"id":"master-pressure-rear-2"}
0
LINE
5
2F3
330
6E1
100
AcDbEntity
8
0
62
0
6
CONTINUOUS
100
AcDbLine
10
0
20
-26
30
0
11
0
21
-45
31
0
1001
CONDUITCAD
1000
{"id":"master-pressure-rear-3"}
0
ENDBLK
5
7FE
330
6E1
100
AcDbEntity
8
0
100
AcDbBlockEnd
0
BLOCK
5
7FF
330
6E2
100
AcDbEntity
8
0
100
AcDbBlockBegin
2
CC_CAPACITOR_POLARIZED
70
0
10
0
20
0
30
0
3
CC_CAPACITOR_POLARIZED
1

1001
CONDUITCAD
1000
{"ports":[{"name":"in","x":-45,"y":0,"dx":-1,"dy":0,"medium":"electrical","role":"connection"},{"name":"out","x":45,"y":0,"dx":1,"dy":0,"medium":"electrical","role":"connection"}],"symbol":{"name":"Ca
1000
pacitor \u00b7 polarized","category":"Electrical","labelOffset":48,"geometryRevision":3,"convention":"Explicit project drafting convention","conformity":"Original master; not standards-certified","rep
1000
resentation":"curved-plate alternative","standardRefs":["PROJECT"],"normativeEntry":null,"review":{"level":"geometry-and-convention","dimensionalConformance":"not-verified","note":"Native curved negat
1000
ive plate, explicit positive marking and connected leads."},"group":"Components","aliases":["capacitor polarized"],"defaultLayer":"Electrical","extents":{"minX":-45,"minY":-25,"maxX":45,"maxY":26}}}
0
LINE
5
2F4
330
6E2
100
AcDbEntity
8
0
62
0
6
CONTINUOUS
100
AcDbLine
10
-45
20
0
30
0
11
-7
21
0
31
0
1001
CONDUITCAD
1000
{"id":"master-capacitor-polarized-0"}
0
LINE
5
2F5
330
6E2
100
AcDbEntity
8
0
62
0
6
CONTINUOUS
100
AcDbLine
10
0
20
0
30
0
11
45
21
0
31
0
1001
CONDUITCAD
1000
{"id":"master-capacitor-polarized-1"}
0
LINE
5
2F6
330
6E2
100
AcDbEntity
8
0
62
0
6
CONTINUOUS
100
AcDbLine
10
-7
20
-25
30
0
11
-7
21
25
31
0
1001
CONDUITCAD
1000
{"id":"master-capacitor-polarized-2"}
0
ARC
5
2F7
330
6E2
100
AcDbEntity
8
0
62
0
6
CONTINUOUS
100
AcDbCircle
10
52
20
0
30
0
40
52
100
AcDbArc
50
153.64394142398214
51
206.35605857601786
1001
CONDUITCAD
1000
{"id":"master-capacitor-polarized-3"}
0
LINE
5
2F8
330
6E2
100
AcDbEntity
8
0
62
0
6
CONTINUOUS
100
AcDbLine
10
-28
20
20
30
0
11
-16
21
20
31
0
1001
CONDUITCAD
1000
{"id":"master-capacitor-polarized-4"}
0
LINE
5
2F9
330
6E2
100
AcDbEntity
8
0
62
0
6
CONTINUOUS
100
AcDbLine
10
-22
20
14
30
0
11
-22
21
26
31
0
1001
CONDUITCAD
1000
{"id":"master-capacitor-polarized-5"}
0
ENDBLK
5
800
330
6E2
100
AcDbEntity
8
0
100
AcDbBlockEnd
0
BLOCK
5
801
330
6E3
100
AcDbEntity
8
0
100
AcDbBlockBegin
2
CC_SIGNAL_GROUND
70
0
10
0
20
0
30
0
3
CC_SIGNAL_GROUND
1

1001
CONDUITCAD
1000
{"ports":[{"name":"terminal","x":0,"y":40,"dx":0,"dy":1,"medium":"electrical","role":"connection"}],"symbol":{"name":"Signal reference","category":"Electrical","labelOffset":48,"geometryRevision":3,"c
1000
onvention":"IEC-60617 family","conformity":"Original master; not standards-certified","standardRefs":["IEC-60617"],"normativeEntry":null,"review":{"level":"geometry-and-convention","dimensionalConform
1000
ance":"not-verified","note":"Reviewed: silhouette, terminal positions, normal state and distinct function retained."},"group":"Components","aliases":["signal ground"],"defaultLayer":"Electrical","exte
1000
nts":{"minX":-24,"minY":-22,"maxX":24,"maxY":40}}}
0
LINE
5
2FA
330
6E3
100
AcDbEntity
8
0
62
0
6
CONTINUOUS
100
AcDbLine
10
0
20
40
30
0
11
0
21
10
31
0
1001
CONDUITCAD
1000
{"id":"master-signal-ground-0"}
0
LWPOLYLINE
5
2FB
330
6E3
100
AcDbEntity
8
0
62
0
6
CONTINUOUS
100
AcDbPolyline
90
3
70
1
10
-24
20
10
10
24
20
10
10
0
20
-22
1001
CONDUITCAD
1000
{"id":"master-signal-ground-1"}
0
ENDBLK
5
802
330
6E3
100
AcDbEntity
8
0
100
AcDbBlockEnd
0
BLOCK
5
803
330
6E4
100
AcDbEntity
8
0
100
AcDbBlockBegin
2
CC_CHASSIS
70
0
10
0
20
0
30
0
3
CC_CHASSIS
1

1001
CONDUITCAD
1000
{"ports":[{"name":"terminal","x":0,"y":40,"dx":0,"dy":1,"medium":"electrical","role":"connection"}],"symbol":{"name":"Chassis connection","category":"Electrical","labelOffset":48,"geometryRevision":3,
1000
"convention":"IEC-60617 family","conformity":"Original master; not standards-certified","standardRefs":["IEC-60617"],"normativeEntry":null,"review":{"level":"geometry-and-convention","dimensionalConfo
1000
rmance":"not-verified","note":"Reviewed: silhouette, terminal positions, normal state and distinct function retained."},"group":"Components","aliases":["chassis"],"defaultLayer":"Electrical","extents"
1000
:{"minX":-35,"minY":-8,"maxX":24,"maxY":40}}}
0
LINE
5
2FC
330
6E4
100
AcDbEntity
8
0
62
0
6
CONTINUOUS
100
AcDbLine
10
0
20
40
30
0
11
0
21
8
31
0
1001
CONDUITCAD
1000
{"id":"master-chassis-0"}
0
LINE
5
2FD
330
6E4
100
AcDbEntity
8
0
62
0
6
CONTINUOUS
100
AcDbLine
10
-24
20
8
30
0
11
24
21
8
31
0
1001
CONDUITCAD
1000
{"id":"master-chassis-1"}
0
LINE
5
2FE
330
6E4
100
AcDbEntity
8
0
62
0
6
CONTINUOUS
100
AcDbLine
10
-24
20
8
30
0
11
-35
21
-8
31
0
1001
CONDUITCAD
1000
{"id":"master-chassis-2"}
0
LINE
5
2FF
330
6E4
100
AcDbEntity
8
0
62
0
6
CONTINUOUS
100
AcDbLine
10
0
20
8
30
0
11
-11
21
-8
31
0
1001
CONDUITCAD
1000
{"id":"master-chassis-3"}
0
LINE
5
300
330
6E4
100
AcDbEntity
8
0
62
0
6
CONTINUOUS
100
AcDbLine
10
24
20
8
30
0
11
13
21
-8
31
0
1001
CONDUITCAD
1000
{"id":"master-chassis-4"}
0
ENDBLK
5
804
330
6E4
100
AcDbEntity
8
0
100
AcDbBlockEnd
0
BLOCK
5
805
330
6E5
100
AcDbEntity
8
0
100
AcDbBlockBegin
2
CC_CONTACT_NO
70
0
10
0
20
0
30
0
3
CC_CONTACT_NO
1

1001
CONDUITCAD
1000
{"ports":[{"name":"in","x":-45,"y":0,"dx":-1,"dy":0,"medium":"electrical","role":"connection"},{"name":"out","x":45,"y":0,"dx":1,"dy":0,"medium":"electrical","role":"connection"}],"symbol":{"name":"Co
1000
ntact \u00b7 normally open","category":"Electrical","labelOffset":48,"geometryRevision":3,"convention":"IEC-60617 family","conformity":"Original master; not standards-certified","standardRefs":["IEC-6
1000
0617"],"normativeEntry":null,"review":{"level":"geometry-and-convention","dimensionalConformance":"not-verified","note":"Reviewed: silhouette, terminal positions, normal state and distinct function re
1000
tained."},"group":"Components","aliases":["contact no"],"defaultLayer":"Electrical","extents":{"minX":-45,"minY":-23,"maxX":45,"maxY":23}}}
0
LINE
5
301
330
6E5
100
AcDbEntity
8
0
62
0
6
CONTINUOUS
100
AcDbLine
10
-45
20
0
30
0
11
-8
21
0
31
0
1001
CONDUITCAD
1000
{"id":"master-contact-no-0"}
0
LINE
5
302
330
6E5
100
AcDbEntity
8
0
62
0
6
CONTINUOUS
100
AcDbLine
10
8
20
0
30
0
11
45
21
0
31
0
1001
CONDUITCAD
1000
{"id":"master-contact-no-1"}
0
LINE
5
303
330
6E5
100
AcDbEntity
8
0
62
0
6
CONTINUOUS
100
AcDbLine
10
-8
20
-23
30
0
11
-8
21
23
31
0
1001
CONDUITCAD
1000
{"id":"master-contact-no-2"}
0
LINE
5
304
330
6E5
100
AcDbEntity
8
0
62
0
6
CONTINUOUS
100
AcDbLine
10
8
20
-23
30
0
11
8
21
23
31
0
1001
CONDUITCAD
1000
{"id":"master-contact-no-3"}
0
ENDBLK
5
806
330
6E5
100
AcDbEntity
8
0
100
AcDbBlockEnd
0
BLOCK
5
807
330
6E6
100
AcDbEntity
8
0
100
AcDbBlockBegin
2
CC_CONTACT_NC
70
0
10
0
20
0
30
0
3
CC_CONTACT_NC
1

1001
CONDUITCAD
1000
{"ports":[{"name":"in","x":-45,"y":0,"dx":-1,"dy":0,"medium":"electrical","role":"connection"},{"name":"out","x":45,"y":0,"dx":1,"dy":0,"medium":"electrical","role":"connection"}],"symbol":{"name":"Co
1000
ntact \u00b7 normally closed","category":"Electrical","labelOffset":50,"geometryRevision":3,"convention":"IEC-60617 family","conformity":"Original master; not standards-certified","standardRefs":["IEC
1000
-60617"],"normativeEntry":null,"review":{"level":"geometry-and-convention","dimensionalConformance":"not-verified","note":"Reviewed: silhouette, terminal positions, normal state and distinct function 
1000
retained."},"group":"Components","aliases":["contact nc"],"defaultLayer":"Electrical","extents":{"minX":-45,"minY":-28,"maxX":45,"maxY":28}}}
0
LINE
5
305
330
6E6
100
AcDbEntity
8
0
62
0
6
CONTINUOUS
100
AcDbLine
10
-45
20
0
30
0
11
-8
21
0
31
0
1001
CONDUITCAD
1000
{"id":"master-contact-nc-0"}
0
LINE
5
306
330
6E6
100
AcDbEntity
8
0
62
0
6
CONTINUOUS
100
AcDbLine
10
8
20
0
30
0
11
45
21
0
31
0
1001
CONDUITCAD
1000
{"id":"master-contact-nc-1"}
0
LINE
5
307
330
6E6
100
AcDbEntity
8
0
62
0
6
CONTINUOUS
100
AcDbLine
10
-8
20
-23
30
0
11
-8
21
23
31
0
1001
CONDUITCAD
1000
{"id":"master-contact-nc-2"}
0
LINE
5
308
330
6E6
100
AcDbEntity
8
0
62
0
6
CONTINUOUS
100
AcDbLine
10
8
20
-23
30
0
11
8
21
23
31
0
1001
CONDUITCAD
1000
{"id":"master-contact-nc-3"}
0
LINE
5
309
330
6E6
100
AcDbEntity
8
0
62
0
6
CONTINUOUS
100
AcDbLine
10
-19
20
-28
30
0
11
19
21
28
31
0
1001
CONDUITCAD
1000
{"id":"master-contact-nc-4"}
0
ENDBLK
5
808
330
6E6
100
AcDbEntity
8
0
100
AcDbBlockEnd
0
BLOCK
5
809
330
6E7
100
AcDbEntity
8
0
100
AcDbBlockBegin
2
CC_POTENTIOMETER
70
0
10
0
20
0
30
0
3
CC_POTENTIOMETER
1

1001
CONDUITCAD
1000
{"ports":[{"name":"in","x":-45,"y":0,"dx":-1,"dy":0,"medium":"electrical","role":"connection"},{"name":"out","x":45,"y":0,"dx":1,"dy":0,"medium":"electrical","role":"connection"},{"name":"wiper","x":0
1000
,"y":45,"dx":0,"dy":1,"medium":"electrical","role":"connection"}],"symbol":{"name":"Potentiometer","category":"Electrical","labelOffset":48,"geometryRevision":3,"convention":"IEC-60617 family","confor
1000
mity":"Original master; not standards-certified","standardRefs":["IEC-60617"],"normativeEntry":null,"review":{"level":"geometry-and-convention","dimensionalConformance":"not-verified","note":"Reviewed
1000
: silhouette, terminal positions, normal state and distinct function retained."},"group":"Components","aliases":["potentiometer"],"defaultLayer":"Electrical","extents":{"minX":-45,"minY":-11,"maxX":45
1000
,"maxY":45}}}
0
LINE
5
30A
330
6E7
100
AcDbEntity
8
0
62
0
6
CONTINUOUS
100
AcDbLine
10
-45
20
0
30
0
11
-25
21
0
31
0
1001
CONDUITCAD
1000
{"id":"master-potentiometer-0"}
0
LINE
5
30B
330
6E7
100
AcDbEntity
8
0
62
0
6
CONTINUOUS
100
AcDbLine
10
25
20
0
30
0
11
45
21
0
31
0
1001
CONDUITCAD
1000
{"id":"master-potentiometer-1"}
0
LWPOLYLINE
5
30C
330
6E7
100
AcDbEntity
8
0
62
0
6
CONTINUOUS
100
AcDbPolyline
90
4
70
1
10
-25
20
-11
10
25
20
-11
10
25
20
11
10
-25
20
11
1001
CONDUITCAD
1000
{"id":"master-potentiometer-2"}
0
LINE
5
30D
330
6E7
100
AcDbEntity
8
0
62
0
6
CONTINUOUS
100
AcDbLine
10
0
20
45
30
0
11
0
21
12
31
0
1001
CONDUITCAD
1000
{"id":"master-potentiometer-3"}
0
LWPOLYLINE
5
30E
330
6E7
100
AcDbEntity
8
0
62
0
6
CONTINUOUS
100
AcDbPolyline
90
3
70
0
10
-6
20
22
10
0
20
12
10
6
20
22
1001
CONDUITCAD
1000
{"id":"master-potentiometer-4"}
0
ENDBLK
5
80A
330
6E7
100
AcDbEntity
8
0
100
AcDbBlockEnd
0
BLOCK
5
80B
330
6E8
100
AcDbEntity
8
0
100
AcDbBlockBegin
2
CC_NEEDLE_VALVE
70
0
10
0
20
0
30
0
3
CC_NEEDLE_VALVE
1

1001
CONDUITCAD
1000
{"ports":[{"name":"in","x":-45,"y":0,"dx":-1,"dy":0,"medium":"process","role":"connection"},{"name":"out","x":45,"y":0,"dx":1,"dy":0,"medium":"process","role":"connection"}],"symbol":{"name":"Needle v
1000
alve","category":"P&ID","group":"Valves & actuators","geometryRevision":3,"standardRefs":["ISO-10628-2"],"convention":"ISO-10628-2 family","conformity":"Original master; not standards-certified","norm
1000
ativeEntry":null,"review":{"level":"geometry-and-convention","dimensionalConformance":"not-verified","note":"New independently constructed CAD master with explicit terminal topology."},"aliases":["nee
1000
dle valve"],"defaultLayer":"Equipment","labelOffset":48,"extents":{"minX":-45,"minY":-18,"maxX":45,"maxY":32}}}
0
LINE
5
30F
330
6E8
100
AcDbEntity
8
0
62
0
6
CONTINUOUS
100
AcDbLine
10
-45
20
0
30
0
11
-25
21
0
31
0
1001
CONDUITCAD
1000
{"id":"master-needle-valve-0"}
0
LINE
5
310
330
6E8
100
AcDbEntity
8
0
62
0
6
CONTINUOUS
100
AcDbLine
10
25
20
0
30
0
11
45
21
0
31
0
1001
CONDUITCAD
1000
{"id":"master-needle-valve-1"}
0
LWPOLYLINE
5
311
330
6E8
100
AcDbEntity
8
0
62
0
6
CONTINUOUS
100
AcDbPolyline
90
3
70
1
10
-25
20
-18
10
0
20
0
10
-25
20
18
1001
CONDUITCAD
1000
{"id":"master-needle-valve-2"}
0
LWPOLYLINE
5
312
330
6E8
100
AcDbEntity
8
0
62
0
6
CONTINUOUS
100
AcDbPolyline
90
3
70
1
10
25
20
-18
10
0
20
0
10
25
20
18
1001
CONDUITCAD
1000
{"id":"master-needle-valve-3"}
0
LINE
5
313
330
6E8
100
AcDbEntity
8
0
62
0
6
CONTINUOUS
100
AcDbLine
10
-16
20
32
30
0
11
8
21
-12
31
0
1001
CONDUITCAD
1000
{"id":"master-needle-valve-4"}
0
LWPOLYLINE
5
314
330
6E8
100
AcDbEntity
8
0
62
0
6
CONTINUOUS
100
AcDbPolyline
90
3
70
0
10
2
20
-1
10
8
20
-12
10
9
20
1
1001
CONDUITCAD
1000
{"id":"master-needle-valve-5"}
0
ENDBLK
5
80C
330
6E8
100
AcDbEntity
8
0
100
AcDbBlockEnd
0
BLOCK
5
80D
330
6E9
100
AcDbEntity
8
0
100
AcDbBlockBegin
2
CC_DIAPHRAGM_VALVE
70
0
10
0
20
0
30
0
3
CC_DIAPHRAGM_VALVE
1

1001
CONDUITCAD
1000
{"ports":[{"name":"in","x":-45,"y":0,"dx":-1,"dy":0,"medium":"process","role":"connection"},{"name":"out","x":45,"y":0,"dx":1,"dy":0,"medium":"process","role":"connection"}],"symbol":{"name":"Diaphrag
1000
m valve","category":"P&ID","group":"Valves & actuators","geometryRevision":3,"standardRefs":["ISO-10628-2"],"convention":"ISO-10628-2 family","conformity":"Original master; not standards-certified","n
1000
ormativeEntry":null,"review":{"level":"geometry-and-convention","dimensionalConformance":"not-verified","note":"New independently constructed CAD master with explicit terminal topology."},"aliases":["
1000
diaphragm valve"],"defaultLayer":"Equipment","labelOffset":48,"extents":{"minX":-45,"minY":-15,"maxX":45,"maxY":35}}}
0
LINE
5
315
330
6E9
100
AcDbEntity
8
0
62
0
6
CONTINUOUS
100
AcDbLine
10
-45
20
0
30
0
11
-25
21
0
31
0
1001
CONDUITCAD
1000
{"id":"master-diaphragm-valve-0"}
0
LINE
5
316
330
6E9
100
AcDbEntity
8
0
62
0
6
CONTINUOUS
100
AcDbLine
10
25
20
0
30
0
11
45
21
0
31
0
1001
CONDUITCAD
1000
{"id":"master-diaphragm-valve-1"}
0
LWPOLYLINE
5
317
330
6E9
100
AcDbEntity
8
0
62
0
6
CONTINUOUS
100
AcDbPolyline
90
4
70
0
10
-25
20
-15
10
-25
20
12
10
25
20
12
10
25
20
-15
1001
CONDUITCAD
1000
{"id":"master-diaphragm-valve-2"}
0
ELLIPSE
5
318
330
6E9
100
AcDbEntity
8
0
62
0
6
CONTINUOUS
100
AcDbEllipse
10
0
20
12
30
0
11
25
21
0
31
0
40
0.72
41
3.141592653589793
42
6.283185307179586
1001
CONDUITCAD
1000
{"id":"master-diaphragm-valve-3"}
0
LINE
5
319
330
6E9
100
AcDbEntity
8
0
62
0
6
CONTINUOUS
100
AcDbLine
10
0
20
12
30
0
11
0
21
35
31
0
1001
CONDUITCAD
1000
{"id":"master-diaphragm-valve-4"}
0
LINE
5
31A
330
6E9
100
AcDbEntity
8
0
62
0
6
CONTINUOUS
100
AcDbLine
10
-12
20
35
30
0
11
12
21
35
31
0
1001
CONDUITCAD
1000
{"id":"master-diaphragm-valve-5"}
0
ENDBLK
5
80E
330
6E9
100
AcDbEntity
8
0
100
AcDbBlockEnd
0
BLOCK
5
80F
330
6EA
100
AcDbEntity
8
0
100
AcDbBlockBegin
2
CC_PLUG_VALVE
70
0
10
0
20
0
30
0
3
CC_PLUG_VALVE
1

1001
CONDUITCAD
1000
{"ports":[{"name":"in","x":-45,"y":0,"dx":-1,"dy":0,"medium":"process","role":"connection"},{"name":"out","x":45,"y":0,"dx":1,"dy":0,"medium":"process","role":"connection"}],"symbol":{"name":"Plug val
1000
ve","category":"P&ID","group":"Valves & actuators","geometryRevision":3,"standardRefs":["ISO-10628-2"],"convention":"ISO-10628-2 family","conformity":"Original master; not standards-certified","normat
1000
iveEntry":null,"review":{"level":"geometry-and-convention","dimensionalConformance":"not-verified","note":"New independently constructed CAD master with explicit terminal topology."},"aliases":["plug 
1000
valve"],"defaultLayer":"Equipment","labelOffset":48,"extents":{"minX":-45,"minY":-18,"maxX":45,"maxY":18}}}
0
LINE
5
31B
330
6EA
100
AcDbEntity
8
0
62
0
6
CONTINUOUS
100
AcDbLine
10
-45
20
0
30
0
11
-25
21
0
31
0
1001
CONDUITCAD
1000
{"id":"master-plug-valve-0"}
0
LINE
5
31C
330
6EA
100
AcDbEntity
8
0
62
0
6
CONTINUOUS
100
AcDbLine
10
25
20
0
30
0
11
45
21
0
31
0
1001
CONDUITCAD
1000
{"id":"master-plug-valve-1"}
0
LWPOLYLINE
5
31D
330
6EA
100
AcDbEntity
8
0
62
0
6
CONTINUOUS
100
AcDbPolyline
90
3
70
1
10
-25
20
-18
10
0
20
0
10
-25
20
18
1001
CONDUITCAD
1000
{"id":"master-plug-valve-2"}
0
LWPOLYLINE
5
31E
330
6EA
100
AcDbEntity
8
0
62
0
6
CONTINUOUS
100
AcDbPolyline
90
3
70
1
10
25
20
-18
10
0
20
0
10
25
20
18
1001
CONDUITCAD
1000
{"id":"master-plug-valve-3"}
0
LWPOLYLINE
5
31F
330
6EA
100
AcDbEntity
8
0
62
0
6
CONTINUOUS
100
AcDbPolyline
90
4
70
1
10
-5
20
-10
10
5
20
-10
10
5
20
10
10
-5
20
10
1001
CONDUITCAD
1000
{"id":"master-plug-valve-4"}
0
ENDBLK
5
810
330
6EA
100
AcDbEntity
8
0
100
AcDbBlockEnd
0
BLOCK
5
811
330
6EB
100
AcDbEntity
8
0
100
AcDbBlockBegin
2
CC_KNIFE_GATE_VALVE
70
0
10
0
20
0
30
0
3
CC_KNIFE_GATE_VALVE
1

1001
CONDUITCAD
1000
{"ports":[{"name":"in","x":-45,"y":0,"dx":-1,"dy":0,"medium":"process","role":"connection"},{"name":"out","x":45,"y":0,"dx":1,"dy":0,"medium":"process","role":"connection"}],"symbol":{"name":"Knife ga
1000
te valve","category":"P&ID","group":"Valves & actuators","geometryRevision":3,"standardRefs":["ISO-10628-2"],"convention":"ISO-10628-2 family","conformity":"Original master; not standards-certified","
1000
normativeEntry":null,"review":{"level":"geometry-and-convention","dimensionalConformance":"not-verified","note":"New independently constructed CAD master with explicit terminal topology."},"aliases":[
1000
"knife gate valve"],"defaultLayer":"Equipment","labelOffset":48,"extents":{"minX":-45,"minY":-23,"maxX":45,"maxY":44}}}
0
LINE
5
320
330
6EB
100
AcDbEntity
8
0
62
0
6
CONTINUOUS
100
AcDbLine
10
-45
20
0
30
0
11
-25
21
0
31
0
1001
CONDUITCAD
1000
{"id":"master-knife-gate-valve-0"}
0
LINE
5
321
330
6EB
100
AcDbEntity
8
0
62
0
6
CONTINUOUS
100
AcDbLine
10
25
20
0
30
0
11
45
21
0
31
0
1001
CONDUITCAD
1000
{"id":"master-knife-gate-valve-1"}
0
LWPOLYLINE
5
322
330
6EB
100
AcDbEntity
8
0
62
0
6
CONTINUOUS
100
AcDbPolyline
90
3
70
1
10
-25
20
-18
10
0
20
0
10
-25
20
18
1001
CONDUITCAD
1000
{"id":"master-knife-gate-valve-2"}
0
LWPOLYLINE
5
323
330
6EB
100
AcDbEntity
8
0
62
0
6
CONTINUOUS
100
AcDbPolyline
90
3
70
1
10
25
20
-18
10
0
20
0
10
25
20
18
1001
CONDUITCAD
1000
{"id":"master-knife-gate-valve-3"}
0
LINE
5
324
330
6EB
100
AcDbEntity
8
0
62
0
6
CONTINUOUS
100
AcDbLine
10
0
20
-23
30
0
11
0
21
36
31
0
1001
CONDUITCAD
1000
{"id":"master-knife-gate-valve-4"}
0
LWPOLYLINE
5
325
330
6EB
100
AcDbEntity
8
0
62
0
6
CONTINUOUS
100
AcDbPolyline
90
4
70
1
10
-10
20
36
10
10
20
36
10
10
20
44
10
-10
20
44
1001
CONDUITCAD
1000
{"id":"master-knife-gate-valve-5"}
0
ENDBLK
5
812
330
6EB
100
AcDbEntity
8
0
100
AcDbBlockEnd
0
BLOCK
5
813
330
6EC
100
AcDbEntity
8
0
100
AcDbBlockBegin
2
CC_MOTOR_VALVE
70
0
10
0
20
0
30
0
3
CC_MOTOR_VALVE
1

1001
CONDUITCAD
1000
{"ports":[{"name":"in","x":-45,"y":0,"dx":-1,"dy":0,"medium":"process","role":"connection"},{"name":"out","x":45,"y":0,"dx":1,"dy":0,"medium":"process","role":"connection"}],"symbol":{"name":"Motor-op
1000
erated valve","category":"P&ID","group":"Valves & actuators","geometryRevision":3,"standardRefs":["ISO-10628-2"],"convention":"ISO-10628-2 family","conformity":"Original master; not standards-certifie
1000
d","normativeEntry":null,"review":{"level":"geometry-and-convention","dimensionalConformance":"not-verified","note":"New independently constructed CAD master with explicit terminal topology."},"aliase
1000
s":["motor valve"],"defaultLayer":"Equipment","labelOffset":48,"extents":{"minX":-45,"minY":-18,"maxX":45,"maxY":56.99268992422915}}}
0
LINE
5
326
330
6EC
100
AcDbEntity
8
0
62
0
6
CONTINUOUS
100
AcDbLine
10
-45
20
0
30
0
11
-25
21
0
31
0
1001
CONDUITCAD
1000
{"id":"master-motor-valve-0"}
0
LINE
5
327
330
6EC
100
AcDbEntity
8
0
62
0
6
CONTINUOUS
100
AcDbLine
10
25
20
0
30
0
11
45
21
0
31
0
1001
CONDUITCAD
1000
{"id":"master-motor-valve-1"}
0
LWPOLYLINE
5
328
330
6EC
100
AcDbEntity
8
0
62
0
6
CONTINUOUS
100
AcDbPolyline
90
3
70
1
10
-25
20
-18
10
0
20
0
10
-25
20
18
1001
CONDUITCAD
1000
{"id":"master-motor-valve-2"}
0
LWPOLYLINE
5
329
330
6EC
100
AcDbEntity
8
0
62
0
6
CONTINUOUS
100
AcDbPolyline
90
3
70
1
10
25
20
-18
10
0
20
0
10
25
20
18
1001
CONDUITCAD
1000
{"id":"master-motor-valve-3"}
0
LINE
5
32A
330
6EC
100
AcDbEntity
8
0
62
0
6
CONTINUOUS
100
AcDbLine
10
0
20
0
30
0
11
0
21
33
31
0
1001
CONDUITCAD
1000
{"id":"master-motor-valve-4"}
0
CIRCLE
5
32B
330
6EC
100
AcDbEntity
8
0
62
0
6
CONTINUOUS
100
AcDbCircle
10
0
20
45
30
0
40
12
1001
CONDUITCAD
1000
{"id":"master-motor-valve-5"}
0
TEXT
5
32C
330
6EC
100
AcDbEntity
8
0
62
0
6
CONTINUOUS
100
AcDbText
10
0
20
41
30
0
40
11
1
M
50
0
41
1
7
STANDARD
72
1
11
0
21
41
31
0
100
AcDbText
73
0
1001
CONDUITCAD
1000
{"id":"master-motor-valve-6"}
0
ENDBLK
5
814
330
6EC
100
AcDbEntity
8
0
100
AcDbBlockEnd
0
BLOCK
5
815
330
6ED
100
AcDbEntity
8
0
100
AcDbBlockBegin
2
CC_RUPTURE_DISC
70
0
10
0
20
0
30
0
3
CC_RUPTURE_DISC
1

1001
CONDUITCAD
1000
{"ports":[{"name":"in","x":-45,"y":0,"dx":-1,"dy":0,"medium":"process","role":"connection"},{"name":"out","x":45,"y":0,"dx":1,"dy":0,"medium":"process","role":"connection"}],"symbol":{"name":"Rupture 
1000
disc","category":"P&ID","group":"Fittings & connections","geometryRevision":3,"standardRefs":["ISO-10628-2"],"convention":"ISO-10628-2 family","conformity":"Original master; not standards-certified","
1000
normativeEntry":null,"review":{"level":"geometry-and-convention","dimensionalConformance":"not-verified","note":"New independently constructed CAD master with explicit terminal topology."},"aliases":[
1000
"rupture disc"],"defaultLayer":"Equipment","labelOffset":48,"extents":{"minX":-45,"minY":-23,"maxX":45,"maxY":23}}}
0
LINE
5
32D
330
6ED
100
AcDbEntity
8
0
62
0
6
CONTINUOUS
100
AcDbLine
10
-45
20
0
30
0
11
-8
21
0
31
0
1001
CONDUITCAD
1000
{"id":"master-rupture-disc-0"}
0
LINE
5
32E
330
6ED
100
AcDbEntity
8
0
62
0
6
CONTINUOUS
100
AcDbLine
10
8
20
0
30
0
11
45
21
0
31
0
1001
CONDUITCAD
1000
{"id":"master-rupture-disc-1"}
0
LINE
5
32F
330
6ED
100
AcDbEntity
8
0
62
0
6
CONTINUOUS
100
AcDbLine
10
-8
20
-23
30
0
11
-8
21
23
31
0
1001
CONDUITCAD
1000
{"id":"master-rupture-disc-2"}
0
LINE
5
330
330
6ED
100
AcDbEntity
8
0
62
0
6
CONTINUOUS
100
AcDbLine
10
8
20
-23
30
0
11
8
21
23
31
0
1001
CONDUITCAD
1000
{"id":"master-rupture-disc-3"}
0
ELLIPSE
5
331
330
6ED
100
AcDbEntity
8
0
62
0
6
CONTINUOUS
100
AcDbEllipse
10
-10
20
0
30
0
11
0
21
21
31
0
40
0.47619047619047616
41
3.141592653589793
42
0
1001
CONDUITCAD
1000
{"id":"master-rupture-disc-4"}
0
ENDBLK
5
816
330
6ED
100
AcDbEntity
8
0
100
AcDbBlockEnd
0
BLOCK
5
817
330
6EE
100
AcDbEntity
8
0
100
AcDbBlockBegin
2
CC_ORIFICE_PLATE
70
0
10
0
20
0
30
0
3
CC_ORIFICE_PLATE
1

1001
CONDUITCAD
1000
{"ports":[{"name":"in","x":-45,"y":0,"dx":-1,"dy":0,"medium":"process","role":"connection"},{"name":"out","x":45,"y":0,"dx":1,"dy":0,"medium":"process","role":"connection"}],"symbol":{"name":"Orifice 
1000
plate","category":"P&ID","group":"Fittings & connections","geometryRevision":3,"standardRefs":["ISO-10628-2"],"convention":"ISO-10628-2 family","conformity":"Original master; not standards-certified",
1000
"normativeEntry":null,"review":{"level":"geometry-and-convention","dimensionalConformance":"not-verified","note":"New independently constructed CAD master with explicit terminal topology."},"aliases":
1000
["orifice plate"],"defaultLayer":"Equipment","labelOffset":48,"extents":{"minX":-45,"minY":-23,"maxX":45,"maxY":23}}}
0
LINE
5
332
330
6EE
100
AcDbEntity
8
0
62
0
6
CONTINUOUS
100
AcDbLine
10
-45
20
0
30
0
11
45
21
0
31
0
1001
CONDUITCAD
1000
{"id":"master-orifice-plate-0"}
0
LINE
5
333
330
6EE
100
AcDbEntity
8
0
62
0
6
CONTINUOUS
100
AcDbLine
10
0
20
-23
30
0
11
0
21
-5
31
0
1001
CONDUITCAD
1000
{"id":"master-orifice-plate-1"}
0
LINE
5
334
330
6EE
100
AcDbEntity
8
0
62
0
6
CONTINUOUS
100
AcDbLine
10
0
20
5
30
0
11
0
21
23
31
0
1001
CONDUITCAD
1000
{"id":"master-orifice-plate-2"}
0
ENDBLK
5
818
330
6EE
100
AcDbEntity
8
0
100
AcDbBlockEnd
0
BLOCK
5
819
330
6EF
100
AcDbEntity
8
0
100
AcDbBlockBegin
2
CC_SPECTACLE_BLIND
70
0
10
0
20
0
30
0
3
CC_SPECTACLE_BLIND
1

1001
CONDUITCAD
1000
{"ports":[{"name":"in","x":-45,"y":0,"dx":-1,"dy":0,"medium":"process","role":"connection"},{"name":"out","x":45,"y":0,"dx":1,"dy":0,"medium":"process","role":"connection"}],"symbol":{"name":"Spectacl
1000
e blind","category":"P&ID","group":"Fittings & connections","geometryRevision":3,"standardRefs":["ISO-10628-2"],"convention":"ISO-10628-2 family","conformity":"Original master; not standards-certified
1000
","normativeEntry":null,"review":{"level":"geometry-and-convention","dimensionalConformance":"not-verified","note":"New independently constructed CAD master with explicit terminal topology."},"aliases
1000
":["spectacle blind"],"defaultLayer":"Equipment","labelOffset":48,"extents":{"minX":-45,"minY":-11.992689924229149,"maxX":45,"maxY":39.99268992422915}}}
0
LINE
5
335
330
6EF
100
AcDbEntity
8
0
62
0
6
CONTINUOUS
100
AcDbLine
10
-45
20
0
30
0
11
-12
21
0
31
0
1001
CONDUITCAD
1000
{"id":"master-spectacle-blind-0"}
0
LINE
5
336
330
6EF
100
AcDbEntity
8
0
62
0
6
CONTINUOUS
100
AcDbLine
10
12
20
0
30
0
11
45
21
0
31
0
1001
CONDUITCAD
1000
{"id":"master-spectacle-blind-1"}
0
CIRCLE
5
337
330
6EF
100
AcDbEntity
8
0
62
0
6
CONTINUOUS
100
AcDbCircle
10
0
20
0
30
0
40
12
1001
CONDUITCAD
1000
{"id":"master-spectacle-blind-2"}
0
CIRCLE
5
338
330
6EF
100
AcDbEntity
8
0
62
0
6
CONTINUOUS
100
AcDbCircle
10
0
20
28
30
0
40
12
1001
CONDUITCAD
1000
{"id":"master-spectacle-blind-3"}
0
LINE
5
339
330
6EF
100
AcDbEntity
8
0
62
0
6
CONTINUOUS
100
AcDbLine
10
0
20
12
30
0
11
0
21
16
31
0
1001
CONDUITCAD
1000
{"id":"master-spectacle-blind-4"}
0
ENDBLK
5
81A
330
6EF
100
AcDbEntity
8
0
100
AcDbBlockEnd
0
BLOCK
5
81B
330
6F0
100
AcDbEntity
8
0
100
AcDbBlockBegin
2
CC_EXPANSION_JOINT
70
0
10
0
20
0
30
0
3
CC_EXPANSION_JOINT
1

1001
CONDUITCAD
1000
{"ports":[{"name":"in","x":-45,"y":0,"dx":-1,"dy":0,"medium":"process","role":"connection"},{"name":"out","x":45,"y":0,"dx":1,"dy":0,"medium":"process","role":"connection"}],"symbol":{"name":"Expansio
1000
n joint","category":"P&ID","group":"Fittings & connections","geometryRevision":3,"standardRefs":["ISO-10628-2"],"convention":"ISO-10628-2 family","conformity":"Original master; not standards-certified
1000
","normativeEntry":null,"review":{"level":"geometry-and-convention","dimensionalConformance":"not-verified","note":"New independently constructed CAD master with explicit terminal topology."},"aliases
1000
":["expansion joint"],"defaultLayer":"Equipment","labelOffset":48,"extents":{"minX":-45,"minY":-15,"maxX":45,"maxY":15}}}
0
LINE
5
33A
330
6F0
100
AcDbEntity
8
0
62
0
6
CONTINUOUS
100
AcDbLine
10
-45
20
0
30
0
11
-25
21
0
31
0
1001
CONDUITCAD
1000
{"id":"master-expansion-joint-0"}
0
LINE
5
33B
330
6F0
100
AcDbEntity
8
0
62
0
6
CONTINUOUS
100
AcDbLine
10
25
20
0
30
0
11
45
21
0
31
0
1001
CONDUITCAD
1000
{"id":"master-expansion-joint-1"}
0
LWPOLYLINE
5
33C
330
6F0
100
AcDbEntity
8
0
62
0
6
CONTINUOUS
100
AcDbPolyline
90
7
70
0
10
-25
20
0
10
-20
20
15
10
-10
20
-15
10
0
20
15
10
10
20
-15
10
20
20
15
10
25
20
0
1001
CONDUITCAD
1000
{"id":"master-expansion-joint-2"}
0
ENDBLK
5
81C
330
6F0
100
AcDbEntity
8
0
100
AcDbBlockEnd
0
BLOCK
5
81D
330
6F1
100
AcDbEntity
8
0
100
AcDbBlockBegin
2
CC_STATIC_MIXER
70
0
10
0
20
0
30
0
3
CC_STATIC_MIXER
1

1001
CONDUITCAD
1000
{"ports":[{"name":"in","x":-45,"y":0,"dx":-1,"dy":0,"medium":"process","role":"connection"},{"name":"out","x":45,"y":0,"dx":1,"dy":0,"medium":"process","role":"connection"}],"symbol":{"name":"Static m
1000
ixer","category":"P&ID","group":"Equipment","geometryRevision":3,"standardRefs":["ISO-10628-2"],"convention":"ISO-10628-2 family","conformity":"Original master; not standards-certified","normativeEntr
1000
y":null,"review":{"level":"geometry-and-convention","dimensionalConformance":"not-verified","note":"New independently constructed CAD master with explicit terminal topology."},"aliases":["static mixer
1000
"],"defaultLayer":"Equipment","labelOffset":48,"extents":{"minX":-45,"minY":-18,"maxX":45,"maxY":18}}}
0
LINE
5
33D
330
6F1
100
AcDbEntity
8
0
62
0
6
CONTINUOUS
100
AcDbLine
10
-45
20
0
30
0
11
-30
21
0
31
0
1001
CONDUITCAD
1000
{"id":"master-static-mixer-0"}
0
LINE
5
33E
330
6F1
100
AcDbEntity
8
0
62
0
6
CONTINUOUS
100
AcDbLine
10
30
20
0
30
0
11
45
21
0
31
0
1001
CONDUITCAD
1000
{"id":"master-static-mixer-1"}
0
LWPOLYLINE
5
33F
330
6F1
100
AcDbEntity
8
0
62
0
6
CONTINUOUS
100
AcDbPolyline
90
4
70
1
10
-30
20
-18
10
30
20
-18
10
30
20
18
10
-30
20
18
1001
CONDUITCAD
1000
{"id":"master-static-mixer-2"}
0
LINE
5
340
330
6F1
100
AcDbEntity
8
0
62
0
6
CONTINUOUS
100
AcDbLine
10
-28
20
-15
30
0
11
-12
21
15
31
0
1001
CONDUITCAD
1000
{"id":"master-static-mixer-3"}
0
LINE
5
341
330
6F1
100
AcDbEntity
8
0
62
0
6
CONTINUOUS
100
AcDbLine
10
-8
20
-15
30
0
11
8
21
15
31
0
1001
CONDUITCAD
1000
{"id":"master-static-mixer-4"}
0
LINE
5
342
330
6F1
100
AcDbEntity
8
0
62
0
6
CONTINUOUS
100
AcDbLine
10
12
20
-15
30
0
11
28
21
15
31
0
1001
CONDUITCAD
1000
{"id":"master-static-mixer-5"}
0
ENDBLK
5
81E
330
6F1
100
AcDbEntity
8
0
100
AcDbBlockEnd
0
BLOCK
5
81F
330
6F2
100
AcDbEntity
8
0
100
AcDbBlockBegin
2
CC_PLATE_EXCHANGER
70
0
10
0
20
0
30
0
3
CC_PLATE_EXCHANGER
1

1001
CONDUITCAD
1000
{"ports":[{"name":"in","x":-45,"y":0,"dx":-1,"dy":0,"medium":"process","role":"connection"},{"name":"out","x":45,"y":0,"dx":1,"dy":0,"medium":"process","role":"connection"},{"name":"top","x":0,"y":45,
1000
"dx":0,"dy":1,"medium":"process","role":"connection"},{"name":"bottom","x":0,"y":-45,"dx":0,"dy":-1,"medium":"process","role":"connection"}],"symbol":{"name":"Plate heat exchanger","category":"P&ID","
1000
group":"Equipment","geometryRevision":3,"standardRefs":["ISO-10628-2"],"convention":"ISO-10628-2 family","conformity":"Original master; not standards-certified","normativeEntry":null,"review":{"level"
1000
:"geometry-and-convention","dimensionalConformance":"not-verified","note":"New independently constructed CAD master with explicit terminal topology."},"aliases":["plate exchanger"],"defaultLayer":"Equ
1000
ipment","labelOffset":67,"extents":{"minX":-45,"minY":-45,"maxX":45,"maxY":45}}}
0
LWPOLYLINE
5
343
330
6F2
100
AcDbEntity
8
0
62
0
6
CONTINUOUS
100
AcDbPolyline
90
4
70
1
10
-30
20
-35
10
30
20
-35
10
30
20
35
10
-30
20
35
1001
CONDUITCAD
1000
{"id":"master-plate-exchanger-0"}
0
LINE
5
344
330
6F2
100
AcDbEntity
8
0
62
0
6
CONTINUOUS
100
AcDbLine
10
-45
20
0
30
0
11
-30
21
0
31
0
1001
CONDUITCAD
1000
{"id":"master-plate-exchanger-1"}
0
LINE
5
345
330
6F2
100
AcDbEntity
8
0
62
0
6
CONTINUOUS
100
AcDbLine
10
30
20
0
30
0
11
45
21
0
31
0
1001
CONDUITCAD
1000
{"id":"master-plate-exchanger-2"}
0
LINE
5
346
330
6F2
100
AcDbEntity
8
0
62
0
6
CONTINUOUS
100
AcDbLine
10
0
20
35
30
0
11
0
21
45
31
0
1001
CONDUITCAD
1000
{"id":"master-plate-exchanger-3"}
0
LINE
5
347
330
6F2
100
AcDbEntity
8
0
62
0
6
CONTINUOUS
100
AcDbLine
10
0
20
-35
30
0
11
0
21
-45
31
0
1001
CONDUITCAD
1000
{"id":"master-plate-exchanger-4"}
0
LINE
5
348
330
6F2
100
AcDbEntity
8
0
62
0
6
CONTINUOUS
100
AcDbLine
10
-25
20
-27
30
0
11
-11
21
27
31
0
1001
CONDUITCAD
1000
{"id":"master-plate-exchanger-5"}
0
LINE
5
349
330
6F2
100
AcDbEntity
8
0
62
0
6
CONTINUOUS
100
AcDbLine
10
-13
20
-27
30
0
11
1
21
27
31
0
1001
CONDUITCAD
1000
{"id":"master-plate-exchanger-6"}
0
LINE
5
34A
330
6F2
100
AcDbEntity
8
0
62
0
6
CONTINUOUS
100
AcDbLine
10
-1
20
-27
30
0
11
13
21
27
31
0
1001
CONDUITCAD
1000
{"id":"master-plate-exchanger-7"}
0
LINE
5
34B
330
6F2
100
AcDbEntity
8
0
62
0
6
CONTINUOUS
100
AcDbLine
10
11
20
-27
30
0
11
25
21
27
31
0
1001
CONDUITCAD
1000
{"id":"master-plate-exchanger-8"}
0
ENDBLK
5
820
330
6F2
100
AcDbEntity
8
0
100
AcDbBlockEnd
0
BLOCK
5
821
330
6F3
100
AcDbEntity
8
0
100
AcDbBlockBegin
2
CC_COLUMN
70
0
10
0
20
0
30
0
3
CC_COLUMN
1

1001
CONDUITCAD
1000
{"ports":[{"name":"in","x":-45,"y":0,"dx":-1,"dy":0,"medium":"process","role":"connection"},{"name":"out","x":45,"y":0,"dx":1,"dy":0,"medium":"process","role":"connection"},{"name":"top","x":0,"y":75,
1000
"dx":0,"dy":1,"medium":"process","role":"connection"},{"name":"bottom","x":0,"y":-75,"dx":0,"dy":-1,"medium":"process","role":"connection"}],"symbol":{"name":"Trayed separation column","category":"P&I
1000
D","group":"Equipment","geometryRevision":3,"standardRefs":["ISO-10628-2"],"convention":"ISO-10628-2 family","conformity":"Original master; not standards-certified","normativeEntry":null,"review":{"le
1000
vel":"geometry-and-convention","dimensionalConformance":"not-verified","note":"New independently constructed CAD master with explicit terminal topology."},"aliases":["column"],"defaultLayer":"Equipmen
1000
t","labelOffset":97,"extents":{"minX":-45,"minY":-75,"maxX":45,"maxY":75}}}
0
LINE
5
34C
330
6F3
100
AcDbEntity
8
0
62
0
6
CONTINUOUS
100
AcDbLine
10
-24
20
-36
30
0
11
-24
21
36
31
0
1001
CONDUITCAD
1000
{"id":"master-column-0"}
0
ARC
5
34D
330
6F3
100
AcDbEntity
8
0
62
0
6
CONTINUOUS
100
AcDbCircle
10
0
20
36
30
0
40
24
100
AcDbArc
50
0
51
180
1001
CONDUITCAD
1000
{"id":"master-column-1"}
0
LINE
5
34E
330
6F3
100
AcDbEntity
8
0
62
0
6
CONTINUOUS
100
AcDbLine
10
24
20
36
30
0
11
24
21
-36
31
0
1001
CONDUITCAD
1000
{"id":"master-column-2"}
0
ARC
5
34F
330
6F3
100
AcDbEntity
8
0
62
0
6
CONTINUOUS
100
AcDbCircle
10
0
20
-36
30
0
40
24
100
AcDbArc
50
180
51
360
1001
CONDUITCAD
1000
{"id":"master-column-3"}
0
LINE
5
350
330
6F3
100
AcDbEntity
8
0
62
0
6
CONTINUOUS
100
AcDbLine
10
-45
20
0
30
0
11
-24
21
0
31
0
1001
CONDUITCAD
1000
{"id":"master-column-4"}
0
LINE
5
351
330
6F3
100
AcDbEntity
8
0
62
0
6
CONTINUOUS
100
AcDbLine
10
24
20
0
30
0
11
45
21
0
31
0
1001
CONDUITCAD
1000
{"id":"master-column-5"}
0
LINE
5
352
330
6F3
100
AcDbEntity
8
0
62
0
6
CONTINUOUS
100
AcDbLine
10
0
20
60
30
0
11
0
21
75
31
0
1001
CONDUITCAD
1000
{"id":"master-column-6"}
0
LINE
5
353
330
6F3
100
AcDbEntity
8
0
62
0
6
CONTINUOUS
100
AcDbLine
10
0
20
-60
30
0
11
0
21
-75
31
0
1001
CONDUITCAD
1000
{"id":"master-column-7"}
0
LINE
5
354
330
6F3
100
AcDbEntity
8
0
62
0
6
CONTINUOUS
100
AcDbLine
10
-24
20
-24
30
0
11
24
21
-24
31
0
1001
CONDUITCAD
1000
{"id":"master-column-8"}
0
LINE
5
355
330
6F3
100
AcDbEntity
8
0
62
0
6
CONTINUOUS
100
AcDbLine
10
-24
20
-8
30
0
11
24
21
-8
31
0
1001
CONDUITCAD
1000
{"id":"master-column-9"}
0
LINE
5
356
330
6F3
100
AcDbEntity
8
0
62
0
6
CONTINUOUS
100
AcDbLine
10
-24
20
8
30
0
11
24
21
8
31
0
1001
CONDUITCAD
1000
{"id":"master-column-10"}
0
LINE
5
357
330
6F3
100
AcDbEntity
8
0
62
0
6
CONTINUOUS
100
AcDbLine
10
-24
20
24
30
0
11
24
21
24
31
0
1001
CONDUITCAD
1000
{"id":"master-column-11"}
0
ENDBLK
5
822
330
6F3
100
AcDbEntity
8
0
100
AcDbBlockEnd
0
BLOCK
5
823
330
6F4
100
AcDbEntity
8
0
100
AcDbBlockBegin
2
CC_PACKED_COLUMN
70
0
10
0
20
0
30
0
3
CC_PACKED_COLUMN
1

1001
CONDUITCAD
1000
{"ports":[{"name":"in","x":-45,"y":0,"dx":-1,"dy":0,"medium":"process","role":"connection"},{"name":"out","x":45,"y":0,"dx":1,"dy":0,"medium":"process","role":"connection"},{"name":"top","x":0,"y":75,
1000
"dx":0,"dy":1,"medium":"process","role":"connection"},{"name":"bottom","x":0,"y":-75,"dx":0,"dy":-1,"medium":"process","role":"connection"}],"symbol":{"name":"Packed column","category":"P&ID","group":
1000
"Equipment","geometryRevision":3,"standardRefs":["ISO-10628-2"],"convention":"ISO-10628-2 family","conformity":"Original master; not standards-certified","normativeEntry":null,"review":{"level":"geome
1000
try-and-convention","dimensionalConformance":"not-verified","note":"New independently constructed CAD master with explicit terminal topology."},"aliases":["packed column"],"defaultLayer":"Equipment","
1000
labelOffset":97,"extents":{"minX":-45,"minY":-75,"maxX":45,"maxY":75}}}
0
LINE
5
358
330
6F4
100
AcDbEntity
8
0
62
0
6
CONTINUOUS
100
AcDbLine
10
-24
20
-36
30
0
11
-24
21
36
31
0
1001
CONDUITCAD
1000
{"id":"master-packed-column-0"}
0
ARC
5
359
330
6F4
100
AcDbEntity
8
0
62
0
6
CONTINUOUS
100
AcDbCircle
10
0
20
36
30
0
40
24
100
AcDbArc
50
0
51
180
1001
CONDUITCAD
1000
{"id":"master-packed-column-1"}
0
LINE
5
35A
330
6F4
100
AcDbEntity
8
0
62
0
6
CONTINUOUS
100
AcDbLine
10
24
20
36
30
0
11
24
21
-36
31
0
1001
CONDUITCAD
1000
{"id":"master-packed-column-2"}
0
ARC
5
35B
330
6F4
100
AcDbEntity
8
0
62
0
6
CONTINUOUS
100
AcDbCircle
10
0
20
-36
30
0
40
24
100
AcDbArc
50
180
51
360
1001
CONDUITCAD
1000
{"id":"master-packed-column-3"}
0
LINE
5
35C
330
6F4
100
AcDbEntity
8
0
62
0
6
CONTINUOUS
100
AcDbLine
10
-45
20
0
30
0
11
-24
21
0
31
0
1001
CONDUITCAD
1000
{"id":"master-packed-column-4"}
0
LINE
5
35D
330
6F4
100
AcDbEntity
8
0
62
0
6
CONTINUOUS
100
AcDbLine
10
24
20
0
30
0
11
45
21
0
31
0
1001
CONDUITCAD
1000
{"id":"master-packed-column-5"}
0
LINE
5
35E
330
6F4
100
AcDbEntity
8
0
62
0
6
CONTINUOUS
100
AcDbLine
10
0
20
60
30
0
11
0
21
75
31
0
1001
CONDUITCAD
1000
{"id":"master-packed-column-6"}
0
LINE
5
35F
330
6F4
100
AcDbEntity
8
0
62
0
6
CONTINUOUS
100
AcDbLine
10
0
20
-60
30
0
11
0
21
-75
31
0
1001
CONDUITCAD
1000
{"id":"master-packed-column-7"}
0
LWPOLYLINE
5
360
330
6F4
100
AcDbEntity
8
0
62
0
6
CONTINUOUS
100
AcDbPolyline
90
4
70
1
10
-22
20
-27
10
22
20
-27
10
22
20
27
10
-22
20
27
1001
CONDUITCAD
1000
{"id":"master-packed-column-8"}
0
LINE
5
361
330
6F4
100
AcDbEntity
8
0
62
0
6
CONTINUOUS
100
AcDbLine
10
-22
20
-27
30
0
11
22
21
-9
31
0
1001
CONDUITCAD
1000
{"id":"master-packed-column-9"}
0
LINE
5
362
330
6F4
100
AcDbEntity
8
0
62
0
6
CONTINUOUS
100
AcDbLine
10
-22
20
-9
30
0
11
22
21
-27
31
0
1001
CONDUITCAD
1000
{"id":"master-packed-column-10"}
0
LINE
5
363
330
6F4
100
AcDbEntity
8
0
62
0
6
CONTINUOUS
100
AcDbLine
10
-22
20
-9
30
0
11
22
21
9
31
0
1001
CONDUITCAD
1000
{"id":"master-packed-column-11"}
0
LINE
5
364
330
6F4
100
AcDbEntity
8
0
62
0
6
CONTINUOUS
100
AcDbLine
10
-22
20
9
30
0
11
22
21
-9
31
0
1001
CONDUITCAD
1000
{"id":"master-packed-column-12"}
0
LINE
5
365
330
6F4
100
AcDbEntity
8
0
62
0
6
CONTINUOUS
100
AcDbLine
10
-22
20
9
30
0
11
22
21
27
31
0
1001
CONDUITCAD
1000
{"id":"master-packed-column-13"}
0
LINE
5
366
330
6F4
100
AcDbEntity
8
0
62
0
6
CONTINUOUS
100
AcDbLine
10
-22
20
27
30
0
11
22
21
9
31
0
1001
CONDUITCAD
1000
{"id":"master-packed-column-14"}
0
ENDBLK
5
824
330
6F4
100
AcDbEntity
8
0
100
AcDbBlockEnd
0
BLOCK
5
825
330
6F5
100
AcDbEntity
8
0
100
AcDbBlockBegin
2
CC_CYCLONE
70
0
10
0
20
0
30
0
3
CC_CYCLONE
1

1001
CONDUITCAD
1000
{"ports":[{"name":"in","x":-45,"y":0,"dx":-1,"dy":0,"medium":"process","role":"connection"},{"name":"out","x":45,"y":0,"dx":1,"dy":0,"medium":"process","role":"connection"},{"name":"top","x":0,"y":60,
1000
"dx":0,"dy":1,"medium":"process","role":"connection"},{"name":"bottom","x":0,"y":-60,"dx":0,"dy":-1,"medium":"process","role":"connection"}],"symbol":{"name":"Cyclone separator","category":"P&ID","gro
1000
up":"Equipment","geometryRevision":3,"standardRefs":["ISO-10628-2"],"convention":"ISO-10628-2 family","conformity":"Original master; not standards-certified","normativeEntry":null,"review":{"level":"g
1000
eometry-and-convention","dimensionalConformance":"not-verified","note":"New independently constructed CAD master with explicit terminal topology."},"aliases":["cyclone"],"defaultLayer":"Equipment","la
1000
belOffset":82,"extents":{"minX":-45,"minY":-60,"maxX":45,"maxY":60}}}
0
LWPOLYLINE
5
367
330
6F5
100
AcDbEntity
8
0
62
0
6
CONTINUOUS
100
AcDbPolyline
90
4
70
1
10
-27
20
0
10
27
20
0
10
27
20
40
10
-27
20
40
1001
CONDUITCAD
1000
{"id":"master-cyclone-0"}
0
LWPOLYLINE
5
368
330
6F5
100
AcDbEntity
8
0
62
0
6
CONTINUOUS
100
AcDbPolyline
90
3
70
0
10
-27
20
0
10
0
20
-45
10
27
20
0
1001
CONDUITCAD
1000
{"id":"master-cyclone-1"}
0
LINE
5
369
330
6F5
100
AcDbEntity
8
0
62
0
6
CONTINUOUS
100
AcDbLine
10
-45
20
0
30
0
11
-27
21
0
31
0
1001
CONDUITCAD
1000
{"id":"master-cyclone-2"}
0
LINE
5
36A
330
6F5
100
AcDbEntity
8
0
62
0
6
CONTINUOUS
100
AcDbLine
10
27
20
0
30
0
11
45
21
0
31
0
1001
CONDUITCAD
1000
{"id":"master-cyclone-3"}
0
LINE
5
36B
330
6F5
100
AcDbEntity
8
0
62
0
6
CONTINUOUS
100
AcDbLine
10
0
20
40
30
0
11
0
21
60
31
0
1001
CONDUITCAD
1000
{"id":"master-cyclone-4"}
0
LINE
5
36C
330
6F5
100
AcDbEntity
8
0
62
0
6
CONTINUOUS
100
AcDbLine
10
0
20
-45
30
0
11
0
21
-60
31
0
1001
CONDUITCAD
1000
{"id":"master-cyclone-5"}
0
ENDBLK
5
826
330
6F5
100
AcDbEntity
8
0
100
AcDbBlockEnd
0
BLOCK
5
827
330
6F6
100
AcDbEntity
8
0
100
AcDbBlockBegin
2
CC_STEAM_TRAP
70
0
10
0
20
0
30
0
3
CC_STEAM_TRAP
1

1001
CONDUITCAD
1000
{"ports":[{"name":"in","x":-45,"y":0,"dx":-1,"dy":0,"medium":"process","role":"connection"},{"name":"out","x":45,"y":0,"dx":1,"dy":0,"medium":"process","role":"connection"}],"symbol":{"name":"Steam tr
1000
ap \u00b7 functional","category":"P&ID","group":"Valves & actuators","standardRefs":["PROJECT"],"geometryRevision":3,"convention":"Explicit project drafting convention","conformity":"Original master; 
1000
not standards-certified","normativeEntry":null,"review":{"level":"geometry-and-convention","dimensionalConformance":"not-verified","note":"New independently constructed CAD master with explicit termin
1000
al topology."},"aliases":["steam trap"],"defaultLayer":"Equipment","labelOffset":48,"extents":{"minX":-45,"minY":-20,"maxX":45,"maxY":20}}}
0
LINE
5
36D
330
6F6
100
AcDbEntity
8
0
62
0
6
CONTINUOUS
100
AcDbLine
10
-45
20
0
30
0
11
-25
21
0
31
0
1001
CONDUITCAD
1000
{"id":"master-steam-trap-0"}
0
LINE
5
36E
330
6F6
100
AcDbEntity
8
0
62
0
6
CONTINUOUS
100
AcDbLine
10
25
20
0
30
0
11
45
21
0
31
0
1001
CONDUITCAD
1000
{"id":"master-steam-trap-1"}
0
LWPOLYLINE
5
36F
330
6F6
100
AcDbEntity
8
0
62
0
6
CONTINUOUS
100
AcDbPolyline
90
4
70
1
10
-25
20
-20
10
25
20
-20
10
25
20
20
10
-25
20
20
1001
CONDUITCAD
1000
{"id":"master-steam-trap-2"}
0
TEXT
5
370
330
6F6
100
AcDbEntity
8
0
62
0
6
CONTINUOUS
100
AcDbText
10
0
20
-4
30
0
40
13
1
ST
50
0
41
1
7
STANDARD
72
1
11
0
21
-4
31
0
100
AcDbText
73
0
1001
CONDUITCAD
1000
{"id":"master-steam-trap-3"}
0
ENDBLK
5
828
330
6F6
100
AcDbEntity
8
0
100
AcDbBlockEnd
0
BLOCK
5
829
330
6F7
100
AcDbEntity
8
0
100
AcDbBlockBegin
2
CC_SIGHT_GLASS
70
0
10
0
20
0
30
0
3
CC_SIGHT_GLASS
1

1001
CONDUITCAD
1000
{"ports":[{"name":"in","x":-45,"y":0,"dx":-1,"dy":0,"medium":"process","role":"connection"},{"name":"out","x":45,"y":0,"dx":1,"dy":0,"medium":"process","role":"connection"}],"symbol":{"name":"Sight gl
1000
ass","category":"P&ID","group":"Fittings & connections","geometryRevision":3,"standardRefs":["ISO-10628-2"],"convention":"ISO-10628-2 family","conformity":"Original master; not standards-certified","n
1000
ormativeEntry":null,"review":{"level":"geometry-and-convention","dimensionalConformance":"not-verified","note":"New independently constructed CAD master with explicit terminal topology."},"aliases":["
1000
sight glass"],"defaultLayer":"Equipment","labelOffset":48,"extents":{"minX":-45,"minY":-13,"maxX":45,"maxY":13}}}
0
LINE
5
371
330
6F7
100
AcDbEntity
8
0
62
0
6
CONTINUOUS
100
AcDbLine
10
-45
20
0
30
0
11
-25
21
0
31
0
1001
CONDUITCAD
1000
{"id":"master-sight-glass-0"}
0
LINE
5
372
330
6F7
100
AcDbEntity
8
0
62
0
6
CONTINUOUS
100
AcDbLine
10
25
20
0
30
0
11
45
21
0
31
0
1001
CONDUITCAD
1000
{"id":"master-sight-glass-1"}
0
LWPOLYLINE
5
373
330
6F7
100
AcDbEntity
8
0
62
0
6
CONTINUOUS
100
AcDbPolyline
90
4
70
1
10
-25
20
-13
10
25
20
-13
10
25
20
13
10
-25
20
13
1001
CONDUITCAD
1000
{"id":"master-sight-glass-2"}
0
LINE
5
374
330
6F7
100
AcDbEntity
8
0
62
0
6
CONTINUOUS
100
AcDbLine
10
-18
20
-13
30
0
11
-18
21
13
31
0
1001
CONDUITCAD
1000
{"id":"master-sight-glass-3"}
0
LINE
5
375
330
6F7
100
AcDbEntity
8
0
62
0
6
CONTINUOUS
100
AcDbLine
10
18
20
-13
30
0
11
18
21
13
31
0
1001
CONDUITCAD
1000
{"id":"master-sight-glass-4"}
0
ENDBLK
5
82A
330
6F7
100
AcDbEntity
8
0
100
AcDbBlockEnd
0
BLOCK
5
82B
330
6F8
100
AcDbEntity
8
0
100
AcDbBlockBegin
2
CC_SAMPLING_POINT
70
0
10
0
20
0
30
0
3
CC_SAMPLING_POINT
1

1001
CONDUITCAD
1000
{"ports":[{"name":"in","x":-45,"y":0,"dx":-1,"dy":0,"medium":"process","role":"connection"},{"name":"out","x":45,"y":0,"dx":1,"dy":0,"medium":"process","role":"connection"},{"name":"sample","x":0,"y":
1000
-45,"dx":0,"dy":-1,"medium":"process","role":"connection"}],"symbol":{"name":"Sampling point","category":"P&ID","group":"Fittings & connections","geometryRevision":3,"standardRefs":["ISO-10628-2"],"co
1000
nvention":"ISO-10628-2 family","conformity":"Original master; not standards-certified","normativeEntry":null,"review":{"level":"geometry-and-convention","dimensionalConformance":"not-verified","note":
1000
"New independently constructed CAD master with explicit terminal topology."},"aliases":["sampling point"],"defaultLayer":"Equipment","labelOffset":67,"extents":{"minX":-45,"minY":-45,"maxX":45,"maxY":
1000
0}}}
0
LINE
5
376
330
6F8
100
AcDbEntity
8
0
62
0
6
CONTINUOUS
100
AcDbLine
10
-45
20
0
30
0
11
45
21
0
31
0
1001
CONDUITCAD
1000
{"id":"master-sampling-point-0"}
0
LINE
5
377
330
6F8
100
AcDbEntity
8
0
62
0
6
CONTINUOUS
100
AcDbLine
10
0
20
0
30
0
11
0
21
-32
31
0
1001
CONDUITCAD
1000
{"id":"master-sampling-point-1"}
0
LWPOLYLINE
5
378
330
6F8
100
AcDbEntity
8
0
62
0
6
CONTINUOUS
100
AcDbPolyline
90
3
70
1
10
-8
20
-17
10
8
20
-17
10
0
20
-25
1001
CONDUITCAD
1000
{"id":"master-sampling-point-2"}
0
LWPOLYLINE
5
379
330
6F8
100
AcDbEntity
8
0
62
0
6
CONTINUOUS
100
AcDbPolyline
90
3
70
1
10
-8
20
-33
10
8
20
-33
10
0
20
-25
1001
CONDUITCAD
1000
{"id":"master-sampling-point-3"}
0
LINE
5
37A
330
6F8
100
AcDbEntity
8
0
62
0
6
CONTINUOUS
100
AcDbLine
10
0
20
-33
30
0
11
0
21
-45
31
0
1001
CONDUITCAD
1000
{"id":"master-sampling-point-4"}
0
ENDBLK
5
82C
330
6F8
100
AcDbEntity
8
0
100
AcDbBlockEnd
0
BLOCK
5
82D
330
6F9
100
AcDbEntity
8
0
100
AcDbBlockBegin
2
CC_VARIABLE_RESISTOR
70
0
10
0
20
0
30
0
3
CC_VARIABLE_RESISTOR
1

1001
CONDUITCAD
1000
{"ports":[{"name":"in","x":-45,"y":0,"dx":-1,"dy":0,"medium":"electrical","role":"connection"},{"name":"out","x":45,"y":0,"dx":1,"dy":0,"medium":"electrical","role":"connection"}],"symbol":{"name":"Va
1000
riable resistor \u00b7 IEC","category":"Electrical","group":"Passive components","geometryRevision":3,"standardRefs":["IEC-60617"],"convention":"IEC-60617 family","conformity":"Original master; not st
1000
andards-certified","normativeEntry":null,"review":{"level":"geometry-and-convention","dimensionalConformance":"not-verified","note":"New independently constructed CAD master with explicit terminal top
1000
ology."},"aliases":["variable resistor"],"defaultLayer":"Electrical","labelOffset":48,"extents":{"minX":-45,"minY":-25,"maxX":45,"maxY":27}}}
0
LINE
5
37B
330
6F9
100
AcDbEntity
8
0
62
0
6
CONTINUOUS
100
AcDbLine
10
-45
20
0
30
0
11
-25
21
0
31
0
1001
CONDUITCAD
1000
{"id":"master-variable-resistor-0"}
0
LINE
5
37C
330
6F9
100
AcDbEntity
8
0
62
0
6
CONTINUOUS
100
AcDbLine
10
25
20
0
30
0
11
45
21
0
31
0
1001
CONDUITCAD
1000
{"id":"master-variable-resistor-1"}
0
LWPOLYLINE
5
37D
330
6F9
100
AcDbEntity
8
0
62
0
6
CONTINUOUS
100
AcDbPolyline
90
4
70
1
10
-25
20
-11
10
25
20
-11
10
25
20
11
10
-25
20
11
1001
CONDUITCAD
1000
{"id":"master-variable-resistor-2"}
0
LINE
5
37E
330
6F9
100
AcDbEntity
8
0
62
0
6
CONTINUOUS
100
AcDbLine
10
-22
20
-25
30
0
11
25
21
27
31
0
1001
CONDUITCAD
1000
{"id":"master-variable-resistor-3"}
0
LWPOLYLINE
5
37F
330
6F9
100
AcDbEntity
8
0
62
0
6
CONTINUOUS
100
AcDbPolyline
90
3
70
1
10
25
20
27
10
17.96932023424089
20
23.919084221964933
10
22.64312439670575
20
19.69468430589092
1001
CONDUITCAD
1000
{"id":"master-variable-resistor-4"}
0
ENDBLK
5
82E
330
6F9
100
AcDbEntity
8
0
100
AcDbBlockEnd
0
BLOCK
5
82F
330
6FA
100
AcDbEntity
8
0
100
AcDbBlockBegin
2
CC_THERMISTOR
70
0
10
0
20
0
30
0
3
CC_THERMISTOR
1

1001
CONDUITCAD
1000
{"ports":[{"name":"in","x":-45,"y":0,"dx":-1,"dy":0,"medium":"electrical","role":"connection"},{"name":"out","x":45,"y":0,"dx":1,"dy":0,"medium":"electrical","role":"connection"}],"symbol":{"name":"Th
1000
ermistor","category":"Electrical","group":"Passive components","geometryRevision":3,"standardRefs":["IEC-60617"],"convention":"IEC-60617 family","conformity":"Original master; not standards-certified"
1000
,"normativeEntry":null,"review":{"level":"geometry-and-convention","dimensionalConformance":"not-verified","note":"New independently constructed CAD master with explicit terminal topology."},"aliases"
1000
:["thermistor"],"defaultLayer":"Electrical","labelOffset":48,"extents":{"minX":-45,"minY":-23,"maxX":45,"maxY":24}}}
0
LINE
5
380
330
6FA
100
AcDbEntity
8
0
62
0
6
CONTINUOUS
100
AcDbLine
10
-45
20
0
30
0
11
-25
21
0
31
0
1001
CONDUITCAD
1000
{"id":"master-thermistor-0"}
0
LINE
5
381
330
6FA
100
AcDbEntity
8
0
62
0
6
CONTINUOUS
100
AcDbLine
10
25
20
0
30
0
11
45
21
0
31
0
1001
CONDUITCAD
1000
{"id":"master-thermistor-1"}
0
LWPOLYLINE
5
382
330
6FA
100
AcDbEntity
8
0
62
0
6
CONTINUOUS
100
AcDbPolyline
90
4
70
1
10
-25
20
-11
10
25
20
-11
10
25
20
11
10
-25
20
11
1001
CONDUITCAD
1000
{"id":"master-thermistor-2"}
0
LWPOLYLINE
5
383
330
6FA
100
AcDbEntity
8
0
62
0
6
CONTINUOUS
100
AcDbPolyline
90
3
70
0
10
-22
20
-23
10
-9
20
-23
10
24
20
24
1001
CONDUITCAD
1000
{"id":"master-thermistor-3"}
0
TEXT
5
384
330
6FA
100
AcDbEntity
8
0
62
0
6
CONTINUOUS
100
AcDbText
10
-24
20
25
30
0
40
10
1
ϑ
50
0
41
1
7
STANDARD
72
1
11
-24
21
25
31
0
100
AcDbText
73
0
1001
CONDUITCAD
1000
{"id":"master-thermistor-4"}
0
ENDBLK
5
830
330
6FA
100
AcDbEntity
8
0
100
AcDbBlockEnd
0
BLOCK
5
831
330
6FB
100
AcDbEntity
8
0
100
AcDbBlockBegin
2
CC_PHOTORESISTOR
70
0
10
0
20
0
30
0
3
CC_PHOTORESISTOR
1

1001
CONDUITCAD
1000
{"ports":[{"name":"in","x":-45,"y":0,"dx":-1,"dy":0,"medium":"electrical","role":"connection"},{"name":"out","x":45,"y":0,"dx":1,"dy":0,"medium":"electrical","role":"connection"}],"symbol":{"name":"Ph
1000
otoresistor","category":"Electrical","group":"Passive components","geometryRevision":3,"standardRefs":["IEC-60617"],"convention":"IEC-60617 family","conformity":"Original master; not standards-certifi
1000
ed","normativeEntry":null,"review":{"level":"geometry-and-convention","dimensionalConformance":"not-verified","note":"New independently constructed CAD master with explicit terminal topology."},"alias
1000
es":["photoresistor"],"defaultLayer":"Electrical","labelOffset":48,"extents":{"minX":-45,"minY":-11,"maxX":45,"maxY":42}}}
0
LINE
5
385
330
6FB
100
AcDbEntity
8
0
62
0
6
CONTINUOUS
100
AcDbLine
10
-45
20
0
30
0
11
-25
21
0
31
0
1001
CONDUITCAD
1000
{"id":"master-photoresistor-0"}
0
LINE
5
386
330
6FB
100
AcDbEntity
8
0
62
0
6
CONTINUOUS
100
AcDbLine
10
25
20
0
30
0
11
45
21
0
31
0
1001
CONDUITCAD
1000
{"id":"master-photoresistor-1"}
0
LWPOLYLINE
5
387
330
6FB
100
AcDbEntity
8
0
62
0
6
CONTINUOUS
100
AcDbPolyline
90
4
70
1
10
-25
20
-11
10
25
20
-11
10
25
20
11
10
-25
20
11
1001
CONDUITCAD
1000
{"id":"master-photoresistor-2"}
0
LINE
5
388
330
6FB
100
AcDbEntity
8
0
62
0
6
CONTINUOUS
100
AcDbLine
10
-8
20
40
30
0
11
4
21
21
31
0
1001
CONDUITCAD
1000
{"id":"master-photoresistor-3"}
0
LWPOLYLINE
5
389
330
6FB
100
AcDbEntity
8
0
62
0
6
CONTINUOUS
100
AcDbPolyline
90
3
70
1
10
4
20
21
10
2.925339104831687
20
28.60050024408894
10
-2.401240984263431
20
25.236344398344656
1001
CONDUITCAD
1000
{"id":"master-photoresistor-4"}
0
LINE
5
38A
330
6FB
100
AcDbEntity
8
0
62
0
6
CONTINUOUS
100
AcDbLine
10
9
20
42
30
0
11
21
21
23
31
0
1001
CONDUITCAD
1000
{"id":"master-photoresistor-5"}
0
LWPOLYLINE
5
38B
330
6FB
100
AcDbEntity
8
0
62
0
6
CONTINUOUS
100
AcDbPolyline
90
3
70
1
10
21
20
23
10
19.925339104831686
20
30.60050024408894
10
14.598759015736569
20
27.236344398344656
1001
CONDUITCAD
1000
{"id":"master-photoresistor-6"}
0
ENDBLK
5
832
330
6FB
100
AcDbEntity
8
0
100
AcDbBlockEnd
0
BLOCK
5
833
330
6FC
100
AcDbEntity
8
0
100
AcDbBlockBegin
2
CC_ZENER_DIODE
70
0
10
0
20
0
30
0
3
CC_ZENER_DIODE
1

1001
CONDUITCAD
1000
{"ports":[{"name":"in","x":-45,"y":0,"dx":-1,"dy":0,"medium":"electrical","role":"connection"},{"name":"out","x":45,"y":0,"dx":1,"dy":0,"medium":"electrical","role":"connection"}],"symbol":{"name":"Ze
1000
ner diode","category":"Electrical","group":"Semiconductors","geometryRevision":3,"standardRefs":["IEC-60617"],"convention":"IEC-60617 family","conformity":"Original master; not standards-certified","n
1000
ormativeEntry":null,"review":{"level":"geometry-and-convention","dimensionalConformance":"not-verified","note":"New independently constructed CAD master with explicit terminal topology."},"aliases":["
1000
zener diode"],"defaultLayer":"Electrical","labelOffset":48,"extents":{"minX":-45,"minY":-24,"maxX":45,"maxY":24}}}
0
LINE
5
38C
330
6FC
100
AcDbEntity
8
0
62
0
6
CONTINUOUS
100
AcDbLine
10
-45
20
0
30
0
11
-22
21
0
31
0
1001
CONDUITCAD
1000
{"id":"master-zener-diode-0"}
0
LWPOLYLINE
5
38D
330
6FC
100
AcDbEntity
8
0
62
0
6
CONTINUOUS
100
AcDbPolyline
90
3
70
1
10
-22
20
-22
10
22
20
0
10
-22
20
22
1001
CONDUITCAD
1000
{"id":"master-zener-diode-1"}
0
LINE
5
38E
330
6FC
100
AcDbEntity
8
0
62
0
6
CONTINUOUS
100
AcDbLine
10
22
20
0
30
0
11
45
21
0
31
0
1001
CONDUITCAD
1000
{"id":"master-zener-diode-2"}
0
LWPOLYLINE
5
38F
330
6FC
100
AcDbEntity
8
0
62
0
6
CONTINUOUS
100
AcDbPolyline
90
4
70
0
10
15
20
24
10
22
20
24
10
22
20
-24
10
29
20
-24
1001
CONDUITCAD
1000
{"id":"master-zener-diode-3"}
0
ENDBLK
5
834
330
6FC
100
AcDbEntity
8
0
100
AcDbBlockEnd
0
BLOCK
5
835
330
6FD
100
AcDbEntity
8
0
100
AcDbBlockBegin
2
CC_PHOTODIODE
70
0
10
0
20
0
30
0
3
CC_PHOTODIODE
1

1001
CONDUITCAD
1000
{"ports":[{"name":"in","x":-45,"y":0,"dx":-1,"dy":0,"medium":"electrical","role":"connection"},{"name":"out","x":45,"y":0,"dx":1,"dy":0,"medium":"electrical","role":"connection"}],"symbol":{"name":"Ph
1000
otodiode","category":"Electrical","group":"Semiconductors","geometryRevision":3,"standardRefs":["IEC-60617"],"convention":"IEC-60617 family","conformity":"Original master; not standards-certified","no
1000
rmativeEntry":null,"review":{"level":"geometry-and-convention","dimensionalConformance":"not-verified","note":"New independently constructed CAD master with explicit terminal topology."},"aliases":["p
1000
hotodiode"],"defaultLayer":"Electrical","labelOffset":48,"extents":{"minX":-45,"minY":-24,"maxX":45,"maxY":49}}}
0
LINE
5
390
330
6FD
100
AcDbEntity
8
0
62
0
6
CONTINUOUS
100
AcDbLine
10
-45
20
0
30
0
11
-22
21
0
31
0
1001
CONDUITCAD
1000
{"id":"master-photodiode-0"}
0
LWPOLYLINE
5
391
330
6FD
100
AcDbEntity
8
0
62
0
6
CONTINUOUS
100
AcDbPolyline
90
3
70
1
10
-22
20
-22
10
22
20
0
10
-22
20
22
1001
CONDUITCAD
1000
{"id":"master-photodiode-1"}
0
LINE
5
392
330
6FD
100
AcDbEntity
8
0
62
0
6
CONTINUOUS
100
AcDbLine
10
22
20
-24
30
0
11
22
21
24
31
0
1001
CONDUITCAD
1000
{"id":"master-photodiode-2"}
0
LINE
5
393
330
6FD
100
AcDbEntity
8
0
62
0
6
CONTINUOUS
100
AcDbLine
10
22
20
0
30
0
11
45
21
0
31
0
1001
CONDUITCAD
1000
{"id":"master-photodiode-3"}
0
LINE
5
394
330
6FD
100
AcDbEntity
8
0
62
0
6
CONTINUOUS
100
AcDbLine
10
0
20
49
30
0
11
14
21
29
31
0
1001
CONDUITCAD
1000
{"id":"master-photodiode-4"}
0
LWPOLYLINE
5
395
330
6FD
100
AcDbEntity
8
0
62
0
6
CONTINUOUS
100
AcDbPolyline
90
3
70
1
10
14
20
29
10
12.56634413909168
20
36.541029828377766
10
7.4051830398217255
20
32.9282170588888
1001
CONDUITCAD
1000
{"id":"master-photodiode-5"}
0
LINE
5
396
330
6FD
100
AcDbEntity
8
0
62
0
6
CONTINUOUS
100
AcDbLine
10
17
20
49
30
0
11
31
21
29
31
0
1001
CONDUITCAD
1000
{"id":"master-photodiode-6"}
0
LWPOLYLINE
5
397
330
6FD
100
AcDbEntity
8
0
62
0
6
CONTINUOUS
100
AcDbPolyline
90
3
70
1
10
31
20
29
10
29.56634413909168
20
36.541029828377766
10
24.405183039821726
20
32.9282170588888
1001
CONDUITCAD
1000
{"id":"master-photodiode-7"}
0
ENDBLK
5
836
330
6FD
100
AcDbEntity
8
0
100
AcDbBlockEnd
0
BLOCK
5
837
330
6FE
100
AcDbEntity
8
0
100
AcDbBlockBegin
2
CC_TRANSISTOR_NPN
70
0
10
0
20
0
30
0
3
CC_TRANSISTOR_NPN
1

1001
CONDUITCAD
1000
{"ports":[{"name":"base","x":-45,"y":0,"dx":-1,"dy":0,"medium":"electrical","role":"connection"},{"name":"collector","x":22,"y":45,"dx":0,"dy":1,"medium":"electrical","role":"connection"},{"name":"emi
1000
tter","x":22,"y":-45,"dx":0,"dy":-1,"medium":"electrical","role":"connection"}],"symbol":{"name":"BJT \u00b7 NPN","category":"Electrical","group":"Semiconductors","geometryRevision":3,"standardRefs":[
1000
"IEC-60617"],"convention":"IEC-60617 family","conformity":"Original master; not standards-certified","normativeEntry":null,"review":{"level":"geometry-and-convention","dimensionalConformance":"not-ver
1000
ified","note":"New independently constructed CAD master with explicit terminal topology."},"aliases":["transistor npn"],"defaultLayer":"Electrical","labelOffset":67,"extents":{"minX":-45,"minY":-45,"m
1000
axX":22,"maxY":45}}}
0
LINE
5
398
330
6FE
100
AcDbEntity
8
0
62
0
6
CONTINUOUS
100
AcDbLine
10
-45
20
0
30
0
11
-14
21
0
31
0
1001
CONDUITCAD
1000
{"id":"master-transistor-npn-0"}
0
LINE
5
399
330
6FE
100
AcDbEntity
8
0
62
0
6
CONTINUOUS
100
AcDbLine
10
-14
20
-24
30
0
11
-14
21
24
31
0
1001
CONDUITCAD
1000
{"id":"master-transistor-npn-1"}
0
LINE
5
39A
330
6FE
100
AcDbEntity
8
0
62
0
6
CONTINUOUS
100
AcDbLine
10
-14
20
12
30
0
11
22
21
32
31
0
1001
CONDUITCAD
1000
{"id":"master-transistor-npn-2"}
0
LINE
5
39B
330
6FE
100
AcDbEntity
8
0
62
0
6
CONTINUOUS
100
AcDbLine
10
22
20
32
30
0
11
22
21
45
31
0
1001
CONDUITCAD
1000
{"id":"master-transistor-npn-3"}
0
LINE
5
39C
330
6FE
100
AcDbEntity
8
0
62
0
6
CONTINUOUS
100
AcDbLine
10
-14
20
-12
30
0
11
22
21
-32
31
0
1001
CONDUITCAD
1000
{"id":"master-transistor-npn-4"}
0
LINE
5
39D
330
6FE
100
AcDbEntity
8
0
62
0
6
CONTINUOUS
100
AcDbLine
10
22
20
-32
30
0
11
22
21
-45
31
0
1001
CONDUITCAD
1000
{"id":"master-transistor-npn-5"}
0
LINE
5
39E
330
6FE
100
AcDbEntity
8
0
62
0
6
CONTINUOUS
100
AcDbLine
10
-4
20
-17.55
30
0
11
14
21
-27.55
31
0
1001
CONDUITCAD
1000
{"id":"master-transistor-npn-6"}
0
SOLID
5
39F
330
6FE
100
AcDbEntity
8
0
62
0
6
CONTINUOUS
100
AcDbTrace
10
14
20
-27.55
30
0
11
9.410674300361928
21
-21.396904061966733
31
0
12
6.351123833936545
22
-26.90409490153242
32
0
13
6.351123833936545
23
-26.90409490153242
33
0
1001
CONDUITCAD
1000
{"id":"master-transistor-npn-7"}
0
ENDBLK
5
838
330
6FE
100
AcDbEntity
8
0
100
AcDbBlockEnd
0
BLOCK
5
839
330
6FF
100
AcDbEntity
8
0
100
AcDbBlockBegin
2
CC_TRANSISTOR_PNP
70
0
10
0
20
0
30
0
3
CC_TRANSISTOR_PNP
1

1001
CONDUITCAD
1000
{"ports":[{"name":"base","x":-45,"y":0,"dx":-1,"dy":0,"medium":"electrical","role":"connection"},{"name":"collector","x":22,"y":45,"dx":0,"dy":1,"medium":"electrical","role":"connection"},{"name":"emi
1000
tter","x":22,"y":-45,"dx":0,"dy":-1,"medium":"electrical","role":"connection"}],"symbol":{"name":"BJT \u00b7 PNP","category":"Electrical","group":"Semiconductors","geometryRevision":3,"standardRefs":[
1000
"IEC-60617"],"convention":"IEC-60617 family","conformity":"Original master; not standards-certified","normativeEntry":null,"review":{"level":"geometry-and-convention","dimensionalConformance":"not-ver
1000
ified","note":"New independently constructed CAD master with explicit terminal topology."},"aliases":["transistor pnp"],"defaultLayer":"Electrical","labelOffset":67,"extents":{"minX":-45,"minY":-45,"m
1000
axX":22,"maxY":45}}}
0
LINE
5
3A0
330
6FF
100
AcDbEntity
8
0
62
0
6
CONTINUOUS
100
AcDbLine
10
-45
20
0
30
0
11
-14
21
0
31
0
1001
CONDUITCAD
1000
{"id":"master-transistor-pnp-0"}
0
LINE
5
3A1
330
6FF
100
AcDbEntity
8
0
62
0
6
CONTINUOUS
100
AcDbLine
10
-14
20
-24
30
0
11
-14
21
24
31
0
1001
CONDUITCAD
1000
{"id":"master-transistor-pnp-1"}
0
LINE
5
3A2
330
6FF
100
AcDbEntity
8
0
62
0
6
CONTINUOUS
100
AcDbLine
10
-14
20
12
30
0
11
22
21
32
31
0
1001
CONDUITCAD
1000
{"id":"master-transistor-pnp-2"}
0
LINE
5
3A3
330
6FF
100
AcDbEntity
8
0
62
0
6
CONTINUOUS
100
AcDbLine
10
22
20
32
30
0
11
22
21
45
31
0
1001
CONDUITCAD
1000
{"id":"master-transistor-pnp-3"}
0
LINE
5
3A4
330
6FF
100
AcDbEntity
8
0
62
0
6
CONTINUOUS
100
AcDbLine
10
-14
20
-12
30
0
11
22
21
-32
31
0
1001
CONDUITCAD
1000
{"id":"master-transistor-pnp-4"}
0
LINE
5
3A5
330
6FF
100
AcDbEntity
8
0
62
0
6
CONTINUOUS
100
AcDbLine
10
22
20
-32
30
0
11
22
21
-45
31
0
1001
CONDUITCAD
1000
{"id":"master-transistor-pnp-5"}
0
LINE
5
3A6
330
6FF
100
AcDbEntity
8
0
62
0
6
CONTINUOUS
100
AcDbLine
10
14
20
-27.55
30
0
11
-4
21
-17.55
31
0
1001
CONDUITCAD
1000
{"id":"master-transistor-pnp-6"}
0
SOLID
5
3A7
330
6FF
100
AcDbEntity
8
0
62
0
6
CONTINUOUS
100
AcDbTrace
10
-4
20
-17.55
30
0
11
0.5893256996380731
21
-23.703095938033268
31
0
12
3.648876166063455
22
-18.19590509846758
32
0
13
3.648876166063455
23
-18.19590509846758
33
0
1001
CONDUITCAD
1000
{"id":"master-transistor-pnp-7"}
0
ENDBLK
5
83A
330
6FF
100
AcDbEntity
8
0
100
AcDbBlockEnd
0
BLOCK
5
83B
330
700
100
AcDbEntity
8
0
100
AcDbBlockBegin
2
CC_TRANSFORMER_WINDINGS
70
0
10
0
20
0
30
0
3
CC_TRANSFORMER_WINDINGS
1

1001
CONDUITCAD
1000
{"ports":[{"name":"primary-1","x":-45,"y":25,"dx":-1,"dy":0,"medium":"electrical","role":"connection"},{"name":"primary-2","x":-45,"y":-25,"dx":-1,"dy":0,"medium":"electrical","role":"connection"},{"n
1000
ame":"secondary-1","x":45,"y":25,"dx":1,"dy":0,"medium":"electrical","role":"connection"},{"name":"secondary-2","x":45,"y":-25,"dx":1,"dy":0,"medium":"electrical","role":"connection"}],"symbol":{"name
1000
":"Transformer \u00b7 two windings","category":"Electrical","group":"Power & protection","geometryRevision":3,"standardRefs":["IEC-60617"],"convention":"IEC-60617 family","conformity":"Original master
1000
; not standards-certified","normativeEntry":null,"review":{"level":"geometry-and-convention","dimensionalConformance":"not-verified","note":"New independently constructed CAD master with explicit term
1000
inal topology."},"aliases":["transformer windings"],"defaultLayer":"Electrical","labelOffset":52,"extents":{"minX":-45,"minY":-30,"maxX":45,"maxY":30}}}
0
LINE
5
3A8
330
700
100
AcDbEntity
8
0
62
0
6
CONTINUOUS
100
AcDbLine
10
-45
20
25
30
0
11
-22
21
25
31
0
1001
CONDUITCAD
1000
{"id":"master-transformer-windings-0"}
0
LINE
5
3A9
330
700
100
AcDbEntity
8
0
62
0
6
CONTINUOUS
100
AcDbLine
10
-45
20
-25
30
0
11
-22
21
-25
31
0
1001
CONDUITCAD
1000
{"id":"master-transformer-windings-1"}
0
LINE
5
3AA
330
700
100
AcDbEntity
8
0
62
0
6
CONTINUOUS
100
AcDbLine
10
22
20
25
30
0
11
45
21
25
31
0
1001
CONDUITCAD
1000
{"id":"master-transformer-windings-2"}
0
LINE
5
3AB
330
700
100
AcDbEntity
8
0
62
0
6
CONTINUOUS
100
AcDbLine
10
22
20
-25
30
0
11
45
21
-25
31
0
1001
CONDUITCAD
1000
{"id":"master-transformer-windings-3"}
0
ARC
5
3AC
330
700
100
AcDbEntity
8
0
62
0
6
CONTINUOUS
100
AcDbCircle
10
-22
20
-18.75
30
0
40
6.25
100
AcDbArc
50
-90
51
90
1001
CONDUITCAD
1000
{"id":"master-transformer-windings-4"}
0
ARC
5
3AD
330
700
100
AcDbEntity
8
0
62
0
6
CONTINUOUS
100
AcDbCircle
10
22
20
-18.75
30
0
40
6.25
100
AcDbArc
50
90
51
270
1001
CONDUITCAD
1000
{"id":"master-transformer-windings-5"}
0
ARC
5
3AE
330
700
100
AcDbEntity
8
0
62
0
6
CONTINUOUS
100
AcDbCircle
10
-22
20
-6.25
30
0
40
6.25
100
AcDbArc
50
-90
51
90
1001
CONDUITCAD
1000
{"id":"master-transformer-windings-6"}
0
ARC
5
3AF
330
700
100
AcDbEntity
8
0
62
0
6
CONTINUOUS
100
AcDbCircle
10
22
20
-6.25
30
0
40
6.25
100
AcDbArc
50
90
51
270
1001
CONDUITCAD
1000
{"id":"master-transformer-windings-7"}
0
ARC
5
3B0
330
700
100
AcDbEntity
8
0
62
0
6
CONTINUOUS
100
AcDbCircle
10
-22
20
6.25
30
0
40
6.25
100
AcDbArc
50
-90
51
90
1001
CONDUITCAD
1000
{"id":"master-transformer-windings-8"}
0
ARC
5
3B1
330
700
100
AcDbEntity
8
0
62
0
6
CONTINUOUS
100
AcDbCircle
10
22
20
6.25
30
0
40
6.25
100
AcDbArc
50
90
51
270
1001
CONDUITCAD
1000
{"id":"master-transformer-windings-9"}
0
ARC
5
3B2
330
700
100
AcDbEntity
8
0
62
0
6
CONTINUOUS
100
AcDbCircle
10
-22
20
18.75
30
0
40
6.25
100
AcDbArc
50
-90
51
90
1001
CONDUITCAD
1000
{"id":"master-transformer-windings-10"}
0
ARC
5
3B3
330
700
100
AcDbEntity
8
0
62
0
6
CONTINUOUS
100
AcDbCircle
10
22
20
18.75
30
0
40
6.25
100
AcDbArc
50
90
51
270
1001
CONDUITCAD
1000
{"id":"master-transformer-windings-11"}
0
LINE
5
3B4
330
700
100
AcDbEntity
8
0
62
0
6
CONTINUOUS
100
AcDbLine
10
-5
20
-30
30
0
11
-5
21
30
31
0
1001
CONDUITCAD
1000
{"id":"master-transformer-windings-12"}
0
LINE
5
3B5
330
700
100
AcDbEntity
8
0
62
0
6
CONTINUOUS
100
AcDbLine
10
5
20
-30
30
0
11
5
21
30
31
0
1001
CONDUITCAD
1000
{"id":"master-transformer-windings-13"}
0
ENDBLK
5
83C
330
700
100
AcDbEntity
8
0
100
AcDbBlockEnd
0
BLOCK
5
83D
330
701
100
AcDbEntity
8
0
100
AcDbBlockBegin
2
CC_CIRCUIT_BREAKER
70
0
10
0
20
0
30
0
3
CC_CIRCUIT_BREAKER
1

1001
CONDUITCAD
1000
{"ports":[{"name":"in","x":-45,"y":0,"dx":-1,"dy":0,"medium":"electrical","role":"connection"},{"name":"out","x":45,"y":0,"dx":1,"dy":0,"medium":"electrical","role":"connection"}],"symbol":{"name":"Ci
1000
rcuit breaker \u00b7 single-line","category":"Electrical","group":"Power & protection","geometryRevision":3,"standardRefs":["IEC-60617"],"convention":"IEC-60617 family","conformity":"Original master; 
1000
not standards-certified","normativeEntry":null,"review":{"level":"geometry-and-convention","dimensionalConformance":"not-verified","note":"New independently constructed CAD master with explicit termin
1000
al topology."},"aliases":["circuit breaker"],"defaultLayer":"Electrical","labelOffset":48,"extents":{"minX":-45,"minY":-17,"maxX":45,"maxY":20}}}
0
LINE
5
3B6
330
701
100
AcDbEntity
8
0
62
0
6
CONTINUOUS
100
AcDbLine
10
-45
20
0
30
0
11
-18
21
0
31
0
1001
CONDUITCAD
1000
{"id":"master-circuit-breaker-0"}
0
LINE
5
3B7
330
701
100
AcDbEntity
8
0
62
0
6
CONTINUOUS
100
AcDbLine
10
18
20
0
30
0
11
45
21
0
31
0
1001
CONDUITCAD
1000
{"id":"master-circuit-breaker-1"}
0
CIRCLE
5
3B8
330
701
100
AcDbEntity
8
0
62
0
6
CONTINUOUS
100
AcDbCircle
10
-18
20
0
30
0
40
2
1001
CONDUITCAD
1000
{"id":"master-circuit-breaker-2"}
0
CIRCLE
5
3B9
330
701
100
AcDbEntity
8
0
62
0
6
CONTINUOUS
100
AcDbCircle
10
18
20
0
30
0
40
2
1001
CONDUITCAD
1000
{"id":"master-circuit-breaker-3"}
0
LINE
5
3BA
330
701
100
AcDbEntity
8
0
62
0
6
CONTINUOUS
100
AcDbLine
10
-18
20
0
30
0
11
13
21
20
31
0
1001
CONDUITCAD
1000
{"id":"master-circuit-breaker-4"}
0
LWPOLYLINE
5
3BB
330
701
100
AcDbEntity
8
0
62
0
6
CONTINUOUS
100
AcDbPolyline
90
4
70
0
10
-7
20
-8
10
-7
20
-17
10
8
20
-17
10
8
20
-8
1001
CONDUITCAD
1000
{"id":"master-circuit-breaker-5"}
0
ENDBLK
5
83E
330
701
100
AcDbEntity
8
0
100
AcDbBlockEnd
0
BLOCK
5
83F
330
702
100
AcDbEntity
8
0
100
AcDbBlockBegin
2
CC_DISCONNECT
70
0
10
0
20
0
30
0
3
CC_DISCONNECT
1

1001
CONDUITCAD
1000
{"ports":[{"name":"in","x":-45,"y":0,"dx":-1,"dy":0,"medium":"electrical","role":"connection"},{"name":"out","x":45,"y":0,"dx":1,"dy":0,"medium":"electrical","role":"connection"}],"symbol":{"name":"Di
1000
sconnector","category":"Electrical","group":"Power & protection","geometryRevision":3,"standardRefs":["IEC-60617"],"convention":"IEC-60617 family","conformity":"Original master; not standards-certifie
1000
d","normativeEntry":null,"review":{"level":"geometry-and-convention","dimensionalConformance":"not-verified","note":"New independently constructed CAD master with explicit terminal topology."},"aliase
1000
s":["disconnect"],"defaultLayer":"Electrical","labelOffset":48,"extents":{"minX":-45,"minY":-6,"maxX":45,"maxY":24}}}
0
LINE
5
3BC
330
702
100
AcDbEntity
8
0
62
0
6
CONTINUOUS
100
AcDbLine
10
-45
20
0
30
0
11
-20
21
0
31
0
1001
CONDUITCAD
1000
{"id":"master-disconnect-0"}
0
LINE
5
3BD
330
702
100
AcDbEntity
8
0
62
0
6
CONTINUOUS
100
AcDbLine
10
20
20
0
30
0
11
45
21
0
31
0
1001
CONDUITCAD
1000
{"id":"master-disconnect-1"}
0
CIRCLE
5
3BE
330
702
100
AcDbEntity
8
0
62
0
6
CONTINUOUS
100
AcDbCircle
10
-20
20
0
30
0
40
2
1001
CONDUITCAD
1000
{"id":"master-disconnect-2"}
0
LINE
5
3BF
330
702
100
AcDbEntity
8
0
62
0
6
CONTINUOUS
100
AcDbLine
10
-20
20
0
30
0
11
15
21
24
31
0
1001
CONDUITCAD
1000
{"id":"master-disconnect-3"}
0
LINE
5
3C0
330
702
100
AcDbEntity
8
0
62
0
6
CONTINUOUS
100
AcDbLine
10
20
20
-6
30
0
11
20
21
6
31
0
1001
CONDUITCAD
1000
{"id":"master-disconnect-4"}
0
ENDBLK
5
840
330
702
100
AcDbEntity
8
0
100
AcDbBlockEnd
0
BLOCK
5
841
330
703
100
AcDbEntity
8
0
100
AcDbBlockBegin
2
CC_VOLTMETER
70
0
10
0
20
0
30
0
3
CC_VOLTMETER
1

1001
CONDUITCAD
1000
{"ports":[{"name":"in","x":-45,"y":0,"dx":-1,"dy":0,"medium":"electrical","role":"connection"},{"name":"out","x":45,"y":0,"dx":1,"dy":0,"medium":"electrical","role":"connection"}],"symbol":{"name":"Vo
1000
ltmeter","category":"Electrical","group":"Meters","geometryRevision":3,"standardRefs":["IEC-60617"],"convention":"IEC-60617 family","conformity":"Original master; not standards-certified","normativeEn
1000
try":null,"review":{"level":"geometry-and-convention","dimensionalConformance":"not-verified","note":"New independently constructed CAD master with explicit terminal topology."},"aliases":["voltmeter"
1000
],"defaultLayer":"Electrical","labelOffset":48,"extents":{"minX":-45,"minY":-25.970550818758205,"maxX":45,"maxY":25.970550818758205}}}
0
LINE
5
3C1
330
703
100
AcDbEntity
8
0
62
0
6
CONTINUOUS
100
AcDbLine
10
-45
20
0
30
0
11
-26
21
0
31
0
1001
CONDUITCAD
1000
{"id":"master-voltmeter-0"}
0
LINE
5
3C2
330
703
100
AcDbEntity
8
0
62
0
6
CONTINUOUS
100
AcDbLine
10
26
20
0
30
0
11
45
21
0
31
0
1001
CONDUITCAD
1000
{"id":"master-voltmeter-1"}
0
CIRCLE
5
3C3
330
703
100
AcDbEntity
8
0
62
0
6
CONTINUOUS
100
AcDbCircle
10
0
20
0
30
0
40
26
1001
CONDUITCAD
1000
{"id":"master-voltmeter-2"}
0
TEXT
5
3C4
330
703
100
AcDbEntity
8
0
62
0
6
CONTINUOUS
100
AcDbText
10
0
20
-7
30
0
40
20
1
V
50
0
41
1
7
STANDARD
72
1
11
0
21
-7
31
0
100
AcDbText
73
0
1001
CONDUITCAD
1000
{"id":"master-voltmeter-3"}
0
ENDBLK
5
842
330
703
100
AcDbEntity
8
0
100
AcDbBlockEnd
0
BLOCK
5
843
330
704
100
AcDbEntity
8
0
100
AcDbBlockBegin
2
CC_AMMETER
70
0
10
0
20
0
30
0
3
CC_AMMETER
1

1001
CONDUITCAD
1000
{"ports":[{"name":"in","x":-45,"y":0,"dx":-1,"dy":0,"medium":"electrical","role":"connection"},{"name":"out","x":45,"y":0,"dx":1,"dy":0,"medium":"electrical","role":"connection"}],"symbol":{"name":"Am
1000
meter","category":"Electrical","group":"Meters","geometryRevision":3,"standardRefs":["IEC-60617"],"convention":"IEC-60617 family","conformity":"Original master; not standards-certified","normativeEntr
1000
y":null,"review":{"level":"geometry-and-convention","dimensionalConformance":"not-verified","note":"New independently constructed CAD master with explicit terminal topology."},"aliases":["ammeter"],"d
1000
efaultLayer":"Electrical","labelOffset":48,"extents":{"minX":-45,"minY":-25.970550818758205,"maxX":45,"maxY":25.970550818758205}}}
0
LINE
5
3C5
330
704
100
AcDbEntity
8
0
62
0
6
CONTINUOUS
100
AcDbLine
10
-45
20
0
30
0
11
-26
21
0
31
0
1001
CONDUITCAD
1000
{"id":"master-ammeter-0"}
0
LINE
5
3C6
330
704
100
AcDbEntity
8
0
62
0
6
CONTINUOUS
100
AcDbLine
10
26
20
0
30
0
11
45
21
0
31
0
1001
CONDUITCAD
1000
{"id":"master-ammeter-1"}
0
CIRCLE
5
3C7
330
704
100
AcDbEntity
8
0
62
0
6
CONTINUOUS
100
AcDbCircle
10
0
20
0
30
0
40
26
1001
CONDUITCAD
1000
{"id":"master-ammeter-2"}
0
TEXT
5
3C8
330
704
100
AcDbEntity
8
0
62
0
6
CONTINUOUS
100
AcDbText
10
0
20
-7
30
0
40
20
1
A
50
0
41
1
7
STANDARD
72
1
11
0
21
-7
31
0
100
AcDbText
73
0
1001
CONDUITCAD
1000
{"id":"master-ammeter-3"}
0
ENDBLK
5
844
330
704
100
AcDbEntity
8
0
100
AcDbBlockEnd
0
BLOCK
5
845
330
705
100
AcDbEntity
8
0
100
AcDbBlockBegin
2
CC_AC_SOURCE
70
0
10
0
20
0
30
0
3
CC_AC_SOURCE
1

1001
CONDUITCAD
1000
{"ports":[{"name":"in","x":-45,"y":0,"dx":-1,"dy":0,"medium":"electrical","role":"connection"},{"name":"out","x":45,"y":0,"dx":1,"dy":0,"medium":"electrical","role":"connection"}],"symbol":{"name":"AC
1000
 voltage source","category":"Electrical","group":"Sources","geometryRevision":3,"standardRefs":["IEC-60617"],"convention":"IEC-60617 family","conformity":"Original master; not standards-certified","no
1000
rmativeEntry":null,"review":{"level":"geometry-and-convention","dimensionalConformance":"not-verified","note":"New independently constructed CAD master with explicit terminal topology."},"aliases":["a
1000
c source"],"defaultLayer":"Electrical","labelOffset":48,"extents":{"minX":-45,"minY":-25.970550818758205,"maxX":45,"maxY":25.970550818758205}}}
0
LINE
5
3C9
330
705
100
AcDbEntity
8
0
62
0
6
CONTINUOUS
100
AcDbLine
10
-45
20
0
30
0
11
-26
21
0
31
0
1001
CONDUITCAD
1000
{"id":"master-ac-source-0"}
0
LINE
5
3CA
330
705
100
AcDbEntity
8
0
62
0
6
CONTINUOUS
100
AcDbLine
10
26
20
0
30
0
11
45
21
0
31
0
1001
CONDUITCAD
1000
{"id":"master-ac-source-1"}
0
CIRCLE
5
3CB
330
705
100
AcDbEntity
8
0
62
0
6
CONTINUOUS
100
AcDbCircle
10
0
20
0
30
0
40
26
1001
CONDUITCAD
1000
{"id":"master-ac-source-2"}
0
SPLINE
5
3CC
330
705
100
AcDbEntity
8
0
62
0
6
CONTINUOUS
100
AcDbSpline
70
4
71
3
72
8
73
4
74
0
40
0
40
0
40
0
40
0
40
1
40
1
40
1
40
1
41
1
41
1
41
1
41
1
10
-17
20
0
30
0
10
-10
20
30
30
0
10
10
20
-30
30
0
10
17
20
0
30
0
1001
CONDUITCAD
1000
{"id":"master-ac-source-3"}
0
ENDBLK
5
846
330
705
100
AcDbEntity
8
0
100
AcDbBlockEnd
0
BLOCK
5
847
330
706
100
AcDbEntity
8
0
100
AcDbBlockBegin
2
CC_DC_SOURCE
70
0
10
0
20
0
30
0
3
CC_DC_SOURCE
1

1001
CONDUITCAD
1000
{"ports":[{"name":"in","x":-45,"y":0,"dx":-1,"dy":0,"medium":"electrical","role":"connection"},{"name":"out","x":45,"y":0,"dx":1,"dy":0,"medium":"electrical","role":"connection"}],"symbol":{"name":"DC
1000
 voltage source","category":"Electrical","group":"Sources","geometryRevision":3,"standardRefs":["IEC-60617"],"convention":"IEC-60617 family","conformity":"Original master; not standards-certified","no
1000
rmativeEntry":null,"review":{"level":"geometry-and-convention","dimensionalConformance":"not-verified","note":"New independently constructed CAD master with explicit terminal topology."},"aliases":["d
1000
c source"],"defaultLayer":"Electrical","labelOffset":48,"extents":{"minX":-45,"minY":-25.970550818758205,"maxX":45,"maxY":25.970550818758205}}}
0
LINE
5
3CD
330
706
100
AcDbEntity
8
0
62
0
6
CONTINUOUS
100
AcDbLine
10
-45
20
0
30
0
11
-26
21
0
31
0
1001
CONDUITCAD
1000
{"id":"master-dc-source-0"}
0
LINE
5
3CE
330
706
100
AcDbEntity
8
0
62
0
6
CONTINUOUS
100
AcDbLine
10
26
20
0
30
0
11
45
21
0
31
0
1001
CONDUITCAD
1000
{"id":"master-dc-source-1"}
0
CIRCLE
5
3CF
330
706
100
AcDbEntity
8
0
62
0
6
CONTINUOUS
100
AcDbCircle
10
0
20
0
30
0
40
26
1001
CONDUITCAD
1000
{"id":"master-dc-source-2"}
0
LINE
5
3D0
330
706
100
AcDbEntity
8
0
62
0
6
CONTINUOUS
100
AcDbLine
10
-15
20
-5
30
0
11
-15
21
5
31
0
1001
CONDUITCAD
1000
{"id":"master-dc-source-3"}
0
LINE
5
3D1
330
706
100
AcDbEntity
8
0
62
0
6
CONTINUOUS
100
AcDbLine
10
-20
20
0
30
0
11
-10
21
0
31
0
1001
CONDUITCAD
1000
{"id":"master-dc-source-4"}
0
LINE
5
3D2
330
706
100
AcDbEntity
8
0
62
0
6
CONTINUOUS
100
AcDbLine
10
10
20
0
30
0
11
20
21
0
31
0
1001
CONDUITCAD
1000
{"id":"master-dc-source-5"}
0
ENDBLK
5
848
330
706
100
AcDbEntity
8
0
100
AcDbBlockEnd
0
BLOCK
5
849
330
707
100
AcDbEntity
8
0
100
AcDbBlockBegin
2
CC_JUNCTION_DOT
70
0
10
0
20
0
30
0
3
CC_JUNCTION_DOT
1

1001
CONDUITCAD
1000
{"ports":[{"name":"in","x":-45,"y":0,"dx":-1,"dy":0,"medium":"electrical","role":"connection"},{"name":"out","x":45,"y":0,"dx":1,"dy":0,"medium":"electrical","role":"connection"},{"name":"top","x":0,"
1000
y":45,"dx":0,"dy":1,"medium":"electrical","role":"connection"},{"name":"bottom","x":0,"y":-45,"dx":0,"dy":-1,"medium":"electrical","role":"connection"}],"symbol":{"name":"Connected wire junction","cat
1000
egory":"Electrical","group":"Connections","connectivity":"All terminals connected","geometryRevision":3,"standardRefs":["IEC-60617"],"convention":"IEC-60617 family","conformity":"Original master; not 
1000
standards-certified","normativeEntry":null,"review":{"level":"geometry-and-convention","dimensionalConformance":"not-verified","note":"New independently constructed CAD master with explicit terminal t
1000
opology."},"aliases":["junction dot"],"defaultLayer":"Electrical","labelOffset":67,"extents":{"minX":-45,"minY":-45,"maxX":45,"maxY":45}}}
0
LINE
5
3D3
330
707
100
AcDbEntity
8
0
62
0
6
CONTINUOUS
100
AcDbLine
10
-45
20
0
30
0
11
45
21
0
31
0
1001
CONDUITCAD
1000
{"id":"master-junction-dot-0"}
0
LINE
5
3D4
330
707
100
AcDbEntity
8
0
62
0
6
CONTINUOUS
100
AcDbLine
10
0
20
-45
30
0
11
0
21
45
31
0
1001
CONDUITCAD
1000
{"id":"master-junction-dot-1"}
0
CIRCLE
5
3D5
330
707
100
AcDbEntity
8
0
62
0
6
CONTINUOUS
100
AcDbCircle
10
0
20
0
30
0
40
3.5
1001
CONDUITCAD
1000
{"id":"master-junction-dot-2","fill":"BYBLOCK"}
0
ENDBLK
5
84A
330
707
100
AcDbEntity
8
0
100
AcDbBlockEnd
0
BLOCK
5
84B
330
708
100
AcDbEntity
8
0
100
AcDbBlockBegin
2
CC_WIRE_CROSSING
70
0
10
0
20
0
30
0
3
CC_WIRE_CROSSING
1

1001
CONDUITCAD
1000
{"ports":[{"name":"in","x":-45,"y":0,"dx":-1,"dy":0,"medium":"electrical","role":"connection"},{"name":"out","x":45,"y":0,"dx":1,"dy":0,"medium":"electrical","role":"connection"},{"name":"top","x":0,"
1000
y":45,"dx":0,"dy":1,"medium":"electrical","role":"connection"},{"name":"bottom","x":0,"y":-45,"dx":0,"dy":-1,"medium":"electrical","role":"connection"}],"symbol":{"name":"Wire crossing \u00b7 no conne
1000
ction","category":"Electrical","group":"Connections","connectivity":"in/out and top/bottom remain separate circuits","geometryRevision":3,"standardRefs":["IEC-60617"],"convention":"IEC-60617 family","
1000
conformity":"Original master; not standards-certified","normativeEntry":null,"review":{"level":"geometry-and-convention","dimensionalConformance":"not-verified","note":"New independently constructed C
1000
AD master with explicit terminal topology."},"aliases":["wire crossing"],"defaultLayer":"Electrical","labelOffset":67,"extents":{"minX":-45,"minY":-45,"maxX":45,"maxY":45}}}
0
LINE
5
3D6
330
708
100
AcDbEntity
8
0
62
0
6
CONTINUOUS
100
AcDbLine
10
-45
20
0
30
0
11
-7
21
0
31
0
1001
CONDUITCAD
1000
{"id":"master-wire-crossing-0"}
0
ARC
5
3D7
330
708
100
AcDbEntity
8
0
62
0
6
CONTINUOUS
100
AcDbCircle
10
0
20
0
30
0
40
7
100
AcDbArc
50
0
51
180
1001
CONDUITCAD
1000
{"id":"master-wire-crossing-1"}
0
LINE
5
3D8
330
708
100
AcDbEntity
8
0
62
0
6
CONTINUOUS
100
AcDbLine
10
7
20
0
30
0
11
45
21
0
31
0
1001
CONDUITCAD
1000
{"id":"master-wire-crossing-2"}
0
LINE
5
3D9
330
708
100
AcDbEntity
8
0
62
0
6
CONTINUOUS
100
AcDbLine
10
0
20
-45
30
0
11
0
21
-9
31
0
1001
CONDUITCAD
1000
{"id":"master-wire-crossing-3"}
0
LINE
5
3DA
330
708
100
AcDbEntity
8
0
62
0
6
CONTINUOUS
100
AcDbLine
10
0
20
9
30
0
11
0
21
45
31
0
1001
CONDUITCAD
1000
{"id":"master-wire-crossing-4"}
0
ENDBLK
5
84C
330
708
100
AcDbEntity
8
0
100
AcDbBlockEnd
0
BLOCK
5
84D
330
709
100
AcDbEntity
8
0
100
AcDbBlockBegin
2
CC_INVERTER
70
0
10
0
20
0
30
0
3
CC_INVERTER
1

1001
CONDUITCAD
1000
{"ports":[{"name":"in","x":-45,"y":0,"dx":-1,"dy":0,"medium":"electrical","role":"connection"},{"name":"out","x":45,"y":0,"dx":1,"dy":0,"medium":"electrical","role":"connection"}],"symbol":{"name":"DC
1000
 / AC inverter","category":"Electrical","group":"Power & protection","geometryRevision":3,"standardRefs":["IEC-60617"],"convention":"IEC-60617 family","conformity":"Original master; not standards-cert
1000
ified","normativeEntry":null,"review":{"level":"geometry-and-convention","dimensionalConformance":"not-verified","note":"New independently constructed CAD master with explicit terminal topology."},"al
1000
iases":["inverter"],"defaultLayer":"Electrical","labelOffset":48,"extents":{"minX":-45,"minY":-25,"maxX":45,"maxY":25}}}
0
LWPOLYLINE
5
3DB
330
709
100
AcDbEntity
8
0
62
0
6
CONTINUOUS
100
AcDbPolyline
90
4
70
1
10
-30
20
-25
10
30
20
-25
10
30
20
25
10
-30
20
25
1001
CONDUITCAD
1000
{"id":"master-inverter-0"}
0
LINE
5
3DC
330
709
100
AcDbEntity
8
0
62
0
6
CONTINUOUS
100
AcDbLine
10
-45
20
0
30
0
11
-30
21
0
31
0
1001
CONDUITCAD
1000
{"id":"master-inverter-1"}
0
LINE
5
3DD
330
709
100
AcDbEntity
8
0
62
0
6
CONTINUOUS
100
AcDbLine
10
30
20
0
30
0
11
45
21
0
31
0
1001
CONDUITCAD
1000
{"id":"master-inverter-2"}
0
LINE
5
3DE
330
709
100
AcDbEntity
8
0
62
0
6
CONTINUOUS
100
AcDbLine
10
-30
20
-25
30
0
11
30
21
25
31
0
1001
CONDUITCAD
1000
{"id":"master-inverter-3"}
0
TEXT
5
3DF
330
709
100
AcDbEntity
8
0
62
0
6
CONTINUOUS
100
AcDbText
10
-14
20
10
30
0
40
14
1
=
50
0
41
1
7
STANDARD
72
1
11
-14
21
10
31
0
100
AcDbText
73
0
1001
CONDUITCAD
1000
{"id":"master-inverter-4"}
0
TEXT
5
3E0
330
709
100
AcDbEntity
8
0
62
0
6
CONTINUOUS
100
AcDbText
10
14
20
-18
30
0
40
18
1
~
50
0
41
1
7
STANDARD
72
1
11
14
21
-18
31
0
100
AcDbText
73
0
1001
CONDUITCAD
1000
{"id":"master-inverter-5"}
0
ENDBLK
5
84E
330
709
100
AcDbEntity
8
0
100
AcDbBlockEnd
0
BLOCK
5
84F
330
70A
100
AcDbEntity
8
0
100
AcDbBlockBegin
2
CC_PV_MODULE
70
0
10
0
20
0
30
0
3
CC_PV_MODULE
1

1001
CONDUITCAD
1000
{"ports":[{"name":"in","x":-45,"y":0,"dx":-1,"dy":0,"medium":"electrical","role":"connection"},{"name":"out","x":45,"y":0,"dx":1,"dy":0,"medium":"electrical","role":"connection"}],"symbol":{"name":"Ph
1000
otovoltaic module","category":"Electrical","group":"Sources","standardRefs":["PROJECT"],"geometryRevision":3,"convention":"Explicit project drafting convention","conformity":"Original master; not stan
1000
dards-certified","normativeEntry":null,"review":{"level":"geometry-and-convention","dimensionalConformance":"not-verified","note":"New independently constructed CAD master with explicit terminal topol
1000
ogy."},"aliases":["pv module"],"defaultLayer":"Electrical","labelOffset":48,"extents":{"minX":-45,"minY":-20,"maxX":45,"maxY":46}}}
0
LINE
5
3E1
330
70A
100
AcDbEntity
8
0
62
0
6
CONTINUOUS
100
AcDbLine
10
-45
20
0
30
0
11
-30
21
0
31
0
1001
CONDUITCAD
1000
{"id":"master-pv-module-0"}
0
LINE
5
3E2
330
70A
100
AcDbEntity
8
0
62
0
6
CONTINUOUS
100
AcDbLine
10
30
20
0
30
0
11
45
21
0
31
0
1001
CONDUITCAD
1000
{"id":"master-pv-module-1"}
0
LWPOLYLINE
5
3E3
330
70A
100
AcDbEntity
8
0
62
0
6
CONTINUOUS
100
AcDbPolyline
90
4
70
1
10
-30
20
-20
10
30
20
-20
10
30
20
20
10
-30
20
20
1001
CONDUITCAD
1000
{"id":"master-pv-module-2"}
0
LINE
5
3E4
330
70A
100
AcDbEntity
8
0
62
0
6
CONTINUOUS
100
AcDbLine
10
-10
20
-20
30
0
11
-10
21
20
31
0
1001
CONDUITCAD
1000
{"id":"master-pv-module-3"}
0
LINE
5
3E5
330
70A
100
AcDbEntity
8
0
62
0
6
CONTINUOUS
100
AcDbLine
10
10
20
-20
30
0
11
10
21
20
31
0
1001
CONDUITCAD
1000
{"id":"master-pv-module-4"}
0
LINE
5
3E6
330
70A
100
AcDbEntity
8
0
62
0
6
CONTINUOUS
100
AcDbLine
10
-30
20
0
30
0
11
30
21
0
31
0
1001
CONDUITCAD
1000
{"id":"master-pv-module-5"}
0
LINE
5
3E7
330
70A
100
AcDbEntity
8
0
62
0
6
CONTINUOUS
100
AcDbLine
10
-22
20
46
30
0
11
-8
21
28
31
0
1001
CONDUITCAD
1000
{"id":"master-pv-module-6"}
0
LWPOLYLINE
5
3E8
330
70A
100
AcDbEntity
8
0
62
0
6
CONTINUOUS
100
AcDbPolyline
90
3
70
1
10
-8
20
28
10
-9.811124809869016
20
35.45937845420629
10
-14.784043779339873
20
31.59155258906229
1001
CONDUITCAD
1000
{"id":"master-pv-module-7"}
0
LINE
5
3E9
330
70A
100
AcDbEntity
8
0
62
0
6
CONTINUOUS
100
AcDbLine
10
-4
20
46
30
0
11
10
21
28
31
0
1001
CONDUITCAD
1000
{"id":"master-pv-module-8"}
0
LWPOLYLINE
5
3EA
330
70A
100
AcDbEntity
8
0
62
0
6
CONTINUOUS
100
AcDbPolyline
90
3
70
1
10
10
20
28
10
8.188875190130984
20
35.45937845420629
10
3.215956220660128
20
31.59155258906229
1001
CONDUITCAD
1000
{"id":"master-pv-module-9"}
0
ENDBLK
5
850
330
70A
100
AcDbEntity
8
0
100
AcDbBlockEnd
0
BLOCK
5
851
330
70B
100
AcDbEntity
8
0
100
AcDbBlockBegin
2
CC_THREE_PHASE_MOTOR
70
0
10
0
20
0
30
0
3
CC_THREE_PHASE_MOTOR
1

1001
CONDUITCAD
1000
{"ports":[{"name":"in","x":-45,"y":0,"dx":-1,"dy":0,"medium":"electrical","role":"connection"},{"name":"out","x":45,"y":0,"dx":1,"dy":0,"medium":"electrical","role":"connection"},{"name":"top","x":0,"
1000
y":45,"dx":0,"dy":1,"medium":"electrical","role":"connection"},{"name":"bottom","x":0,"y":-45,"dx":0,"dy":-1,"medium":"electrical","role":"connection"}],"symbol":{"name":"Motor \u00b7 three-phase","ca
1000
tegory":"Electrical","group":"Power & protection","geometryRevision":3,"standardRefs":["IEC-60617"],"convention":"IEC-60617 family","conformity":"Original master; not standards-certified","normativeEn
1000
try":null,"review":{"level":"geometry-and-convention","dimensionalConformance":"not-verified","note":"New independently constructed CAD master with explicit terminal topology."},"aliases":["three phas
1000
e motor"],"defaultLayer":"Electrical","labelOffset":67,"extents":{"minX":-45,"minY":-45,"maxX":45,"maxY":45}}}
0
LINE
5
3EB
330
70B
100
AcDbEntity
8
0
62
0
6
CONTINUOUS
100
AcDbLine
10
-45
20
0
30
0
11
-29
21
0
31
0
1001
CONDUITCAD
1000
{"id":"master-three-phase-motor-0"}
0
LINE
5
3EC
330
70B
100
AcDbEntity
8
0
62
0
6
CONTINUOUS
100
AcDbLine
10
29
20
0
30
0
11
45
21
0
31
0
1001
CONDUITCAD
1000
{"id":"master-three-phase-motor-1"}
0
LINE
5
3ED
330
70B
100
AcDbEntity
8
0
62
0
6
CONTINUOUS
100
AcDbLine
10
0
20
29
30
0
11
0
21
45
31
0
1001
CONDUITCAD
1000
{"id":"master-three-phase-motor-2"}
0
LINE
5
3EE
330
70B
100
AcDbEntity
8
0
62
0
6
CONTINUOUS
100
AcDbLine
10
0
20
-29
30
0
11
0
21
-45
31
0
1001
CONDUITCAD
1000
{"id":"master-three-phase-motor-3"}
0
CIRCLE
5
3EF
330
70B
100
AcDbEntity
8
0
62
0
6
CONTINUOUS
100
AcDbCircle
10
0
20
0
30
0
40
29
1001
CONDUITCAD
1000
{"id":"master-three-phase-motor-4"}
0
TEXT
5
3F0
330
70B
100
AcDbEntity
8
0
62
0
6
CONTINUOUS
100
AcDbText
10
0
20
0
30
0
40
19
1
M
50
0
41
1
7
STANDARD
72
1
11
0
21
0
31
0
100
AcDbText
73
0
1001
CONDUITCAD
1000
{"id":"master-three-phase-motor-5"}
0
TEXT
5
3F1
330
70B
100
AcDbEntity
8
0
62
0
6
CONTINUOUS
100
AcDbText
10
0
20
-17
30
0
40
11
1
3~
50
0
41
1
7
STANDARD
72
1
11
0
21
-17
31
0
100
AcDbText
73
0
1001
CONDUITCAD
1000
{"id":"master-three-phase-motor-6"}
0
ENDBLK
5
852
330
70B
100
AcDbEntity
8
0
100
AcDbBlockEnd
0
BLOCK
5
853
330
70C
100
AcDbEntity
8
0
100
AcDbBlockBegin
2
CC_CELL
70
0
10
0
20
0
30
0
3
CC_CELL
1

1001
CONDUITCAD
1000
{"ports":[{"name":"in","x":-45,"y":0,"dx":-1,"dy":0,"medium":"electrical","role":"connection"},{"name":"out","x":45,"y":0,"dx":1,"dy":0,"medium":"electrical","role":"connection"}],"symbol":{"name":"Ce
1000
ll","category":"Electrical","group":"Sources","geometryRevision":3,"standardRefs":["IEC-60617"],"convention":"IEC-60617 family","conformity":"Original master; not standards-certified","normativeEntry"
1000
:null,"review":{"level":"geometry-and-convention","dimensionalConformance":"not-verified","note":"New independently constructed CAD master with explicit terminal topology."},"aliases":["cell"],"defaul
1000
tLayer":"Electrical","labelOffset":48,"extents":{"minX":-45,"minY":-24,"maxX":45,"maxY":24}}}
0
LINE
5
3F2
330
70C
100
AcDbEntity
8
0
62
0
6
CONTINUOUS
100
AcDbLine
10
-45
20
0
30
0
11
-6
21
0
31
0
1001
CONDUITCAD
1000
{"id":"master-cell-0"}
0
LINE
5
3F3
330
70C
100
AcDbEntity
8
0
62
0
6
CONTINUOUS
100
AcDbLine
10
6
20
0
30
0
11
45
21
0
31
0
1001
CONDUITCAD
1000
{"id":"master-cell-1"}
0
LINE
5
3F4
330
70C
100
AcDbEntity
8
0
62
0
6
CONTINUOUS
100
AcDbLine
10
-6
20
-24
30
0
11
-6
21
24
31
0
1001
CONDUITCAD
1000
{"id":"master-cell-2"}
0
LINE
5
3F5
330
70C
100
AcDbEntity
8
0
62
0
6
CONTINUOUS
100
AcDbLine
10
6
20
-12
30
0
11
6
21
12
31
0
1001
CONDUITCAD
1000
{"id":"master-cell-3"}
0
ENDBLK
5
854
330
70C
100
AcDbEntity
8
0
100
AcDbBlockEnd
0
BLOCK
5
855
330
70D
100
AcDbEntity
8
0
100
AcDbBlockBegin
2
CC_MANUAL_OPERATION
70
0
10
0
20
0
30
0
3
CC_MANUAL_OPERATION
1

1001
CONDUITCAD
1000
{"ports":[{"name":"in","x":0,"y":35,"dx":0,"dy":1,"medium":"logical","role":"connection"},{"name":"out","x":0,"y":-35,"dx":0,"dy":-1,"medium":"logical","role":"connection"},{"name":"left","x":-45,"y":
1000
0,"dx":-1,"dy":0,"medium":"logical","role":"connection"},{"name":"right","x":45,"y":0,"dx":1,"dy":0,"medium":"logical","role":"connection"}],"symbol":{"name":"Manual operation","category":"Flow","grou
1000
p":"Information flow","geometryRevision":3,"standardRefs":["ISO-5807"],"convention":"ISO-5807 family","conformity":"Original master; not standards-certified","normativeEntry":null,"review":{"level":"g
1000
eometry-and-convention","dimensionalConformance":"not-verified","note":"New independently constructed CAD master with explicit terminal topology."},"aliases":["manual operation"],"defaultLayer":"Proce
1000
ss","labelOffset":57,"extents":{"minX":-55,"minY":-35,"maxX":55,"maxY":35}}}
0
LWPOLYLINE
5
3F6
330
70D
100
AcDbEntity
8
0
62
0
6
CONTINUOUS
100
AcDbPolyline
90
4
70
1
10
-55
20
35
10
55
20
35
10
35
20
-35
10
-35
20
-35
1001
CONDUITCAD
1000
{"id":"master-manual-operation-0"}
0
TEXT
5
3F7
330
70D
100
AcDbEntity
8
0
62
0
6
CONTINUOUS
100
AcDbText
10
0
20
-5
30
0
40
14
1
Manual
50
0
41
1
7
STANDARD
72
1
11
0
21
-5
31
0
100
AcDbText
73
0
1001
CONDUITCAD
1000
{"id":"master-manual-operation-1"}
0
ENDBLK
5
856
330
70D
100
AcDbEntity
8
0
100
AcDbBlockEnd
0
BLOCK
5
857
330
70E
100
AcDbEntity
8
0
100
AcDbBlockBegin
2
CC_OFFPAGE_FLOW
70
0
10
0
20
0
30
0
3
CC_OFFPAGE_FLOW
1

1001
CONDUITCAD
1000
{"ports":[{"name":"in","x":0,"y":35,"dx":0,"dy":1,"medium":"logical","role":"connection"},{"name":"out","x":0,"y":-40,"dx":0,"dy":-1,"medium":"logical","role":"connection"}],"symbol":{"name":"Off-page
1000
 flow reference","category":"Flow","group":"Information flow","geometryRevision":3,"standardRefs":["ISO-5807"],"convention":"ISO-5807 family","conformity":"Original master; not standards-certified","n
1000
ormativeEntry":null,"review":{"level":"geometry-and-convention","dimensionalConformance":"not-verified","note":"New independently constructed CAD master with explicit terminal topology."},"aliases":["
1000
offpage flow"],"defaultLayer":"Process","labelOffset":62,"extents":{"minX":-40,"minY":-40,"maxX":40,"maxY":35}}}
0
LWPOLYLINE
5
3F8
330
70E
100
AcDbEntity
8
0
62
0
6
CONTINUOUS
100
AcDbPolyline
90
5
70
1
10
-40
20
35
10
40
20
35
10
40
20
-10
10
0
20
-40
10
-40
20
-10
1001
CONDUITCAD
1000
{"id":"master-offpage-flow-0"}
0
TEXT
5
3F9
330
70E
100
AcDbEntity
8
0
62
0
6
CONTINUOUS
100
AcDbText
10
0
20
-1
30
0
40
15
1
A
50
0
41
1
7
STANDARD
72
1
11
0
21
-1
31
0
100
AcDbText
73
0
1001
CONDUITCAD
1000
{"id":"master-offpage-flow-1"}
0
ENDBLK
5
858
330
70E
100
AcDbEntity
8
0
100
AcDbBlockEnd
0
BLOCK
5
859
330
70F
100
AcDbEntity
8
0
100
AcDbBlockBegin
2
CC_INTERNAL_STORAGE
70
0
10
0
20
0
30
0
3
CC_INTERNAL_STORAGE
1

1001
CONDUITCAD
1000
{"ports":[{"name":"in","x":0,"y":35,"dx":0,"dy":1,"medium":"logical","role":"connection"},{"name":"out","x":0,"y":-35,"dx":0,"dy":-1,"medium":"logical","role":"connection"},{"name":"left","x":-55,"y":
1000
0,"dx":-1,"dy":0,"medium":"logical","role":"connection"},{"name":"right","x":55,"y":0,"dx":1,"dy":0,"medium":"logical","role":"connection"}],"symbol":{"name":"Internal storage","category":"Flow","grou
1000
p":"Information flow","geometryRevision":3,"standardRefs":["ISO-5807"],"convention":"ISO-5807 family","conformity":"Original master; not standards-certified","normativeEntry":null,"review":{"level":"g
1000
eometry-and-convention","dimensionalConformance":"not-verified","note":"New independently constructed CAD master with explicit terminal topology."},"aliases":["internal storage"],"defaultLayer":"Proce
1000
ss","labelOffset":57,"extents":{"minX":-55,"minY":-35,"maxX":55,"maxY":35}}}
0
LWPOLYLINE
5
3FA
330
70F
100
AcDbEntity
8
0
62
0
6
CONTINUOUS
100
AcDbPolyline
90
4
70
1
10
-55
20
-35
10
55
20
-35
10
55
20
35
10
-55
20
35
1001
CONDUITCAD
1000
{"id":"master-internal-storage-0"}
0
LINE
5
3FB
330
70F
100
AcDbEntity
8
0
62
0
6
CONTINUOUS
100
AcDbLine
10
-40
20
-35
30
0
11
-40
21
35
31
0
1001
CONDUITCAD
1000
{"id":"master-internal-storage-1"}
0
LINE
5
3FC
330
70F
100
AcDbEntity
8
0
62
0
6
CONTINUOUS
100
AcDbLine
10
-55
20
22
30
0
11
55
21
22
31
0
1001
CONDUITCAD
1000
{"id":"master-internal-storage-2"}
0
TEXT
5
3FD
330
70F
100
AcDbEntity
8
0
62
0
6
CONTINUOUS
100
AcDbText
10
5
20
-7
30
0
40
13
1
Storage
50
0
41
1
7
STANDARD
72
1
11
5
21
-7
31
0
100
AcDbText
73
0
1001
CONDUITCAD
1000
{"id":"master-internal-storage-3"}
0
ENDBLK
5
85A
330
70F
100
AcDbEntity
8
0
100
AcDbBlockEnd
0
BLOCK
5
85B
330
710
100
AcDbEntity
8
0
100
AcDbBlockBegin
2
CC_DISPLAY
70
0
10
0
20
0
30
0
3
CC_DISPLAY
1

1001
CONDUITCAD
1000
{"ports":[{"name":"in","x":0,"y":30,"dx":0,"dy":1,"medium":"logical","role":"connection"},{"name":"out","x":0,"y":-30,"dx":0,"dy":-1,"medium":"logical","role":"connection"},{"name":"left","x":-60,"y":
1000
0,"dx":-1,"dy":0,"medium":"logical","role":"connection"},{"name":"right","x":60,"y":0,"dx":1,"dy":0,"medium":"logical","role":"connection"}],"symbol":{"name":"Display","category":"Flow","group":"Infor
1000
mation flow","geometryRevision":3,"standardRefs":["ISO-5807"],"convention":"ISO-5807 family","conformity":"Original master; not standards-certified","normativeEntry":null,"review":{"level":"geometry-a
1000
nd-convention","dimensionalConformance":"not-verified","note":"New independently constructed CAD master with explicit terminal topology."},"aliases":["display"],"defaultLayer":"Process","labelOffset":
1000
52,"extents":{"minX":-60,"minY":-30,"maxX":60,"maxY":30}}}
0
LWPOLYLINE
5
3FE
330
710
100
AcDbEntity
8
0
62
0
6
CONTINUOUS
100
AcDbPolyline
90
2
70
0
10
-40
20
-30
10
30
20
-30
1001
CONDUITCAD
1000
{"id":"master-display-0"}
0
ARC
5
3FF
330
710
100
AcDbEntity
8
0
62
0
6
CONTINUOUS
100
AcDbCircle
10
30
20
0
30
0
40
30
100
AcDbArc
50
-90
51
90
1001
CONDUITCAD
1000
{"id":"master-display-1"}
0
LWPOLYLINE
5
400
330
710
100
AcDbEntity
8
0
62
0
6
CONTINUOUS
100
AcDbPolyline
90
4
70
0
10
30
20
30
10
-40
20
30
10
-60
20
0
10
-40
20
-30
1001
CONDUITCAD
1000
{"id":"master-display-2"}
0
TEXT
5
401
330
710
100
AcDbEntity
8
0
62
0
6
CONTINUOUS
100
AcDbText
10
0
20
-5
30
0
40
13
1
Display
50
0
41
1
7
STANDARD
72
1
11
0
21
-5
31
0
100
AcDbText
73
0
1001
CONDUITCAD
1000
{"id":"master-display-3"}
0
ENDBLK
5
85C
330
710
100
AcDbEntity
8
0
100
AcDbBlockEnd
0
BLOCK
5
85D
330
711
100
AcDbEntity
8
0
100
AcDbBlockBegin
2
CC_STORED_DATA
70
0
10
0
20
0
30
0
3
CC_STORED_DATA
1

1001
CONDUITCAD
1000
{"ports":[{"name":"in","x":0,"y":35,"dx":0,"dy":1,"medium":"logical","role":"connection"},{"name":"out","x":0,"y":-35,"dx":0,"dy":-1,"medium":"logical","role":"connection"},{"name":"left","x":-50,"y":
1000
0,"dx":-1,"dy":0,"medium":"logical","role":"connection"},{"name":"right","x":36,"y":0,"dx":1,"dy":0,"medium":"logical","role":"connection"}],"symbol":{"name":"Stored data","category":"Flow","group":"I
1000
nformation flow","geometryRevision":3,"standardRefs":["ISO-5807"],"convention":"ISO-5807 family","conformity":"Original master; not standards-certified","normativeEntry":null,"review":{"level":"geomet
1000
ry-and-convention","dimensionalConformance":"not-verified","note":"New independently constructed CAD master with explicit terminal topology."},"aliases":["stored data"],"defaultLayer":"Process","label
1000
Offset":57,"extents":{"minX":-50,"minY":-35,"maxX":48,"maxY":35}}}
0
LINE
5
402
330
711
100
AcDbEntity
8
0
62
0
6
CONTINUOUS
100
AcDbLine
10
-38
20
-35
30
0
11
48
21
-35
31
0
1001
CONDUITCAD
1000
{"id":"master-stored-data-0"}
0
ELLIPSE
5
403
330
711
100
AcDbEntity
8
0
62
0
6
CONTINUOUS
100
AcDbEllipse
10
48
20
0
30
0
11
0
21
35
31
0
40
0.34285714285714286
41
0
42
3.141592653589793
1001
CONDUITCAD
1000
{"id":"master-stored-data-1"}
0
LINE
5
404
330
711
100
AcDbEntity
8
0
62
0
6
CONTINUOUS
100
AcDbLine
10
48
20
35
30
0
11
-38
21
35
31
0
1001
CONDUITCAD
1000
{"id":"master-stored-data-2"}
0
ELLIPSE
5
405
330
711
100
AcDbEntity
8
0
62
0
6
CONTINUOUS
100
AcDbEllipse
10
-38
20
0
30
0
11
0
21
35
31
0
40
0.34285714285714286
41
0
42
3.141592653589793
1001
CONDUITCAD
1000
{"id":"master-stored-data-3"}
0
TEXT
5
406
330
711
100
AcDbEntity
8
0
62
0
6
CONTINUOUS
100
AcDbText
10
0
20
-5
30
0
40
12
1
Stored data
50
0
41
1
7
STANDARD
72
1
11
0
21
-5
31
0
100
AcDbText
73
0
1001
CONDUITCAD
1000
{"id":"master-stored-data-4"}
0
ENDBLK
5
85E
330
711
100
AcDbEntity
8
0
100
AcDbBlockEnd
0
BLOCK
5
85F
330
712
100
AcDbEntity
8
0
100
AcDbBlockBegin
2
CC_MERGE
70
0
10
0
20
0
30
0
3
CC_MERGE
1

1001
CONDUITCAD
1000
{"ports":[{"name":"in","x":0,"y":35,"dx":0,"dy":1,"medium":"logical","role":"connection"},{"name":"left","x":-26,"y":0,"dx":-1,"dy":0,"medium":"logical","role":"connection"},{"name":"right","x":26,"y"
1000
:0,"dx":1,"dy":0,"medium":"logical","role":"connection"},{"name":"out","x":0,"y":-35,"dx":0,"dy":-1,"medium":"logical","role":"connection"}],"symbol":{"name":"Merge","category":"Flow","group":"Informa
1000
tion flow","standardRefs":["PROJECT"],"geometryRevision":3,"convention":"Explicit project drafting convention","conformity":"Original master; not standards-certified","normativeEntry":null,"review":{"
1000
level":"geometry-and-convention","dimensionalConformance":"not-verified","note":"New independently constructed CAD master with explicit terminal topology."},"aliases":["merge"],"defaultLayer":"Process
1000
","labelOffset":57,"extents":{"minX":-52,"minY":-35,"maxX":52,"maxY":35}}}
0
LWPOLYLINE
5
407
330
712
100
AcDbEntity
8
0
62
0
6
CONTINUOUS
100
AcDbPolyline
90
3
70
1
10
-52
20
35
10
52
20
35
10
0
20
-35
1001
CONDUITCAD
1000
{"id":"master-merge-0"}
0
TEXT
5
408
330
712
100
AcDbEntity
8
0
62
0
6
CONTINUOUS
100
AcDbText
10
0
20
5
30
0
40
12
1
Merge
50
0
41
1
7
STANDARD
72
1
11
0
21
5
31
0
100
AcDbText
73
0
1001
CONDUITCAD
1000
{"id":"master-merge-1"}
0
ENDBLK
5
860
330
712
100
AcDbEntity
8
0
100
AcDbBlockEnd
0
BLOCK
5
861
330
713
100
AcDbEntity
8
0
100
AcDbBlockBegin
2
CC_EXTRACT
70
0
10
0
20
0
30
0
3
CC_EXTRACT
1

1001
CONDUITCAD
1000
{"ports":[{"name":"in","x":0,"y":35,"dx":0,"dy":1,"medium":"logical","role":"connection"},{"name":"out","x":0,"y":-35,"dx":0,"dy":-1,"medium":"logical","role":"connection"},{"name":"left","x":-26,"y":
1000
0,"dx":-1,"dy":0,"medium":"logical","role":"connection"},{"name":"right","x":26,"y":0,"dx":1,"dy":0,"medium":"logical","role":"connection"}],"symbol":{"name":"Extract","category":"Flow","group":"Infor
1000
mation flow","standardRefs":["PROJECT"],"geometryRevision":3,"convention":"Explicit project drafting convention","conformity":"Original master; not standards-certified","normativeEntry":null,"review":
1000
{"level":"geometry-and-convention","dimensionalConformance":"not-verified","note":"New independently constructed CAD master with explicit terminal topology."},"aliases":["extract"],"defaultLayer":"Pro
1000
cess","labelOffset":57,"extents":{"minX":-52,"minY":-35,"maxX":52,"maxY":35}}}
0
LWPOLYLINE
5
409
330
713
100
AcDbEntity
8
0
62
0
6
CONTINUOUS
100
AcDbPolyline
90
3
70
1
10
-52
20
-35
10
52
20
-35
10
0
20
35
1001
CONDUITCAD
1000
{"id":"master-extract-0"}
0
TEXT
5
40A
330
713
100
AcDbEntity
8
0
62
0
6
CONTINUOUS
100
AcDbText
10
0
20
-19
30
0
40
12
1
Extract
50
0
41
1
7
STANDARD
72
1
11
0
21
-19
31
0
100
AcDbText
73
0
1001
CONDUITCAD
1000
{"id":"master-extract-1"}
0
ENDBLK
5
862
330
713
100
AcDbEntity
8
0
100
AcDbBlockEnd
0
BLOCK
5
863
330
714
100
AcDbEntity
8
0
100
AcDbBlockBegin
2
CC_COLLATE
70
0
10
0
20
0
30
0
3
CC_COLLATE
1

1001
CONDUITCAD
1000
{"ports":[{"name":"in","x":0,"y":35,"dx":0,"dy":1,"medium":"logical","role":"connection"},{"name":"out","x":0,"y":-35,"dx":0,"dy":-1,"medium":"logical","role":"connection"}],"symbol":{"name":"Collate"
1000
,"category":"Flow","group":"Information flow","standardRefs":["PROJECT"],"geometryRevision":3,"convention":"Explicit project drafting convention","conformity":"Original master; not standards-certified
1000
","normativeEntry":null,"review":{"level":"geometry-and-convention","dimensionalConformance":"not-verified","note":"New independently constructed CAD master with explicit terminal topology."},"aliases
1000
":["collate"],"defaultLayer":"Process","labelOffset":57,"extents":{"minX":-45,"minY":-35,"maxX":45,"maxY":35}}}
0
LWPOLYLINE
5
40B
330
714
100
AcDbEntity
8
0
62
0
6
CONTINUOUS
100
AcDbPolyline
90
3
70
1
10
-45
20
35
10
45
20
35
10
0
20
0
1001
CONDUITCAD
1000
{"id":"master-collate-0"}
0
LWPOLYLINE
5
40C
330
714
100
AcDbEntity
8
0
62
0
6
CONTINUOUS
100
AcDbPolyline
90
3
70
1
10
0
20
0
10
-45
20
-35
10
45
20
-35
1001
CONDUITCAD
1000
{"id":"master-collate-1"}
0
ENDBLK
5
864
330
714
100
AcDbEntity
8
0
100
AcDbBlockEnd
0
BLOCK
5
865
330
715
100
AcDbEntity
8
0
100
AcDbBlockBegin
2
CC_SORT
70
0
10
0
20
0
30
0
3
CC_SORT
1

1001
CONDUITCAD
1000
{"ports":[{"name":"in","x":0,"y":40,"dx":0,"dy":1,"medium":"logical","role":"connection"},{"name":"out","x":0,"y":-40,"dx":0,"dy":-1,"medium":"logical","role":"connection"},{"name":"left","x":-55,"y":
1000
0,"dx":-1,"dy":0,"medium":"logical","role":"connection"},{"name":"right","x":55,"y":0,"dx":1,"dy":0,"medium":"logical","role":"connection"}],"symbol":{"name":"Sort","category":"Flow","group":"Informat
1000
ion flow","standardRefs":["PROJECT"],"geometryRevision":3,"convention":"Explicit project drafting convention","conformity":"Original master; not standards-certified","normativeEntry":null,"review":{"l
1000
evel":"geometry-and-convention","dimensionalConformance":"not-verified","note":"New independently constructed CAD master with explicit terminal topology."},"aliases":["sort"],"defaultLayer":"Process",
1000
"labelOffset":62,"extents":{"minX":-55,"minY":-40,"maxX":55,"maxY":40}}}
0
LWPOLYLINE
5
40D
330
715
100
AcDbEntity
8
0
62
0
6
CONTINUOUS
100
AcDbPolyline
90
4
70
1
10
-55
20
0
10
0
20
40
10
55
20
0
10
0
20
-40
1001
CONDUITCAD
1000
{"id":"master-sort-0"}
0
LINE
5
40E
330
715
100
AcDbEntity
8
0
62
0
6
CONTINUOUS
100
AcDbLine
10
-55
20
0
30
0
11
55
21
0
31
0
1001
CONDUITCAD
1000
{"id":"master-sort-1"}
0
TEXT
5
40F
330
715
100
AcDbEntity
8
0
62
0
6
CONTINUOUS
100
AcDbText
10
0
20
11
30
0
40
12
1
Sort
50
0
41
1
7
STANDARD
72
1
11
0
21
11
31
0
100
AcDbText
73
0
1001
CONDUITCAD
1000
{"id":"master-sort-2"}
0
ENDBLK
5
866
330
715
100
AcDbEntity
8
0
100
AcDbBlockEnd
0
BLOCK
5
867
330
716
100
AcDbEntity
8
0
100
AcDbBlockBegin
2
CC_PARALLEL
70
0
10
0
20
0
30
0
3
CC_PARALLEL
1

1001
CONDUITCAD
1000
{"ports":[{"name":"in","x":0,"y":10,"dx":0,"dy":1,"medium":"logical","role":"connection"},{"name":"out","x":0,"y":-10,"dx":0,"dy":-1,"medium":"logical","role":"connection"}],"symbol":{"name":"Parallel
1000
 processing","category":"Flow","group":"Information flow","standardRefs":["PROJECT"],"geometryRevision":3,"convention":"Explicit project drafting convention","conformity":"Original master; not standar
1000
ds-certified","normativeEntry":null,"review":{"level":"geometry-and-convention","dimensionalConformance":"not-verified","note":"New independently constructed CAD master with explicit terminal topology
1000
."},"aliases":["parallel"],"defaultLayer":"Process","labelOffset":48,"extents":{"minX":-55,"minY":-10,"maxX":55,"maxY":10}}}
0
LINE
5
410
330
716
100
AcDbEntity
8
0
62
0
6
CONTINUOUS
100
AcDbLine
10
-55
20
-10
30
0
11
55
21
-10
31
0
1001
CONDUITCAD
1000
{"id":"master-parallel-0"}
0
LINE
5
411
330
716
100
AcDbEntity
8
0
62
0
6
CONTINUOUS
100
AcDbLine
10
-55
20
10
30
0
11
55
21
10
31
0
1001
CONDUITCAD
1000
{"id":"master-parallel-1"}
0
ENDBLK
5
868
330
716
100
AcDbEntity
8
0
100
AcDbBlockEnd
0
BLOCK
5
869
330
717
100
AcDbEntity
8
0
100
AcDbBlockBegin
2
CC_PRESSURE_TRANSMITTER
70
0
10
0
20
0
30
0
3
CC_PRESSURE_TRANSMITTER
1

1001
CONDUITCAD
1000
{"ports":[{"name":"sense","x":0,"y":-45,"dx":0,"dy":-1,"medium":"signal","role":"connection"}],"symbol":{"name":"Pressure transmitter","category":"Instrumentation","group":"Field instruments","functio
1000
nCode":"PT","instrumentLocation":"field","aliases":["PT","pressure transmitter"],"geometryRevision":3,"standardRefs":["ISA-5.1"],"convention":"ISA-5.1 family","conformity":"Original master; not standa
1000
rds-certified","normativeEntry":null,"review":{"level":"geometry-and-convention","dimensionalConformance":"not-verified","note":"New independently constructed CAD master with explicit terminal topolog
1000
y."},"defaultLayer":"Instruments","labelOffset":67,"extents":{"minX":-26,"minY":-45,"maxX":26,"maxY":25.970550818758205}}}
0
CIRCLE
5
412
330
717
100
AcDbEntity
8
0
62
0
6
CONTINUOUS
100
AcDbCircle
10
0
20
0
30
0
40
26
1001
CONDUITCAD
1000
{"id":"master-pressure-transmitter-0"}
0
TEXT
5
413
330
717
100
AcDbEntity
8
0
62
0
6
CONTINUOUS
100
AcDbText
10
0
20
-5
30
0
40
12
1
PT
50
0
41
1
7
STANDARD
72
1
11
0
21
-5
31
0
100
AcDbText
73
0
1001
CONDUITCAD
1000
{"id":"master-pressure-transmitter-1"}
0
LINE
5
414
330
717
100
AcDbEntity
8
0
62
0
6
CONTINUOUS
100
AcDbLine
10
0
20
-26
30
0
11
0
21
-45
31
0
1001
CONDUITCAD
1000
{"id":"master-pressure-transmitter-2"}
0
ENDBLK
5
86A
330
717
100
AcDbEntity
8
0
100
AcDbBlockEnd
0
BLOCK
5
86B
330
718
100
AcDbEntity
8
0
100
AcDbBlockBegin
2
CC_DIFFERENTIAL_PRESSURE
70
0
10
0
20
0
30
0
3
CC_DIFFERENTIAL_PRESSURE
1

1001
CONDUITCAD
1000
{"ports":[{"name":"sense","x":0,"y":-45,"dx":0,"dy":-1,"medium":"signal","role":"connection"}],"symbol":{"name":"Differential pressure transmitter","category":"Instrumentation","group":"Field instrume
1000
nts","functionCode":"PDT","instrumentLocation":"field","aliases":["PDT","differential pressure"],"geometryRevision":3,"standardRefs":["ISA-5.1"],"convention":"ISA-5.1 family","conformity":"Original ma
1000
ster; not standards-certified","normativeEntry":null,"review":{"level":"geometry-and-convention","dimensionalConformance":"not-verified","note":"New independently constructed CAD master with explicit 
1000
terminal topology."},"defaultLayer":"Instruments","labelOffset":67,"extents":{"minX":-26,"minY":-45,"maxX":26,"maxY":25.970550818758205}}}
0
CIRCLE
5
415
330
718
100
AcDbEntity
8
0
62
0
6
CONTINUOUS
100
AcDbCircle
10
0
20
0
30
0
40
26
1001
CONDUITCAD
1000
{"id":"master-differential-pressure-0"}
0
TEXT
5
416
330
718
100
AcDbEntity
8
0
62
0
6
CONTINUOUS
100
AcDbText
10
0
20
-5
30
0
40
12
1
PDT
50
0
41
1
7
STANDARD
72
1
11
0
21
-5
31
0
100
AcDbText
73
0
1001
CONDUITCAD
1000
{"id":"master-differential-pressure-1"}
0
LINE
5
417
330
718
100
AcDbEntity
8
0
62
0
6
CONTINUOUS
100
AcDbLine
10
0
20
-26
30
0
11
0
21
-45
31
0
1001
CONDUITCAD
1000
{"id":"master-differential-pressure-2"}
0
ENDBLK
5
86C
330
718
100
AcDbEntity
8
0
100
AcDbBlockEnd
0
BLOCK
5
86D
330
719
100
AcDbEntity
8
0
100
AcDbBlockBegin
2
CC_TEMPERATURE_INDICATOR
70
0
10
0
20
0
30
0
3
CC_TEMPERATURE_INDICATOR
1

1001
CONDUITCAD
1000
{"ports":[{"name":"sense","x":0,"y":-45,"dx":0,"dy":-1,"medium":"signal","role":"connection"}],"symbol":{"name":"Temperature indicator","category":"Instrumentation","group":"Field instruments","functi
1000
onCode":"TI","instrumentLocation":"field","aliases":["TI","temperature indicator"],"geometryRevision":3,"standardRefs":["ISA-5.1"],"convention":"ISA-5.1 family","conformity":"Original master; not stan
1000
dards-certified","normativeEntry":null,"review":{"level":"geometry-and-convention","dimensionalConformance":"not-verified","note":"New independently constructed CAD master with explicit terminal topol
1000
ogy."},"defaultLayer":"Instruments","labelOffset":67,"extents":{"minX":-26,"minY":-45,"maxX":26,"maxY":25.970550818758205}}}
0
CIRCLE
5
418
330
719
100
AcDbEntity
8
0
62
0
6
CONTINUOUS
100
AcDbCircle
10
0
20
0
30
0
40
26
1001
CONDUITCAD
1000
{"id":"master-temperature-indicator-0"}
0
TEXT
5
419
330
719
100
AcDbEntity
8
0
62
0
6
CONTINUOUS
100
AcDbText
10
0
20
-5
30
0
40
12
1
TI
50
0
41
1
7
STANDARD
72
1
11
0
21
-5
31
0
100
AcDbText
73
0
1001
CONDUITCAD
1000
{"id":"master-temperature-indicator-1"}
0
LINE
5
41A
330
719
100
AcDbEntity
8
0
62
0
6
CONTINUOUS
100
AcDbLine
10
0
20
-26
30
0
11
0
21
-45
31
0
1001
CONDUITCAD
1000
{"id":"master-temperature-indicator-2"}
0
ENDBLK
5
86E
330
719
100
AcDbEntity
8
0
100
AcDbBlockEnd
0
BLOCK
5
86F
330
71A
100
AcDbEntity
8
0
100
AcDbBlockBegin
2
CC_FLOW_INDICATOR
70
0
10
0
20
0
30
0
3
CC_FLOW_INDICATOR
1

1001
CONDUITCAD
1000
{"ports":[{"name":"sense","x":0,"y":-45,"dx":0,"dy":-1,"medium":"signal","role":"connection"}],"symbol":{"name":"Flow indicator","category":"Instrumentation","group":"Field instruments","functionCode"
1000
:"FI","instrumentLocation":"field","aliases":["FI","flow indicator"],"geometryRevision":3,"standardRefs":["ISA-5.1"],"convention":"ISA-5.1 family","conformity":"Original master; not standards-certifie
1000
d","normativeEntry":null,"review":{"level":"geometry-and-convention","dimensionalConformance":"not-verified","note":"New independently constructed CAD master with explicit terminal topology."},"defaul
1000
tLayer":"Instruments","labelOffset":67,"extents":{"minX":-26,"minY":-45,"maxX":26,"maxY":25.970550818758205}}}
0
CIRCLE
5
41B
330
71A
100
AcDbEntity
8
0
62
0
6
CONTINUOUS
100
AcDbCircle
10
0
20
0
30
0
40
26
1001
CONDUITCAD
1000
{"id":"master-flow-indicator-0"}
0
TEXT
5
41C
330
71A
100
AcDbEntity
8
0
62
0
6
CONTINUOUS
100
AcDbText
10
0
20
-5
30
0
40
12
1
FI
50
0
41
1
7
STANDARD
72
1
11
0
21
-5
31
0
100
AcDbText
73
0
1001
CONDUITCAD
1000
{"id":"master-flow-indicator-1"}
0
LINE
5
41D
330
71A
100
AcDbEntity
8
0
62
0
6
CONTINUOUS
100
AcDbLine
10
0
20
-26
30
0
11
0
21
-45
31
0
1001
CONDUITCAD
1000
{"id":"master-flow-indicator-2"}
0
ENDBLK
5
870
330
71A
100
AcDbEntity
8
0
100
AcDbBlockEnd
0
BLOCK
5
871
330
71B
100
AcDbEntity
8
0
100
AcDbBlockBegin
2
CC_LEVEL_INDICATOR
70
0
10
0
20
0
30
0
3
CC_LEVEL_INDICATOR
1

1001
CONDUITCAD
1000
{"ports":[{"name":"sense","x":0,"y":-45,"dx":0,"dy":-1,"medium":"signal","role":"connection"}],"symbol":{"name":"Level indicator","category":"Instrumentation","group":"Field instruments","functionCode
1000
":"LI","instrumentLocation":"field","aliases":["LI","level indicator"],"geometryRevision":3,"standardRefs":["ISA-5.1"],"convention":"ISA-5.1 family","conformity":"Original master; not standards-certif
1000
ied","normativeEntry":null,"review":{"level":"geometry-and-convention","dimensionalConformance":"not-verified","note":"New independently constructed CAD master with explicit terminal topology."},"defa
1000
ultLayer":"Instruments","labelOffset":67,"extents":{"minX":-26,"minY":-45,"maxX":26,"maxY":25.970550818758205}}}
0
CIRCLE
5
41E
330
71B
100
AcDbEntity
8
0
62
0
6
CONTINUOUS
100
AcDbCircle
10
0
20
0
30
0
40
26
1001
CONDUITCAD
1000
{"id":"master-level-indicator-0"}
0
TEXT
5
41F
330
71B
100
AcDbEntity
8
0
62
0
6
CONTINUOUS
100
AcDbText
10
0
20
-5
30
0
40
12
1
LI
50
0
41
1
7
STANDARD
72
1
11
0
21
-5
31
0
100
AcDbText
73
0
1001
CONDUITCAD
1000
{"id":"master-level-indicator-1"}
0
LINE
5
420
330
71B
100
AcDbEntity
8
0
62
0
6
CONTINUOUS
100
AcDbLine
10
0
20
-26
30
0
11
0
21
-45
31
0
1001
CONDUITCAD
1000
{"id":"master-level-indicator-2"}
0
ENDBLK
5
872
330
71B
100
AcDbEntity
8
0
100
AcDbBlockEnd
0
BLOCK
5
873
330
71C
100
AcDbEntity
8
0
100
AcDbBlockBegin
2
CC_PRESSURE_SWITCH
70
0
10
0
20
0
30
0
3
CC_PRESSURE_SWITCH
1

1001
CONDUITCAD
1000
{"ports":[{"name":"sense","x":0,"y":-45,"dx":0,"dy":-1,"medium":"signal","role":"connection"}],"symbol":{"name":"Pressure switch","category":"Instrumentation","group":"Field instruments","functionCode
1000
":"PS","instrumentLocation":"field","aliases":["PS","pressure switch"],"geometryRevision":3,"standardRefs":["ISA-5.1"],"convention":"ISA-5.1 family","conformity":"Original master; not standards-certif
1000
ied","normativeEntry":null,"review":{"level":"geometry-and-convention","dimensionalConformance":"not-verified","note":"New independently constructed CAD master with explicit terminal topology."},"defa
1000
ultLayer":"Instruments","labelOffset":67,"extents":{"minX":-26,"minY":-45,"maxX":26,"maxY":25.970550818758205}}}
0
CIRCLE
5
421
330
71C
100
AcDbEntity
8
0
62
0
6
CONTINUOUS
100
AcDbCircle
10
0
20
0
30
0
40
26
1001
CONDUITCAD
1000
{"id":"master-pressure-switch-0"}
0
TEXT
5
422
330
71C
100
AcDbEntity
8
0
62
0
6
CONTINUOUS
100
AcDbText
10
0
20
-5
30
0
40
12
1
PS
50
0
41
1
7
STANDARD
72
1
11
0
21
-5
31
0
100
AcDbText
73
0
1001
CONDUITCAD
1000
{"id":"master-pressure-switch-1"}
0
LINE
5
423
330
71C
100
AcDbEntity
8
0
62
0
6
CONTINUOUS
100
AcDbLine
10
0
20
-26
30
0
11
0
21
-45
31
0
1001
CONDUITCAD
1000
{"id":"master-pressure-switch-2"}
0
ENDBLK
5
874
330
71C
100
AcDbEntity
8
0
100
AcDbBlockEnd
0
BLOCK
5
875
330
71D
100
AcDbEntity
8
0
100
AcDbBlockBegin
2
CC_LEVEL_SWITCH
70
0
10
0
20
0
30
0
3
CC_LEVEL_SWITCH
1

1001
CONDUITCAD
1000
{"ports":[{"name":"sense","x":0,"y":-45,"dx":0,"dy":-1,"medium":"signal","role":"connection"}],"symbol":{"name":"Level switch","category":"Instrumentation","group":"Field instruments","functionCode":"
1000
LS","instrumentLocation":"field","aliases":["LS","level switch"],"geometryRevision":3,"standardRefs":["ISA-5.1"],"convention":"ISA-5.1 family","conformity":"Original master; not standards-certified","
1000
normativeEntry":null,"review":{"level":"geometry-and-convention","dimensionalConformance":"not-verified","note":"New independently constructed CAD master with explicit terminal topology."},"defaultLay
1000
er":"Instruments","labelOffset":67,"extents":{"minX":-26,"minY":-45,"maxX":26,"maxY":25.970550818758205}}}
0
CIRCLE
5
424
330
71D
100
AcDbEntity
8
0
62
0
6
CONTINUOUS
100
AcDbCircle
10
0
20
0
30
0
40
26
1001
CONDUITCAD
1000
{"id":"master-level-switch-0"}
0
TEXT
5
425
330
71D
100
AcDbEntity
8
0
62
0
6
CONTINUOUS
100
AcDbText
10
0
20
-5
30
0
40
12
1
LS
50
0
41
1
7
STANDARD
72
1
11
0
21
-5
31
0
100
AcDbText
73
0
1001
CONDUITCAD
1000
{"id":"master-level-switch-1"}
0
LINE
5
426
330
71D
100
AcDbEntity
8
0
62
0
6
CONTINUOUS
100
AcDbLine
10
0
20
-26
30
0
11
0
21
-45
31
0
1001
CONDUITCAD
1000
{"id":"master-level-switch-2"}
0
ENDBLK
5
876
330
71D
100
AcDbEntity
8
0
100
AcDbBlockEnd
0
BLOCK
5
877
330
71E
100
AcDbEntity
8
0
100
AcDbBlockBegin
2
CC_TEMPERATURE_SWITCH
70
0
10
0
20
0
30
0
3
CC_TEMPERATURE_SWITCH
1

1001
CONDUITCAD
1000
{"ports":[{"name":"sense","x":0,"y":-45,"dx":0,"dy":-1,"medium":"signal","role":"connection"}],"symbol":{"name":"Temperature switch","category":"Instrumentation","group":"Field instruments","functionC
1000
ode":"TS","instrumentLocation":"field","aliases":["TS","temperature switch"],"geometryRevision":3,"standardRefs":["ISA-5.1"],"convention":"ISA-5.1 family","conformity":"Original master; not standards-
1000
certified","normativeEntry":null,"review":{"level":"geometry-and-convention","dimensionalConformance":"not-verified","note":"New independently constructed CAD master with explicit terminal topology."}
1000
,"defaultLayer":"Instruments","labelOffset":67,"extents":{"minX":-26,"minY":-45,"maxX":26,"maxY":25.970550818758205}}}
0
CIRCLE
5
427
330
71E
100
AcDbEntity
8
0
62
0
6
CONTINUOUS
100
AcDbCircle
10
0
20
0
30
0
40
26
1001
CONDUITCAD
1000
{"id":"master-temperature-switch-0"}
0
TEXT
5
428
330
71E
100
AcDbEntity
8
0
62
0
6
CONTINUOUS
100
AcDbText
10
0
20
-5
30
0
40
12
1
TS
50
0
41
1
7
STANDARD
72
1
11
0
21
-5
31
0
100
AcDbText
73
0
1001
CONDUITCAD
1000
{"id":"master-temperature-switch-1"}
0
LINE
5
429
330
71E
100
AcDbEntity
8
0
62
0
6
CONTINUOUS
100
AcDbLine
10
0
20
-26
30
0
11
0
21
-45
31
0
1001
CONDUITCAD
1000
{"id":"master-temperature-switch-2"}
0
ENDBLK
5
878
330
71E
100
AcDbEntity
8
0
100
AcDbBlockEnd
0
BLOCK
5
879
330
71F
100
AcDbEntity
8
0
100
AcDbBlockBegin
2
CC_ANALYSER
70
0
10
0
20
0
30
0
3
CC_ANALYSER
1

1001
CONDUITCAD
1000
{"ports":[{"name":"sense","x":0,"y":-45,"dx":0,"dy":-1,"medium":"signal","role":"connection"}],"symbol":{"name":"Analytical transmitter","category":"Instrumentation","group":"Field instruments","funct
1000
ionCode":"AT","instrumentLocation":"field","aliases":["AT","analyser"],"geometryRevision":3,"standardRefs":["ISA-5.1"],"convention":"ISA-5.1 family","conformity":"Original master; not standards-certif
1000
ied","normativeEntry":null,"review":{"level":"geometry-and-convention","dimensionalConformance":"not-verified","note":"New independently constructed CAD master with explicit terminal topology."},"defa
1000
ultLayer":"Instruments","labelOffset":67,"extents":{"minX":-26,"minY":-45,"maxX":26,"maxY":25.970550818758205}}}
0
CIRCLE
5
42A
330
71F
100
AcDbEntity
8
0
62
0
6
CONTINUOUS
100
AcDbCircle
10
0
20
0
30
0
40
26
1001
CONDUITCAD
1000
{"id":"master-analyser-0"}
0
TEXT
5
42B
330
71F
100
AcDbEntity
8
0
62
0
6
CONTINUOUS
100
AcDbText
10
0
20
-5
30
0
40
12
1
AT
50
0
41
1
7
STANDARD
72
1
11
0
21
-5
31
0
100
AcDbText
73
0
1001
CONDUITCAD
1000
{"id":"master-analyser-1"}
0
LINE
5
42C
330
71F
100
AcDbEntity
8
0
62
0
6
CONTINUOUS
100
AcDbLine
10
0
20
-26
30
0
11
0
21
-45
31
0
1001
CONDUITCAD
1000
{"id":"master-analyser-2"}
0
ENDBLK
5
87A
330
71F
100
AcDbEntity
8
0
100
AcDbBlockEnd
0
BLOCK
5
87B
330
720
100
AcDbEntity
8
0
100
AcDbBlockBegin
2
CC_FLOW_CONTROLLER
70
0
10
0
20
0
30
0
3
CC_FLOW_CONTROLLER
1

1001
CONDUITCAD
1000
{"ports":[{"name":"sense","x":0,"y":-45,"dx":0,"dy":-1,"medium":"signal","role":"connection"}],"symbol":{"name":"Flow indicating controller","category":"Instrumentation","group":"Control functions","f
1000
unctionCode":"FIC","instrumentLocation":"field","aliases":["FIC","flow controller"],"geometryRevision":3,"standardRefs":["ISA-5.1"],"convention":"ISA-5.1 family","conformity":"Original master; not sta
1000
ndards-certified","normativeEntry":null,"review":{"level":"geometry-and-convention","dimensionalConformance":"not-verified","note":"New independently constructed CAD master with explicit terminal topo
1000
logy."},"defaultLayer":"Instruments","labelOffset":67,"extents":{"minX":-26,"minY":-45,"maxX":26,"maxY":25.970550818758205}}}
0
CIRCLE
5
42D
330
720
100
AcDbEntity
8
0
62
0
6
CONTINUOUS
100
AcDbCircle
10
0
20
0
30
0
40
26
1001
CONDUITCAD
1000
{"id":"master-flow-controller-0"}
0
TEXT
5
42E
330
720
100
AcDbEntity
8
0
62
0
6
CONTINUOUS
100
AcDbText
10
0
20
-5
30
0
40
12
1
FIC
50
0
41
1
7
STANDARD
72
1
11
0
21
-5
31
0
100
AcDbText
73
0
1001
CONDUITCAD
1000
{"id":"master-flow-controller-1"}
0
LINE
5
42F
330
720
100
AcDbEntity
8
0
62
0
6
CONTINUOUS
100
AcDbLine
10
0
20
-26
30
0
11
0
21
-45
31
0
1001
CONDUITCAD
1000
{"id":"master-flow-controller-2"}
0
ENDBLK
5
87C
330
720
100
AcDbEntity
8
0
100
AcDbBlockEnd
0
BLOCK
5
87D
330
721
100
AcDbEntity
8
0
100
AcDbBlockBegin
2
CC_PRESSURE_CONTROLLER
70
0
10
0
20
0
30
0
3
CC_PRESSURE_CONTROLLER
1

1001
CONDUITCAD
1000
{"ports":[{"name":"sense","x":0,"y":-45,"dx":0,"dy":-1,"medium":"signal","role":"connection"}],"symbol":{"name":"Pressure indicating controller","category":"Instrumentation","group":"Control functions
1000
","functionCode":"PIC","instrumentLocation":"field","aliases":["PIC","pressure controller"],"geometryRevision":3,"standardRefs":["ISA-5.1"],"convention":"ISA-5.1 family","conformity":"Original master;
1000
 not standards-certified","normativeEntry":null,"review":{"level":"geometry-and-convention","dimensionalConformance":"not-verified","note":"New independently constructed CAD master with explicit termi
1000
nal topology."},"defaultLayer":"Instruments","labelOffset":67,"extents":{"minX":-26,"minY":-45,"maxX":26,"maxY":25.970550818758205}}}
0
CIRCLE
5
430
330
721
100
AcDbEntity
8
0
62
0
6
CONTINUOUS
100
AcDbCircle
10
0
20
0
30
0
40
26
1001
CONDUITCAD
1000
{"id":"master-pressure-controller-0"}
0
TEXT
5
431
330
721
100
AcDbEntity
8
0
62
0
6
CONTINUOUS
100
AcDbText
10
0
20
-5
30
0
40
12
1
PIC
50
0
41
1
7
STANDARD
72
1
11
0
21
-5
31
0
100
AcDbText
73
0
1001
CONDUITCAD
1000
{"id":"master-pressure-controller-1"}
0
LINE
5
432
330
721
100
AcDbEntity
8
0
62
0
6
CONTINUOUS
100
AcDbLine
10
0
20
-26
30
0
11
0
21
-45
31
0
1001
CONDUITCAD
1000
{"id":"master-pressure-controller-2"}
0
ENDBLK
5
87E
330
721
100
AcDbEntity
8
0
100
AcDbBlockEnd
0
BLOCK
5
87F
330
722
100
AcDbEntity
8
0
100
AcDbBlockBegin
2
CC_TEMPERATURE_CONTROLLER
70
0
10
0
20
0
30
0
3
CC_TEMPERATURE_CONTROLLER
1

1001
CONDUITCAD
1000
{"ports":[{"name":"sense","x":0,"y":-45,"dx":0,"dy":-1,"medium":"signal","role":"connection"}],"symbol":{"name":"Temperature indicating controller","category":"Instrumentation","group":"Control functi
1000
ons","functionCode":"TIC","instrumentLocation":"field","aliases":["TIC","temperature controller"],"geometryRevision":3,"standardRefs":["ISA-5.1"],"convention":"ISA-5.1 family","conformity":"Original m
1000
aster; not standards-certified","normativeEntry":null,"review":{"level":"geometry-and-convention","dimensionalConformance":"not-verified","note":"New independently constructed CAD master with explicit
1000
 terminal topology."},"defaultLayer":"Instruments","labelOffset":67,"extents":{"minX":-26,"minY":-45,"maxX":26,"maxY":25.970550818758205}}}
0
CIRCLE
5
433
330
722
100
AcDbEntity
8
0
62
0
6
CONTINUOUS
100
AcDbCircle
10
0
20
0
30
0
40
26
1001
CONDUITCAD
1000
{"id":"master-temperature-controller-0"}
0
TEXT
5
434
330
722
100
AcDbEntity
8
0
62
0
6
CONTINUOUS
100
AcDbText
10
0
20
-5
30
0
40
12
1
TIC
50
0
41
1
7
STANDARD
72
1
11
0
21
-5
31
0
100
AcDbText
73
0
1001
CONDUITCAD
1000
{"id":"master-temperature-controller-1"}
0
LINE
5
435
330
722
100
AcDbEntity
8
0
62
0
6
CONTINUOUS
100
AcDbLine
10
0
20
-26
30
0
11
0
21
-45
31
0
1001
CONDUITCAD
1000
{"id":"master-temperature-controller-2"}
0
ENDBLK
5
880
330
722
100
AcDbEntity
8
0
100
AcDbBlockEnd
0
BLOCK
5
881
330
723
100
AcDbEntity
8
0
100
AcDbBlockBegin
2
CC_LEVEL_CONTROLLER
70
0
10
0
20
0
30
0
3
CC_LEVEL_CONTROLLER
1

1001
CONDUITCAD
1000
{"ports":[{"name":"sense","x":0,"y":-45,"dx":0,"dy":-1,"medium":"signal","role":"connection"}],"symbol":{"name":"Level indicating controller","category":"Instrumentation","group":"Control functions","
1000
functionCode":"LIC","instrumentLocation":"field","aliases":["LIC","level controller"],"geometryRevision":3,"standardRefs":["ISA-5.1"],"convention":"ISA-5.1 family","conformity":"Original master; not s
1000
tandards-certified","normativeEntry":null,"review":{"level":"geometry-and-convention","dimensionalConformance":"not-verified","note":"New independently constructed CAD master with explicit terminal to
1000
pology."},"defaultLayer":"Instruments","labelOffset":67,"extents":{"minX":-26,"minY":-45,"maxX":26,"maxY":25.970550818758205}}}
0
CIRCLE
5
436
330
723
100
AcDbEntity
8
0
62
0
6
CONTINUOUS
100
AcDbCircle
10
0
20
0
30
0
40
26
1001
CONDUITCAD
1000
{"id":"master-level-controller-0"}
0
TEXT
5
437
330
723
100
AcDbEntity
8
0
62
0
6
CONTINUOUS
100
AcDbText
10
0
20
-5
30
0
40
12
1
LIC
50
0
41
1
7
STANDARD
72
1
11
0
21
-5
31
0
100
AcDbText
73
0
1001
CONDUITCAD
1000
{"id":"master-level-controller-1"}
0
LINE
5
438
330
723
100
AcDbEntity
8
0
62
0
6
CONTINUOUS
100
AcDbLine
10
0
20
-26
30
0
11
0
21
-45
31
0
1001
CONDUITCAD
1000
{"id":"master-level-controller-2"}
0
ENDBLK
5
882
330
723
100
AcDbEntity
8
0
100
AcDbBlockEnd
0
BLOCK
5
883
330
724
100
AcDbEntity
8
0
100
AcDbBlockBegin
2
CC_FLOW_CONTROLLER_PANEL
70
0
10
0
20
0
30
0
3
CC_FLOW_CONTROLLER_PANEL
1

1001
CONDUITCAD
1000
{"ports":[{"name":"sense","x":0,"y":-45,"dx":0,"dy":-1,"medium":"signal","role":"connection"}],"symbol":{"name":"Flow controller \u00b7 accessible panel","category":"Instrumentation","group":"Location
1000
 variants","functionCode":"FIC","instrumentLocation":"primary accessible panel","geometryRevision":3,"standardRefs":["ISA-5.1"],"convention":"ISA-5.1 family","conformity":"Original master; not standar
1000
ds-certified","normativeEntry":null,"review":{"level":"geometry-and-convention","dimensionalConformance":"not-verified","note":"New independently constructed CAD master with explicit terminal topology
1000
."},"aliases":["flow controller panel"],"defaultLayer":"Instruments","labelOffset":67,"extents":{"minX":-26,"minY":-45,"maxX":26,"maxY":25.970550818758205}}}
0
CIRCLE
5
439
330
724
100
AcDbEntity
8
0
62
0
6
CONTINUOUS
100
AcDbCircle
10
0
20
0
30
0
40
26
1001
CONDUITCAD
1000
{"id":"master-flow-controller-panel-0"}
0
LINE
5
43A
330
724
100
AcDbEntity
8
0
62
0
6
CONTINUOUS
100
AcDbLine
10
-26
20
0
30
0
11
26
21
0
31
0
1001
CONDUITCAD
1000
{"id":"master-flow-controller-panel-1"}
0
TEXT
5
43B
330
724
100
AcDbEntity
8
0
62
0
6
CONTINUOUS
100
AcDbText
10
0
20
7
30
0
40
12
1
FIC
50
0
41
1
7
STANDARD
72
1
11
0
21
7
31
0
100
AcDbText
73
0
1001
CONDUITCAD
1000
{"id":"master-flow-controller-panel-2"}
0
LINE
5
43C
330
724
100
AcDbEntity
8
0
62
0
6
CONTINUOUS
100
AcDbLine
10
0
20
-26
30
0
11
0
21
-45
31
0
1001
CONDUITCAD
1000
{"id":"master-flow-controller-panel-3"}
0
ENDBLK
5
884
330
724
100
AcDbEntity
8
0
100
AcDbBlockEnd
0
BLOCK
5
885
330
725
100
AcDbEntity
8
0
100
AcDbBlockBegin
2
CC_FLOW_CONTROLLER_REAR
70
0
10
0
20
0
30
0
3
CC_FLOW_CONTROLLER_REAR
1

1001
CONDUITCAD
1000
{"ports":[{"name":"sense","x":0,"y":-45,"dx":0,"dy":-1,"medium":"signal","role":"connection"}],"symbol":{"name":"Flow controller \u00b7 inaccessible panel","category":"Instrumentation","group":"Locati
1000
on variants","functionCode":"FIC","instrumentLocation":"normally inaccessible","geometryRevision":3,"standardRefs":["ISA-5.1"],"convention":"ISA-5.1 family","conformity":"Original master; not standard
1000
s-certified","normativeEntry":null,"review":{"level":"geometry-and-convention","dimensionalConformance":"not-verified","note":"New independently constructed CAD master with explicit terminal topology.
1000
"},"aliases":["flow controller rear"],"defaultLayer":"Instruments","labelOffset":67,"extents":{"minX":-26,"minY":-45,"maxX":26,"maxY":25.970550818758205}}}
0
CIRCLE
5
43D
330
725
100
AcDbEntity
8
0
62
0
6
CONTINUOUS
100
AcDbCircle
10
0
20
0
30
0
40
26
1001
CONDUITCAD
1000
{"id":"master-flow-controller-rear-0"}
0
LINE
5
43E
330
725
100
AcDbEntity
8
0
62
0
6
CC_DASH_4_3
100
AcDbLine
10
-26
20
0
30
0
11
26
21
0
31
0
1001
CONDUITCAD
1000
{"id":"master-flow-controller-rear-1","dash":[4,3]}
0
TEXT
5
43F
330
725
100
AcDbEntity
8
0
62
0
6
CONTINUOUS
100
AcDbText
10
0
20
7
30
0
40
12
1
FIC
50
0
41
1
7
STANDARD
72
1
11
0
21
7
31
0
100
AcDbText
73
0
1001
CONDUITCAD
1000
{"id":"master-flow-controller-rear-2"}
0
LINE
5
440
330
725
100
AcDbEntity
8
0
62
0
6
CONTINUOUS
100
AcDbLine
10
0
20
-26
30
0
11
0
21
-45
31
0
1001
CONDUITCAD
1000
{"id":"master-flow-controller-rear-3"}
0
ENDBLK
5
886
330
725
100
AcDbEntity
8
0
100
AcDbBlockEnd
0
BLOCK
5
887
330
726
100
AcDbEntity
8
0
100
AcDbBlockBegin
2
CC_IP_CONVERTER
70
0
10
0
20
0
30
0
3
CC_IP_CONVERTER
1

1001
CONDUITCAD
1000
{"ports":[{"name":"in","x":-45,"y":0,"dx":-1,"dy":0,"medium":"signal","role":"connection"},{"name":"out","x":45,"y":0,"dx":1,"dy":0,"medium":"pneumatic","role":"connection"}],"symbol":{"name":"Current
1000
 / pressure converter","category":"Instrumentation","group":"Control functions","standardRefs":["PROJECT"],"aliases":["I/P","electropneumatic","ip converter"],"geometryRevision":3,"convention":"Explic
1000
it project drafting convention","conformity":"Original master; not standards-certified","normativeEntry":null,"review":{"level":"geometry-and-convention","dimensionalConformance":"not-verified","note"
1000
:"New independently constructed CAD master with explicit terminal topology."},"defaultLayer":"Instruments","labelOffset":48,"extents":{"minX":-45,"minY":-24,"maxX":45,"maxY":24}}}
0
LWPOLYLINE
5
441
330
726
100
AcDbEntity
8
0
62
0
6
CONTINUOUS
100
AcDbPolyline
90
4
70
1
10
-26
20
-24
10
26
20
-24
10
26
20
24
10
-26
20
24
1001
CONDUITCAD
1000
{"id":"master-ip-converter-0"}
0
LINE
5
442
330
726
100
AcDbEntity
8
0
62
0
6
CONTINUOUS
100
AcDbLine
10
-45
20
0
30
0
11
-26
21
0
31
0
1001
CONDUITCAD
1000
{"id":"master-ip-converter-1"}
0
LINE
5
443
330
726
100
AcDbEntity
8
0
62
0
6
CONTINUOUS
100
AcDbLine
10
26
20
0
30
0
11
45
21
0
31
0
1001
CONDUITCAD
1000
{"id":"master-ip-converter-2"}
0
LINE
5
444
330
726
100
AcDbEntity
8
0
62
0
6
CONTINUOUS
100
AcDbLine
10
-26
20
-24
30
0
11
26
21
24
31
0
1001
CONDUITCAD
1000
{"id":"master-ip-converter-3"}
0
TEXT
5
445
330
726
100
AcDbEntity
8
0
62
0
6
CONTINUOUS
100
AcDbText
10
-13
20
8
30
0
40
14
1
I
50
0
41
1
7
STANDARD
72
1
11
-13
21
8
31
0
100
AcDbText
73
0
1001
CONDUITCAD
1000
{"id":"master-ip-converter-4"}
0
TEXT
5
446
330
726
100
AcDbEntity
8
0
62
0
6
CONTINUOUS
100
AcDbText
10
13
20
-17
30
0
40
14
1
P
50
0
41
1
7
STANDARD
72
1
11
13
21
-17
31
0
100
AcDbText
73
0
1001
CONDUITCAD
1000
{"id":"master-ip-converter-5"}
0
ENDBLK
5
888
330
726
100
AcDbEntity
8
0
100
AcDbBlockEnd
0
BLOCK
5
889
330
727
100
AcDbEntity
8
0
100
AcDbBlockBegin
2
CC_THERMOWELL
70
0
10
0
20
0
30
0
3
CC_THERMOWELL
1

1001
CONDUITCAD
1000
{"ports":[{"name":"sense","x":0,"y":45,"dx":0,"dy":1,"medium":"signal","role":"connection"}],"symbol":{"name":"Thermowell","category":"Instrumentation","group":"Field instruments","standardRefs":["PRO
1000
JECT"],"geometryRevision":3,"convention":"Explicit project drafting convention","conformity":"Original master; not standards-certified","normativeEntry":null,"review":{"level":"geometry-and-convention
1000
","dimensionalConformance":"not-verified","note":"New independently constructed CAD master with explicit terminal topology."},"aliases":["thermowell"],"defaultLayer":"Instruments","labelOffset":52,"ex
1000
tents":{"minX":-13,"minY":-29.970139234065243,"maxX":13,"maxY":45}}}
0
LINE
5
447
330
727
100
AcDbEntity
8
0
62
0
6
CONTINUOUS
100
AcDbLine
10
0
20
45
30
0
11
0
21
-23
31
0
1001
CONDUITCAD
1000
{"id":"master-thermowell-0"}
0
LINE
5
448
330
727
100
AcDbEntity
8
0
62
0
6
CONTINUOUS
100
AcDbLine
10
-13
20
23
30
0
11
13
21
23
31
0
1001
CONDUITCAD
1000
{"id":"master-thermowell-1"}
0
LINE
5
449
330
727
100
AcDbEntity
8
0
62
0
6
CONTINUOUS
100
AcDbLine
10
-7
20
23
30
0
11
-7
21
-23
31
0
1001
CONDUITCAD
1000
{"id":"master-thermowell-2"}
0
ARC
5
44A
330
727
100
AcDbEntity
8
0
62
0
6
CONTINUOUS
100
AcDbCircle
10
0
20
-23
30
0
40
7
100
AcDbArc
50
180
51
360
1001
CONDUITCAD
1000
{"id":"master-thermowell-3"}
0
LINE
5
44B
330
727
100
AcDbEntity
8
0
62
0
6
CONTINUOUS
100
AcDbLine
10
7
20
-23
30
0
11
7
21
23
31
0
1001
CONDUITCAD
1000
{"id":"master-thermowell-4"}
0
ENDBLK
5
88A
330
727
100
AcDbEntity
8
0
100
AcDbBlockEnd
0
BLOCK
5
88B
330
728
100
AcDbEntity
8
0
100
AcDbBlockBegin
2
CC_HYD_PUMP
70
0
10
0
20
0
30
0
3
CC_HYD_PUMP
1

1001
CONDUITCAD
1000
{"ports":[{"name":"in","x":-45,"y":0,"dx":-1,"dy":0,"medium":"hydraulic","role":"connection"},{"name":"out","x":45,"y":0,"dx":1,"dy":0,"medium":"hydraulic","role":"connection"}],"symbol":{"name":"Fixe
1000
d-displacement pump","category":"Hydraulics","group":"Sources & drives","energy":"liquid/filled triangle","geometryRevision":3,"standardRefs":["ISO-1219-1","NFPC-FLUID"],"convention":"ISO-1219-1 / NFP
1000
C-FLUID family","conformity":"Original master; not standards-certified","normativeEntry":null,"review":{"level":"geometry-and-convention","dimensionalConformance":"not-verified","note":"New independen
1000
tly constructed CAD master with explicit terminal topology."},"aliases":["hyd pump"],"defaultLayer":"Hydraulics","labelOffset":48,"extents":{"minX":-45,"minY":-25.970550818758205,"maxX":45,"maxY":25.9
1000
70550818758205}}}
0
CIRCLE
5
44C
330
728
100
AcDbEntity
8
0
62
0
6
CONTINUOUS
100
AcDbCircle
10
0
20
0
30
0
40
26
1001
CONDUITCAD
1000
{"id":"master-hyd-pump-0"}
0
LINE
5
44D
330
728
100
AcDbEntity
8
0
62
0
6
CONTINUOUS
100
AcDbLine
10
-45
20
0
30
0
11
-26
21
0
31
0
1001
CONDUITCAD
1000
{"id":"master-hyd-pump-1"}
0
LINE
5
44E
330
728
100
AcDbEntity
8
0
62
0
6
CONTINUOUS
100
AcDbLine
10
26
20
0
30
0
11
45
21
0
31
0
1001
CONDUITCAD
1000
{"id":"master-hyd-pump-2"}
0
SOLID
5
44F
330
728
100
AcDbEntity
8
0
62
0
6
CONTINUOUS
100
AcDbTrace
10
10
20
-8
30
0
11
10
21
8
31
0
12
24
22
0
32
0
13
24
23
0
33
0
1001
CONDUITCAD
1000
{"id":"master-hyd-pump-3"}
0
ENDBLK
5
88C
330
728
100
AcDbEntity
8
0
100
AcDbBlockEnd
0
BLOCK
5
88D
330
729
100
AcDbEntity
8
0
100
AcDbBlockBegin
2
CC_HYD_MOTOR
70
0
10
0
20
0
30
0
3
CC_HYD_MOTOR
1

1001
CONDUITCAD
1000
{"ports":[{"name":"in","x":-45,"y":0,"dx":-1,"dy":0,"medium":"hydraulic","role":"connection"},{"name":"out","x":45,"y":0,"dx":1,"dy":0,"medium":"hydraulic","role":"connection"}],"symbol":{"name":"Hydr
1000
aulic motor","category":"Hydraulics","group":"Sources & drives","energy":"liquid/filled triangle","geometryRevision":3,"standardRefs":["ISO-1219-1","NFPC-FLUID"],"convention":"ISO-1219-1 / NFPC-FLUID 
1000
family","conformity":"Original master; not standards-certified","normativeEntry":null,"review":{"level":"geometry-and-convention","dimensionalConformance":"not-verified","note":"New independently cons
1000
tructed CAD master with explicit terminal topology."},"aliases":["hyd motor"],"defaultLayer":"Hydraulics","labelOffset":48,"extents":{"minX":-45,"minY":-25.970550818758205,"maxX":45,"maxY":25.97055081
1000
8758205}}}
0
CIRCLE
5
450
330
729
100
AcDbEntity
8
0
62
0
6
CONTINUOUS
100
AcDbCircle
10
0
20
0
30
0
40
26
1001
CONDUITCAD
1000
{"id":"master-hyd-motor-0"}
0
LINE
5
451
330
729
100
AcDbEntity
8
0
62
0
6
CONTINUOUS
100
AcDbLine
10
-45
20
0
30
0
11
-26
21
0
31
0
1001
CONDUITCAD
1000
{"id":"master-hyd-motor-1"}
0
LINE
5
452
330
729
100
AcDbEntity
8
0
62
0
6
CONTINUOUS
100
AcDbLine
10
26
20
0
30
0
11
45
21
0
31
0
1001
CONDUITCAD
1000
{"id":"master-hyd-motor-2"}
0
SOLID
5
453
330
729
100
AcDbEntity
8
0
62
0
6
CONTINUOUS
100
AcDbTrace
10
-24
20
-8
30
0
11
-24
21
8
31
0
12
-9
22
0
32
0
13
-9
23
0
33
0
1001
CONDUITCAD
1000
{"id":"master-hyd-motor-3"}
0
ENDBLK
5
88E
330
729
100
AcDbEntity
8
0
100
AcDbBlockEnd
0
BLOCK
5
88F
330
72A
100
AcDbEntity
8
0
100
AcDbBlockBegin
2
CC_HYD_VARIABLE_PUMP
70
0
10
0
20
0
30
0
3
CC_HYD_VARIABLE_PUMP
1

1001
CONDUITCAD
1000
{"ports":[{"name":"in","x":-45,"y":0,"dx":-1,"dy":0,"medium":"hydraulic","role":"connection"},{"name":"out","x":45,"y":0,"dx":1,"dy":0,"medium":"hydraulic","role":"connection"}],"symbol":{"name":"Vari
1000
able-displacement pump","category":"Hydraulics","group":"Sources & drives","geometryRevision":3,"standardRefs":["ISO-1219-1","NFPC-FLUID"],"convention":"ISO-1219-1 / NFPC-FLUID family","conformity":"O
1000
riginal master; not standards-certified","normativeEntry":null,"review":{"level":"geometry-and-convention","dimensionalConformance":"not-verified","note":"New independently constructed CAD master with
1000
 explicit terminal topology."},"aliases":["hyd variable pump"],"defaultLayer":"Hydraulics","labelOffset":54,"extents":{"minX":-45,"minY":-32,"maxX":45,"maxY":32}}}
0
CIRCLE
5
454
330
72A
100
AcDbEntity
8
0
62
0
6
CONTINUOUS
100
AcDbCircle
10
0
20
0
30
0
40
26
1001
CONDUITCAD
1000
{"id":"master-hyd-variable-pump-0"}
0
LINE
5
455
330
72A
100
AcDbEntity
8
0
62
0
6
CONTINUOUS
100
AcDbLine
10
-45
20
0
30
0
11
-26
21
0
31
0
1001
CONDUITCAD
1000
{"id":"master-hyd-variable-pump-1"}
0
LINE
5
456
330
72A
100
AcDbEntity
8
0
62
0
6
CONTINUOUS
100
AcDbLine
10
26
20
0
30
0
11
45
21
0
31
0
1001
CONDUITCAD
1000
{"id":"master-hyd-variable-pump-2"}
0
SOLID
5
457
330
72A
100
AcDbEntity
8
0
62
0
6
CONTINUOUS
100
AcDbTrace
10
10
20
-8
30
0
11
10
21
8
31
0
12
24
22
0
32
0
13
24
23
0
33
0
1001
CONDUITCAD
1000
{"id":"master-hyd-variable-pump-3"}
0
LINE
5
458
330
72A
100
AcDbEntity
8
0
62
0
6
CONTINUOUS
100
AcDbLine
10
-29
20
-32
30
0
11
31
21
32
31
0
1001
CONDUITCAD
1000
{"id":"master-hyd-variable-pump-4"}
0
LWPOLYLINE
5
459
330
72A
100
AcDbEntity
8
0
62
0
6
CONTINUOUS
100
AcDbPolyline
90
3
70
1
10
31
20
32
10
22.902137034045058
20
28.62589043085211
10
28.15480490385367
20
23.70151430290653
1001
CONDUITCAD
1000
{"id":"master-hyd-variable-pump-5"}
0
ENDBLK
5
890
330
72A
100
AcDbEntity
8
0
100
AcDbBlockEnd
0
BLOCK
5
891
330
72B
100
AcDbEntity
8
0
100
AcDbBlockBegin
2
CC_HYD_FILTER
70
0
10
0
20
0
30
0
3
CC_HYD_FILTER
1

1001
CONDUITCAD
1000
{"ports":[{"name":"in","x":-45,"y":0,"dx":-1,"dy":0,"medium":"hydraulic","role":"connection"},{"name":"out","x":45,"y":0,"dx":1,"dy":0,"medium":"hydraulic","role":"connection"}],"symbol":{"name":"Hydr
1000
aulic filter","category":"Hydraulics","group":"Conditioning","geometryRevision":3,"standardRefs":["ISO-1219-1","NFPC-FLUID"],"convention":"ISO-1219-1 / NFPC-FLUID family","conformity":"Original master
1000
; not standards-certified","normativeEntry":null,"review":{"level":"geometry-and-convention","dimensionalConformance":"not-verified","note":"New independently constructed CAD master with explicit term
1000
inal topology."},"aliases":["hyd filter"],"defaultLayer":"Hydraulics","labelOffset":50,"extents":{"minX":-45,"minY":-28,"maxX":45,"maxY":28}}}
0
LWPOLYLINE
5
45A
330
72B
100
AcDbEntity
8
0
62
0
6
CONTINUOUS
100
AcDbPolyline
90
4
70
1
10
-28
20
0
10
0
20
28
10
28
20
0
10
0
20
-28
1001
CONDUITCAD
1000
{"id":"master-hyd-filter-0"}
0
LINE
5
45B
330
72B
100
AcDbEntity
8
0
62
0
6
CONTINUOUS
100
AcDbLine
10
-45
20
0
30
0
11
-28
21
0
31
0
1001
CONDUITCAD
1000
{"id":"master-hyd-filter-1"}
0
LINE
5
45C
330
72B
100
AcDbEntity
8
0
62
0
6
CONTINUOUS
100
AcDbLine
10
28
20
0
30
0
11
45
21
0
31
0
1001
CONDUITCAD
1000
{"id":"master-hyd-filter-2"}
0
LINE
5
45D
330
72B
100
AcDbEntity
8
0
62
0
6
CC_DASH_4_3
100
AcDbLine
10
0
20
-28
30
0
11
0
21
28
31
0
1001
CONDUITCAD
1000
{"id":"master-hyd-filter-3","dash":[4,3]}
0
ENDBLK
5
892
330
72B
100
AcDbEntity
8
0
100
AcDbBlockEnd
0
BLOCK
5
893
330
72C
100
AcDbEntity
8
0
100
AcDbBlockBegin
2
CC_HYD_THROTTLE
70
0
10
0
20
0
30
0
3
CC_HYD_THROTTLE
1

1001
CONDUITCAD
1000
{"ports":[{"name":"in","x":-45,"y":0,"dx":-1,"dy":0,"medium":"hydraulic","role":"connection"},{"name":"out","x":45,"y":0,"dx":1,"dy":0,"medium":"hydraulic","role":"connection"}],"symbol":{"name":"Fixe
1000
d flow restriction","category":"Hydraulics","group":"Flow & pressure","geometryRevision":3,"standardRefs":["ISO-1219-1","NFPC-FLUID"],"convention":"ISO-1219-1 / NFPC-FLUID family","conformity":"Origin
1000
al master; not standards-certified","normativeEntry":null,"review":{"level":"geometry-and-convention","dimensionalConformance":"not-verified","note":"New independently constructed CAD master with expl
1000
icit terminal topology."},"aliases":["hyd throttle"],"defaultLayer":"Hydraulics","labelOffset":48,"extents":{"minX":-45,"minY":-14,"maxX":45,"maxY":14}}}
0
LINE
5
45E
330
72C
100
AcDbEntity
8
0
62
0
6
CONTINUOUS
100
AcDbLine
10
-45
20
0
30
0
11
45
21
0
31
0
1001
CONDUITCAD
1000
{"id":"master-hyd-throttle-0"}
0
ELLIPSE
5
45F
330
72C
100
AcDbEntity
8
0
62
0
6
CONTINUOUS
100
AcDbEllipse
10
-8
20
0
30
0
11
0
21
14
31
0
40
0.5
41
3.141592653589793
42
0
1001
CONDUITCAD
1000
{"id":"master-hyd-throttle-1"}
0
ELLIPSE
5
460
330
72C
100
AcDbEntity
8
0
62
0
6
CONTINUOUS
100
AcDbEllipse
10
8
20
0
30
0
11
0
21
14
31
0
40
0.5
41
0
42
3.141592653589793
1001
CONDUITCAD
1000
{"id":"master-hyd-throttle-2"}
0
ENDBLK
5
894
330
72C
100
AcDbEntity
8
0
100
AcDbBlockEnd
0
BLOCK
5
895
330
72D
100
AcDbEntity
8
0
100
AcDbBlockBegin
2
CC_HYD_FLOW_CONTROL
70
0
10
0
20
0
30
0
3
CC_HYD_FLOW_CONTROL
1

1001
CONDUITCAD
1000
{"ports":[{"name":"in","x":-45,"y":0,"dx":-1,"dy":0,"medium":"hydraulic","role":"connection"},{"name":"out","x":45,"y":0,"dx":1,"dy":0,"medium":"hydraulic","role":"connection"}],"symbol":{"name":"Adju
1000
stable flow control","category":"Hydraulics","group":"Flow & pressure","geometryRevision":3,"standardRefs":["ISO-1219-1","NFPC-FLUID"],"convention":"ISO-1219-1 / NFPC-FLUID family","conformity":"Origi
1000
nal master; not standards-certified","normativeEntry":null,"review":{"level":"geometry-and-convention","dimensionalConformance":"not-verified","note":"New independently constructed CAD master with exp
1000
licit terminal topology."},"aliases":["hyd flow control"],"defaultLayer":"Hydraulics","labelOffset":49,"extents":{"minX":-45,"minY":-27,"maxX":45,"maxY":27}}}
0
LINE
5
461
330
72D
100
AcDbEntity
8
0
62
0
6
CONTINUOUS
100
AcDbLine
10
-45
20
0
30
0
11
45
21
0
31
0
1001
CONDUITCAD
1000
{"id":"master-hyd-flow-control-0"}
0
ELLIPSE
5
462
330
72D
100
AcDbEntity
8
0
62
0
6
CONTINUOUS
100
AcDbEllipse
10
-8
20
0
30
0
11
0
21
14
31
0
40
0.5
41
3.141592653589793
42
0
1001
CONDUITCAD
1000
{"id":"master-hyd-flow-control-1"}
0
ELLIPSE
5
463
330
72D
100
AcDbEntity
8
0
62
0
6
CONTINUOUS
100
AcDbEllipse
10
8
20
0
30
0
11
0
21
14
31
0
40
0.5
41
0
42
3.141592653589793
1001
CONDUITCAD
1000
{"id":"master-hyd-flow-control-2"}
0
LINE
5
464
330
72D
100
AcDbEntity
8
0
62
0
6
CONTINUOUS
100
AcDbLine
10
-20
20
-27
30
0
11
23
21
27
31
0
1001
CONDUITCAD
1000
{"id":"master-hyd-flow-control-3"}
0
LWPOLYLINE
5
465
330
72D
100
AcDbEntity
8
0
62
0
6
CONTINUOUS
100
AcDbPolyline
90
3
70
1
10
23
20
27
10
16.175330072285874
20
23.48625835073857
10
21.103694982938272
20
19.561819625589433
1001
CONDUITCAD
1000
{"id":"master-hyd-flow-control-4"}
0
ENDBLK
5
896
330
72D
100
AcDbEntity
8
0
100
AcDbBlockEnd
0
BLOCK
5
897
330
72E
100
AcDbEntity
8
0
100
AcDbBlockBegin
2
CC_HYD_CHECK
70
0
10
0
20
0
30
0
3
CC_HYD_CHECK
1

1001
CONDUITCAD
1000
{"ports":[{"name":"in","x":-45,"y":0,"dx":-1,"dy":0,"medium":"hydraulic","role":"connection"},{"name":"out","x":45,"y":0,"dx":1,"dy":0,"medium":"hydraulic","role":"connection"}],"symbol":{"name":"Non-
1000
return valve","category":"Hydraulics","group":"Flow & pressure","geometryRevision":3,"standardRefs":["ISO-1219-1","NFPC-FLUID"],"convention":"ISO-1219-1 / NFPC-FLUID family","conformity":"Original mas
1000
ter; not standards-certified","normativeEntry":null,"review":{"level":"geometry-and-convention","dimensionalConformance":"not-verified","note":"New independently constructed CAD master with explicit t
1000
erminal topology."},"aliases":["hyd check"],"defaultLayer":"Hydraulics","labelOffset":48,"extents":{"minX":-45,"minY":-15,"maxX":45,"maxY":15}}}
0
LINE
5
466
330
72E
100
AcDbEntity
8
0
62
0
6
CONTINUOUS
100
AcDbLine
10
-45
20
0
30
0
11
-12
21
0
31
0
1001
CONDUITCAD
1000
{"id":"master-hyd-check-0"}
0
LINE
5
467
330
72E
100
AcDbEntity
8
0
62
0
6
CONTINUOUS
100
AcDbLine
10
12
20
0
30
0
11
45
21
0
31
0
1001
CONDUITCAD
1000
{"id":"master-hyd-check-1"}
0
CIRCLE
5
468
330
72E
100
AcDbEntity
8
0
62
0
6
CONTINUOUS
100
AcDbCircle
10
0
20
0
30
0
40
10
1001
CONDUITCAD
1000
{"id":"master-hyd-check-2"}
0
LWPOLYLINE
5
469
330
72E
100
AcDbEntity
8
0
62
0
6
CONTINUOUS
100
AcDbPolyline
90
3
70
0
10
-12
20
-15
10
0
20
0
10
-12
20
15
1001
CONDUITCAD
1000
{"id":"master-hyd-check-3"}
0
ENDBLK
5
898
330
72E
100
AcDbEntity
8
0
100
AcDbBlockEnd
0
BLOCK
5
899
330
72F
100
AcDbEntity
8
0
100
AcDbBlockBegin
2
CC_HYD_GAUGE
70
0
10
0
20
0
30
0
3
CC_HYD_GAUGE
1

1001
CONDUITCAD
1000
{"ports":[{"name":"sense","x":0,"y":-45,"dx":0,"dy":-1,"medium":"hydraulic","role":"connection"}],"symbol":{"name":"Pressure gauge","category":"Hydraulics","group":"Measurement","geometryRevision":3,"
1000
standardRefs":["ISO-1219-1","NFPC-FLUID"],"convention":"ISO-1219-1 / NFPC-FLUID family","conformity":"Original master; not standards-certified","normativeEntry":null,"review":{"level":"geometry-and-co
1000
nvention","dimensionalConformance":"not-verified","note":"New independently constructed CAD master with explicit terminal topology."},"aliases":["hyd gauge"],"defaultLayer":"Hydraulics","labelOffset":
1000
67,"extents":{"minX":-23.970166109254137,"minY":-45,"maxX":24,"maxY":23.99254036801959}}}
0
CIRCLE
5
46A
330
72F
100
AcDbEntity
8
0
62
0
6
CONTINUOUS
100
AcDbCircle
10
0
20
0
30
0
40
24
1001
CONDUITCAD
1000
{"id":"master-hyd-gauge-0"}
0
LINE
5
46B
330
72F
100
AcDbEntity
8
0
62
0
6
CONTINUOUS
100
AcDbLine
10
0
20
-24
30
0
11
0
21
-45
31
0
1001
CONDUITCAD
1000
{"id":"master-hyd-gauge-1"}
0
LINE
5
46C
330
72F
100
AcDbEntity
8
0
62
0
6
CONTINUOUS
100
AcDbLine
10
8
20
-8
30
0
11
-12
21
13
31
0
1001
CONDUITCAD
1000
{"id":"master-hyd-gauge-2"}
0
SOLID
5
46D
330
72F
100
AcDbEntity
8
0
62
0
6
CONTINUOUS
100
AcDbTrace
10
-12
20
13
30
0
11
-9.817241379310344
21
6.793103448275861
31
0
12
-5.906896551724137
22
10.517241379310345
32
0
13
-5.906896551724137
23
10.517241379310345
33
0
1001
CONDUITCAD
1000
{"id":"master-hyd-gauge-3"}
0
ENDBLK
5
89A
330
72F
100
AcDbEntity
8
0
100
AcDbBlockEnd
0
BLOCK
5
89B
330
730
100
AcDbEntity
8
0
100
AcDbBlockBegin
2
CC_HYD_CYLINDER
70
0
10
0
20
0
30
0
3
CC_HYD_CYLINDER
1

1001
CONDUITCAD
1000
{"ports":[{"name":"A","x":-23,"y":-45,"dx":0,"dy":-1,"medium":"hydraulic","role":"connection"},{"name":"B","x":23,"y":-45,"dx":0,"dy":-1,"medium":"hydraulic","role":"connection"}],"symbol":{"name":"Do
1000
uble-acting cylinder","category":"Hydraulics","group":"Actuators","geometryRevision":3,"standardRefs":["ISO-1219-1","NFPC-FLUID"],"convention":"ISO-1219-1 / NFPC-FLUID family","conformity":"Original m
1000
aster; not standards-certified","normativeEntry":null,"review":{"level":"geometry-and-convention","dimensionalConformance":"not-verified","note":"New independently constructed CAD master with explicit
1000
 terminal topology."},"aliases":["hyd cylinder"],"defaultLayer":"Hydraulics","labelOffset":67,"extents":{"minX":-34,"minY":-45,"maxX":49,"maxY":22}}}
0
LWPOLYLINE
5
46E
330
730
100
AcDbEntity
8
0
62
0
6
CONTINUOUS
100
AcDbPolyline
90
4
70
1
10
-34
20
-22
10
34
20
-22
10
34
20
22
10
-34
20
22
1001
CONDUITCAD
1000
{"id":"master-hyd-cylinder-0"}
0
LINE
5
46F
330
730
100
AcDbEntity
8
0
62
0
6
CONTINUOUS
100
AcDbLine
10
-8
20
-22
30
0
11
-8
21
22
31
0
1001
CONDUITCAD
1000
{"id":"master-hyd-cylinder-1"}
0
LINE
5
470
330
730
100
AcDbEntity
8
0
62
0
6
CONTINUOUS
100
AcDbLine
10
-8
20
-5
30
0
11
49
21
-5
31
0
1001
CONDUITCAD
1000
{"id":"master-hyd-cylinder-2"}
0
LINE
5
471
330
730
100
AcDbEntity
8
0
62
0
6
CONTINUOUS
100
AcDbLine
10
49
20
-5
30
0
11
49
21
5
31
0
1001
CONDUITCAD
1000
{"id":"master-hyd-cylinder-3"}
0
LINE
5
472
330
730
100
AcDbEntity
8
0
62
0
6
CONTINUOUS
100
AcDbLine
10
49
20
5
30
0
11
-8
21
5
31
0
1001
CONDUITCAD
1000
{"id":"master-hyd-cylinder-4"}
0
LINE
5
473
330
730
100
AcDbEntity
8
0
62
0
6
CONTINUOUS
100
AcDbLine
10
-23
20
-22
30
0
11
-23
21
-45
31
0
1001
CONDUITCAD
1000
{"id":"master-hyd-cylinder-5"}
0
LINE
5
474
330
730
100
AcDbEntity
8
0
62
0
6
CONTINUOUS
100
AcDbLine
10
23
20
-22
30
0
11
23
21
-45
31
0
1001
CONDUITCAD
1000
{"id":"master-hyd-cylinder-6"}
0
ENDBLK
5
89C
330
730
100
AcDbEntity
8
0
100
AcDbBlockEnd
0
BLOCK
5
89D
330
731
100
AcDbEntity
8
0
100
AcDbBlockBegin
2
CC_HYD_CYLINDER_SPRING
70
0
10
0
20
0
30
0
3
CC_HYD_CYLINDER_SPRING
1

1001
CONDUITCAD
1000
{"ports":[{"name":"A","x":-23,"y":-45,"dx":0,"dy":-1,"medium":"hydraulic","role":"connection"}],"symbol":{"name":"Single-acting spring-return cylinder","category":"Hydraulics","group":"Actuators","geo
1000
metryRevision":3,"standardRefs":["ISO-1219-1","NFPC-FLUID"],"convention":"ISO-1219-1 / NFPC-FLUID family","conformity":"Original master; not standards-certified","normativeEntry":null,"review":{"level
1000
":"geometry-and-convention","dimensionalConformance":"not-verified","note":"New independently constructed CAD master with explicit terminal topology."},"aliases":["hyd cylinder spring"],"defaultLayer"
1000
:"Hydraulics","labelOffset":67,"extents":{"minX":-34,"minY":-45,"maxX":49,"maxY":22}}}
0
LWPOLYLINE
5
475
330
731
100
AcDbEntity
8
0
62
0
6
CONTINUOUS
100
AcDbPolyline
90
4
70
1
10
-34
20
-22
10
34
20
-22
10
34
20
22
10
-34
20
22
1001
CONDUITCAD
1000
{"id":"master-hyd-cylinder-spring-0"}
0
LINE
5
476
330
731
100
AcDbEntity
8
0
62
0
6
CONTINUOUS
100
AcDbLine
10
-8
20
-22
30
0
11
-8
21
22
31
0
1001
CONDUITCAD
1000
{"id":"master-hyd-cylinder-spring-1"}
0
LINE
5
477
330
731
100
AcDbEntity
8
0
62
0
6
CONTINUOUS
100
AcDbLine
10
-8
20
-5
30
0
11
49
21
-5
31
0
1001
CONDUITCAD
1000
{"id":"master-hyd-cylinder-spring-2"}
0
LINE
5
478
330
731
100
AcDbEntity
8
0
62
0
6
CONTINUOUS
100
AcDbLine
10
49
20
-5
30
0
11
49
21
5
31
0
1001
CONDUITCAD
1000
{"id":"master-hyd-cylinder-spring-3"}
0
LINE
5
479
330
731
100
AcDbEntity
8
0
62
0
6
CONTINUOUS
100
AcDbLine
10
49
20
5
30
0
11
-8
21
5
31
0
1001
CONDUITCAD
1000
{"id":"master-hyd-cylinder-spring-4"}
0
LINE
5
47A
330
731
100
AcDbEntity
8
0
62
0
6
CONTINUOUS
100
AcDbLine
10
-23
20
-22
30
0
11
-23
21
-45
31
0
1001
CONDUITCAD
1000
{"id":"master-hyd-cylinder-spring-5"}
0
LWPOLYLINE
5
47B
330
731
100
AcDbEntity
8
0
62
0
6
CONTINUOUS
100
AcDbPolyline
90
10
70
0
10
0
20
0
10
2.8000000000000003
20
0
10
5.880000000000001
20
8
10
8.96
20
-8
10
12.040000000000001
20
8
10
15.120000000000001
20
-8
10
18.2
20
8
10
21.28
20
-8
10
25.2
20
0
10
28
20
0
1001
CONDUITCAD
1000
{"id":"master-hyd-cylinder-spring-6"}
0
ENDBLK
5
89E
330
731
100
AcDbEntity
8
0
100
AcDbBlockEnd
0
BLOCK
5
89F
330
732
100
AcDbEntity
8
0
100
AcDbBlockBegin
2
CC_HYD_CYLINDER_CUSHIONED
70
0
10
0
20
0
30
0
3
CC_HYD_CYLINDER_CUSHIONED
1

1001
CONDUITCAD
1000
{"ports":[{"name":"A","x":-23,"y":-45,"dx":0,"dy":-1,"medium":"hydraulic","role":"connection"},{"name":"B","x":23,"y":-45,"dx":0,"dy":-1,"medium":"hydraulic","role":"connection"}],"symbol":{"name":"Do
1000
uble-acting cushioned cylinder","category":"Hydraulics","group":"Actuators","geometryRevision":3,"standardRefs":["ISO-1219-1","NFPC-FLUID"],"convention":"ISO-1219-1 / NFPC-FLUID family","conformity":"
1000
Original master; not standards-certified","normativeEntry":null,"review":{"level":"geometry-and-convention","dimensionalConformance":"not-verified","note":"New independently constructed CAD master wit
1000
h explicit terminal topology."},"aliases":["hyd cylinder cushioned"],"defaultLayer":"Hydraulics","labelOffset":67,"extents":{"minX":-34,"minY":-45,"maxX":49,"maxY":22}}}
0
LWPOLYLINE
5
47C
330
732
100
AcDbEntity
8
0
62
0
6
CONTINUOUS
100
AcDbPolyline
90
4
70
1
10
-34
20
-22
10
34
20
-22
10
34
20
22
10
-34
20
22
1001
CONDUITCAD
1000
{"id":"master-hyd-cylinder-cushioned-0"}
0
LINE
5
47D
330
732
100
AcDbEntity
8
0
62
0
6
CONTINUOUS
100
AcDbLine
10
-8
20
-22
30
0
11
-8
21
22
31
0
1001
CONDUITCAD
1000
{"id":"master-hyd-cylinder-cushioned-1"}
0
LINE
5
47E
330
732
100
AcDbEntity
8
0
62
0
6
CONTINUOUS
100
AcDbLine
10
-8
20
-5
30
0
11
49
21
-5
31
0
1001
CONDUITCAD
1000
{"id":"master-hyd-cylinder-cushioned-2"}
0
LINE
5
47F
330
732
100
AcDbEntity
8
0
62
0
6
CONTINUOUS
100
AcDbLine
10
49
20
-5
30
0
11
49
21
5
31
0
1001
CONDUITCAD
1000
{"id":"master-hyd-cylinder-cushioned-3"}
0
LINE
5
480
330
732
100
AcDbEntity
8
0
62
0
6
CONTINUOUS
100
AcDbLine
10
49
20
5
30
0
11
-8
21
5
31
0
1001
CONDUITCAD
1000
{"id":"master-hyd-cylinder-cushioned-4"}
0
LINE
5
481
330
732
100
AcDbEntity
8
0
62
0
6
CONTINUOUS
100
AcDbLine
10
-23
20
-22
30
0
11
-23
21
-45
31
0
1001
CONDUITCAD
1000
{"id":"master-hyd-cylinder-cushioned-5"}
0
LINE
5
482
330
732
100
AcDbEntity
8
0
62
0
6
CONTINUOUS
100
AcDbLine
10
23
20
-22
30
0
11
23
21
-45
31
0
1001
CONDUITCAD
1000
{"id":"master-hyd-cylinder-cushioned-6"}
0
LINE
5
483
330
732
100
AcDbEntity
8
0
62
0
6
CONTINUOUS
100
AcDbLine
10
-27
20
-22
30
0
11
-27
21
22
31
0
1001
CONDUITCAD
1000
{"id":"master-hyd-cylinder-cushioned-7"}
0
LINE
5
484
330
732
100
AcDbEntity
8
0
62
0
6
CONTINUOUS
100
AcDbLine
10
27
20
-22
30
0
11
27
21
-7
31
0
1001
CONDUITCAD
1000
{"id":"master-hyd-cylinder-cushioned-8"}
0
LINE
5
485
330
732
100
AcDbEntity
8
0
62
0
6
CONTINUOUS
100
AcDbLine
10
27
20
7
30
0
11
27
21
22
31
0
1001
CONDUITCAD
1000
{"id":"master-hyd-cylinder-cushioned-9"}
0
ENDBLK
5
8A0
330
732
100
AcDbEntity
8
0
100
AcDbBlockEnd
0
BLOCK
5
8A1
330
733
100
AcDbEntity
8
0
100
AcDbBlockBegin
2
CC_HYD_VALVE_22_NC
70
0
10
0
20
0
30
0
3
CC_HYD_VALVE_22_NC
1

1001
CONDUITCAD
1000
{"ports":[{"name":"A","x":12,"y":45,"dx":0,"dy":1,"medium":"hydraulic","role":"connection"},{"name":"P","x":12,"y":-45,"dx":0,"dy":-1,"medium":"hydraulic","role":"connection"}],"symbol":{"name":"2/2 v
1000
alve \u00b7 normally closed","category":"Hydraulics","group":"Directional valves","positions":2,"workingPorts":2,"normalState":"closed","geometryRevision":3,"standardRefs":["ISO-1219-1","NFPC-FLUID"],
1000
"convention":"ISO-1219-1 / NFPC-FLUID family","conformity":"Original master; not standards-certified","normativeEntry":null,"review":{"level":"geometry-and-convention","dimensionalConformance":"not-ve
1000
rified","note":"New independently constructed CAD master with explicit terminal topology."},"aliases":["hyd valve 22 nc"],"defaultLayer":"Hydraulics","labelOffset":67,"extents":{"minX":-68,"minY":-45,
1000
"maxX":74,"maxY":45}}}
0
LWPOLYLINE
5
486
330
733
100
AcDbEntity
8
0
62
0
6
CONTINUOUS
100
AcDbPolyline
90
4
70
1
10
-48
20
-22
10
0
20
-22
10
0
20
22
10
-48
20
22
1001
CONDUITCAD
1000
{"id":"master-hyd-valve-22-nc-0"}
0
LWPOLYLINE
5
487
330
733
100
AcDbEntity
8
0
62
0
6
CONTINUOUS
100
AcDbPolyline
90
4
70
1
10
0
20
-22
10
48
20
-22
10
48
20
22
10
0
20
22
1001
CONDUITCAD
1000
{"id":"master-hyd-valve-22-nc-1"}
0
LWPOLYLINE
5
488
330
733
100
AcDbEntity
8
0
62
0
6
CONTINUOUS
100
AcDbPolyline
90
4
70
1
10
-68
20
-18
10
-48
20
-18
10
-48
20
2
10
-68
20
2
1001
CONDUITCAD
1000
{"id":"master-hyd-valve-22-nc-2"}
0
LINE
5
489
330
733
100
AcDbEntity
8
0
62
0
6
CONTINUOUS
100
AcDbLine
10
-68
20
-18
30
0
11
-48
21
2
31
0
1001
CONDUITCAD
1000
{"id":"master-hyd-valve-22-nc-3"}
0
LWPOLYLINE
5
48A
330
733
100
AcDbEntity
8
0
62
0
6
CONTINUOUS
100
AcDbPolyline
90
10
70
0
10
48
20
0
10
50.6
20
0
10
53.46
20
7
10
56.32
20
-7
10
59.18
20
7
10
62.04
20
-7
10
64.9
20
7
10
67.76
20
-7
10
71.4
20
0
10
74
20
0
1001
CONDUITCAD
1000
{"id":"master-hyd-valve-22-nc-4"}
0
LINE
5
48B
330
733
100
AcDbEntity
8
0
62
0
6
CONTINUOUS
100
AcDbLine
10
12
20
22
30
0
11
12
21
45
31
0
1001
CONDUITCAD
1000
{"id":"master-hyd-valve-22-nc-5"}
0
LINE
5
48C
330
733
100
AcDbEntity
8
0
62
0
6
CONTINUOUS
100
AcDbLine
10
12
20
-22
30
0
11
12
21
-45
31
0
1001
CONDUITCAD
1000
{"id":"master-hyd-valve-22-nc-6"}
0
LINE
5
48D
330
733
100
AcDbEntity
8
0
62
0
6
CONTINUOUS
100
AcDbLine
10
-36
20
-16
30
0
11
-36
21
16
31
0
1001
CONDUITCAD
1000
{"id":"master-hyd-valve-22-nc-7"}
0
LWPOLYLINE
5
48E
330
733
100
AcDbEntity
8
0
62
0
6
CONTINUOUS
100
AcDbPolyline
90
3
70
1
10
-36
20
16
10
-39.15
20
9
10
-32.85
20
9
1001
CONDUITCAD
1000
{"id":"master-hyd-valve-22-nc-8"}
0
LINE
5
48F
330
733
100
AcDbEntity
8
0
62
0
6
CONTINUOUS
100
AcDbLine
10
12
20
-22
30
0
11
12
21
-12
31
0
1001
CONDUITCAD
1000
{"id":"master-hyd-valve-22-nc-9"}
0
LINE
5
490
330
733
100
AcDbEntity
8
0
62
0
6
CONTINUOUS
100
AcDbLine
10
7
20
-12
30
0
11
17
21
-12
31
0
1001
CONDUITCAD
1000
{"id":"master-hyd-valve-22-nc-10"}
0
LINE
5
491
330
733
100
AcDbEntity
8
0
62
0
6
CONTINUOUS
100
AcDbLine
10
12
20
22
30
0
11
12
21
12
31
0
1001
CONDUITCAD
1000
{"id":"master-hyd-valve-22-nc-11"}
0
LINE
5
492
330
733
100
AcDbEntity
8
0
62
0
6
CONTINUOUS
100
AcDbLine
10
7
20
12
30
0
11
17
21
12
31
0
1001
CONDUITCAD
1000
{"id":"master-hyd-valve-22-nc-12"}
0
ENDBLK
5
8A2
330
733
100
AcDbEntity
8
0
100
AcDbBlockEnd
0
BLOCK
5
8A3
330
734
100
AcDbEntity
8
0
100
AcDbBlockBegin
2
CC_HYD_VALVE_32
70
0
10
0
20
0
30
0
3
CC_HYD_VALVE_32
1

1001
CONDUITCAD
1000
{"ports":[{"name":"A","x":12,"y":45,"dx":0,"dy":1,"medium":"hydraulic","role":"connection"},{"name":"P","x":12,"y":-45,"dx":0,"dy":-1,"medium":"hydraulic","role":"connection"},{"name":"R","x":36,"y":-
1000
45,"dx":0,"dy":-1,"medium":"hydraulic","role":"connection"}],"symbol":{"name":"3/2 valve \u00b7 spring-rest exhaust","category":"Hydraulics","group":"Directional valves","positions":2,"workingPorts":3
1000
,"normalState":"P blocked; A to R","geometryRevision":3,"standardRefs":["ISO-1219-1","NFPC-FLUID"],"convention":"ISO-1219-1 / NFPC-FLUID family","conformity":"Original master; not standards-certified"
1000
,"normativeEntry":null,"review":{"level":"geometry-and-convention","dimensionalConformance":"not-verified","note":"New independently constructed CAD master with explicit terminal topology."},"aliases"
1000
:["hyd valve 32"],"defaultLayer":"Hydraulics","labelOffset":67,"extents":{"minX":-68,"minY":-45,"maxX":74,"maxY":45}}}
0
LWPOLYLINE
5
493
330
734
100
AcDbEntity
8
0
62
0
6
CONTINUOUS
100
AcDbPolyline
90
4
70
1
10
-48
20
-22
10
0
20
-22
10
0
20
22
10
-48
20
22
1001
CONDUITCAD
1000
{"id":"master-hyd-valve-32-0"}
0
LWPOLYLINE
5
494
330
734
100
AcDbEntity
8
0
62
0
6
CONTINUOUS
100
AcDbPolyline
90
4
70
1
10
0
20
-22
10
48
20
-22
10
48
20
22
10
0
20
22
1001
CONDUITCAD
1000
{"id":"master-hyd-valve-32-1"}
0
LWPOLYLINE
5
495
330
734
100
AcDbEntity
8
0
62
0
6
CONTINUOUS
100
AcDbPolyline
90
4
70
1
10
-68
20
-18
10
-48
20
-18
10
-48
20
2
10
-68
20
2
1001
CONDUITCAD
1000
{"id":"master-hyd-valve-32-2"}
0
LINE
5
496
330
734
100
AcDbEntity
8
0
62
0
6
CONTINUOUS
100
AcDbLine
10
-68
20
-18
30
0
11
-48
21
2
31
0
1001
CONDUITCAD
1000
{"id":"master-hyd-valve-32-3"}
0
LWPOLYLINE
5
497
330
734
100
AcDbEntity
8
0
62
0
6
CONTINUOUS
100
AcDbPolyline
90
10
70
0
10
48
20
0
10
50.6
20
0
10
53.46
20
7
10
56.32
20
-7
10
59.18
20
7
10
62.04
20
-7
10
64.9
20
7
10
67.76
20
-7
10
71.4
20
0
10
74
20
0
1001
CONDUITCAD
1000
{"id":"master-hyd-valve-32-4"}
0
LINE
5
498
330
734
100
AcDbEntity
8
0
62
0
6
CONTINUOUS
100
AcDbLine
10
12
20
22
30
0
11
12
21
45
31
0
1001
CONDUITCAD
1000
{"id":"master-hyd-valve-32-5"}
0
LINE
5
499
330
734
100
AcDbEntity
8
0
62
0
6
CONTINUOUS
100
AcDbLine
10
12
20
-22
30
0
11
12
21
-45
31
0
1001
CONDUITCAD
1000
{"id":"master-hyd-valve-32-6"}
0
LINE
5
49A
330
734
100
AcDbEntity
8
0
62
0
6
CONTINUOUS
100
AcDbLine
10
36
20
-22
30
0
11
36
21
-45
31
0
1001
CONDUITCAD
1000
{"id":"master-hyd-valve-32-7"}
0
LINE
5
49B
330
734
100
AcDbEntity
8
0
62
0
6
CONTINUOUS
100
AcDbLine
10
-36
20
-16
30
0
11
-36
21
16
31
0
1001
CONDUITCAD
1000
{"id":"master-hyd-valve-32-8"}
0
LWPOLYLINE
5
49C
330
734
100
AcDbEntity
8
0
62
0
6
CONTINUOUS
100
AcDbPolyline
90
3
70
1
10
-36
20
16
10
-39.15
20
9
10
-32.85
20
9
1001
CONDUITCAD
1000
{"id":"master-hyd-valve-32-9"}
0
LINE
5
49D
330
734
100
AcDbEntity
8
0
62
0
6
CONTINUOUS
100
AcDbLine
10
-12
20
-22
30
0
11
-12
21
-10
31
0
1001
CONDUITCAD
1000
{"id":"master-hyd-valve-32-10"}
0
LINE
5
49E
330
734
100
AcDbEntity
8
0
62
0
6
CONTINUOUS
100
AcDbLine
10
-17
20
-10
30
0
11
-7
21
-10
31
0
1001
CONDUITCAD
1000
{"id":"master-hyd-valve-32-11"}
0
LINE
5
49F
330
734
100
AcDbEntity
8
0
62
0
6
CONTINUOUS
100
AcDbLine
10
12
20
-22
30
0
11
12
21
-12
31
0
1001
CONDUITCAD
1000
{"id":"master-hyd-valve-32-12"}
0
LINE
5
4A0
330
734
100
AcDbEntity
8
0
62
0
6
CONTINUOUS
100
AcDbLine
10
7
20
-12
30
0
11
17
21
-12
31
0
1001
CONDUITCAD
1000
{"id":"master-hyd-valve-32-13"}
0
LINE
5
4A1
330
734
100
AcDbEntity
8
0
62
0
6
CONTINUOUS
100
AcDbLine
10
12
20
17
30
0
11
36
21
-17
31
0
1001
CONDUITCAD
1000
{"id":"master-hyd-valve-32-14"}
0
LWPOLYLINE
5
4A2
330
734
100
AcDbEntity
8
0
62
0
6
CONTINUOUS
100
AcDbPolyline
90
3
70
1
10
36
20
-17
10
34.53666638609341
20
-9.464672884710906
10
29.389768847525414
20
-13.097777029582433
1001
CONDUITCAD
1000
{"id":"master-hyd-valve-32-15"}
0
ENDBLK
5
8A4
330
734
100
AcDbEntity
8
0
100
AcDbBlockEnd
0
BLOCK
5
8A5
330
735
100
AcDbEntity
8
0
100
AcDbBlockBegin
2
CC_HYD_SHUTTLE
70
0
10
0
20
0
30
0
3
CC_HYD_SHUTTLE
1

1001
CONDUITCAD
1000
{"ports":[{"name":"in","x":-45,"y":0,"dx":-1,"dy":0,"medium":"hydraulic","role":"connection"},{"name":"out","x":45,"y":0,"dx":1,"dy":0,"medium":"hydraulic","role":"connection"},{"name":"A","x":0,"y":4
1000
5,"dx":0,"dy":1,"medium":"hydraulic","role":"connection"}],"symbol":{"name":"Shuttle valve","category":"Hydraulics","group":"Flow & pressure","geometryRevision":3,"standardRefs":["ISO-1219-1","NFPC-FL
1000
UID"],"convention":"ISO-1219-1 / NFPC-FLUID family","conformity":"Original master; not standards-certified","normativeEntry":null,"review":{"level":"geometry-and-convention","dimensionalConformance":"
1000
not-verified","note":"New independently constructed CAD master with explicit terminal topology."},"aliases":["hyd shuttle"],"defaultLayer":"Hydraulics","labelOffset":48,"extents":{"minX":-45,"minY":-2
1000
0,"maxX":45,"maxY":45}}}
0
LWPOLYLINE
5
4A3
330
735
100
AcDbEntity
8
0
62
0
6
CONTINUOUS
100
AcDbPolyline
90
4
70
1
10
-25
20
-20
10
25
20
-20
10
25
20
20
10
-25
20
20
1001
CONDUITCAD
1000
{"id":"master-hyd-shuttle-0"}
0
LINE
5
4A4
330
735
100
AcDbEntity
8
0
62
0
6
CONTINUOUS
100
AcDbLine
10
-45
20
0
30
0
11
-25
21
0
31
0
1001
CONDUITCAD
1000
{"id":"master-hyd-shuttle-1"}
0
LINE
5
4A5
330
735
100
AcDbEntity
8
0
62
0
6
CONTINUOUS
100
AcDbLine
10
25
20
0
30
0
11
45
21
0
31
0
1001
CONDUITCAD
1000
{"id":"master-hyd-shuttle-2"}
0
CIRCLE
5
4A6
330
735
100
AcDbEntity
8
0
62
0
6
CONTINUOUS
100
AcDbCircle
10
8
20
0
30
0
40
8
1001
CONDUITCAD
1000
{"id":"master-hyd-shuttle-3"}
0
LWPOLYLINE
5
4A7
330
735
100
AcDbEntity
8
0
62
0
6
CONTINUOUS
100
AcDbPolyline
90
3
70
0
10
-20
20
-12
10
-8
20
0
10
-20
20
12
1001
CONDUITCAD
1000
{"id":"master-hyd-shuttle-4"}
0
LINE
5
4A8
330
735
100
AcDbEntity
8
0
62
0
6
CONTINUOUS
100
AcDbLine
10
0
20
20
30
0
11
0
21
45
31
0
1001
CONDUITCAD
1000
{"id":"master-hyd-shuttle-5"}
0
ENDBLK
5
8A6
330
735
100
AcDbEntity
8
0
100
AcDbBlockEnd
0
BLOCK
5
8A7
330
736
100
AcDbEntity
8
0
100
AcDbBlockBegin
2
CC_HYD_PLUG
70
0
10
0
20
0
30
0
3
CC_HYD_PLUG
1

1001
CONDUITCAD
1000
{"ports":[{"name":"terminal","x":0,"y":-45,"dx":0,"dy":-1,"medium":"hydraulic","role":"connection"}],"symbol":{"name":"Plugged port","category":"Hydraulics","group":"Connections","geometryRevision":3,
1000
"standardRefs":["ISO-1219-1","NFPC-FLUID"],"convention":"ISO-1219-1 / NFPC-FLUID family","conformity":"Original master; not standards-certified","normativeEntry":null,"review":{"level":"geometry-and-c
1000
onvention","dimensionalConformance":"not-verified","note":"New independently constructed CAD master with explicit terminal topology."},"aliases":["hyd plug"],"defaultLayer":"Hydraulics","labelOffset":
1000
67,"extents":{"minX":-12,"minY":-45,"maxX":12,"maxY":0}}}
0
LINE
5
4A9
330
736
100
AcDbEntity
8
0
62
0
6
CONTINUOUS
100
AcDbLine
10
0
20
-45
30
0
11
0
21
0
31
0
1001
CONDUITCAD
1000
{"id":"master-hyd-plug-0"}
0
LINE
5
4AA
330
736
100
AcDbEntity
8
0
62
0
6
CONTINUOUS
100
AcDbLine
10
-12
20
0
30
0
11
12
21
0
31
0
1001
CONDUITCAD
1000
{"id":"master-hyd-plug-1"}
0
ENDBLK
5
8A8
330
736
100
AcDbEntity
8
0
100
AcDbBlockEnd
0
BLOCK
5
8A9
330
737
100
AcDbEntity
8
0
100
AcDbBlockBegin
2
CC_PNEU_COMPRESSOR
70
0
10
0
20
0
30
0
3
CC_PNEU_COMPRESSOR
1

1001
CONDUITCAD
1000
{"ports":[{"name":"in","x":-45,"y":0,"dx":-1,"dy":0,"medium":"pneumatic","role":"connection"},{"name":"out","x":45,"y":0,"dx":1,"dy":0,"medium":"pneumatic","role":"connection"}],"symbol":{"name":"Air 
1000
compressor","category":"Pneumatics","group":"Sources & drives","energy":"gas/open triangle","geometryRevision":3,"standardRefs":["ISO-1219-1","NFPC-FLUID"],"convention":"ISO-1219-1 / NFPC-FLUID family
1000
","conformity":"Original master; not standards-certified","normativeEntry":null,"review":{"level":"geometry-and-convention","dimensionalConformance":"not-verified","note":"New independently constructe
1000
d CAD master with explicit terminal topology."},"aliases":["pneu compressor"],"defaultLayer":"Pneumatics","labelOffset":48,"extents":{"minX":-45,"minY":-25.970550818758205,"maxX":45,"maxY":25.97055081
1000
8758205}}}
0
CIRCLE
5
4AB
330
737
100
AcDbEntity
8
0
62
0
6
CONTINUOUS
100
AcDbCircle
10
0
20
0
30
0
40
26
1001
CONDUITCAD
1000
{"id":"master-pneu-compressor-0"}
0
LINE
5
4AC
330
737
100
AcDbEntity
8
0
62
0
6
CONTINUOUS
100
AcDbLine
10
-45
20
0
30
0
11
-26
21
0
31
0
1001
CONDUITCAD
1000
{"id":"master-pneu-compressor-1"}
0
LINE
5
4AD
330
737
100
AcDbEntity
8
0
62
0
6
CONTINUOUS
100
AcDbLine
10
26
20
0
30
0
11
45
21
0
31
0
1001
CONDUITCAD
1000
{"id":"master-pneu-compressor-2"}
0
LWPOLYLINE
5
4AE
330
737
100
AcDbEntity
8
0
62
0
6
CONTINUOUS
100
AcDbPolyline
90
3
70
1
10
10
20
-8
10
10
20
8
10
24
20
0
1001
CONDUITCAD
1000
{"id":"master-pneu-compressor-3"}
0
ENDBLK
5
8AA
330
737
100
AcDbEntity
8
0
100
AcDbBlockEnd
0
BLOCK
5
8AB
330
738
100
AcDbEntity
8
0
100
AcDbBlockBegin
2
CC_PNEU_MOTOR
70
0
10
0
20
0
30
0
3
CC_PNEU_MOTOR
1

1001
CONDUITCAD
1000
{"ports":[{"name":"in","x":-45,"y":0,"dx":-1,"dy":0,"medium":"pneumatic","role":"connection"},{"name":"out","x":45,"y":0,"dx":1,"dy":0,"medium":"pneumatic","role":"connection"}],"symbol":{"name":"Air 
1000
motor","category":"Pneumatics","group":"Sources & drives","energy":"gas/open triangle","geometryRevision":3,"standardRefs":["ISO-1219-1","NFPC-FLUID"],"convention":"ISO-1219-1 / NFPC-FLUID family","co
1000
nformity":"Original master; not standards-certified","normativeEntry":null,"review":{"level":"geometry-and-convention","dimensionalConformance":"not-verified","note":"New independently constructed CAD
1000
 master with explicit terminal topology."},"aliases":["pneu motor"],"defaultLayer":"Pneumatics","labelOffset":48,"extents":{"minX":-45,"minY":-25.970550818758205,"maxX":45,"maxY":25.970550818758205}}}
0
CIRCLE
5
4AF
330
738
100
AcDbEntity
8
0
62
0
6
CONTINUOUS
100
AcDbCircle
10
0
20
0
30
0
40
26
1001
CONDUITCAD
1000
{"id":"master-pneu-motor-0"}
0
LINE
5
4B0
330
738
100
AcDbEntity
8
0
62
0
6
CONTINUOUS
100
AcDbLine
10
-45
20
0
30
0
11
-26
21
0
31
0
1001
CONDUITCAD
1000
{"id":"master-pneu-motor-1"}
0
LINE
5
4B1
330
738
100
AcDbEntity
8
0
62
0
6
CONTINUOUS
100
AcDbLine
10
26
20
0
30
0
11
45
21
0
31
0
1001
CONDUITCAD
1000
{"id":"master-pneu-motor-2"}
0
LWPOLYLINE
5
4B2
330
738
100
AcDbEntity
8
0
62
0
6
CONTINUOUS
100
AcDbPolyline
90
3
70
1
10
-24
20
-8
10
-24
20
8
10
-9
20
0
1001
CONDUITCAD
1000
{"id":"master-pneu-motor-3"}
0
ENDBLK
5
8AC
330
738
100
AcDbEntity
8
0
100
AcDbBlockEnd
0
BLOCK
5
8AD
330
739
100
AcDbEntity
8
0
100
AcDbBlockBegin
2
CC_PNEU_FILTER
70
0
10
0
20
0
30
0
3
CC_PNEU_FILTER
1

1001
CONDUITCAD
1000
{"ports":[{"name":"in","x":-45,"y":0,"dx":-1,"dy":0,"medium":"pneumatic","role":"connection"},{"name":"out","x":45,"y":0,"dx":1,"dy":0,"medium":"pneumatic","role":"connection"}],"symbol":{"name":"Air 
1000
filter","category":"Pneumatics","group":"Conditioning","geometryRevision":3,"standardRefs":["ISO-1219-1","NFPC-FLUID"],"convention":"ISO-1219-1 / NFPC-FLUID family","conformity":"Original master; not 
1000
standards-certified","normativeEntry":null,"review":{"level":"geometry-and-convention","dimensionalConformance":"not-verified","note":"New independently constructed CAD master with explicit terminal t
1000
opology."},"aliases":["pneu filter"],"defaultLayer":"Pneumatics","labelOffset":50,"extents":{"minX":-45,"minY":-28,"maxX":45,"maxY":28}}}
0
LWPOLYLINE
5
4B3
330
739
100
AcDbEntity
8
0
62
0
6
CONTINUOUS
100
AcDbPolyline
90
4
70
1
10
-28
20
0
10
0
20
28
10
28
20
0
10
0
20
-28
1001
CONDUITCAD
1000
{"id":"master-pneu-filter-0"}
0
LINE
5
4B4
330
739
100
AcDbEntity
8
0
62
0
6
CONTINUOUS
100
AcDbLine
10
-45
20
0
30
0
11
-28
21
0
31
0
1001
CONDUITCAD
1000
{"id":"master-pneu-filter-1"}
0
LINE
5
4B5
330
739
100
AcDbEntity
8
0
62
0
6
CONTINUOUS
100
AcDbLine
10
28
20
0
30
0
11
45
21
0
31
0
1001
CONDUITCAD
1000
{"id":"master-pneu-filter-2"}
0
LINE
5
4B6
330
739
100
AcDbEntity
8
0
62
0
6
CC_DASH_4_3
100
AcDbLine
10
0
20
-28
30
0
11
0
21
28
31
0
1001
CONDUITCAD
1000
{"id":"master-pneu-filter-3","dash":[4,3]}
0
ENDBLK
5
8AE
330
739
100
AcDbEntity
8
0
100
AcDbBlockEnd
0
BLOCK
5
8AF
330
73A
100
AcDbEntity
8
0
100
AcDbBlockBegin
2
CC_PNEU_THROTTLE
70
0
10
0
20
0
30
0
3
CC_PNEU_THROTTLE
1

1001
CONDUITCAD
1000
{"ports":[{"name":"in","x":-45,"y":0,"dx":-1,"dy":0,"medium":"pneumatic","role":"connection"},{"name":"out","x":45,"y":0,"dx":1,"dy":0,"medium":"pneumatic","role":"connection"}],"symbol":{"name":"Fixe
1000
d flow restriction","category":"Pneumatics","group":"Flow & pressure","geometryRevision":3,"standardRefs":["ISO-1219-1","NFPC-FLUID"],"convention":"ISO-1219-1 / NFPC-FLUID family","conformity":"Origin
1000
al master; not standards-certified","normativeEntry":null,"review":{"level":"geometry-and-convention","dimensionalConformance":"not-verified","note":"New independently constructed CAD master with expl
1000
icit terminal topology."},"aliases":["pneu throttle"],"defaultLayer":"Pneumatics","labelOffset":48,"extents":{"minX":-45,"minY":-14,"maxX":45,"maxY":14}}}
0
LINE
5
4B7
330
73A
100
AcDbEntity
8
0
62
0
6
CONTINUOUS
100
AcDbLine
10
-45
20
0
30
0
11
45
21
0
31
0
1001
CONDUITCAD
1000
{"id":"master-pneu-throttle-0"}
0
ELLIPSE
5
4B8
330
73A
100
AcDbEntity
8
0
62
0
6
CONTINUOUS
100
AcDbEllipse
10
-8
20
0
30
0
11
0
21
14
31
0
40
0.5
41
3.141592653589793
42
0
1001
CONDUITCAD
1000
{"id":"master-pneu-throttle-1"}
0
ELLIPSE
5
4B9
330
73A
100
AcDbEntity
8
0
62
0
6
CONTINUOUS
100
AcDbEllipse
10
8
20
0
30
0
11
0
21
14
31
0
40
0.5
41
0
42
3.141592653589793
1001
CONDUITCAD
1000
{"id":"master-pneu-throttle-2"}
0
ENDBLK
5
8B0
330
73A
100
AcDbEntity
8
0
100
AcDbBlockEnd
0
BLOCK
5
8B1
330
73B
100
AcDbEntity
8
0
100
AcDbBlockBegin
2
CC_PNEU_FLOW_CONTROL
70
0
10
0
20
0
30
0
3
CC_PNEU_FLOW_CONTROL
1

1001
CONDUITCAD
1000
{"ports":[{"name":"in","x":-45,"y":0,"dx":-1,"dy":0,"medium":"pneumatic","role":"connection"},{"name":"out","x":45,"y":0,"dx":1,"dy":0,"medium":"pneumatic","role":"connection"}],"symbol":{"name":"Adju
1000
stable flow control","category":"Pneumatics","group":"Flow & pressure","geometryRevision":3,"standardRefs":["ISO-1219-1","NFPC-FLUID"],"convention":"ISO-1219-1 / NFPC-FLUID family","conformity":"Origi
1000
nal master; not standards-certified","normativeEntry":null,"review":{"level":"geometry-and-convention","dimensionalConformance":"not-verified","note":"New independently constructed CAD master with exp
1000
licit terminal topology."},"aliases":["pneu flow control"],"defaultLayer":"Pneumatics","labelOffset":49,"extents":{"minX":-45,"minY":-27,"maxX":45,"maxY":27}}}
0
LINE
5
4BA
330
73B
100
AcDbEntity
8
0
62
0
6
CONTINUOUS
100
AcDbLine
10
-45
20
0
30
0
11
45
21
0
31
0
1001
CONDUITCAD
1000
{"id":"master-pneu-flow-control-0"}
0
ELLIPSE
5
4BB
330
73B
100
AcDbEntity
8
0
62
0
6
CONTINUOUS
100
AcDbEllipse
10
-8
20
0
30
0
11
0
21
14
31
0
40
0.5
41
3.141592653589793
42
0
1001
CONDUITCAD
1000
{"id":"master-pneu-flow-control-1"}
0
ELLIPSE
5
4BC
330
73B
100
AcDbEntity
8
0
62
0
6
CONTINUOUS
100
AcDbEllipse
10
8
20
0
30
0
11
0
21
14
31
0
40
0.5
41
0
42
3.141592653589793
1001
CONDUITCAD
1000
{"id":"master-pneu-flow-control-2"}
0
LINE
5
4BD
330
73B
100
AcDbEntity
8
0
62
0
6
CONTINUOUS
100
AcDbLine
10
-20
20
-27
30
0
11
23
21
27
31
0
1001
CONDUITCAD
1000
{"id":"master-pneu-flow-control-3"}
0
LWPOLYLINE
5
4BE
330
73B
100
AcDbEntity
8
0
62
0
6
CONTINUOUS
100
AcDbPolyline
90
3
70
1
10
23
20
27
10
16.175330072285874
20
23.48625835073857
10
21.103694982938272
20
19.561819625589433
1001
CONDUITCAD
1000
{"id":"master-pneu-flow-control-4"}
0
ENDBLK
5
8B2
330
73B
100
AcDbEntity
8
0
100
AcDbBlockEnd
0
BLOCK
5
8B3
330
73C
100
AcDbEntity
8
0
100
AcDbBlockBegin
2
CC_PNEU_CHECK
70
0
10
0
20
0
30
0
3
CC_PNEU_CHECK
1

1001
CONDUITCAD
1000
{"ports":[{"name":"in","x":-45,"y":0,"dx":-1,"dy":0,"medium":"pneumatic","role":"connection"},{"name":"out","x":45,"y":0,"dx":1,"dy":0,"medium":"pneumatic","role":"connection"}],"symbol":{"name":"Non-
1000
return valve","category":"Pneumatics","group":"Flow & pressure","geometryRevision":3,"standardRefs":["ISO-1219-1","NFPC-FLUID"],"convention":"ISO-1219-1 / NFPC-FLUID family","conformity":"Original mas
1000
ter; not standards-certified","normativeEntry":null,"review":{"level":"geometry-and-convention","dimensionalConformance":"not-verified","note":"New independently constructed CAD master with explicit t
1000
erminal topology."},"aliases":["pneu check"],"defaultLayer":"Pneumatics","labelOffset":48,"extents":{"minX":-45,"minY":-15,"maxX":45,"maxY":15}}}
0
LINE
5
4BF
330
73C
100
AcDbEntity
8
0
62
0
6
CONTINUOUS
100
AcDbLine
10
-45
20
0
30
0
11
-12
21
0
31
0
1001
CONDUITCAD
1000
{"id":"master-pneu-check-0"}
0
LINE
5
4C0
330
73C
100
AcDbEntity
8
0
62
0
6
CONTINUOUS
100
AcDbLine
10
12
20
0
30
0
11
45
21
0
31
0
1001
CONDUITCAD
1000
{"id":"master-pneu-check-1"}
0
CIRCLE
5
4C1
330
73C
100
AcDbEntity
8
0
62
0
6
CONTINUOUS
100
AcDbCircle
10
0
20
0
30
0
40
10
1001
CONDUITCAD
1000
{"id":"master-pneu-check-2"}
0
LWPOLYLINE
5
4C2
330
73C
100
AcDbEntity
8
0
62
0
6
CONTINUOUS
100
AcDbPolyline
90
3
70
0
10
-12
20
-15
10
0
20
0
10
-12
20
15
1001
CONDUITCAD
1000
{"id":"master-pneu-check-3"}
0
ENDBLK
5
8B4
330
73C
100
AcDbEntity
8
0
100
AcDbBlockEnd
0
BLOCK
5
8B5
330
73D
100
AcDbEntity
8
0
100
AcDbBlockBegin
2
CC_PNEU_GAUGE
70
0
10
0
20
0
30
0
3
CC_PNEU_GAUGE
1

1001
CONDUITCAD
1000
{"ports":[{"name":"sense","x":0,"y":-45,"dx":0,"dy":-1,"medium":"pneumatic","role":"connection"}],"symbol":{"name":"Pressure gauge","category":"Pneumatics","group":"Measurement","geometryRevision":3,"
1000
standardRefs":["ISO-1219-1","NFPC-FLUID"],"convention":"ISO-1219-1 / NFPC-FLUID family","conformity":"Original master; not standards-certified","normativeEntry":null,"review":{"level":"geometry-and-co
1000
nvention","dimensionalConformance":"not-verified","note":"New independently constructed CAD master with explicit terminal topology."},"aliases":["pneu gauge"],"defaultLayer":"Pneumatics","labelOffset"
1000
:67,"extents":{"minX":-23.970166109254137,"minY":-45,"maxX":24,"maxY":23.99254036801959}}}
0
CIRCLE
5
4C3
330
73D
100
AcDbEntity
8
0
62
0
6
CONTINUOUS
100
AcDbCircle
10
0
20
0
30
0
40
24
1001
CONDUITCAD
1000
{"id":"master-pneu-gauge-0"}
0
LINE
5
4C4
330
73D
100
AcDbEntity
8
0
62
0
6
CONTINUOUS
100
AcDbLine
10
0
20
-24
30
0
11
0
21
-45
31
0
1001
CONDUITCAD
1000
{"id":"master-pneu-gauge-1"}
0
LINE
5
4C5
330
73D
100
AcDbEntity
8
0
62
0
6
CONTINUOUS
100
AcDbLine
10
8
20
-8
30
0
11
-12
21
13
31
0
1001
CONDUITCAD
1000
{"id":"master-pneu-gauge-2"}
0
SOLID
5
4C6
330
73D
100
AcDbEntity
8
0
62
0
6
CONTINUOUS
100
AcDbTrace
10
-12
20
13
30
0
11
-9.817241379310344
21
6.793103448275861
31
0
12
-5.906896551724137
22
10.517241379310345
32
0
13
-5.906896551724137
23
10.517241379310345
33
0
1001
CONDUITCAD
1000
{"id":"master-pneu-gauge-3"}
0
ENDBLK
5
8B6
330
73D
100
AcDbEntity
8
0
100
AcDbBlockEnd
0
BLOCK
5
8B7
330
73E
100
AcDbEntity
8
0
100
AcDbBlockBegin
2
CC_PNEU_CYLINDER
70
0
10
0
20
0
30
0
3
CC_PNEU_CYLINDER
1

1001
CONDUITCAD
1000
{"ports":[{"name":"A","x":-23,"y":-45,"dx":0,"dy":-1,"medium":"pneumatic","role":"connection"},{"name":"B","x":23,"y":-45,"dx":0,"dy":-1,"medium":"pneumatic","role":"connection"}],"symbol":{"name":"Do
1000
uble-acting cylinder","category":"Pneumatics","group":"Actuators","geometryRevision":3,"standardRefs":["ISO-1219-1","NFPC-FLUID"],"convention":"ISO-1219-1 / NFPC-FLUID family","conformity":"Original m
1000
aster; not standards-certified","normativeEntry":null,"review":{"level":"geometry-and-convention","dimensionalConformance":"not-verified","note":"New independently constructed CAD master with explicit
1000
 terminal topology."},"aliases":["pneu cylinder"],"defaultLayer":"Pneumatics","labelOffset":67,"extents":{"minX":-34,"minY":-45,"maxX":49,"maxY":22}}}
0
LWPOLYLINE
5
4C7
330
73E
100
AcDbEntity
8
0
62
0
6
CONTINUOUS
100
AcDbPolyline
90
4
70
1
10
-34
20
-22
10
34
20
-22
10
34
20
22
10
-34
20
22
1001
CONDUITCAD
1000
{"id":"master-pneu-cylinder-0"}
0
LINE
5
4C8
330
73E
100
AcDbEntity
8
0
62
0
6
CONTINUOUS
100
AcDbLine
10
-8
20
-22
30
0
11
-8
21
22
31
0
1001
CONDUITCAD
1000
{"id":"master-pneu-cylinder-1"}
0
LINE
5
4C9
330
73E
100
AcDbEntity
8
0
62
0
6
CONTINUOUS
100
AcDbLine
10
-8
20
-5
30
0
11
49
21
-5
31
0
1001
CONDUITCAD
1000
{"id":"master-pneu-cylinder-2"}
0
LINE
5
4CA
330
73E
100
AcDbEntity
8
0
62
0
6
CONTINUOUS
100
AcDbLine
10
49
20
-5
30
0
11
49
21
5
31
0
1001
CONDUITCAD
1000
{"id":"master-pneu-cylinder-3"}
0
LINE
5
4CB
330
73E
100
AcDbEntity
8
0
62
0
6
CONTINUOUS
100
AcDbLine
10
49
20
5
30
0
11
-8
21
5
31
0
1001
CONDUITCAD
1000
{"id":"master-pneu-cylinder-4"}
0
LINE
5
4CC
330
73E
100
AcDbEntity
8
0
62
0
6
CONTINUOUS
100
AcDbLine
10
-23
20
-22
30
0
11
-23
21
-45
31
0
1001
CONDUITCAD
1000
{"id":"master-pneu-cylinder-5"}
0
LINE
5
4CD
330
73E
100
AcDbEntity
8
0
62
0
6
CONTINUOUS
100
AcDbLine
10
23
20
-22
30
0
11
23
21
-45
31
0
1001
CONDUITCAD
1000
{"id":"master-pneu-cylinder-6"}
0
ENDBLK
5
8B8
330
73E
100
AcDbEntity
8
0
100
AcDbBlockEnd
0
BLOCK
5
8B9
330
73F
100
AcDbEntity
8
0
100
AcDbBlockBegin
2
CC_PNEU_CYLINDER_SPRING
70
0
10
0
20
0
30
0
3
CC_PNEU_CYLINDER_SPRING
1

1001
CONDUITCAD
1000
{"ports":[{"name":"A","x":-23,"y":-45,"dx":0,"dy":-1,"medium":"pneumatic","role":"connection"}],"symbol":{"name":"Single-acting spring-return cylinder","category":"Pneumatics","group":"Actuators","geo
1000
metryRevision":3,"standardRefs":["ISO-1219-1","NFPC-FLUID"],"convention":"ISO-1219-1 / NFPC-FLUID family","conformity":"Original master; not standards-certified","normativeEntry":null,"review":{"level
1000
":"geometry-and-convention","dimensionalConformance":"not-verified","note":"New independently constructed CAD master with explicit terminal topology."},"aliases":["pneu cylinder spring"],"defaultLayer
1000
":"Pneumatics","labelOffset":67,"extents":{"minX":-34,"minY":-45,"maxX":49,"maxY":22}}}
0
LWPOLYLINE
5
4CE
330
73F
100
AcDbEntity
8
0
62
0
6
CONTINUOUS
100
AcDbPolyline
90
4
70
1
10
-34
20
-22
10
34
20
-22
10
34
20
22
10
-34
20
22
1001
CONDUITCAD
1000
{"id":"master-pneu-cylinder-spring-0"}
0
LINE
5
4CF
330
73F
100
AcDbEntity
8
0
62
0
6
CONTINUOUS
100
AcDbLine
10
-8
20
-22
30
0
11
-8
21
22
31
0
1001
CONDUITCAD
1000
{"id":"master-pneu-cylinder-spring-1"}
0
LINE
5
4D0
330
73F
100
AcDbEntity
8
0
62
0
6
CONTINUOUS
100
AcDbLine
10
-8
20
-5
30
0
11
49
21
-5
31
0
1001
CONDUITCAD
1000
{"id":"master-pneu-cylinder-spring-2"}
0
LINE
5
4D1
330
73F
100
AcDbEntity
8
0
62
0
6
CONTINUOUS
100
AcDbLine
10
49
20
-5
30
0
11
49
21
5
31
0
1001
CONDUITCAD
1000
{"id":"master-pneu-cylinder-spring-3"}
0
LINE
5
4D2
330
73F
100
AcDbEntity
8
0
62
0
6
CONTINUOUS
100
AcDbLine
10
49
20
5
30
0
11
-8
21
5
31
0
1001
CONDUITCAD
1000
{"id":"master-pneu-cylinder-spring-4"}
0
LINE
5
4D3
330
73F
100
AcDbEntity
8
0
62
0
6
CONTINUOUS
100
AcDbLine
10
-23
20
-22
30
0
11
-23
21
-45
31
0
1001
CONDUITCAD
1000
{"id":"master-pneu-cylinder-spring-5"}
0
LWPOLYLINE
5
4D4
330
73F
100
AcDbEntity
8
0
62
0
6
CONTINUOUS
100
AcDbPolyline
90
10
70
0
10
0
20
0
10
2.8000000000000003
20
0
10
5.880000000000001
20
8
10
8.96
20
-8
10
12.040000000000001
20
8
10
15.120000000000001
20
-8
10
18.2
20
8
10
21.28
20
-8
10
25.2
20
0
10
28
20
0
1001
CONDUITCAD
1000
{"id":"master-pneu-cylinder-spring-6"}
0
ENDBLK
5
8BA
330
73F
100
AcDbEntity
8
0
100
AcDbBlockEnd
0
BLOCK
5
8BB
330
740
100
AcDbEntity
8
0
100
AcDbBlockBegin
2
CC_PNEU_CYLINDER_CUSHIONED
70
0
10
0
20
0
30
0
3
CC_PNEU_CYLINDER_CUSHIONED
1

1001
CONDUITCAD
1000
{"ports":[{"name":"A","x":-23,"y":-45,"dx":0,"dy":-1,"medium":"pneumatic","role":"connection"},{"name":"B","x":23,"y":-45,"dx":0,"dy":-1,"medium":"pneumatic","role":"connection"}],"symbol":{"name":"Do
1000
uble-acting cushioned cylinder","category":"Pneumatics","group":"Actuators","geometryRevision":3,"standardRefs":["ISO-1219-1","NFPC-FLUID"],"convention":"ISO-1219-1 / NFPC-FLUID family","conformity":"
1000
Original master; not standards-certified","normativeEntry":null,"review":{"level":"geometry-and-convention","dimensionalConformance":"not-verified","note":"New independently constructed CAD master wit
1000
h explicit terminal topology."},"aliases":["pneu cylinder cushioned"],"defaultLayer":"Pneumatics","labelOffset":67,"extents":{"minX":-34,"minY":-45,"maxX":49,"maxY":22}}}
0
LWPOLYLINE
5
4D5
330
740
100
AcDbEntity
8
0
62
0
6
CONTINUOUS
100
AcDbPolyline
90
4
70
1
10
-34
20
-22
10
34
20
-22
10
34
20
22
10
-34
20
22
1001
CONDUITCAD
1000
{"id":"master-pneu-cylinder-cushioned-0"}
0
LINE
5
4D6
330
740
100
AcDbEntity
8
0
62
0
6
CONTINUOUS
100
AcDbLine
10
-8
20
-22
30
0
11
-8
21
22
31
0
1001
CONDUITCAD
1000
{"id":"master-pneu-cylinder-cushioned-1"}
0
LINE
5
4D7
330
740
100
AcDbEntity
8
0
62
0
6
CONTINUOUS
100
AcDbLine
10
-8
20
-5
30
0
11
49
21
-5
31
0
1001
CONDUITCAD
1000
{"id":"master-pneu-cylinder-cushioned-2"}
0
LINE
5
4D8
330
740
100
AcDbEntity
8
0
62
0
6
CONTINUOUS
100
AcDbLine
10
49
20
-5
30
0
11
49
21
5
31
0
1001
CONDUITCAD
1000
{"id":"master-pneu-cylinder-cushioned-3"}
0
LINE
5
4D9
330
740
100
AcDbEntity
8
0
62
0
6
CONTINUOUS
100
AcDbLine
10
49
20
5
30
0
11
-8
21
5
31
0
1001
CONDUITCAD
1000
{"id":"master-pneu-cylinder-cushioned-4"}
0
LINE
5
4DA
330
740
100
AcDbEntity
8
0
62
0
6
CONTINUOUS
100
AcDbLine
10
-23
20
-22
30
0
11
-23
21
-45
31
0
1001
CONDUITCAD
1000
{"id":"master-pneu-cylinder-cushioned-5"}
0
LINE
5
4DB
330
740
100
AcDbEntity
8
0
62
0
6
CONTINUOUS
100
AcDbLine
10
23
20
-22
30
0
11
23
21
-45
31
0
1001
CONDUITCAD
1000
{"id":"master-pneu-cylinder-cushioned-6"}
0
LINE
5
4DC
330
740
100
AcDbEntity
8
0
62
0
6
CONTINUOUS
100
AcDbLine
10
-27
20
-22
30
0
11
-27
21
22
31
0
1001
CONDUITCAD
1000
{"id":"master-pneu-cylinder-cushioned-7"}
0
LINE
5
4DD
330
740
100
AcDbEntity
8
0
62
0
6
CONTINUOUS
100
AcDbLine
10
27
20
-22
30
0
11
27
21
-7
31
0
1001
CONDUITCAD
1000
{"id":"master-pneu-cylinder-cushioned-8"}
0
LINE
5
4DE
330
740
100
AcDbEntity
8
0
62
0
6
CONTINUOUS
100
AcDbLine
10
27
20
7
30
0
11
27
21
22
31
0
1001
CONDUITCAD
1000
{"id":"master-pneu-cylinder-cushioned-9"}
0
ENDBLK
5
8BC
330
740
100
AcDbEntity
8
0
100
AcDbBlockEnd
0
BLOCK
5
8BD
330
741
100
AcDbEntity
8
0
100
AcDbBlockBegin
2
CC_PNEU_VALVE_22_NC
70
0
10
0
20
0
30
0
3
CC_PNEU_VALVE_22_NC
1

1001
CONDUITCAD
1000
{"ports":[{"name":"A","x":12,"y":45,"dx":0,"dy":1,"medium":"pneumatic","role":"connection"},{"name":"P","x":12,"y":-45,"dx":0,"dy":-1,"medium":"pneumatic","role":"connection"}],"symbol":{"name":"2/2 v
1000
alve \u00b7 normally closed","category":"Pneumatics","group":"Directional valves","positions":2,"workingPorts":2,"normalState":"closed","geometryRevision":3,"standardRefs":["ISO-1219-1","NFPC-FLUID"],
1000
"convention":"ISO-1219-1 / NFPC-FLUID family","conformity":"Original master; not standards-certified","normativeEntry":null,"review":{"level":"geometry-and-convention","dimensionalConformance":"not-ve
1000
rified","note":"New independently constructed CAD master with explicit terminal topology."},"aliases":["pneu valve 22 nc"],"defaultLayer":"Pneumatics","labelOffset":67,"extents":{"minX":-68,"minY":-45
1000
,"maxX":74,"maxY":45}}}
0
LWPOLYLINE
5
4DF
330
741
100
AcDbEntity
8
0
62
0
6
CONTINUOUS
100
AcDbPolyline
90
4
70
1
10
-48
20
-22
10
0
20
-22
10
0
20
22
10
-48
20
22
1001
CONDUITCAD
1000
{"id":"master-pneu-valve-22-nc-0"}
0
LWPOLYLINE
5
4E0
330
741
100
AcDbEntity
8
0
62
0
6
CONTINUOUS
100
AcDbPolyline
90
4
70
1
10
0
20
-22
10
48
20
-22
10
48
20
22
10
0
20
22
1001
CONDUITCAD
1000
{"id":"master-pneu-valve-22-nc-1"}
0
LWPOLYLINE
5
4E1
330
741
100
AcDbEntity
8
0
62
0
6
CONTINUOUS
100
AcDbPolyline
90
4
70
1
10
-68
20
-18
10
-48
20
-18
10
-48
20
2
10
-68
20
2
1001
CONDUITCAD
1000
{"id":"master-pneu-valve-22-nc-2"}
0
LINE
5
4E2
330
741
100
AcDbEntity
8
0
62
0
6
CONTINUOUS
100
AcDbLine
10
-68
20
-18
30
0
11
-48
21
2
31
0
1001
CONDUITCAD
1000
{"id":"master-pneu-valve-22-nc-3"}
0
LWPOLYLINE
5
4E3
330
741
100
AcDbEntity
8
0
62
0
6
CONTINUOUS
100
AcDbPolyline
90
10
70
0
10
48
20
0
10
50.6
20
0
10
53.46
20
7
10
56.32
20
-7
10
59.18
20
7
10
62.04
20
-7
10
64.9
20
7
10
67.76
20
-7
10
71.4
20
0
10
74
20
0
1001
CONDUITCAD
1000
{"id":"master-pneu-valve-22-nc-4"}
0
LINE
5
4E4
330
741
100
AcDbEntity
8
0
62
0
6
CONTINUOUS
100
AcDbLine
10
12
20
22
30
0
11
12
21
45
31
0
1001
CONDUITCAD
1000
{"id":"master-pneu-valve-22-nc-5"}
0
LINE
5
4E5
330
741
100
AcDbEntity
8
0
62
0
6
CONTINUOUS
100
AcDbLine
10
12
20
-22
30
0
11
12
21
-45
31
0
1001
CONDUITCAD
1000
{"id":"master-pneu-valve-22-nc-6"}
0
LINE
5
4E6
330
741
100
AcDbEntity
8
0
62
0
6
CONTINUOUS
100
AcDbLine
10
-36
20
-16
30
0
11
-36
21
16
31
0
1001
CONDUITCAD
1000
{"id":"master-pneu-valve-22-nc-7"}
0
LWPOLYLINE
5
4E7
330
741
100
AcDbEntity
8
0
62
0
6
CONTINUOUS
100
AcDbPolyline
90
3
70
1
10
-36
20
16
10
-39.15
20
9
10
-32.85
20
9
1001
CONDUITCAD
1000
{"id":"master-pneu-valve-22-nc-8"}
0
LINE
5
4E8
330
741
100
AcDbEntity
8
0
62
0
6
CONTINUOUS
100
AcDbLine
10
12
20
-22
30
0
11
12
21
-12
31
0
1001
CONDUITCAD
1000
{"id":"master-pneu-valve-22-nc-9"}
0
LINE
5
4E9
330
741
100
AcDbEntity
8
0
62
0
6
CONTINUOUS
100
AcDbLine
10
7
20
-12
30
0
11
17
21
-12
31
0
1001
CONDUITCAD
1000
{"id":"master-pneu-valve-22-nc-10"}
0
LINE
5
4EA
330
741
100
AcDbEntity
8
0
62
0
6
CONTINUOUS
100
AcDbLine
10
12
20
22
30
0
11
12
21
12
31
0
1001
CONDUITCAD
1000
{"id":"master-pneu-valve-22-nc-11"}
0
LINE
5
4EB
330
741
100
AcDbEntity
8
0
62
0
6
CONTINUOUS
100
AcDbLine
10
7
20
12
30
0
11
17
21
12
31
0
1001
CONDUITCAD
1000
{"id":"master-pneu-valve-22-nc-12"}
0
ENDBLK
5
8BE
330
741
100
AcDbEntity
8
0
100
AcDbBlockEnd
0
BLOCK
5
8BF
330
742
100
AcDbEntity
8
0
100
AcDbBlockBegin
2
CC_PNEU_VALVE_32
70
0
10
0
20
0
30
0
3
CC_PNEU_VALVE_32
1

1001
CONDUITCAD
1000
{"ports":[{"name":"A","x":12,"y":45,"dx":0,"dy":1,"medium":"pneumatic","role":"connection"},{"name":"P","x":12,"y":-45,"dx":0,"dy":-1,"medium":"pneumatic","role":"connection"},{"name":"R","x":36,"y":-
1000
45,"dx":0,"dy":-1,"medium":"pneumatic","role":"connection"}],"symbol":{"name":"3/2 valve \u00b7 spring-rest exhaust","category":"Pneumatics","group":"Directional valves","positions":2,"workingPorts":3
1000
,"normalState":"P blocked; A to R","geometryRevision":3,"standardRefs":["ISO-1219-1","NFPC-FLUID"],"convention":"ISO-1219-1 / NFPC-FLUID family","conformity":"Original master; not standards-certified"
1000
,"normativeEntry":null,"review":{"level":"geometry-and-convention","dimensionalConformance":"not-verified","note":"New independently constructed CAD master with explicit terminal topology."},"aliases"
1000
:["pneu valve 32"],"defaultLayer":"Pneumatics","labelOffset":67,"extents":{"minX":-68,"minY":-45,"maxX":74,"maxY":45}}}
0
LWPOLYLINE
5
4EC
330
742
100
AcDbEntity
8
0
62
0
6
CONTINUOUS
100
AcDbPolyline
90
4
70
1
10
-48
20
-22
10
0
20
-22
10
0
20
22
10
-48
20
22
1001
CONDUITCAD
1000
{"id":"master-pneu-valve-32-0"}
0
LWPOLYLINE
5
4ED
330
742
100
AcDbEntity
8
0
62
0
6
CONTINUOUS
100
AcDbPolyline
90
4
70
1
10
0
20
-22
10
48
20
-22
10
48
20
22
10
0
20
22
1001
CONDUITCAD
1000
{"id":"master-pneu-valve-32-1"}
0
LWPOLYLINE
5
4EE
330
742
100
AcDbEntity
8
0
62
0
6
CONTINUOUS
100
AcDbPolyline
90
4
70
1
10
-68
20
-18
10
-48
20
-18
10
-48
20
2
10
-68
20
2
1001
CONDUITCAD
1000
{"id":"master-pneu-valve-32-2"}
0
LINE
5
4EF
330
742
100
AcDbEntity
8
0
62
0
6
CONTINUOUS
100
AcDbLine
10
-68
20
-18
30
0
11
-48
21
2
31
0
1001
CONDUITCAD
1000
{"id":"master-pneu-valve-32-3"}
0
LWPOLYLINE
5
4F0
330
742
100
AcDbEntity
8
0
62
0
6
CONTINUOUS
100
AcDbPolyline
90
10
70
0
10
48
20
0
10
50.6
20
0
10
53.46
20
7
10
56.32
20
-7
10
59.18
20
7
10
62.04
20
-7
10
64.9
20
7
10
67.76
20
-7
10
71.4
20
0
10
74
20
0
1001
CONDUITCAD
1000
{"id":"master-pneu-valve-32-4"}
0
LINE
5
4F1
330
742
100
AcDbEntity
8
0
62
0
6
CONTINUOUS
100
AcDbLine
10
12
20
22
30
0
11
12
21
45
31
0
1001
CONDUITCAD
1000
{"id":"master-pneu-valve-32-5"}
0
LINE
5
4F2
330
742
100
AcDbEntity
8
0
62
0
6
CONTINUOUS
100
AcDbLine
10
12
20
-22
30
0
11
12
21
-45
31
0
1001
CONDUITCAD
1000
{"id":"master-pneu-valve-32-6"}
0
LINE
5
4F3
330
742
100
AcDbEntity
8
0
62
0
6
CONTINUOUS
100
AcDbLine
10
36
20
-22
30
0
11
36
21
-45
31
0
1001
CONDUITCAD
1000
{"id":"master-pneu-valve-32-7"}
0
LINE
5
4F4
330
742
100
AcDbEntity
8
0
62
0
6
CONTINUOUS
100
AcDbLine
10
-36
20
-16
30
0
11
-36
21
16
31
0
1001
CONDUITCAD
1000
{"id":"master-pneu-valve-32-8"}
0
LWPOLYLINE
5
4F5
330
742
100
AcDbEntity
8
0
62
0
6
CONTINUOUS
100
AcDbPolyline
90
3
70
1
10
-36
20
16
10
-39.15
20
9
10
-32.85
20
9
1001
CONDUITCAD
1000
{"id":"master-pneu-valve-32-9"}
0
LINE
5
4F6
330
742
100
AcDbEntity
8
0
62
0
6
CONTINUOUS
100
AcDbLine
10
-12
20
-22
30
0
11
-12
21
-10
31
0
1001
CONDUITCAD
1000
{"id":"master-pneu-valve-32-10"}
0
LINE
5
4F7
330
742
100
AcDbEntity
8
0
62
0
6
CONTINUOUS
100
AcDbLine
10
-17
20
-10
30
0
11
-7
21
-10
31
0
1001
CONDUITCAD
1000
{"id":"master-pneu-valve-32-11"}
0
LINE
5
4F8
330
742
100
AcDbEntity
8
0
62
0
6
CONTINUOUS
100
AcDbLine
10
12
20
-22
30
0
11
12
21
-12
31
0
1001
CONDUITCAD
1000
{"id":"master-pneu-valve-32-12"}
0
LINE
5
4F9
330
742
100
AcDbEntity
8
0
62
0
6
CONTINUOUS
100
AcDbLine
10
7
20
-12
30
0
11
17
21
-12
31
0
1001
CONDUITCAD
1000
{"id":"master-pneu-valve-32-13"}
0
LINE
5
4FA
330
742
100
AcDbEntity
8
0
62
0
6
CONTINUOUS
100
AcDbLine
10
12
20
17
30
0
11
36
21
-17
31
0
1001
CONDUITCAD
1000
{"id":"master-pneu-valve-32-14"}
0
LWPOLYLINE
5
4FB
330
742
100
AcDbEntity
8
0
62
0
6
CONTINUOUS
100
AcDbPolyline
90
3
70
1
10
36
20
-17
10
34.53666638609341
20
-9.464672884710906
10
29.389768847525414
20
-13.097777029582433
1001
CONDUITCAD
1000
{"id":"master-pneu-valve-32-15"}
0
ENDBLK
5
8C0
330
742
100
AcDbEntity
8
0
100
AcDbBlockEnd
0
BLOCK
5
8C1
330
743
100
AcDbEntity
8
0
100
AcDbBlockBegin
2
CC_PNEU_SHUTTLE
70
0
10
0
20
0
30
0
3
CC_PNEU_SHUTTLE
1

1001
CONDUITCAD
1000
{"ports":[{"name":"in","x":-45,"y":0,"dx":-1,"dy":0,"medium":"pneumatic","role":"connection"},{"name":"out","x":45,"y":0,"dx":1,"dy":0,"medium":"pneumatic","role":"connection"},{"name":"A","x":0,"y":4
1000
5,"dx":0,"dy":1,"medium":"pneumatic","role":"connection"}],"symbol":{"name":"Shuttle valve","category":"Pneumatics","group":"Flow & pressure","geometryRevision":3,"standardRefs":["ISO-1219-1","NFPC-FL
1000
UID"],"convention":"ISO-1219-1 / NFPC-FLUID family","conformity":"Original master; not standards-certified","normativeEntry":null,"review":{"level":"geometry-and-convention","dimensionalConformance":"
1000
not-verified","note":"New independently constructed CAD master with explicit terminal topology."},"aliases":["pneu shuttle"],"defaultLayer":"Pneumatics","labelOffset":48,"extents":{"minX":-45,"minY":-
1000
20,"maxX":45,"maxY":45}}}
0
LWPOLYLINE
5
4FC
330
743
100
AcDbEntity
8
0
62
0
6
CONTINUOUS
100
AcDbPolyline
90
4
70
1
10
-25
20
-20
10
25
20
-20
10
25
20
20
10
-25
20
20
1001
CONDUITCAD
1000
{"id":"master-pneu-shuttle-0"}
0
LINE
5
4FD
330
743
100
AcDbEntity
8
0
62
0
6
CONTINUOUS
100
AcDbLine
10
-45
20
0
30
0
11
-25
21
0
31
0
1001
CONDUITCAD
1000
{"id":"master-pneu-shuttle-1"}
0
LINE
5
4FE
330
743
100
AcDbEntity
8
0
62
0
6
CONTINUOUS
100
AcDbLine
10
25
20
0
30
0
11
45
21
0
31
0
1001
CONDUITCAD
1000
{"id":"master-pneu-shuttle-2"}
0
CIRCLE
5
4FF
330
743
100
AcDbEntity
8
0
62
0
6
CONTINUOUS
100
AcDbCircle
10
8
20
0
30
0
40
8
1001
CONDUITCAD
1000
{"id":"master-pneu-shuttle-3"}
0
LWPOLYLINE
5
500
330
743
100
AcDbEntity
8
0
62
0
6
CONTINUOUS
100
AcDbPolyline
90
3
70
0
10
-20
20
-12
10
-8
20
0
10
-20
20
12
1001
CONDUITCAD
1000
{"id":"master-pneu-shuttle-4"}
0
LINE
5
501
330
743
100
AcDbEntity
8
0
62
0
6
CONTINUOUS
100
AcDbLine
10
0
20
20
30
0
11
0
21
45
31
0
1001
CONDUITCAD
1000
{"id":"master-pneu-shuttle-5"}
0
ENDBLK
5
8C2
330
743
100
AcDbEntity
8
0
100
AcDbBlockEnd
0
BLOCK
5
8C3
330
744
100
AcDbEntity
8
0
100
AcDbBlockBegin
2
CC_PNEU_PLUG
70
0
10
0
20
0
30
0
3
CC_PNEU_PLUG
1

1001
CONDUITCAD
1000
{"ports":[{"name":"terminal","x":0,"y":-45,"dx":0,"dy":-1,"medium":"pneumatic","role":"connection"}],"symbol":{"name":"Plugged port","category":"Pneumatics","group":"Connections","geometryRevision":3,
1000
"standardRefs":["ISO-1219-1","NFPC-FLUID"],"convention":"ISO-1219-1 / NFPC-FLUID family","conformity":"Original master; not standards-certified","normativeEntry":null,"review":{"level":"geometry-and-c
1000
onvention","dimensionalConformance":"not-verified","note":"New independently constructed CAD master with explicit terminal topology."},"aliases":["pneu plug"],"defaultLayer":"Pneumatics","labelOffset"
1000
:67,"extents":{"minX":-12,"minY":-45,"maxX":12,"maxY":0}}}
0
LINE
5
502
330
744
100
AcDbEntity
8
0
62
0
6
CONTINUOUS
100
AcDbLine
10
0
20
-45
30
0
11
0
21
0
31
0
1001
CONDUITCAD
1000
{"id":"master-pneu-plug-0"}
0
LINE
5
503
330
744
100
AcDbEntity
8
0
62
0
6
CONTINUOUS
100
AcDbLine
10
-12
20
0
30
0
11
12
21
0
31
0
1001
CONDUITCAD
1000
{"id":"master-pneu-plug-1"}
0
ENDBLK
5
8C4
330
744
100
AcDbEntity
8
0
100
AcDbBlockEnd
0
BLOCK
5
8C5
330
745
100
AcDbEntity
8
0
100
AcDbBlockBegin
2
CC_HYD_VALVE_43
70
0
10
0
20
0
30
0
3
CC_HYD_VALVE_43
1

1001
CONDUITCAD
1000
{"ports":[{"name":"A","x":-11,"y":45,"dx":0,"dy":1,"medium":"hydraulic","role":"connection"},{"name":"B","x":11,"y":45,"dx":0,"dy":1,"medium":"hydraulic","role":"connection"},{"name":"P","x":-11,"y":-
1000
45,"dx":0,"dy":-1,"medium":"hydraulic","role":"connection"},{"name":"T","x":11,"y":-45,"dx":0,"dy":-1,"medium":"hydraulic","role":"connection"}],"symbol":{"name":"4/3 valve \u00b7 closed centre","cate
1000
gory":"Hydraulics","group":"Directional valves","positions":3,"workingPorts":4,"normalState":"all ports closed","geometryRevision":3,"standardRefs":["ISO-1219-1","NFPC-FLUID"],"convention":"ISO-1219-1
1000
 / NFPC-FLUID family","conformity":"Original master; not standards-certified","normativeEntry":null,"review":{"level":"geometry-and-convention","dimensionalConformance":"not-verified","note":"New inde
1000
pendently constructed CAD master with explicit terminal topology."},"aliases":["hyd valve 43"],"defaultLayer":"Hydraulics","labelOffset":67,"extents":{"minX":-88,"minY":-45,"maxX":88,"maxY":45}}}
0
LWPOLYLINE
5
504
330
745
100
AcDbEntity
8
0
62
0
6
CONTINUOUS
100
AcDbPolyline
90
4
70
1
10
-66
20
-22
10
-22
20
-22
10
-22
20
22
10
-66
20
22
1001
CONDUITCAD
1000
{"id":"master-hyd-valve-43-0"}
0
LWPOLYLINE
5
505
330
745
100
AcDbEntity
8
0
62
0
6
CONTINUOUS
100
AcDbPolyline
90
4
70
1
10
-22
20
-22
10
22
20
-22
10
22
20
22
10
-22
20
22
1001
CONDUITCAD
1000
{"id":"master-hyd-valve-43-1"}
0
LWPOLYLINE
5
506
330
745
100
AcDbEntity
8
0
62
0
6
CONTINUOUS
100
AcDbPolyline
90
4
70
1
10
22
20
-22
10
66
20
-22
10
66
20
22
10
22
20
22
1001
CONDUITCAD
1000
{"id":"master-hyd-valve-43-2"}
0
LWPOLYLINE
5
507
330
745
100
AcDbEntity
8
0
62
0
6
CONTINUOUS
100
AcDbPolyline
90
10
70
0
10
-88
20
0
10
-85.8
20
0
10
-83.38
20
6
10
-80.96
20
-6
10
-78.53999999999999
20
6
10
-76.12
20
-6
10
-73.7
20
6
10
-71.28
20
-6
10
-68.2
20
0
10
-66
20
0
1001
CONDUITCAD
1000
{"id":"master-hyd-valve-43-3"}
0
LWPOLYLINE
5
508
330
745
100
AcDbEntity
8
0
62
0
6
CONTINUOUS
100
AcDbPolyline
90
10
70
0
10
66
20
0
10
68.2
20
0
10
70.62
20
6
10
73.04
20
-6
10
75.46000000000001
20
6
10
77.88
20
-6
10
80.3
20
6
10
82.72
20
-6
10
85.8
20
0
10
88
20
0
1001
CONDUITCAD
1000
{"id":"master-hyd-valve-43-4"}
0
LINE
5
509
330
745
100
AcDbEntity
8
0
62
0
6
CONTINUOUS
100
AcDbLine
10
-11
20
22
30
0
11
-11
21
45
31
0
1001
CONDUITCAD
1000
{"id":"master-hyd-valve-43-5"}
0
LINE
5
50A
330
745
100
AcDbEntity
8
0
62
0
6
CONTINUOUS
100
AcDbLine
10
-11
20
-22
30
0
11
-11
21
-45
31
0
1001
CONDUITCAD
1000
{"id":"master-hyd-valve-43-6"}
0
LINE
5
50B
330
745
100
AcDbEntity
8
0
62
0
6
CONTINUOUS
100
AcDbLine
10
-11
20
22
30
0
11
-11
21
10
31
0
1001
CONDUITCAD
1000
{"id":"master-hyd-valve-43-7"}
0
LINE
5
50C
330
745
100
AcDbEntity
8
0
62
0
6
CONTINUOUS
100
AcDbLine
10
-16
20
10
30
0
11
-6
21
10
31
0
1001
CONDUITCAD
1000
{"id":"master-hyd-valve-43-8"}
0
LINE
5
50D
330
745
100
AcDbEntity
8
0
62
0
6
CONTINUOUS
100
AcDbLine
10
11
20
22
30
0
11
11
21
45
31
0
1001
CONDUITCAD
1000
{"id":"master-hyd-valve-43-9"}
0
LINE
5
50E
330
745
100
AcDbEntity
8
0
62
0
6
CONTINUOUS
100
AcDbLine
10
11
20
-22
30
0
11
11
21
-45
31
0
1001
CONDUITCAD
1000
{"id":"master-hyd-valve-43-10"}
0
LINE
5
50F
330
745
100
AcDbEntity
8
0
62
0
6
CONTINUOUS
100
AcDbLine
10
11
20
22
30
0
11
11
21
10
31
0
1001
CONDUITCAD
1000
{"id":"master-hyd-valve-43-11"}
0
LINE
5
510
330
745
100
AcDbEntity
8
0
62
0
6
CONTINUOUS
100
AcDbLine
10
6
20
10
30
0
11
16
21
10
31
0
1001
CONDUITCAD
1000
{"id":"master-hyd-valve-43-12"}
0
LINE
5
511
330
745
100
AcDbEntity
8
0
62
0
6
CONTINUOUS
100
AcDbLine
10
-11
20
-22
30
0
11
-11
21
-10
31
0
1001
CONDUITCAD
1000
{"id":"master-hyd-valve-43-13"}
0
LINE
5
512
330
745
100
AcDbEntity
8
0
62
0
6
CONTINUOUS
100
AcDbLine
10
-16
20
-10
30
0
11
-6
21
-10
31
0
1001
CONDUITCAD
1000
{"id":"master-hyd-valve-43-14"}
0
LINE
5
513
330
745
100
AcDbEntity
8
0
62
0
6
CONTINUOUS
100
AcDbLine
10
11
20
-22
30
0
11
11
21
-10
31
0
1001
CONDUITCAD
1000
{"id":"master-hyd-valve-43-15"}
0
LINE
5
514
330
745
100
AcDbEntity
8
0
62
0
6
CONTINUOUS
100
AcDbLine
10
6
20
-10
30
0
11
16
21
-10
31
0
1001
CONDUITCAD
1000
{"id":"master-hyd-valve-43-16"}
0
LINE
5
515
330
745
100
AcDbEntity
8
0
62
0
6
CONTINUOUS
100
AcDbLine
10
-55
20
-16
30
0
11
-33
21
16
31
0
1001
CONDUITCAD
1000
{"id":"master-hyd-valve-43-17"}
0
LWPOLYLINE
5
516
330
745
100
AcDbEntity
8
0
62
0
6
CONTINUOUS
100
AcDbPolyline
90
3
70
1
10
-33
20
16
10
-39.56143382143746
20
12.016272322698683
10
-34.36996969898145
20
8.447140738510171
1001
CONDUITCAD
1000
{"id":"master-hyd-valve-43-18"}
0
LINE
5
517
330
745
100
AcDbEntity
8
0
62
0
6
CONTINUOUS
100
AcDbLine
10
-55
20
16
30
0
11
-33
21
-16
31
0
1001
CONDUITCAD
1000
{"id":"master-hyd-valve-43-19"}
0
LWPOLYLINE
5
518
330
745
100
AcDbEntity
8
0
62
0
6
CONTINUOUS
100
AcDbPolyline
90
3
70
1
10
-33
20
-16
10
-34.36996969898145
20
-8.447140738510171
10
-39.56143382143746
20
-12.016272322698683
1001
CONDUITCAD
1000
{"id":"master-hyd-valve-43-20"}
0
LINE
5
519
330
745
100
AcDbEntity
8
0
62
0
6
CONTINUOUS
100
AcDbLine
10
33
20
-16
30
0
11
33
21
16
31
0
1001
CONDUITCAD
1000
{"id":"master-hyd-valve-43-21"}
0
LWPOLYLINE
5
51A
330
745
100
AcDbEntity
8
0
62
0
6
CONTINUOUS
100
AcDbPolyline
90
3
70
1
10
33
20
16
10
29.85
20
9
10
36.15
20
9
1001
CONDUITCAD
1000
{"id":"master-hyd-valve-43-22"}
0
LINE
5
51B
330
745
100
AcDbEntity
8
0
62
0
6
CONTINUOUS
100
AcDbLine
10
55
20
16
30
0
11
55
21
-16
31
0
1001
CONDUITCAD
1000
{"id":"master-hyd-valve-43-23"}
0
LWPOLYLINE
5
51C
330
745
100
AcDbEntity
8
0
62
0
6
CONTINUOUS
100
AcDbPolyline
90
3
70
1
10
55
20
-16
10
58.15
20
-9
10
51.85
20
-9
1001
CONDUITCAD
1000
{"id":"master-hyd-valve-43-24"}
0
ENDBLK
5
8C6
330
745
100
AcDbEntity
8
0
100
AcDbBlockEnd
0
BLOCK
5
8C7
330
746
100
AcDbEntity
8
0
100
AcDbBlockBegin
2
CC_HYD_VALVE_43_TANDEM
70
0
10
0
20
0
30
0
3
CC_HYD_VALVE_43_TANDEM
1

1001
CONDUITCAD
1000
{"ports":[{"name":"A","x":-11,"y":45,"dx":0,"dy":1,"medium":"hydraulic","role":"connection"},{"name":"B","x":11,"y":45,"dx":0,"dy":1,"medium":"hydraulic","role":"connection"},{"name":"P","x":-11,"y":-
1000
45,"dx":0,"dy":-1,"medium":"hydraulic","role":"connection"},{"name":"T","x":11,"y":-45,"dx":0,"dy":-1,"medium":"hydraulic","role":"connection"}],"symbol":{"name":"4/3 valve \u00b7 tandem centre","cate
1000
gory":"Hydraulics","group":"Directional valves","positions":3,"workingPorts":4,"normalState":"P to T; A/B blocked","geometryRevision":3,"standardRefs":["ISO-1219-1","NFPC-FLUID"],"convention":"ISO-121
1000
9-1 / NFPC-FLUID family","conformity":"Original master; not standards-certified","normativeEntry":null,"review":{"level":"geometry-and-convention","dimensionalConformance":"not-verified","note":"New i
1000
ndependently constructed CAD master with explicit terminal topology."},"aliases":["hyd valve 43 tandem"],"defaultLayer":"Hydraulics","labelOffset":67,"extents":{"minX":-88,"minY":-45,"maxX":88,"maxY":
1000
45}}}
0
LWPOLYLINE
5
51D
330
746
100
AcDbEntity
8
0
62
0
6
CONTINUOUS
100
AcDbPolyline
90
4
70
1
10
-66
20
-22
10
-22
20
-22
10
-22
20
22
10
-66
20
22
1001
CONDUITCAD
1000
{"id":"master-hyd-valve-43-tandem-0"}
0
LWPOLYLINE
5
51E
330
746
100
AcDbEntity
8
0
62
0
6
CONTINUOUS
100
AcDbPolyline
90
4
70
1
10
-22
20
-22
10
22
20
-22
10
22
20
22
10
-22
20
22
1001
CONDUITCAD
1000
{"id":"master-hyd-valve-43-tandem-1"}
0
LWPOLYLINE
5
51F
330
746
100
AcDbEntity
8
0
62
0
6
CONTINUOUS
100
AcDbPolyline
90
4
70
1
10
22
20
-22
10
66
20
-22
10
66
20
22
10
22
20
22
1001
CONDUITCAD
1000
{"id":"master-hyd-valve-43-tandem-2"}
0
LWPOLYLINE
5
520
330
746
100
AcDbEntity
8
0
62
0
6
CONTINUOUS
100
AcDbPolyline
90
10
70
0
10
-88
20
0
10
-85.8
20
0
10
-83.38
20
6
10
-80.96
20
-6
10
-78.53999999999999
20
6
10
-76.12
20
-6
10
-73.7
20
6
10
-71.28
20
-6
10
-68.2
20
0
10
-66
20
0
1001
CONDUITCAD
1000
{"id":"master-hyd-valve-43-tandem-3"}
0
LWPOLYLINE
5
521
330
746
100
AcDbEntity
8
0
62
0
6
CONTINUOUS
100
AcDbPolyline
90
10
70
0
10
66
20
0
10
68.2
20
0
10
70.62
20
6
10
73.04
20
-6
10
75.46000000000001
20
6
10
77.88
20
-6
10
80.3
20
6
10
82.72
20
-6
10
85.8
20
0
10
88
20
0
1001
CONDUITCAD
1000
{"id":"master-hyd-valve-43-tandem-4"}
0
LINE
5
522
330
746
100
AcDbEntity
8
0
62
0
6
CONTINUOUS
100
AcDbLine
10
-11
20
22
30
0
11
-11
21
45
31
0
1001
CONDUITCAD
1000
{"id":"master-hyd-valve-43-tandem-5"}
0
LINE
5
523
330
746
100
AcDbEntity
8
0
62
0
6
CONTINUOUS
100
AcDbLine
10
-11
20
-22
30
0
11
-11
21
-45
31
0
1001
CONDUITCAD
1000
{"id":"master-hyd-valve-43-tandem-6"}
0
LINE
5
524
330
746
100
AcDbEntity
8
0
62
0
6
CONTINUOUS
100
AcDbLine
10
-11
20
22
30
0
11
-11
21
10
31
0
1001
CONDUITCAD
1000
{"id":"master-hyd-valve-43-tandem-7"}
0
LINE
5
525
330
746
100
AcDbEntity
8
0
62
0
6
CONTINUOUS
100
AcDbLine
10
-16
20
10
30
0
11
-6
21
10
31
0
1001
CONDUITCAD
1000
{"id":"master-hyd-valve-43-tandem-8"}
0
LINE
5
526
330
746
100
AcDbEntity
8
0
62
0
6
CONTINUOUS
100
AcDbLine
10
11
20
22
30
0
11
11
21
45
31
0
1001
CONDUITCAD
1000
{"id":"master-hyd-valve-43-tandem-9"}
0
LINE
5
527
330
746
100
AcDbEntity
8
0
62
0
6
CONTINUOUS
100
AcDbLine
10
11
20
-22
30
0
11
11
21
-45
31
0
1001
CONDUITCAD
1000
{"id":"master-hyd-valve-43-tandem-10"}
0
LINE
5
528
330
746
100
AcDbEntity
8
0
62
0
6
CONTINUOUS
100
AcDbLine
10
11
20
22
30
0
11
11
21
10
31
0
1001
CONDUITCAD
1000
{"id":"master-hyd-valve-43-tandem-11"}
0
LINE
5
529
330
746
100
AcDbEntity
8
0
62
0
6
CONTINUOUS
100
AcDbLine
10
6
20
10
30
0
11
16
21
10
31
0
1001
CONDUITCAD
1000
{"id":"master-hyd-valve-43-tandem-12"}
0
LWPOLYLINE
5
52A
330
746
100
AcDbEntity
8
0
62
0
6
CONTINUOUS
100
AcDbPolyline
90
4
70
0
10
-11
20
-22
10
-11
20
-5
10
11
20
-5
10
11
20
-22
1001
CONDUITCAD
1000
{"id":"master-hyd-valve-43-tandem-13"}
0
LINE
5
52B
330
746
100
AcDbEntity
8
0
62
0
6
CONTINUOUS
100
AcDbLine
10
-55
20
-16
30
0
11
-33
21
16
31
0
1001
CONDUITCAD
1000
{"id":"master-hyd-valve-43-tandem-14"}
0
LWPOLYLINE
5
52C
330
746
100
AcDbEntity
8
0
62
0
6
CONTINUOUS
100
AcDbPolyline
90
3
70
1
10
-33
20
16
10
-39.56143382143746
20
12.016272322698683
10
-34.36996969898145
20
8.447140738510171
1001
CONDUITCAD
1000
{"id":"master-hyd-valve-43-tandem-15"}
0
LINE
5
52D
330
746
100
AcDbEntity
8
0
62
0
6
CONTINUOUS
100
AcDbLine
10
-55
20
16
30
0
11
-33
21
-16
31
0
1001
CONDUITCAD
1000
{"id":"master-hyd-valve-43-tandem-16"}
0
LWPOLYLINE
5
52E
330
746
100
AcDbEntity
8
0
62
0
6
CONTINUOUS
100
AcDbPolyline
90
3
70
1
10
-33
20
-16
10
-34.36996969898145
20
-8.447140738510171
10
-39.56143382143746
20
-12.016272322698683
1001
CONDUITCAD
1000
{"id":"master-hyd-valve-43-tandem-17"}
0
LINE
5
52F
330
746
100
AcDbEntity
8
0
62
0
6
CONTINUOUS
100
AcDbLine
10
33
20
-16
30
0
11
33
21
16
31
0
1001
CONDUITCAD
1000
{"id":"master-hyd-valve-43-tandem-18"}
0
LWPOLYLINE
5
530
330
746
100
AcDbEntity
8
0
62
0
6
CONTINUOUS
100
AcDbPolyline
90
3
70
1
10
33
20
16
10
29.85
20
9
10
36.15
20
9
1001
CONDUITCAD
1000
{"id":"master-hyd-valve-43-tandem-19"}
0
LINE
5
531
330
746
100
AcDbEntity
8
0
62
0
6
CONTINUOUS
100
AcDbLine
10
55
20
16
30
0
11
55
21
-16
31
0
1001
CONDUITCAD
1000
{"id":"master-hyd-valve-43-tandem-20"}
0
LWPOLYLINE
5
532
330
746
100
AcDbEntity
8
0
62
0
6
CONTINUOUS
100
AcDbPolyline
90
3
70
1
10
55
20
-16
10
58.15
20
-9
10
51.85
20
-9
1001
CONDUITCAD
1000
{"id":"master-hyd-valve-43-tandem-21"}
0
ENDBLK
5
8C8
330
746
100
AcDbEntity
8
0
100
AcDbBlockEnd
0
BLOCK
5
8C9
330
747
100
AcDbEntity
8
0
100
AcDbBlockBegin
2
CC_HYD_RESERVOIR
70
0
10
0
20
0
30
0
3
CC_HYD_RESERVOIR
1

1001
CONDUITCAD
1000
{"ports":[{"name":"suction","x":-11,"y":45,"dx":0,"dy":1,"medium":"hydraulic","role":"connection"},{"name":"return","x":11,"y":45,"dx":0,"dy":1,"medium":"hydraulic","role":"connection"}],"symbol":{"na
1000
me":"Vented hydraulic reservoir","category":"Hydraulics","group":"Sources & drives","geometryRevision":3,"standardRefs":["ISO-1219-1","NFPC-FLUID"],"convention":"ISO-1219-1 / NFPC-FLUID family","confo
1000
rmity":"Original master; not standards-certified","normativeEntry":null,"review":{"level":"geometry-and-convention","dimensionalConformance":"not-verified","note":"New independently constructed CAD ma
1000
ster with explicit terminal topology."},"aliases":["hyd reservoir"],"defaultLayer":"Hydraulics","labelOffset":48,"extents":{"minX":-30,"minY":-22,"maxX":30,"maxY":45}}}
0
LWPOLYLINE
5
533
330
747
100
AcDbEntity
8
0
62
0
6
CONTINUOUS
100
AcDbPolyline
90
4
70
0
10
-30
20
20
10
-30
20
-22
10
30
20
-22
10
30
20
20
1001
CONDUITCAD
1000
{"id":"master-hyd-reservoir-0"}
0
LINE
5
534
330
747
100
AcDbEntity
8
0
62
0
6
CONTINUOUS
100
AcDbLine
10
-11
20
45
30
0
11
-11
21
-8
31
0
1001
CONDUITCAD
1000
{"id":"master-hyd-reservoir-1"}
0
LINE
5
535
330
747
100
AcDbEntity
8
0
62
0
6
CONTINUOUS
100
AcDbLine
10
11
20
45
30
0
11
11
21
-8
31
0
1001
CONDUITCAD
1000
{"id":"master-hyd-reservoir-2"}
0
LINE
5
536
330
747
100
AcDbEntity
8
0
62
0
6
CONTINUOUS
100
AcDbLine
10
-25
20
0
30
0
11
25
21
0
31
0
1001
CONDUITCAD
1000
{"id":"master-hyd-reservoir-3"}
0
ENDBLK
5
8CA
330
747
100
AcDbEntity
8
0
100
AcDbBlockEnd
0
BLOCK
5
8CB
330
748
100
AcDbEntity
8
0
100
AcDbBlockBegin
2
CC_HYD_ACCUMULATOR
70
0
10
0
20
0
30
0
3
CC_HYD_ACCUMULATOR
1

1001
CONDUITCAD
1000
{"ports":[{"name":"fluid","x":0,"y":-60,"dx":0,"dy":-1,"medium":"hydraulic","role":"connection"}],"symbol":{"name":"Bladder accumulator","category":"Hydraulics","group":"Sources & drives","geometryRev
1000
ision":3,"standardRefs":["ISO-1219-1","NFPC-FLUID"],"convention":"ISO-1219-1 / NFPC-FLUID family","conformity":"Original master; not standards-certified","normativeEntry":null,"review":{"level":"geome
1000
try-and-convention","dimensionalConformance":"not-verified","note":"New independently constructed CAD master with explicit terminal topology."},"aliases":["hyd accumulator"],"defaultLayer":"Hydraulics
1000
","labelOffset":82,"extents":{"minX":-21,"minY":-60,"maxX":21,"maxY":45}}}
0
LINE
5
537
330
748
100
AcDbEntity
8
0
62
0
6
CONTINUOUS
100
AcDbLine
10
-21
20
-24
30
0
11
-21
21
24
31
0
1001
CONDUITCAD
1000
{"id":"master-hyd-accumulator-0"}
0
ARC
5
538
330
748
100
AcDbEntity
8
0
62
0
6
CONTINUOUS
100
AcDbCircle
10
0
20
24
30
0
40
21
100
AcDbArc
50
0
51
180
1001
CONDUITCAD
1000
{"id":"master-hyd-accumulator-1"}
0
LINE
5
539
330
748
100
AcDbEntity
8
0
62
0
6
CONTINUOUS
100
AcDbLine
10
21
20
24
30
0
11
21
21
-24
31
0
1001
CONDUITCAD
1000
{"id":"master-hyd-accumulator-2"}
0
ARC
5
53A
330
748
100
AcDbEntity
8
0
62
0
6
CONTINUOUS
100
AcDbCircle
10
0
20
-24
30
0
40
21
100
AcDbArc
50
180
51
360
1001
CONDUITCAD
1000
{"id":"master-hyd-accumulator-3"}
0
LINE
5
53B
330
748
100
AcDbEntity
8
0
62
0
6
CONTINUOUS
100
AcDbLine
10
0
20
-45
30
0
11
0
21
-60
31
0
1001
CONDUITCAD
1000
{"id":"master-hyd-accumulator-4"}
0
ELLIPSE
5
53C
330
748
100
AcDbEntity
8
0
62
0
6
CONTINUOUS
100
AcDbEllipse
10
0
20
3
30
0
11
21
21
0
31
0
40
0.5714285714285714
41
3.141592653589793
42
6.283185307179586
1001
CONDUITCAD
1000
{"id":"master-hyd-accumulator-5"}
0
LWPOLYLINE
5
53D
330
748
100
AcDbEntity
8
0
62
0
6
CONTINUOUS
100
AcDbPolyline
90
3
70
1
10
-6
20
17
10
6
20
17
10
0
20
7
1001
CONDUITCAD
1000
{"id":"master-hyd-accumulator-6"}
0
ENDBLK
5
8CC
330
748
100
AcDbEntity
8
0
100
AcDbBlockEnd
0
BLOCK
5
8CD
330
749
100
AcDbEntity
8
0
100
AcDbBlockBegin
2
CC_HYD_RELIEF
70
0
10
0
20
0
30
0
3
CC_HYD_RELIEF
1

1001
CONDUITCAD
1000
{"ports":[{"name":"in","x":-45,"y":0,"dx":-1,"dy":0,"medium":"hydraulic","role":"connection"},{"name":"out","x":45,"y":0,"dx":1,"dy":0,"medium":"hydraulic","role":"connection"}],"symbol":{"name":"Pres
1000
sure relief valve","category":"Hydraulics","group":"Flow & pressure","geometryRevision":3,"standardRefs":["ISO-1219-1","NFPC-FLUID"],"convention":"ISO-1219-1 / NFPC-FLUID family","conformity":"Origina
1000
l master; not standards-certified","normativeEntry":null,"review":{"level":"geometry-and-convention","dimensionalConformance":"not-verified","note":"New independently constructed CAD master with expli
1000
cit terminal topology."},"aliases":["hyd relief"],"defaultLayer":"Hydraulics","labelOffset":56,"extents":{"minX":-45,"minY":-34,"maxX":45,"maxY":48}}}
0
LWPOLYLINE
5
53E
330
749
100
AcDbEntity
8
0
62
0
6
CONTINUOUS
100
AcDbPolyline
90
4
70
1
10
-22
20
-22
10
22
20
-22
10
22
20
22
10
-22
20
22
1001
CONDUITCAD
1000
{"id":"master-hyd-relief-0"}
0
LINE
5
53F
330
749
100
AcDbEntity
8
0
62
0
6
CONTINUOUS
100
AcDbLine
10
-45
20
0
30
0
11
-22
21
0
31
0
1001
CONDUITCAD
1000
{"id":"master-hyd-relief-1"}
0
LINE
5
540
330
749
100
AcDbEntity
8
0
62
0
6
CONTINUOUS
100
AcDbLine
10
22
20
0
30
0
11
45
21
0
31
0
1001
CONDUITCAD
1000
{"id":"master-hyd-relief-2"}
0
LINE
5
541
330
749
100
AcDbEntity
8
0
62
0
6
CONTINUOUS
100
AcDbLine
10
-16
20
0
30
0
11
16
21
0
31
0
1001
CONDUITCAD
1000
{"id":"master-hyd-relief-3"}
0
SOLID
5
542
330
749
100
AcDbEntity
8
0
62
0
6
CONTINUOUS
100
AcDbTrace
10
16
20
0
30
0
11
9
21
3.15
31
0
12
9
22
-3.15
32
0
13
9
23
-3.15
33
0
1001
CONDUITCAD
1000
{"id":"master-hyd-relief-4"}
0
LWPOLYLINE
5
543
330
749
100
AcDbEntity
8
0
62
0
6
CONTINUOUS
100
AcDbPolyline
90
10
70
0
10
0
20
22
10
0
20
24.6
10
6
20
27.46
10
-6
20
30.32
10
6
20
33.18
10
-6
20
36.04
10
6
20
38.900000000000006
10
-6
20
41.760000000000005
10
0
20
45.400000000000006
10
0
20
48
1001
CONDUITCAD
1000
{"id":"master-hyd-relief-5"}
0
LWPOLYLINE
5
544
330
749
100
AcDbEntity
8
0
62
0
6
CC_DASH_4_3
100
AcDbPolyline
90
4
70
0
10
-34
20
0
10
-34
20
-34
10
0
20
-34
10
0
20
-22
1001
CONDUITCAD
1000
{"id":"master-hyd-relief-6","dash":[4,3]}
0
ENDBLK
5
8CE
330
749
100
AcDbEntity
8
0
100
AcDbBlockEnd
0
BLOCK
5
8CF
330
74A
100
AcDbEntity
8
0
100
AcDbBlockBegin
2
CC_PNEU_DRYER
70
0
10
0
20
0
30
0
3
CC_PNEU_DRYER
1

1001
CONDUITCAD
1000
{"ports":[{"name":"in","x":-45,"y":0,"dx":-1,"dy":0,"medium":"pneumatic","role":"connection"},{"name":"out","x":45,"y":0,"dx":1,"dy":0,"medium":"pneumatic","role":"connection"}],"symbol":{"name":"Air 
1000
dryer","category":"Pneumatics","group":"Conditioning","geometryRevision":3,"standardRefs":["ISO-1219-1","NFPC-FLUID"],"convention":"ISO-1219-1 / NFPC-FLUID family","conformity":"Original master; not s
1000
tandards-certified","normativeEntry":null,"review":{"level":"geometry-and-convention","dimensionalConformance":"not-verified","note":"New independently constructed CAD master with explicit terminal to
1000
pology."},"aliases":["pneu dryer"],"defaultLayer":"Pneumatics","labelOffset":50,"extents":{"minX":-45,"minY":-28,"maxX":45,"maxY":28}}}
0
LWPOLYLINE
5
545
330
74A
100
AcDbEntity
8
0
62
0
6
CONTINUOUS
100
AcDbPolyline
90
4
70
1
10
-28
20
0
10
0
20
28
10
28
20
0
10
0
20
-28
1001
CONDUITCAD
1000
{"id":"master-pneu-dryer-0"}
0
LINE
5
546
330
74A
100
AcDbEntity
8
0
62
0
6
CONTINUOUS
100
AcDbLine
10
-45
20
0
30
0
11
-28
21
0
31
0
1001
CONDUITCAD
1000
{"id":"master-pneu-dryer-1"}
0
LINE
5
547
330
74A
100
AcDbEntity
8
0
62
0
6
CONTINUOUS
100
AcDbLine
10
28
20
0
30
0
11
45
21
0
31
0
1001
CONDUITCAD
1000
{"id":"master-pneu-dryer-2"}
0
LINE
5
548
330
74A
100
AcDbEntity
8
0
62
0
6
CONTINUOUS
100
AcDbLine
10
-9
20
-19
30
0
11
-9
21
19
31
0
1001
CONDUITCAD
1000
{"id":"master-pneu-dryer-3"}
0
LINE
5
549
330
74A
100
AcDbEntity
8
0
62
0
6
CONTINUOUS
100
AcDbLine
10
9
20
-19
30
0
11
9
21
19
31
0
1001
CONDUITCAD
1000
{"id":"master-pneu-dryer-4"}
0
ENDBLK
5
8D0
330
74A
100
AcDbEntity
8
0
100
AcDbBlockEnd
0
BLOCK
5
8D1
330
74B
100
AcDbEntity
8
0
100
AcDbBlockBegin
2
CC_PNEU_LUBRICATOR
70
0
10
0
20
0
30
0
3
CC_PNEU_LUBRICATOR
1

1001
CONDUITCAD
1000
{"ports":[{"name":"in","x":-45,"y":0,"dx":-1,"dy":0,"medium":"pneumatic","role":"connection"},{"name":"out","x":45,"y":0,"dx":1,"dy":0,"medium":"pneumatic","role":"connection"}],"symbol":{"name":"Air 
1000
lubricator","category":"Pneumatics","group":"Conditioning","geometryRevision":3,"standardRefs":["ISO-1219-1","NFPC-FLUID"],"convention":"ISO-1219-1 / NFPC-FLUID family","conformity":"Original master; 
1000
not standards-certified","normativeEntry":null,"review":{"level":"geometry-and-convention","dimensionalConformance":"not-verified","note":"New independently constructed CAD master with explicit termin
1000
al topology."},"aliases":["pneu lubricator"],"defaultLayer":"Pneumatics","labelOffset":50,"extents":{"minX":-45,"minY":-28,"maxX":45,"maxY":28}}}
0
LWPOLYLINE
5
54A
330
74B
100
AcDbEntity
8
0
62
0
6
CONTINUOUS
100
AcDbPolyline
90
4
70
1
10
-28
20
0
10
0
20
28
10
28
20
0
10
0
20
-28
1001
CONDUITCAD
1000
{"id":"master-pneu-lubricator-0"}
0
LINE
5
54B
330
74B
100
AcDbEntity
8
0
62
0
6
CONTINUOUS
100
AcDbLine
10
-45
20
0
30
0
11
-28
21
0
31
0
1001
CONDUITCAD
1000
{"id":"master-pneu-lubricator-1"}
0
LINE
5
54C
330
74B
100
AcDbEntity
8
0
62
0
6
CONTINUOUS
100
AcDbLine
10
28
20
0
30
0
11
45
21
0
31
0
1001
CONDUITCAD
1000
{"id":"master-pneu-lubricator-2"}
0
LWPOLYLINE
5
54D
330
74B
100
AcDbEntity
8
0
62
0
6
CONTINUOUS
100
AcDbPolyline
90
4
70
1
10
0
20
13
10
-6
20
0
10
0
20
-7
10
6
20
0
1001
CONDUITCAD
1000
{"id":"master-pneu-lubricator-3"}
0
ENDBLK
5
8D2
330
74B
100
AcDbEntity
8
0
100
AcDbBlockEnd
0
BLOCK
5
8D3
330
74C
100
AcDbEntity
8
0
100
AcDbBlockBegin
2
CC_PNEU_REGULATOR
70
0
10
0
20
0
30
0
3
CC_PNEU_REGULATOR
1

1001
CONDUITCAD
1000
{"ports":[{"name":"in","x":-45,"y":0,"dx":-1,"dy":0,"medium":"pneumatic","role":"connection"},{"name":"out","x":45,"y":0,"dx":1,"dy":0,"medium":"pneumatic","role":"connection"}],"symbol":{"name":"Pres
1000
sure regulator","category":"Pneumatics","group":"Conditioning","geometryRevision":3,"standardRefs":["ISO-1219-1","NFPC-FLUID"],"convention":"ISO-1219-1 / NFPC-FLUID family","conformity":"Original mast
1000
er; not standards-certified","normativeEntry":null,"review":{"level":"geometry-and-convention","dimensionalConformance":"not-verified","note":"New independently constructed CAD master with explicit te
1000
rminal topology."},"aliases":["pneu regulator"],"defaultLayer":"Pneumatics","labelOffset":48,"extents":{"minX":-45,"minY":-22,"maxX":45,"maxY":50}}}
0
LWPOLYLINE
5
54E
330
74C
100
AcDbEntity
8
0
62
0
6
CONTINUOUS
100
AcDbPolyline
90
4
70
1
10
-22
20
-22
10
22
20
-22
10
22
20
22
10
-22
20
22
1001
CONDUITCAD
1000
{"id":"master-pneu-regulator-0"}
0
LINE
5
54F
330
74C
100
AcDbEntity
8
0
62
0
6
CONTINUOUS
100
AcDbLine
10
-45
20
0
30
0
11
-22
21
0
31
0
1001
CONDUITCAD
1000
{"id":"master-pneu-regulator-1"}
0
LINE
5
550
330
74C
100
AcDbEntity
8
0
62
0
6
CONTINUOUS
100
AcDbLine
10
22
20
0
30
0
11
45
21
0
31
0
1001
CONDUITCAD
1000
{"id":"master-pneu-regulator-2"}
0
LINE
5
551
330
74C
100
AcDbEntity
8
0
62
0
6
CONTINUOUS
100
AcDbLine
10
-16
20
0
30
0
11
16
21
0
31
0
1001
CONDUITCAD
1000
{"id":"master-pneu-regulator-3"}
0
LWPOLYLINE
5
552
330
74C
100
AcDbEntity
8
0
62
0
6
CONTINUOUS
100
AcDbPolyline
90
3
70
1
10
16
20
0
10
9
20
3.15
10
9
20
-3.15
1001
CONDUITCAD
1000
{"id":"master-pneu-regulator-4"}
0
LWPOLYLINE
5
553
330
74C
100
AcDbEntity
8
0
62
0
6
CONTINUOUS
100
AcDbPolyline
90
10
70
0
10
0
20
22
10
0
20
24.5
10
6
20
27.25
10
-6
20
30
10
6
20
32.75
10
-6
20
35.5
10
6
20
38.25
10
-6
20
41
10
0
20
44.5
10
0
20
47
1001
CONDUITCAD
1000
{"id":"master-pneu-regulator-5"}
0
LINE
5
554
330
74C
100
AcDbEntity
8
0
62
0
6
CONTINUOUS
100
AcDbLine
10
-15
20
28
30
0
11
15
21
50
31
0
1001
CONDUITCAD
1000
{"id":"master-pneu-regulator-6"}
0
LWPOLYLINE
5
555
330
74C
100
AcDbEntity
8
0
62
0
6
CONTINUOUS
100
AcDbPolyline
90
3
70
1
10
15
20
50
10
7.49236948858338
20
48.40063009155285
10
11.21796056943674
20
43.320278617661906
1001
CONDUITCAD
1000
{"id":"master-pneu-regulator-7"}
0
ENDBLK
5
8D4
330
74C
100
AcDbEntity
8
0
100
AcDbBlockEnd
0
BLOCK
5
8D5
330
74D
100
AcDbEntity
8
0
100
AcDbBlockBegin
2
CC_PNEU_EXHAUST
70
0
10
0
20
0
30
0
3
CC_PNEU_EXHAUST
1

1001
CONDUITCAD
1000
{"ports":[{"name":"exhaust","x":0,"y":45,"dx":0,"dy":1,"medium":"pneumatic","role":"connection"}],"symbol":{"name":"Exhaust to atmosphere","category":"Pneumatics","group":"Connections","geometryRevisi
1000
on":3,"standardRefs":["ISO-1219-1","NFPC-FLUID"],"convention":"ISO-1219-1 / NFPC-FLUID family","conformity":"Original master; not standards-certified","normativeEntry":null,"review":{"level":"geometry
1000
-and-convention","dimensionalConformance":"not-verified","note":"New independently constructed CAD master with explicit terminal topology."},"aliases":["pneu exhaust"],"defaultLayer":"Pneumatics","lab
1000
elOffset":48,"extents":{"minX":-10,"minY":-12,"maxX":10,"maxY":45}}}
0
LINE
5
556
330
74D
100
AcDbEntity
8
0
62
0
6
CONTINUOUS
100
AcDbLine
10
0
20
45
30
0
11
0
21
6
31
0
1001
CONDUITCAD
1000
{"id":"master-pneu-exhaust-0"}
0
LWPOLYLINE
5
557
330
74D
100
AcDbEntity
8
0
62
0
6
CONTINUOUS
100
AcDbPolyline
90
3
70
1
10
-10
20
6
10
10
20
6
10
0
20
-12
1001
CONDUITCAD
1000
{"id":"master-pneu-exhaust-1"}
0
ENDBLK
5
8D6
330
74D
100
AcDbEntity
8
0
100
AcDbBlockEnd
0
BLOCK
5
8D7
330
74E
100
AcDbEntity
8
0
100
AcDbBlockBegin
2
CC_PNEU_SILENCER
70
0
10
0
20
0
30
0
3
CC_PNEU_SILENCER
1

1001
CONDUITCAD
1000
{"ports":[{"name":"exhaust","x":0,"y":45,"dx":0,"dy":1,"medium":"pneumatic","role":"connection"}],"symbol":{"name":"Exhaust silencer","category":"Pneumatics","group":"Connections","geometryRevision":3
1000
,"standardRefs":["ISO-1219-1","NFPC-FLUID"],"convention":"ISO-1219-1 / NFPC-FLUID family","conformity":"Original master; not standards-certified","normativeEntry":null,"review":{"level":"geometry-and-
1000
convention","dimensionalConformance":"not-verified","note":"New independently constructed CAD master with explicit terminal topology."},"aliases":["pneu silencer"],"defaultLayer":"Pneumatics","labelOf
1000
fset":48,"extents":{"minX":-16,"minY":-18,"maxX":16,"maxY":45}}}
0
LINE
5
558
330
74E
100
AcDbEntity
8
0
62
0
6
CONTINUOUS
100
AcDbLine
10
0
20
45
30
0
11
0
21
18
31
0
1001
CONDUITCAD
1000
{"id":"master-pneu-silencer-0"}
0
LWPOLYLINE
5
559
330
74E
100
AcDbEntity
8
0
62
0
6
CONTINUOUS
100
AcDbPolyline
90
4
70
1
10
-16
20
-18
10
16
20
-18
10
16
20
18
10
-16
20
18
1001
CONDUITCAD
1000
{"id":"master-pneu-silencer-1"}
0
LINE
5
55A
330
74E
100
AcDbEntity
8
0
62
0
6
CC_DASH_2_3
100
AcDbLine
10
-10
20
-14
30
0
11
-10
21
14
31
0
1001
CONDUITCAD
1000
{"id":"master-pneu-silencer-2","dash":[2,3]}
0
LINE
5
55B
330
74E
100
AcDbEntity
8
0
62
0
6
CC_DASH_2_3
100
AcDbLine
10
0
20
-14
30
0
11
0
21
14
31
0
1001
CONDUITCAD
1000
{"id":"master-pneu-silencer-3","dash":[2,3]}
0
LINE
5
55C
330
74E
100
AcDbEntity
8
0
62
0
6
CC_DASH_2_3
100
AcDbLine
10
10
20
-14
30
0
11
10
21
14
31
0
1001
CONDUITCAD
1000
{"id":"master-pneu-silencer-4","dash":[2,3]}
0
ENDBLK
5
8D8
330
74E
100
AcDbEntity
8
0
100
AcDbBlockEnd
0
BLOCK
5
8D9
330
74F
100
AcDbEntity
8
0
100
AcDbBlockBegin
2
CC_HVAC_FAN
70
0
10
0
20
0
30
0
3
CC_HVAC_FAN
1

1001
CONDUITCAD
1000
{"ports":[{"name":"in","x":-45,"y":0,"dx":-1,"dy":0,"medium":"air","role":"connection"},{"name":"out","x":45,"y":0,"dx":1,"dy":0,"medium":"air","role":"connection"}],"symbol":{"name":"Duct fan","categ
1000
ory":"HVAC","group":"Air & hydronic systems","geometryRevision":3,"standardRefs":["PROJECT"],"convention":"Explicit project drafting convention","conformity":"Original master; not standards-certified"
1000
,"normativeEntry":null,"review":{"level":"geometry-and-convention","dimensionalConformance":"not-verified","note":"New independently constructed CAD master with explicit terminal topology."},"aliases"
1000
:["hvac fan"],"defaultLayer":"HVAC","labelOffset":52,"extents":{"minX":-45,"minY":-30,"maxX":45,"maxY":30}}}
0
LWPOLYLINE
5
55D
330
74F
100
AcDbEntity
8
0
62
0
6
CONTINUOUS
100
AcDbPolyline
90
4
70
1
10
-32
20
-30
10
32
20
-30
10
32
20
30
10
-32
20
30
1001
CONDUITCAD
1000
{"id":"master-hvac-fan-0"}
0
LINE
5
55E
330
74F
100
AcDbEntity
8
0
62
0
6
CONTINUOUS
100
AcDbLine
10
-45
20
0
30
0
11
-32
21
0
31
0
1001
CONDUITCAD
1000
{"id":"master-hvac-fan-1"}
0
LINE
5
55F
330
74F
100
AcDbEntity
8
0
62
0
6
CONTINUOUS
100
AcDbLine
10
32
20
0
30
0
11
45
21
0
31
0
1001
CONDUITCAD
1000
{"id":"master-hvac-fan-2"}
0
CIRCLE
5
560
330
74F
100
AcDbEntity
8
0
62
0
6
CONTINUOUS
100
AcDbCircle
10
0
20
0
30
0
40
24
1001
CONDUITCAD
1000
{"id":"master-hvac-fan-3"}
0
LINE
5
561
330
74F
100
AcDbEntity
8
0
62
0
6
CONTINUOUS
100
AcDbLine
10
-16
20
0
30
0
11
16
21
0
31
0
1001
CONDUITCAD
1000
{"id":"master-hvac-fan-4"}
0
LWPOLYLINE
5
562
330
74F
100
AcDbEntity
8
0
62
0
6
CONTINUOUS
100
AcDbPolyline
90
3
70
1
10
16
20
0
10
9
20
3.15
10
9
20
-3.15
1001
CONDUITCAD
1000
{"id":"master-hvac-fan-5"}
0
ENDBLK
5
8DA
330
74F
100
AcDbEntity
8
0
100
AcDbBlockEnd
0
BLOCK
5
8DB
330
750
100
AcDbEntity
8
0
100
AcDbBlockBegin
2
CC_HVAC_FILTER
70
0
10
0
20
0
30
0
3
CC_HVAC_FILTER
1

1001
CONDUITCAD
1000
{"ports":[{"name":"in","x":-45,"y":0,"dx":-1,"dy":0,"medium":"air","role":"connection"},{"name":"out","x":45,"y":0,"dx":1,"dy":0,"medium":"air","role":"connection"}],"symbol":{"name":"Duct filter","ca
1000
tegory":"HVAC","group":"Air & hydronic systems","geometryRevision":3,"standardRefs":["PROJECT"],"convention":"Explicit project drafting convention","conformity":"Original master; not standards-certifi
1000
ed","normativeEntry":null,"review":{"level":"geometry-and-convention","dimensionalConformance":"not-verified","note":"New independently constructed CAD master with explicit terminal topology."},"alias
1000
es":["hvac filter"],"defaultLayer":"HVAC","labelOffset":48,"extents":{"minX":-45,"minY":-25,"maxX":45,"maxY":25}}}
0
LWPOLYLINE
5
563
330
750
100
AcDbEntity
8
0
62
0
6
CONTINUOUS
100
AcDbPolyline
90
4
70
1
10
-30
20
-25
10
30
20
-25
10
30
20
25
10
-30
20
25
1001
CONDUITCAD
1000
{"id":"master-hvac-filter-0"}
0
LINE
5
564
330
750
100
AcDbEntity
8
0
62
0
6
CONTINUOUS
100
AcDbLine
10
-45
20
0
30
0
11
-30
21
0
31
0
1001
CONDUITCAD
1000
{"id":"master-hvac-filter-1"}
0
LINE
5
565
330
750
100
AcDbEntity
8
0
62
0
6
CONTINUOUS
100
AcDbLine
10
30
20
0
30
0
11
45
21
0
31
0
1001
CONDUITCAD
1000
{"id":"master-hvac-filter-2"}
0
LINE
5
566
330
750
100
AcDbEntity
8
0
62
0
6
CC_DASH_4_3
100
AcDbLine
10
-22
20
-25
30
0
11
22
21
25
31
0
1001
CONDUITCAD
1000
{"id":"master-hvac-filter-3","dash":[4,3]}
0
ENDBLK
5
8DC
330
750
100
AcDbEntity
8
0
100
AcDbBlockEnd
0
BLOCK
5
8DD
330
751
100
AcDbEntity
8
0
100
AcDbBlockBegin
2
CC_HVAC_DAMPER
70
0
10
0
20
0
30
0
3
CC_HVAC_DAMPER
1

1001
CONDUITCAD
1000
{"ports":[{"name":"in","x":-45,"y":0,"dx":-1,"dy":0,"medium":"air","role":"connection"},{"name":"out","x":45,"y":0,"dx":1,"dy":0,"medium":"air","role":"connection"}],"symbol":{"name":"Manual duct damp
1000
er","category":"HVAC","group":"Air & hydronic systems","geometryRevision":3,"standardRefs":["PROJECT"],"convention":"Explicit project drafting convention","conformity":"Original master; not standards-
1000
certified","normativeEntry":null,"review":{"level":"geometry-and-convention","dimensionalConformance":"not-verified","note":"New independently constructed CAD master with explicit terminal topology."}
1000
,"aliases":["hvac damper"],"defaultLayer":"HVAC","labelOffset":48,"extents":{"minX":-45,"minY":-25,"maxX":45,"maxY":37}}}
0
LWPOLYLINE
5
567
330
751
100
AcDbEntity
8
0
62
0
6
CONTINUOUS
100
AcDbPolyline
90
4
70
1
10
-30
20
-25
10
30
20
-25
10
30
20
25
10
-30
20
25
1001
CONDUITCAD
1000
{"id":"master-hvac-damper-0"}
0
LINE
5
568
330
751
100
AcDbEntity
8
0
62
0
6
CONTINUOUS
100
AcDbLine
10
-45
20
0
30
0
11
-30
21
0
31
0
1001
CONDUITCAD
1000
{"id":"master-hvac-damper-1"}
0
LINE
5
569
330
751
100
AcDbEntity
8
0
62
0
6
CONTINUOUS
100
AcDbLine
10
30
20
0
30
0
11
45
21
0
31
0
1001
CONDUITCAD
1000
{"id":"master-hvac-damper-2"}
0
LINE
5
56A
330
751
100
AcDbEntity
8
0
62
0
6
CONTINUOUS
100
AcDbLine
10
-24
20
-18
30
0
11
24
21
18
31
0
1001
CONDUITCAD
1000
{"id":"master-hvac-damper-3"}
0
LINE
5
56B
330
751
100
AcDbEntity
8
0
62
0
6
CONTINUOUS
100
AcDbLine
10
0
20
0
30
0
11
0
21
37
31
0
1001
CONDUITCAD
1000
{"id":"master-hvac-damper-4"}
0
LINE
5
56C
330
751
100
AcDbEntity
8
0
62
0
6
CONTINUOUS
100
AcDbLine
10
-8
20
37
30
0
11
8
21
37
31
0
1001
CONDUITCAD
1000
{"id":"master-hvac-damper-5"}
0
ENDBLK
5
8DE
330
751
100
AcDbEntity
8
0
100
AcDbBlockEnd
0
BLOCK
5
8DF
330
752
100
AcDbEntity
8
0
100
AcDbBlockBegin
2
CC_HVAC_MOTOR_DAMPER
70
0
10
0
20
0
30
0
3
CC_HVAC_MOTOR_DAMPER
1

1001
CONDUITCAD
1000
{"ports":[{"name":"in","x":-45,"y":0,"dx":-1,"dy":0,"medium":"air","role":"connection"},{"name":"out","x":45,"y":0,"dx":1,"dy":0,"medium":"air","role":"connection"}],"symbol":{"name":"Motorized duct d
1000
amper","category":"HVAC","group":"Air & hydronic systems","geometryRevision":3,"standardRefs":["PROJECT"],"convention":"Explicit project drafting convention","conformity":"Original master; not standar
1000
ds-certified","normativeEntry":null,"review":{"level":"geometry-and-convention","dimensionalConformance":"not-verified","note":"New independently constructed CAD master with explicit terminal topology
1000
."},"aliases":["hvac motor damper"],"defaultLayer":"HVAC","labelOffset":48,"extents":{"minX":-45,"minY":-25,"maxX":45,"maxY":55.992661810508096}}}
0
LWPOLYLINE
5
56D
330
752
100
AcDbEntity
8
0
62
0
6
CONTINUOUS
100
AcDbPolyline
90
4
70
1
10
-30
20
-25
10
30
20
-25
10
30
20
25
10
-30
20
25
1001
CONDUITCAD
1000
{"id":"master-hvac-motor-damper-0"}
0
LINE
5
56E
330
752
100
AcDbEntity
8
0
62
0
6
CONTINUOUS
100
AcDbLine
10
-45
20
0
30
0
11
-30
21
0
31
0
1001
CONDUITCAD
1000
{"id":"master-hvac-motor-damper-1"}
0
LINE
5
56F
330
752
100
AcDbEntity
8
0
62
0
6
CONTINUOUS
100
AcDbLine
10
30
20
0
30
0
11
45
21
0
31
0
1001
CONDUITCAD
1000
{"id":"master-hvac-motor-damper-2"}
0
LINE
5
570
330
752
100
AcDbEntity
8
0
62
0
6
CONTINUOUS
100
AcDbLine
10
-24
20
-18
30
0
11
24
21
18
31
0
1001
CONDUITCAD
1000
{"id":"master-hvac-motor-damper-3"}
0
LINE
5
571
330
752
100
AcDbEntity
8
0
62
0
6
CONTINUOUS
100
AcDbLine
10
0
20
25
30
0
11
0
21
36
31
0
1001
CONDUITCAD
1000
{"id":"master-hvac-motor-damper-4"}
0
CIRCLE
5
572
330
752
100
AcDbEntity
8
0
62
0
6
CONTINUOUS
100
AcDbCircle
10
0
20
46
30
0
40
10
1001
CONDUITCAD
1000
{"id":"master-hvac-motor-damper-5"}
0
TEXT
5
573
330
752
100
AcDbEntity
8
0
62
0
6
CONTINUOUS
100
AcDbText
10
0
20
42
30
0
40
10
1
M
50
0
41
1
7
STANDARD
72
1
11
0
21
42
31
0
100
AcDbText
73
0
1001
CONDUITCAD
1000
{"id":"master-hvac-motor-damper-6"}
0
ENDBLK
5
8E0
330
752
100
AcDbEntity
8
0
100
AcDbBlockEnd
0
BLOCK
5
8E1
330
753
100
AcDbEntity
8
0
100
AcDbBlockBegin
2
CC_HVAC_FIRE_DAMPER
70
0
10
0
20
0
30
0
3
CC_HVAC_FIRE_DAMPER
1

1001
CONDUITCAD
1000
{"ports":[{"name":"in","x":-45,"y":0,"dx":-1,"dy":0,"medium":"air","role":"connection"},{"name":"out","x":45,"y":0,"dx":1,"dy":0,"medium":"air","role":"connection"}],"symbol":{"name":"Fire damper \u00
1000
b7 schematic","category":"HVAC","group":"Air & hydronic systems","geometryRevision":3,"standardRefs":["PROJECT"],"convention":"Explicit project drafting convention","conformity":"Original master; not 
1000
standards-certified","normativeEntry":null,"review":{"level":"geometry-and-convention","dimensionalConformance":"not-verified","note":"New independently constructed CAD master with explicit terminal t
1000
opology."},"aliases":["hvac fire damper"],"defaultLayer":"HVAC","labelOffset":48,"extents":{"minX":-45,"minY":-25,"maxX":45,"maxY":25}}}
0
LWPOLYLINE
5
574
330
753
100
AcDbEntity
8
0
62
0
6
CONTINUOUS
100
AcDbPolyline
90
4
70
1
10
-30
20
-25
10
30
20
-25
10
30
20
25
10
-30
20
25
1001
CONDUITCAD
1000
{"id":"master-hvac-fire-damper-0"}
0
LINE
5
575
330
753
100
AcDbEntity
8
0
62
0
6
CONTINUOUS
100
AcDbLine
10
-45
20
0
30
0
11
-30
21
0
31
0
1001
CONDUITCAD
1000
{"id":"master-hvac-fire-damper-1"}
0
LINE
5
576
330
753
100
AcDbEntity
8
0
62
0
6
CONTINUOUS
100
AcDbLine
10
30
20
0
30
0
11
45
21
0
31
0
1001
CONDUITCAD
1000
{"id":"master-hvac-fire-damper-2"}
0
LINE
5
577
330
753
100
AcDbEntity
8
0
62
0
6
CONTINUOUS
100
AcDbLine
10
-24
20
-18
30
0
11
24
21
18
31
0
1001
CONDUITCAD
1000
{"id":"master-hvac-fire-damper-3"}
0
TEXT
5
578
330
753
100
AcDbEntity
8
0
62
0
6
CONTINUOUS
100
AcDbText
10
0
20
34
30
0
40
11
1
FD
50
0
41
1
7
STANDARD
72
1
11
0
21
34
31
0
100
AcDbText
73
0
1001
CONDUITCAD
1000
{"id":"master-hvac-fire-damper-4"}
0
ENDBLK
5
8E2
330
753
100
AcDbEntity
8
0
100
AcDbBlockEnd
0
BLOCK
5
8E3
330
754
100
AcDbEntity
8
0
100
AcDbBlockBegin
2
CC_HVAC_HEATING_COIL
70
0
10
0
20
0
30
0
3
CC_HVAC_HEATING_COIL
1

1001
CONDUITCAD
1000
{"ports":[{"name":"in","x":-45,"y":0,"dx":-1,"dy":0,"medium":"air","role":"connection"},{"name":"out","x":45,"y":0,"dx":1,"dy":0,"medium":"air","role":"connection"}],"symbol":{"name":"Air heating coil
1000
","category":"HVAC","group":"Air & hydronic systems","geometryRevision":3,"standardRefs":["PROJECT"],"convention":"Explicit project drafting convention","conformity":"Original master; not standards-ce
1000
rtified","normativeEntry":null,"review":{"level":"geometry-and-convention","dimensionalConformance":"not-verified","note":"New independently constructed CAD master with explicit terminal topology."},"
1000
aliases":["hvac heating coil"],"defaultLayer":"HVAC","labelOffset":48,"extents":{"minX":-45,"minY":-25,"maxX":45,"maxY":25}}}
0
LWPOLYLINE
5
579
330
754
100
AcDbEntity
8
0
62
0
6
CONTINUOUS
100
AcDbPolyline
90
4
70
1
10
-30
20
-25
10
30
20
-25
10
30
20
25
10
-30
20
25
1001
CONDUITCAD
1000
{"id":"master-hvac-heating-coil-0"}
0
LINE
5
57A
330
754
100
AcDbEntity
8
0
62
0
6
CONTINUOUS
100
AcDbLine
10
-45
20
0
30
0
11
-30
21
0
31
0
1001
CONDUITCAD
1000
{"id":"master-hvac-heating-coil-1"}
0
LINE
5
57B
330
754
100
AcDbEntity
8
0
62
0
6
CONTINUOUS
100
AcDbLine
10
30
20
0
30
0
11
45
21
0
31
0
1001
CONDUITCAD
1000
{"id":"master-hvac-heating-coil-2"}
0
LINE
5
57C
330
754
100
AcDbEntity
8
0
62
0
6
CONTINUOUS
100
AcDbLine
10
-18
20
-23
30
0
11
-18
21
23
31
0
1001
CONDUITCAD
1000
{"id":"master-hvac-heating-coil-3"}
0
LINE
5
57D
330
754
100
AcDbEntity
8
0
62
0
6
CONTINUOUS
100
AcDbLine
10
-6
20
-23
30
0
11
-6
21
23
31
0
1001
CONDUITCAD
1000
{"id":"master-hvac-heating-coil-4"}
0
LINE
5
57E
330
754
100
AcDbEntity
8
0
62
0
6
CONTINUOUS
100
AcDbLine
10
6
20
-23
30
0
11
6
21
23
31
0
1001
CONDUITCAD
1000
{"id":"master-hvac-heating-coil-5"}
0
LINE
5
57F
330
754
100
AcDbEntity
8
0
62
0
6
CONTINUOUS
100
AcDbLine
10
18
20
-23
30
0
11
18
21
23
31
0
1001
CONDUITCAD
1000
{"id":"master-hvac-heating-coil-6"}
0
TEXT
5
580
330
754
100
AcDbEntity
8
0
62
0
6
CONTINUOUS
100
AcDbText
10
0
20
33
30
0
40
16
1
+
50
0
41
1
7
STANDARD
72
1
11
0
21
33
31
0
100
AcDbText
73
0
1001
CONDUITCAD
1000
{"id":"master-hvac-heating-coil-7"}
0
ENDBLK
5
8E4
330
754
100
AcDbEntity
8
0
100
AcDbBlockEnd
0
BLOCK
5
8E5
330
755
100
AcDbEntity
8
0
100
AcDbBlockBegin
2
CC_HVAC_COOLING_COIL
70
0
10
0
20
0
30
0
3
CC_HVAC_COOLING_COIL
1

1001
CONDUITCAD
1000
{"ports":[{"name":"in","x":-45,"y":0,"dx":-1,"dy":0,"medium":"air","role":"connection"},{"name":"out","x":45,"y":0,"dx":1,"dy":0,"medium":"air","role":"connection"}],"symbol":{"name":"Air cooling coil
1000
","category":"HVAC","group":"Air & hydronic systems","geometryRevision":3,"standardRefs":["PROJECT"],"convention":"Explicit project drafting convention","conformity":"Original master; not standards-ce
1000
rtified","normativeEntry":null,"review":{"level":"geometry-and-convention","dimensionalConformance":"not-verified","note":"New independently constructed CAD master with explicit terminal topology."},"
1000
aliases":["hvac cooling coil"],"defaultLayer":"HVAC","labelOffset":48,"extents":{"minX":-45,"minY":-25,"maxX":45,"maxY":25}}}
0
LWPOLYLINE
5
581
330
755
100
AcDbEntity
8
0
62
0
6
CONTINUOUS
100
AcDbPolyline
90
4
70
1
10
-30
20
-25
10
30
20
-25
10
30
20
25
10
-30
20
25
1001
CONDUITCAD
1000
{"id":"master-hvac-cooling-coil-0"}
0
LINE
5
582
330
755
100
AcDbEntity
8
0
62
0
6
CONTINUOUS
100
AcDbLine
10
-45
20
0
30
0
11
-30
21
0
31
0
1001
CONDUITCAD
1000
{"id":"master-hvac-cooling-coil-1"}
0
LINE
5
583
330
755
100
AcDbEntity
8
0
62
0
6
CONTINUOUS
100
AcDbLine
10
30
20
0
30
0
11
45
21
0
31
0
1001
CONDUITCAD
1000
{"id":"master-hvac-cooling-coil-2"}
0
LINE
5
584
330
755
100
AcDbEntity
8
0
62
0
6
CONTINUOUS
100
AcDbLine
10
-18
20
-23
30
0
11
-18
21
23
31
0
1001
CONDUITCAD
1000
{"id":"master-hvac-cooling-coil-3"}
0
LINE
5
585
330
755
100
AcDbEntity
8
0
62
0
6
CONTINUOUS
100
AcDbLine
10
-6
20
-23
30
0
11
-6
21
23
31
0
1001
CONDUITCAD
1000
{"id":"master-hvac-cooling-coil-4"}
0
LINE
5
586
330
755
100
AcDbEntity
8
0
62
0
6
CONTINUOUS
100
AcDbLine
10
6
20
-23
30
0
11
6
21
23
31
0
1001
CONDUITCAD
1000
{"id":"master-hvac-cooling-coil-5"}
0
LINE
5
587
330
755
100
AcDbEntity
8
0
62
0
6
CONTINUOUS
100
AcDbLine
10
18
20
-23
30
0
11
18
21
23
31
0
1001
CONDUITCAD
1000
{"id":"master-hvac-cooling-coil-6"}
0
TEXT
5
588
330
755
100
AcDbEntity
8
0
62
0
6
CONTINUOUS
100
AcDbText
10
0
20
33
30
0
40
16
1
−
50
0
41
1
7
STANDARD
72
1
11
0
21
33
31
0
100
AcDbText
73
0
1001
CONDUITCAD
1000
{"id":"master-hvac-cooling-coil-7"}
0
ENDBLK
5
8E6
330
755
100
AcDbEntity
8
0
100
AcDbBlockEnd
0
BLOCK
5
8E7
330
756
100
AcDbEntity
8
0
100
AcDbBlockBegin
2
CC_HVAC_SILENCER
70
0
10
0
20
0
30
0
3
CC_HVAC_SILENCER
1

1001
CONDUITCAD
1000
{"ports":[{"name":"in","x":-45,"y":0,"dx":-1,"dy":0,"medium":"air","role":"connection"},{"name":"out","x":45,"y":0,"dx":1,"dy":0,"medium":"air","role":"connection"}],"symbol":{"name":"Duct attenuator"
1000
,"category":"HVAC","group":"Air & hydronic systems","geometryRevision":3,"standardRefs":["PROJECT"],"convention":"Explicit project drafting convention","conformity":"Original master; not standards-cer
1000
tified","normativeEntry":null,"review":{"level":"geometry-and-convention","dimensionalConformance":"not-verified","note":"New independently constructed CAD master with explicit terminal topology."},"a
1000
liases":["hvac silencer"],"defaultLayer":"HVAC","labelOffset":48,"extents":{"minX":-45,"minY":-25,"maxX":45,"maxY":25}}}
0
LWPOLYLINE
5
589
330
756
100
AcDbEntity
8
0
62
0
6
CONTINUOUS
100
AcDbPolyline
90
4
70
1
10
-30
20
-25
10
30
20
-25
10
30
20
25
10
-30
20
25
1001
CONDUITCAD
1000
{"id":"master-hvac-silencer-0"}
0
LINE
5
58A
330
756
100
AcDbEntity
8
0
62
0
6
CONTINUOUS
100
AcDbLine
10
-45
20
0
30
0
11
-30
21
0
31
0
1001
CONDUITCAD
1000
{"id":"master-hvac-silencer-1"}
0
LINE
5
58B
330
756
100
AcDbEntity
8
0
62
0
6
CONTINUOUS
100
AcDbLine
10
30
20
0
30
0
11
45
21
0
31
0
1001
CONDUITCAD
1000
{"id":"master-hvac-silencer-2"}
0
LWPOLYLINE
5
58C
330
756
100
AcDbEntity
8
0
62
0
6
CONTINUOUS
100
AcDbPolyline
90
4
70
1
10
-25
20
10
10
25
20
10
10
25
20
18
10
-25
20
18
1001
CONDUITCAD
1000
{"id":"master-hvac-silencer-3"}
0
LWPOLYLINE
5
58D
330
756
100
AcDbEntity
8
0
62
0
6
CONTINUOUS
100
AcDbPolyline
90
4
70
1
10
-25
20
-18
10
25
20
-18
10
25
20
-10
10
-25
20
-10
1001
CONDUITCAD
1000
{"id":"master-hvac-silencer-4"}
0
ENDBLK
5
8E8
330
756
100
AcDbEntity
8
0
100
AcDbBlockEnd
0
BLOCK
5
8E9
330
757
100
AcDbEntity
8
0
100
AcDbBlockBegin
2
CC_HVAC_DIFFUSER
70
0
10
0
20
0
30
0
3
CC_HVAC_DIFFUSER
1

1001
CONDUITCAD
1000
{"ports":[{"name":"in","x":-45,"y":0,"dx":-1,"dy":0,"medium":"air","role":"connection"},{"name":"out","x":45,"y":0,"dx":1,"dy":0,"medium":"air","role":"connection"}],"symbol":{"name":"Supply diffuser 
1000
\u00b7 schematic","category":"HVAC","group":"Air & hydronic systems","geometryRevision":3,"standardRefs":["PROJECT"],"convention":"Explicit project drafting convention","conformity":"Original master; 
1000
not standards-certified","normativeEntry":null,"review":{"level":"geometry-and-convention","dimensionalConformance":"not-verified","note":"New independently constructed CAD master with explicit termin
1000
al topology."},"aliases":["hvac diffuser"],"defaultLayer":"HVAC","labelOffset":48,"extents":{"minX":-45,"minY":-26,"maxX":45,"maxY":26}}}
0
LWPOLYLINE
5
58E
330
757
100
AcDbEntity
8
0
62
0
6
CONTINUOUS
100
AcDbPolyline
90
4
70
1
10
-26
20
-26
10
26
20
-26
10
26
20
26
10
-26
20
26
1001
CONDUITCAD
1000
{"id":"master-hvac-diffuser-0"}
0
LWPOLYLINE
5
58F
330
757
100
AcDbEntity
8
0
62
0
6
CONTINUOUS
100
AcDbPolyline
90
4
70
1
10
-15
20
-15
10
15
20
-15
10
15
20
15
10
-15
20
15
1001
CONDUITCAD
1000
{"id":"master-hvac-diffuser-1"}
0
LINE
5
590
330
757
100
AcDbEntity
8
0
62
0
6
CONTINUOUS
100
AcDbLine
10
-26
20
-26
30
0
11
26
21
26
31
0
1001
CONDUITCAD
1000
{"id":"master-hvac-diffuser-2"}
0
LINE
5
591
330
757
100
AcDbEntity
8
0
62
0
6
CONTINUOUS
100
AcDbLine
10
-26
20
26
30
0
11
26
21
-26
31
0
1001
CONDUITCAD
1000
{"id":"master-hvac-diffuser-3"}
0
LINE
5
592
330
757
100
AcDbEntity
8
0
62
0
6
CONTINUOUS
100
AcDbLine
10
-45
20
0
30
0
11
-26
21
0
31
0
1001
CONDUITCAD
1000
{"id":"master-hvac-diffuser-4"}
0
LINE
5
593
330
757
100
AcDbEntity
8
0
62
0
6
CONTINUOUS
100
AcDbLine
10
26
20
0
30
0
11
45
21
0
31
0
1001
CONDUITCAD
1000
{"id":"master-hvac-diffuser-5"}
0
ENDBLK
5
8EA
330
757
100
AcDbEntity
8
0
100
AcDbBlockEnd
0
BLOCK
5
8EB
330
758
100
AcDbEntity
8
0
100
AcDbBlockBegin
2
CC_HVAC_RETURN_GRILLE
70
0
10
0
20
0
30
0
3
CC_HVAC_RETURN_GRILLE
1

1001
CONDUITCAD
1000
{"ports":[{"name":"in","x":-45,"y":0,"dx":-1,"dy":0,"medium":"air","role":"connection"},{"name":"out","x":45,"y":0,"dx":1,"dy":0,"medium":"air","role":"connection"}],"symbol":{"name":"Return grille \u
1000
00b7 schematic","category":"HVAC","group":"Air & hydronic systems","geometryRevision":3,"standardRefs":["PROJECT"],"convention":"Explicit project drafting convention","conformity":"Original master; no
1000
t standards-certified","normativeEntry":null,"review":{"level":"geometry-and-convention","dimensionalConformance":"not-verified","note":"New independently constructed CAD master with explicit terminal
1000
 topology."},"aliases":["hvac return grille"],"defaultLayer":"HVAC","labelOffset":48,"extents":{"minX":-45,"minY":-26,"maxX":45,"maxY":26}}}
0
LWPOLYLINE
5
594
330
758
100
AcDbEntity
8
0
62
0
6
CONTINUOUS
100
AcDbPolyline
90
4
70
1
10
-26
20
-26
10
26
20
-26
10
26
20
26
10
-26
20
26
1001
CONDUITCAD
1000
{"id":"master-hvac-return-grille-0"}
0
LINE
5
595
330
758
100
AcDbEntity
8
0
62
0
6
CONTINUOUS
100
AcDbLine
10
-45
20
0
30
0
11
-26
21
0
31
0
1001
CONDUITCAD
1000
{"id":"master-hvac-return-grille-1"}
0
LINE
5
596
330
758
100
AcDbEntity
8
0
62
0
6
CONTINUOUS
100
AcDbLine
10
26
20
0
30
0
11
45
21
0
31
0
1001
CONDUITCAD
1000
{"id":"master-hvac-return-grille-2"}
0
LINE
5
597
330
758
100
AcDbEntity
8
0
62
0
6
CONTINUOUS
100
AcDbLine
10
-26
20
-18
30
0
11
26
21
-18
31
0
1001
CONDUITCAD
1000
{"id":"master-hvac-return-grille-3"}
0
LINE
5
598
330
758
100
AcDbEntity
8
0
62
0
6
CONTINUOUS
100
AcDbLine
10
-26
20
-9
30
0
11
26
21
-9
31
0
1001
CONDUITCAD
1000
{"id":"master-hvac-return-grille-4"}
0
LINE
5
599
330
758
100
AcDbEntity
8
0
62
0
6
CONTINUOUS
100
AcDbLine
10
-26
20
0
30
0
11
26
21
0
31
0
1001
CONDUITCAD
1000
{"id":"master-hvac-return-grille-5"}
0
LINE
5
59A
330
758
100
AcDbEntity
8
0
62
0
6
CONTINUOUS
100
AcDbLine
10
-26
20
9
30
0
11
26
21
9
31
0
1001
CONDUITCAD
1000
{"id":"master-hvac-return-grille-6"}
0
LINE
5
59B
330
758
100
AcDbEntity
8
0
62
0
6
CONTINUOUS
100
AcDbLine
10
-26
20
18
30
0
11
26
21
18
31
0
1001
CONDUITCAD
1000
{"id":"master-hvac-return-grille-7"}
0
ENDBLK
5
8EC
330
758
100
AcDbEntity
8
0
100
AcDbBlockEnd
0
BLOCK
5
8ED
330
759
100
AcDbEntity
8
0
100
AcDbBlockBegin
2
CC_HVAC_BOILER
70
0
10
0
20
0
30
0
3
CC_HVAC_BOILER
1

1001
CONDUITCAD
1000
{"ports":[{"name":"in","x":-45,"y":0,"dx":-1,"dy":0,"medium":"water","role":"connection"},{"name":"out","x":45,"y":0,"dx":1,"dy":0,"medium":"water","role":"connection"},{"name":"flue","x":0,"y":45,"dx
1000
":0,"dy":1,"medium":"water","role":"connection"}],"symbol":{"name":"Boiler \u00b7 functional","category":"HVAC","group":"Air & hydronic systems","geometryRevision":3,"standardRefs":["PROJECT"],"conven
1000
tion":"Explicit project drafting convention","conformity":"Original master; not standards-certified","normativeEntry":null,"review":{"level":"geometry-and-convention","dimensionalConformance":"not-ver
1000
ified","note":"New independently constructed CAD master with explicit terminal topology."},"aliases":["hvac boiler"],"defaultLayer":"HVAC","labelOffset":48,"extents":{"minX":-45,"minY":-22,"maxX":45,"
1000
maxY":45}}}
0
LWPOLYLINE
5
59C
330
759
100
AcDbEntity
8
0
62
0
6
CONTINUOUS
100
AcDbPolyline
90
4
70
1
10
-32
20
-22
10
32
20
-22
10
32
20
22
10
-32
20
22
1001
CONDUITCAD
1000
{"id":"master-hvac-boiler-0"}
0
LINE
5
59D
330
759
100
AcDbEntity
8
0
62
0
6
CONTINUOUS
100
AcDbLine
10
-45
20
0
30
0
11
-32
21
0
31
0
1001
CONDUITCAD
1000
{"id":"master-hvac-boiler-1"}
0
LINE
5
59E
330
759
100
AcDbEntity
8
0
62
0
6
CONTINUOUS
100
AcDbLine
10
32
20
0
30
0
11
45
21
0
31
0
1001
CONDUITCAD
1000
{"id":"master-hvac-boiler-2"}
0
TEXT
5
59F
330
759
100
AcDbEntity
8
0
62
0
6
CONTINUOUS
100
AcDbText
10
0
20
-4
30
0
40
11
1
BOILER
50
0
41
1
7
STANDARD
72
1
11
0
21
-4
31
0
100
AcDbText
73
0
1001
CONDUITCAD
1000
{"id":"master-hvac-boiler-3"}
0
LINE
5
5A0
330
759
100
AcDbEntity
8
0
62
0
6
CONTINUOUS
100
AcDbLine
10
0
20
22
30
0
11
0
21
45
31
0
1001
CONDUITCAD
1000
{"id":"master-hvac-boiler-4"}
0
ENDBLK
5
8EE
330
759
100
AcDbEntity
8
0
100
AcDbBlockEnd
0
BLOCK
5
8EF
330
75A
100
AcDbEntity
8
0
100
AcDbBlockBegin
2
CC_HVAC_CHILLER
70
0
10
0
20
0
30
0
3
CC_HVAC_CHILLER
1

1001
CONDUITCAD
1000
{"ports":[{"name":"in","x":-45,"y":0,"dx":-1,"dy":0,"medium":"water","role":"connection"},{"name":"out","x":45,"y":0,"dx":1,"dy":0,"medium":"water","role":"connection"}],"symbol":{"name":"Chiller \u00
1000
b7 functional","category":"HVAC","group":"Air & hydronic systems","geometryRevision":3,"standardRefs":["PROJECT"],"convention":"Explicit project drafting convention","conformity":"Original master; not
1000
 standards-certified","normativeEntry":null,"review":{"level":"geometry-and-convention","dimensionalConformance":"not-verified","note":"New independently constructed CAD master with explicit terminal 
1000
topology."},"aliases":["hvac chiller"],"defaultLayer":"HVAC","labelOffset":48,"extents":{"minX":-45,"minY":-22,"maxX":45,"maxY":22}}}
0
LWPOLYLINE
5
5A1
330
75A
100
AcDbEntity
8
0
62
0
6
CONTINUOUS
100
AcDbPolyline
90
4
70
1
10
-32
20
-22
10
32
20
-22
10
32
20
22
10
-32
20
22
1001
CONDUITCAD
1000
{"id":"master-hvac-chiller-0"}
0
LINE
5
5A2
330
75A
100
AcDbEntity
8
0
62
0
6
CONTINUOUS
100
AcDbLine
10
-45
20
0
30
0
11
-32
21
0
31
0
1001
CONDUITCAD
1000
{"id":"master-hvac-chiller-1"}
0
LINE
5
5A3
330
75A
100
AcDbEntity
8
0
62
0
6
CONTINUOUS
100
AcDbLine
10
32
20
0
30
0
11
45
21
0
31
0
1001
CONDUITCAD
1000
{"id":"master-hvac-chiller-2"}
0
TEXT
5
5A4
330
75A
100
AcDbEntity
8
0
62
0
6
CONTINUOUS
100
AcDbText
10
0
20
-4
30
0
40
11
1
CHILLER
50
0
41
1
7
STANDARD
72
1
11
0
21
-4
31
0
100
AcDbText
73
0
1001
CONDUITCAD
1000
{"id":"master-hvac-chiller-3"}
0
ENDBLK
5
8F0
330
75A
100
AcDbEntity
8
0
100
AcDbBlockEnd
0
BLOCK
5
8F1
330
75B
100
AcDbEntity
8
0
100
AcDbBlockBegin
2
CC_HVAC_RADIATOR
70
0
10
0
20
0
30
0
3
CC_HVAC_RADIATOR
1

1001
CONDUITCAD
1000
{"ports":[{"name":"in","x":-45,"y":0,"dx":-1,"dy":0,"medium":"water","role":"connection"},{"name":"out","x":45,"y":0,"dx":1,"dy":0,"medium":"water","role":"connection"}],"symbol":{"name":"Hydronic rad
1000
iator","category":"HVAC","group":"Air & hydronic systems","geometryRevision":3,"standardRefs":["PROJECT"],"convention":"Explicit project drafting convention","conformity":"Original master; not standar
1000
ds-certified","normativeEntry":null,"review":{"level":"geometry-and-convention","dimensionalConformance":"not-verified","note":"New independently constructed CAD master with explicit terminal topology
1000
."},"aliases":["hvac radiator"],"defaultLayer":"HVAC","labelOffset":48,"extents":{"minX":-45,"minY":-20,"maxX":45,"maxY":20}}}
0
LWPOLYLINE
5
5A5
330
75B
100
AcDbEntity
8
0
62
0
6
CONTINUOUS
100
AcDbPolyline
90
4
70
1
10
-30
20
-20
10
30
20
-20
10
30
20
20
10
-30
20
20
1001
CONDUITCAD
1000
{"id":"master-hvac-radiator-0"}
0
LINE
5
5A6
330
75B
100
AcDbEntity
8
0
62
0
6
CONTINUOUS
100
AcDbLine
10
-45
20
0
30
0
11
-30
21
0
31
0
1001
CONDUITCAD
1000
{"id":"master-hvac-radiator-1"}
0
LINE
5
5A7
330
75B
100
AcDbEntity
8
0
62
0
6
CONTINUOUS
100
AcDbLine
10
30
20
0
30
0
11
45
21
0
31
0
1001
CONDUITCAD
1000
{"id":"master-hvac-radiator-2"}
0
LINE
5
5A8
330
75B
100
AcDbEntity
8
0
62
0
6
CONTINUOUS
100
AcDbLine
10
-20
20
-20
30
0
11
-20
21
20
31
0
1001
CONDUITCAD
1000
{"id":"master-hvac-radiator-3"}
0
LINE
5
5A9
330
75B
100
AcDbEntity
8
0
62
0
6
CONTINUOUS
100
AcDbLine
10
-10
20
-20
30
0
11
-10
21
20
31
0
1001
CONDUITCAD
1000
{"id":"master-hvac-radiator-4"}
0
LINE
5
5AA
330
75B
100
AcDbEntity
8
0
62
0
6
CONTINUOUS
100
AcDbLine
10
0
20
-20
30
0
11
0
21
20
31
0
1001
CONDUITCAD
1000
{"id":"master-hvac-radiator-5"}
0
LINE
5
5AB
330
75B
100
AcDbEntity
8
0
62
0
6
CONTINUOUS
100
AcDbLine
10
10
20
-20
30
0
11
10
21
20
31
0
1001
CONDUITCAD
1000
{"id":"master-hvac-radiator-6"}
0
LINE
5
5AC
330
75B
100
AcDbEntity
8
0
62
0
6
CONTINUOUS
100
AcDbLine
10
20
20
-20
30
0
11
20
21
20
31
0
1001
CONDUITCAD
1000
{"id":"master-hvac-radiator-7"}
0
ENDBLK
5
8F2
330
75B
100
AcDbEntity
8
0
100
AcDbBlockEnd
0
BLOCK
5
8F3
330
75C
100
AcDbEntity
8
0
100
AcDbBlockBegin
2
CC_HVAC_EXPANSION_VESSEL
70
0
10
0
20
0
30
0
3
CC_HVAC_EXPANSION_VESSEL
1

1001
CONDUITCAD
1000
{"ports":[{"name":"water","x":0,"y":-45,"dx":0,"dy":-1,"medium":"water","role":"connection"}],"symbol":{"name":"Expansion vessel","category":"HVAC","group":"Air & hydronic systems","geometryRevision":
1000
3,"standardRefs":["PROJECT"],"convention":"Explicit project drafting convention","conformity":"Original master; not standards-certified","normativeEntry":null,"review":{"level":"geometry-and-conventio
1000
n","dimensionalConformance":"not-verified","note":"New independently constructed CAD master with explicit terminal topology."},"aliases":["hvac expansion vessel"],"defaultLayer":"HVAC","labelOffset":6
1000
7,"extents":{"minX":-22,"minY":-45,"maxX":22,"maxY":34.971763157763164}}}
0
LINE
5
5AD
330
75C
100
AcDbEntity
8
0
62
0
6
CONTINUOUS
100
AcDbLine
10
-22
20
-13
30
0
11
-22
21
13
31
0
1001
CONDUITCAD
1000
{"id":"master-hvac-expansion-vessel-0"}
0
ARC
5
5AE
330
75C
100
AcDbEntity
8
0
62
0
6
CONTINUOUS
100
AcDbCircle
10
0
20
13
30
0
40
22
100
AcDbArc
50
0
51
180
1001
CONDUITCAD
1000
{"id":"master-hvac-expansion-vessel-1"}
0
LINE
5
5AF
330
75C
100
AcDbEntity
8
0
62
0
6
CONTINUOUS
100
AcDbLine
10
22
20
13
30
0
11
22
21
-13
31
0
1001
CONDUITCAD
1000
{"id":"master-hvac-expansion-vessel-2"}
0
ARC
5
5B0
330
75C
100
AcDbEntity
8
0
62
0
6
CONTINUOUS
100
AcDbCircle
10
0
20
-13
30
0
40
22
100
AcDbArc
50
180
51
360
1001
CONDUITCAD
1000
{"id":"master-hvac-expansion-vessel-3"}
0
LINE
5
5B1
330
75C
100
AcDbEntity
8
0
62
0
6
CONTINUOUS
100
AcDbLine
10
-22
20
0
30
0
11
22
21
0
31
0
1001
CONDUITCAD
1000
{"id":"master-hvac-expansion-vessel-4"}
0
LINE
5
5B2
330
75C
100
AcDbEntity
8
0
62
0
6
CONTINUOUS
100
AcDbLine
10
0
20
-35
30
0
11
0
21
-45
31
0
1001
CONDUITCAD
1000
{"id":"master-hvac-expansion-vessel-5"}
0
ENDBLK
5
8F4
330
75C
100
AcDbEntity
8
0
100
AcDbBlockEnd
0
BLOCK
5
8F5
330
75D
100
AcDbEntity
8
0
100
AcDbBlockBegin
2
CC_WATER_METER
70
0
10
0
20
0
30
0
3
CC_WATER_METER
1

1001
CONDUITCAD
1000
{"ports":[{"name":"in","x":-45,"y":0,"dx":-1,"dy":0,"medium":"water","role":"connection"},{"name":"out","x":45,"y":0,"dx":1,"dy":0,"medium":"water","role":"connection"}],"symbol":{"name":"Water meter"
1000
,"category":"Water","group":"Treatment & distribution","geometryRevision":3,"standardRefs":["PROJECT"],"convention":"Explicit project drafting convention","conformity":"Original master; not standards-
1000
certified","normativeEntry":null,"review":{"level":"geometry-and-convention","dimensionalConformance":"not-verified","note":"New independently constructed CAD master with explicit terminal topology."}
1000
,"aliases":["water meter"],"defaultLayer":"Water","labelOffset":48,"extents":{"minX":-45,"minY":-25.970550818758205,"maxX":45,"maxY":25.970550818758205}}}
0
LINE
5
5B3
330
75D
100
AcDbEntity
8
0
62
0
6
CONTINUOUS
100
AcDbLine
10
-45
20
0
30
0
11
-26
21
0
31
0
1001
CONDUITCAD
1000
{"id":"master-water-meter-0"}
0
LINE
5
5B4
330
75D
100
AcDbEntity
8
0
62
0
6
CONTINUOUS
100
AcDbLine
10
26
20
0
30
0
11
45
21
0
31
0
1001
CONDUITCAD
1000
{"id":"master-water-meter-1"}
0
CIRCLE
5
5B5
330
75D
100
AcDbEntity
8
0
62
0
6
CONTINUOUS
100
AcDbCircle
10
0
20
0
30
0
40
26
1001
CONDUITCAD
1000
{"id":"master-water-meter-2"}
0
TEXT
5
5B6
330
75D
100
AcDbEntity
8
0
62
0
6
CONTINUOUS
100
AcDbText
10
0
20
-5
30
0
40
13
1
WM
50
0
41
1
7
STANDARD
72
1
11
0
21
-5
31
0
100
AcDbText
73
0
1001
CONDUITCAD
1000
{"id":"master-water-meter-3"}
0
ENDBLK
5
8F6
330
75D
100
AcDbEntity
8
0
100
AcDbBlockEnd
0
BLOCK
5
8F7
330
75E
100
AcDbEntity
8
0
100
AcDbBlockBegin
2
CC_WATER_BACKFLOW
70
0
10
0
20
0
30
0
3
CC_WATER_BACKFLOW
1

1001
CONDUITCAD
1000
{"ports":[{"name":"in","x":-45,"y":0,"dx":-1,"dy":0,"medium":"water","role":"connection"},{"name":"out","x":45,"y":0,"dx":1,"dy":0,"medium":"water","role":"connection"}],"symbol":{"name":"Double-check
1000
 backflow preventer","category":"Water","group":"Treatment & distribution","geometryRevision":3,"standardRefs":["PROJECT"],"convention":"Explicit project drafting convention","conformity":"Original ma
1000
ster; not standards-certified","normativeEntry":null,"review":{"level":"geometry-and-convention","dimensionalConformance":"not-verified","note":"New independently constructed CAD master with explicit 
1000
terminal topology."},"aliases":["water backflow"],"defaultLayer":"Water","labelOffset":48,"extents":{"minX":-45,"minY":-22,"maxX":45,"maxY":22}}}
0
LWPOLYLINE
5
5B7
330
75E
100
AcDbEntity
8
0
62
0
6
CONTINUOUS
100
AcDbPolyline
90
4
70
1
10
-32
20
-22
10
32
20
-22
10
32
20
22
10
-32
20
22
1001
CONDUITCAD
1000
{"id":"master-water-backflow-0"}
0
LINE
5
5B8
330
75E
100
AcDbEntity
8
0
62
0
6
CONTINUOUS
100
AcDbLine
10
-45
20
0
30
0
11
-32
21
0
31
0
1001
CONDUITCAD
1000
{"id":"master-water-backflow-1"}
0
LINE
5
5B9
330
75E
100
AcDbEntity
8
0
62
0
6
CONTINUOUS
100
AcDbLine
10
32
20
0
30
0
11
45
21
0
31
0
1001
CONDUITCAD
1000
{"id":"master-water-backflow-2"}
0
LINE
5
5BA
330
75E
100
AcDbEntity
8
0
62
0
6
CONTINUOUS
100
AcDbLine
10
-25
20
-12
30
0
11
-25
21
12
31
0
1001
CONDUITCAD
1000
{"id":"master-water-backflow-3"}
0
LINE
5
5BB
330
75E
100
AcDbEntity
8
0
62
0
6
CONTINUOUS
100
AcDbLine
10
-25
20
12
30
0
11
-5
21
-9
31
0
1001
CONDUITCAD
1000
{"id":"master-water-backflow-4"}
0
CIRCLE
5
5BC
330
75E
100
AcDbEntity
8
0
62
0
6
CONTINUOUS
100
AcDbCircle
10
-25
20
12
30
0
40
2
1001
CONDUITCAD
1000
{"id":"master-water-backflow-5"}
0
LINE
5
5BD
330
75E
100
AcDbEntity
8
0
62
0
6
CONTINUOUS
100
AcDbLine
10
3
20
-12
30
0
11
3
21
12
31
0
1001
CONDUITCAD
1000
{"id":"master-water-backflow-6"}
0
LINE
5
5BE
330
75E
100
AcDbEntity
8
0
62
0
6
CONTINUOUS
100
AcDbLine
10
3
20
12
30
0
11
23
21
-9
31
0
1001
CONDUITCAD
1000
{"id":"master-water-backflow-7"}
0
CIRCLE
5
5BF
330
75E
100
AcDbEntity
8
0
62
0
6
CONTINUOUS
100
AcDbCircle
10
3
20
12
30
0
40
2
1001
CONDUITCAD
1000
{"id":"master-water-backflow-8"}
0
ENDBLK
5
8F8
330
75E
100
AcDbEntity
8
0
100
AcDbBlockEnd
0
BLOCK
5
8F9
330
75F
100
AcDbEntity
8
0
100
AcDbBlockBegin
2
CC_WATER_HEATER
70
0
10
0
20
0
30
0
3
CC_WATER_HEATER
1

1001
CONDUITCAD
1000
{"ports":[{"name":"in","x":-45,"y":0,"dx":-1,"dy":0,"medium":"water","role":"connection"},{"name":"out","x":45,"y":0,"dx":1,"dy":0,"medium":"water","role":"connection"}],"symbol":{"name":"Storage wate
1000
r heater","category":"Water","group":"Treatment & distribution","geometryRevision":3,"standardRefs":["PROJECT"],"convention":"Explicit project drafting convention","conformity":"Original master; not s
1000
tandards-certified","normativeEntry":null,"review":{"level":"geometry-and-convention","dimensionalConformance":"not-verified","note":"New independently constructed CAD master with explicit terminal to
1000
pology."},"aliases":["water heater"],"defaultLayer":"Water","labelOffset":67,"extents":{"minX":-45,"minY":-45,"maxX":45,"maxY":45}}}
0
LINE
5
5C0
330
75F
100
AcDbEntity
8
0
62
0
6
CONTINUOUS
100
AcDbLine
10
-27
20
-18
30
0
11
-27
21
18
31
0
1001
CONDUITCAD
1000
{"id":"master-water-heater-0"}
0
ARC
5
5C1
330
75F
100
AcDbEntity
8
0
62
0
6
CONTINUOUS
100
AcDbCircle
10
0
20
18
30
0
40
27
100
AcDbArc
50
0
51
180
1001
CONDUITCAD
1000
{"id":"master-water-heater-1"}
0
LINE
5
5C2
330
75F
100
AcDbEntity
8
0
62
0
6
CONTINUOUS
100
AcDbLine
10
27
20
18
30
0
11
27
21
-18
31
0
1001
CONDUITCAD
1000
{"id":"master-water-heater-2"}
0
ARC
5
5C3
330
75F
100
AcDbEntity
8
0
62
0
6
CONTINUOUS
100
AcDbCircle
10
0
20
-18
30
0
40
27
100
AcDbArc
50
180
51
360
1001
CONDUITCAD
1000
{"id":"master-water-heater-3"}
0
LINE
5
5C4
330
75F
100
AcDbEntity
8
0
62
0
6
CONTINUOUS
100
AcDbLine
10
-45
20
0
30
0
11
-27
21
0
31
0
1001
CONDUITCAD
1000
{"id":"master-water-heater-4"}
0
LINE
5
5C5
330
75F
100
AcDbEntity
8
0
62
0
6
CONTINUOUS
100
AcDbLine
10
27
20
0
30
0
11
45
21
0
31
0
1001
CONDUITCAD
1000
{"id":"master-water-heater-5"}
0
TEXT
5
5C6
330
75F
100
AcDbEntity
8
0
62
0
6
CONTINUOUS
100
AcDbText
10
0
20
-5
30
0
40
13
1
WH
50
0
41
1
7
STANDARD
72
1
11
0
21
-5
31
0
100
AcDbText
73
0
1001
CONDUITCAD
1000
{"id":"master-water-heater-6"}
0
ENDBLK
5
8FA
330
75F
100
AcDbEntity
8
0
100
AcDbBlockEnd
0
BLOCK
5
8FB
330
760
100
AcDbEntity
8
0
100
AcDbBlockBegin
2
CC_WATER_SOFTENER
70
0
10
0
20
0
30
0
3
CC_WATER_SOFTENER
1

1001
CONDUITCAD
1000
{"ports":[{"name":"in","x":-45,"y":0,"dx":-1,"dy":0,"medium":"water","role":"connection"},{"name":"out","x":45,"y":0,"dx":1,"dy":0,"medium":"water","role":"connection"}],"symbol":{"name":"Water soften
1000
er","category":"Water","group":"Treatment & distribution","geometryRevision":3,"standardRefs":["PROJECT"],"convention":"Explicit project drafting convention","conformity":"Original master; not standar
1000
ds-certified","normativeEntry":null,"review":{"level":"geometry-and-convention","dimensionalConformance":"not-verified","note":"New independently constructed CAD master with explicit terminal topology
1000
."},"aliases":["water softener"],"defaultLayer":"Water","labelOffset":67,"extents":{"minX":-45,"minY":-45,"maxX":45,"maxY":45}}}
0
LINE
5
5C7
330
760
100
AcDbEntity
8
0
62
0
6
CONTINUOUS
100
AcDbLine
10
-27
20
-18
30
0
11
-27
21
18
31
0
1001
CONDUITCAD
1000
{"id":"master-water-softener-0"}
0
ARC
5
5C8
330
760
100
AcDbEntity
8
0
62
0
6
CONTINUOUS
100
AcDbCircle
10
0
20
18
30
0
40
27
100
AcDbArc
50
0
51
180
1001
CONDUITCAD
1000
{"id":"master-water-softener-1"}
0
LINE
5
5C9
330
760
100
AcDbEntity
8
0
62
0
6
CONTINUOUS
100
AcDbLine
10
27
20
18
30
0
11
27
21
-18
31
0
1001
CONDUITCAD
1000
{"id":"master-water-softener-2"}
0
ARC
5
5CA
330
760
100
AcDbEntity
8
0
62
0
6
CONTINUOUS
100
AcDbCircle
10
0
20
-18
30
0
40
27
100
AcDbArc
50
180
51
360
1001
CONDUITCAD
1000
{"id":"master-water-softener-3"}
0
LINE
5
5CB
330
760
100
AcDbEntity
8
0
62
0
6
CONTINUOUS
100
AcDbLine
10
-45
20
0
30
0
11
-27
21
0
31
0
1001
CONDUITCAD
1000
{"id":"master-water-softener-4"}
0
LINE
5
5CC
330
760
100
AcDbEntity
8
0
62
0
6
CONTINUOUS
100
AcDbLine
10
27
20
0
30
0
11
45
21
0
31
0
1001
CONDUITCAD
1000
{"id":"master-water-softener-5"}
0
LWPOLYLINE
5
5CD
330
760
100
AcDbEntity
8
0
62
0
6
CONTINUOUS
100
AcDbPolyline
90
4
70
1
10
-21
20
-20
10
21
20
-20
10
21
20
20
10
-21
20
20
1001
CONDUITCAD
1000
{"id":"master-water-softener-6"}
0
TEXT
5
5CE
330
760
100
AcDbEntity
8
0
62
0
6
CONTINUOUS
100
AcDbText
10
0
20
-5
30
0
40
13
1
IX
50
0
41
1
7
STANDARD
72
1
11
0
21
-5
31
0
100
AcDbText
73
0
1001
CONDUITCAD
1000
{"id":"master-water-softener-7"}
0
ENDBLK
5
8FC
330
760
100
AcDbEntity
8
0
100
AcDbBlockEnd
0
BLOCK
5
8FD
330
761
100
AcDbEntity
8
0
100
AcDbBlockBegin
2
CC_WATER_RO
70
0
10
0
20
0
30
0
3
CC_WATER_RO
1

1001
CONDUITCAD
1000
{"ports":[{"name":"in","x":-45,"y":0,"dx":-1,"dy":0,"medium":"water","role":"connection"},{"name":"out","x":45,"y":0,"dx":1,"dy":0,"medium":"water","role":"connection"},{"name":"reject","x":0,"y":-45,
1000
"dx":0,"dy":-1,"medium":"water","role":"connection"}],"symbol":{"name":"Reverse-osmosis membrane","category":"Water","group":"Treatment & distribution","geometryRevision":3,"standardRefs":["PROJECT"],
1000
"convention":"Explicit project drafting convention","conformity":"Original master; not standards-certified","normativeEntry":null,"review":{"level":"geometry-and-convention","dimensionalConformance":"
1000
not-verified","note":"New independently constructed CAD master with explicit terminal topology."},"aliases":["water ro"],"defaultLayer":"Water","labelOffset":67,"extents":{"minX":-45,"minY":-45,"maxX"
1000
:45,"maxY":22}}}
0
LWPOLYLINE
5
5CF
330
761
100
AcDbEntity
8
0
62
0
6
CONTINUOUS
100
AcDbPolyline
90
4
70
1
10
-32
20
-22
10
32
20
-22
10
32
20
22
10
-32
20
22
1001
CONDUITCAD
1000
{"id":"master-water-ro-0"}
0
LINE
5
5D0
330
761
100
AcDbEntity
8
0
62
0
6
CONTINUOUS
100
AcDbLine
10
-45
20
0
30
0
11
-32
21
0
31
0
1001
CONDUITCAD
1000
{"id":"master-water-ro-1"}
0
LINE
5
5D1
330
761
100
AcDbEntity
8
0
62
0
6
CONTINUOUS
100
AcDbLine
10
32
20
0
30
0
11
45
21
0
31
0
1001
CONDUITCAD
1000
{"id":"master-water-ro-2"}
0
LINE
5
5D2
330
761
100
AcDbEntity
8
0
62
0
6
CONTINUOUS
100
AcDbLine
10
-7
20
-22
30
0
11
-7
21
22
31
0
1001
CONDUITCAD
1000
{"id":"master-water-ro-3"}
0
LINE
5
5D3
330
761
100
AcDbEntity
8
0
62
0
6
CONTINUOUS
100
AcDbLine
10
7
20
-22
30
0
11
7
21
22
31
0
1001
CONDUITCAD
1000
{"id":"master-water-ro-4"}
0
LINE
5
5D4
330
761
100
AcDbEntity
8
0
62
0
6
CONTINUOUS
100
AcDbLine
10
0
20
-22
30
0
11
0
21
-45
31
0
1001
CONDUITCAD
1000
{"id":"master-water-ro-5"}
0
ENDBLK
5
8FE
330
761
100
AcDbEntity
8
0
100
AcDbBlockEnd
0
BLOCK
5
8FF
330
762
100
AcDbEntity
8
0
100
AcDbBlockBegin
2
CC_WATER_UV
70
0
10
0
20
0
30
0
3
CC_WATER_UV
1

1001
CONDUITCAD
1000
{"ports":[{"name":"in","x":-45,"y":0,"dx":-1,"dy":0,"medium":"water","role":"connection"},{"name":"out","x":45,"y":0,"dx":1,"dy":0,"medium":"water","role":"connection"}],"symbol":{"name":"UV disinfect
1000
ion","category":"Water","group":"Treatment & distribution","geometryRevision":3,"standardRefs":["PROJECT"],"convention":"Explicit project drafting convention","conformity":"Original master; not standa
1000
rds-certified","normativeEntry":null,"review":{"level":"geometry-and-convention","dimensionalConformance":"not-verified","note":"New independently constructed CAD master with explicit terminal topolog
1000
y."},"aliases":["water uv"],"defaultLayer":"Water","labelOffset":48,"extents":{"minX":-45,"minY":-22,"maxX":45,"maxY":22}}}
0
LWPOLYLINE
5
5D5
330
762
100
AcDbEntity
8
0
62
0
6
CONTINUOUS
100
AcDbPolyline
90
4
70
1
10
-32
20
-22
10
32
20
-22
10
32
20
22
10
-32
20
22
1001
CONDUITCAD
1000
{"id":"master-water-uv-0"}
0
LINE
5
5D6
330
762
100
AcDbEntity
8
0
62
0
6
CONTINUOUS
100
AcDbLine
10
-45
20
0
30
0
11
-32
21
0
31
0
1001
CONDUITCAD
1000
{"id":"master-water-uv-1"}
0
LINE
5
5D7
330
762
100
AcDbEntity
8
0
62
0
6
CONTINUOUS
100
AcDbLine
10
32
20
0
30
0
11
45
21
0
31
0
1001
CONDUITCAD
1000
{"id":"master-water-uv-2"}
0
LINE
5
5D8
330
762
100
AcDbEntity
8
0
62
0
6
CONTINUOUS
100
AcDbLine
10
-22
20
10
30
0
11
22
21
10
31
0
1001
CONDUITCAD
1000
{"id":"master-water-uv-3"}
0
TEXT
5
5D9
330
762
100
AcDbEntity
8
0
62
0
6
CONTINUOUS
100
AcDbText
10
0
20
-12
30
0
40
13
1
UV
50
0
41
1
7
STANDARD
72
1
11
0
21
-12
31
0
100
AcDbText
73
0
1001
CONDUITCAD
1000
{"id":"master-water-uv-4"}
0
ENDBLK
5
900
330
762
100
AcDbEntity
8
0
100
AcDbBlockEnd
0
BLOCK
5
901
330
763
100
AcDbEntity
8
0
100
AcDbBlockBegin
2
CC_WATER_SCREEN
70
0
10
0
20
0
30
0
3
CC_WATER_SCREEN
1

1001
CONDUITCAD
1000
{"ports":[{"name":"in","x":-45,"y":0,"dx":-1,"dy":0,"medium":"water","role":"connection"},{"name":"out","x":45,"y":0,"dx":1,"dy":0,"medium":"water","role":"connection"}],"symbol":{"name":"Coarse scree
1000
n","category":"Water","group":"Treatment & distribution","geometryRevision":3,"standardRefs":["PROJECT"],"convention":"Explicit project drafting convention","conformity":"Original master; not standard
1000
s-certified","normativeEntry":null,"review":{"level":"geometry-and-convention","dimensionalConformance":"not-verified","note":"New independently constructed CAD master with explicit terminal topology.
1000
"},"aliases":["water screen"],"defaultLayer":"Water","labelOffset":52,"extents":{"minX":-45,"minY":-30,"maxX":45,"maxY":30}}}
0
LWPOLYLINE
5
5DA
330
763
100
AcDbEntity
8
0
62
0
6
CONTINUOUS
100
AcDbPolyline
90
4
70
1
10
-25
20
-30
10
25
20
-30
10
25
20
30
10
-25
20
30
1001
CONDUITCAD
1000
{"id":"master-water-screen-0"}
0
LINE
5
5DB
330
763
100
AcDbEntity
8
0
62
0
6
CONTINUOUS
100
AcDbLine
10
-45
20
0
30
0
11
-25
21
0
31
0
1001
CONDUITCAD
1000
{"id":"master-water-screen-1"}
0
LINE
5
5DC
330
763
100
AcDbEntity
8
0
62
0
6
CONTINUOUS
100
AcDbLine
10
25
20
0
30
0
11
45
21
0
31
0
1001
CONDUITCAD
1000
{"id":"master-water-screen-2"}
0
LINE
5
5DD
330
763
100
AcDbEntity
8
0
62
0
6
CONTINUOUS
100
AcDbLine
10
-18
20
-30
30
0
11
-18
21
30
31
0
1001
CONDUITCAD
1000
{"id":"master-water-screen-3"}
0
LINE
5
5DE
330
763
100
AcDbEntity
8
0
62
0
6
CONTINUOUS
100
AcDbLine
10
-9
20
-30
30
0
11
-9
21
30
31
0
1001
CONDUITCAD
1000
{"id":"master-water-screen-4"}
0
LINE
5
5DF
330
763
100
AcDbEntity
8
0
62
0
6
CONTINUOUS
100
AcDbLine
10
0
20
-30
30
0
11
0
21
30
31
0
1001
CONDUITCAD
1000
{"id":"master-water-screen-5"}
0
LINE
5
5E0
330
763
100
AcDbEntity
8
0
62
0
6
CONTINUOUS
100
AcDbLine
10
9
20
-30
30
0
11
9
21
30
31
0
1001
CONDUITCAD
1000
{"id":"master-water-screen-6"}
0
LINE
5
5E1
330
763
100
AcDbEntity
8
0
62
0
6
CONTINUOUS
100
AcDbLine
10
18
20
-30
30
0
11
18
21
30
31
0
1001
CONDUITCAD
1000
{"id":"master-water-screen-7"}
0
ENDBLK
5
902
330
763
100
AcDbEntity
8
0
100
AcDbBlockEnd
0
BLOCK
5
903
330
764
100
AcDbEntity
8
0
100
AcDbBlockBegin
2
CC_WATER_DOSING
70
0
10
0
20
0
30
0
3
CC_WATER_DOSING
1

1001
CONDUITCAD
1000
{"ports":[{"name":"in","x":-45,"y":0,"dx":-1,"dy":0,"medium":"water","role":"connection"},{"name":"out","x":45,"y":0,"dx":1,"dy":0,"medium":"water","role":"connection"}],"symbol":{"name":"Chemical dos
1000
ing pump","category":"Water","group":"Treatment & distribution","geometryRevision":3,"standardRefs":["PROJECT"],"convention":"Explicit project drafting convention","conformity":"Original master; not s
1000
tandards-certified","normativeEntry":null,"review":{"level":"geometry-and-convention","dimensionalConformance":"not-verified","note":"New independently constructed CAD master with explicit terminal to
1000
pology."},"aliases":["water dosing"],"defaultLayer":"Water","labelOffset":48,"extents":{"minX":-45,"minY":-25.970550818758205,"maxX":45,"maxY":26}}}
0
LINE
5
5E2
330
764
100
AcDbEntity
8
0
62
0
6
CONTINUOUS
100
AcDbLine
10
-45
20
0
30
0
11
-26
21
0
31
0
1001
CONDUITCAD
1000
{"id":"master-water-dosing-0"}
0
LINE
5
5E3
330
764
100
AcDbEntity
8
0
62
0
6
CONTINUOUS
100
AcDbLine
10
26
20
0
30
0
11
45
21
0
31
0
1001
CONDUITCAD
1000
{"id":"master-water-dosing-1"}
0
CIRCLE
5
5E4
330
764
100
AcDbEntity
8
0
62
0
6
CONTINUOUS
100
AcDbCircle
10
0
20
0
30
0
40
26
1001
CONDUITCAD
1000
{"id":"master-water-dosing-2"}
0
LWPOLYLINE
5
5E5
330
764
100
AcDbEntity
8
0
62
0
6
CONTINUOUS
100
AcDbPolyline
90
4
70
1
10
-15
20
-14
10
15
20
-14
10
15
20
14
10
-15
20
14
1001
CONDUITCAD
1000
{"id":"master-water-dosing-3"}
0
LINE
5
5E6
330
764
100
AcDbEntity
8
0
62
0
6
CONTINUOUS
100
AcDbLine
10
0
20
14
30
0
11
0
21
26
31
0
1001
CONDUITCAD
1000
{"id":"master-water-dosing-4"}
0
ENDBLK
5
904
330
764
100
AcDbEntity
8
0
100
AcDbBlockEnd
0
BLOCK
5
905
330
765
100
AcDbEntity
8
0
100
AcDbBlockBegin
2
CC_WATER_DRAIN
70
0
10
0
20
0
30
0
3
CC_WATER_DRAIN
1

1001
CONDUITCAD
1000
{"ports":[{"name":"waste","x":0,"y":-45,"dx":0,"dy":-1,"medium":"water","role":"connection"}],"symbol":{"name":"Floor drain \u00b7 schematic","category":"Water","group":"Treatment & distribution","geo
1000
metryRevision":3,"standardRefs":["PROJECT"],"convention":"Explicit project drafting convention","conformity":"Original master; not standards-certified","normativeEntry":null,"review":{"level":"geometr
1000
y-and-convention","dimensionalConformance":"not-verified","note":"New independently constructed CAD master with explicit terminal topology."},"aliases":["water drain"],"defaultLayer":"Water","labelOff
1000
set":67,"extents":{"minX":-25,"minY":-45,"maxX":25,"maxY":25}}}
0
LWPOLYLINE
5
5E7
330
765
100
AcDbEntity
8
0
62
0
6
CONTINUOUS
100
AcDbPolyline
90
4
70
1
10
-25
20
-25
10
25
20
-25
10
25
20
25
10
-25
20
25
1001
CONDUITCAD
1000
{"id":"master-water-drain-0"}
0
LINE
5
5E8
330
765
100
AcDbEntity
8
0
62
0
6
CONTINUOUS
100
AcDbLine
10
-25
20
-25
30
0
11
25
21
25
31
0
1001
CONDUITCAD
1000
{"id":"master-water-drain-1"}
0
LINE
5
5E9
330
765
100
AcDbEntity
8
0
62
0
6
CONTINUOUS
100
AcDbLine
10
-25
20
25
30
0
11
25
21
-25
31
0
1001
CONDUITCAD
1000
{"id":"master-water-drain-2"}
0
LINE
5
5EA
330
765
100
AcDbEntity
8
0
62
0
6
CONTINUOUS
100
AcDbLine
10
0
20
-25
30
0
11
0
21
-45
31
0
1001
CONDUITCAD
1000
{"id":"master-water-drain-3"}
0
ENDBLK
5
906
330
765
100
AcDbEntity
8
0
100
AcDbBlockEnd
0
BLOCK
5
907
330
766
100
AcDbEntity
8
0
100
AcDbBlockBegin
2
CC_WATER_TAP
70
0
10
0
20
0
30
0
3
CC_WATER_TAP
1

1001
CONDUITCAD
1000
{"ports":[{"name":"supply","x":-45,"y":0,"dx":-1,"dy":0,"medium":"water","role":"connection"},{"name":"outlet","x":30,"y":-20,"dx":1,"dy":0,"medium":"water","role":"connection"}],"symbol":{"name":"Wat
1000
er draw-off tap","category":"Water","group":"Treatment & distribution","geometryRevision":3,"standardRefs":["PROJECT"],"convention":"Explicit project drafting convention","conformity":"Original master
1000
; not standards-certified","normativeEntry":null,"review":{"level":"geometry-and-convention","dimensionalConformance":"not-verified","note":"New independently constructed CAD master with explicit term
1000
inal topology."},"aliases":["water tap"],"defaultLayer":"Water","labelOffset":48,"extents":{"minX":-45,"minY":-20,"maxX":30,"maxY":20}}}
0
LWPOLYLINE
5
5EB
330
766
100
AcDbEntity
8
0
62
0
6
CONTINUOUS
100
AcDbPolyline
90
4
70
0
10
-45
20
0
10
8
20
0
10
8
20
-20
10
30
20
-20
1001
CONDUITCAD
1000
{"id":"master-water-tap-0"}
0
LINE
5
5EC
330
766
100
AcDbEntity
8
0
62
0
6
CONTINUOUS
100
AcDbLine
10
-8
20
0
30
0
11
-8
21
20
31
0
1001
CONDUITCAD
1000
{"id":"master-water-tap-1"}
0
LINE
5
5ED
330
766
100
AcDbEntity
8
0
62
0
6
CONTINUOUS
100
AcDbLine
10
-20
20
20
30
0
11
4
21
20
31
0
1001
CONDUITCAD
1000
{"id":"master-water-tap-2"}
0
ENDBLK
5
908
330
766
100
AcDbEntity
8
0
100
AcDbBlockEnd
0
BLOCK
5
909
330
767
100
AcDbEntity
8
0
100
AcDbBlockBegin
2
CC_WATER_SUMP
70
0
10
0
20
0
30
0
3
CC_WATER_SUMP
1

1001
CONDUITCAD
1000
{"ports":[{"name":"in","x":-45,"y":0,"dx":-1,"dy":0,"medium":"water","role":"connection"},{"name":"out","x":45,"y":0,"dx":1,"dy":0,"medium":"water","role":"connection"}],"symbol":{"name":"Sump / colle
1000
ction pit","category":"Water","group":"Treatment & distribution","geometryRevision":3,"standardRefs":["PROJECT"],"convention":"Explicit project drafting convention","conformity":"Original master; not 
1000
standards-certified","normativeEntry":null,"review":{"level":"geometry-and-convention","dimensionalConformance":"not-verified","note":"New independently constructed CAD master with explicit terminal t
1000
opology."},"aliases":["water sump"],"defaultLayer":"Water","labelOffset":52,"extents":{"minX":-45,"minY":-30,"maxX":45,"maxY":28}}}
0
LWPOLYLINE
5
5EE
330
767
100
AcDbEntity
8
0
62
0
6
CONTINUOUS
100
AcDbPolyline
90
4
70
0
10
-32
20
28
10
-32
20
-30
10
32
20
-30
10
32
20
28
1001
CONDUITCAD
1000
{"id":"master-water-sump-0"}
0
LINE
5
5EF
330
767
100
AcDbEntity
8
0
62
0
6
CONTINUOUS
100
AcDbLine
10
-45
20
0
30
0
11
-32
21
0
31
0
1001
CONDUITCAD
1000
{"id":"master-water-sump-1"}
0
LINE
5
5F0
330
767
100
AcDbEntity
8
0
62
0
6
CONTINUOUS
100
AcDbLine
10
32
20
0
30
0
11
45
21
0
31
0
1001
CONDUITCAD
1000
{"id":"master-water-sump-2"}
0
LINE
5
5F1
330
767
100
AcDbEntity
8
0
62
0
6
CONTINUOUS
100
AcDbLine
10
-28
20
-6
30
0
11
28
21
-6
31
0
1001
CONDUITCAD
1000
{"id":"master-water-sump-3"}
0
ENDBLK
5
90A
330
767
100
AcDbEntity
8
0
100
AcDbBlockEnd
0
BLOCK
5
90B
330
768
100
AcDbEntity
8
0
100
AcDbBlockBegin
2
CC_WATER_AIR_RELEASE
70
0
10
0
20
0
30
0
3
CC_WATER_AIR_RELEASE
1

1001
CONDUITCAD
1000
{"ports":[{"name":"water","x":0,"y":-45,"dx":0,"dy":-1,"medium":"water","role":"connection"},{"name":"vent","x":22,"y":38,"dx":1,"dy":0,"medium":"water","role":"connection"}],"symbol":{"name":"Automat
1000
ic air-release valve","category":"Water","group":"Treatment & distribution","geometryRevision":3,"standardRefs":["PROJECT"],"convention":"Explicit project drafting convention","conformity":"Original m
1000
aster; not standards-certified","normativeEntry":null,"review":{"level":"geometry-and-convention","dimensionalConformance":"not-verified","note":"New independently constructed CAD master with explicit
1000
 terminal topology."},"aliases":["water air release"],"defaultLayer":"Water","labelOffset":67,"extents":{"minX":-18,"minY":-45,"maxX":22,"maxY":38}}}
0
LWPOLYLINE
5
5F2
330
768
100
AcDbEntity
8
0
62
0
6
CONTINUOUS
100
AcDbPolyline
90
4
70
1
10
-18
20
-25
10
18
20
-25
10
18
20
25
10
-18
20
25
1001
CONDUITCAD
1000
{"id":"master-water-air-release-0"}
0
CIRCLE
5
5F3
330
768
100
AcDbEntity
8
0
62
0
6
CONTINUOUS
100
AcDbCircle
10
0
20
-8
30
0
40
10
1001
CONDUITCAD
1000
{"id":"master-water-air-release-1"}
0
LINE
5
5F4
330
768
100
AcDbEntity
8
0
62
0
6
CONTINUOUS
100
AcDbLine
10
0
20
-25
30
0
11
0
21
-45
31
0
1001
CONDUITCAD
1000
{"id":"master-water-air-release-2"}
0
LWPOLYLINE
5
5F5
330
768
100
AcDbEntity
8
0
62
0
6
CONTINUOUS
100
AcDbPolyline
90
3
70
0
10
0
20
25
10
0
20
38
10
22
20
38
1001
CONDUITCAD
1000
{"id":"master-water-air-release-3"}
0
ENDBLK
5
90C
330
768
100
AcDbEntity
8
0
100
AcDbBlockEnd
0
BLOCK
5
90D
330
769
100
AcDbEntity
8
0
100
AcDbBlockBegin
2
CC_AUTO_PLC
70
0
10
0
20
0
30
0
3
CC_AUTO_PLC
1

1001
CONDUITCAD
1000
{"ports":[{"name":"in","x":-45,"y":0,"dx":-1,"dy":0,"medium":"signal","role":"connection"},{"name":"out","x":45,"y":0,"dx":1,"dy":0,"medium":"signal","role":"connection"}],"symbol":{"name":"Programmab
1000
le logic controller","category":"Automation","group":"Control & I/O","representation":"functional block","geometryRevision":3,"standardRefs":["PROJECT"],"convention":"Explicit project drafting convent
1000
ion","conformity":"Original master; not standards-certified","normativeEntry":null,"review":{"level":"geometry-and-convention","dimensionalConformance":"not-verified","note":"New independently constru
1000
cted CAD master with explicit terminal topology."},"aliases":["auto plc"],"defaultLayer":"Automation","labelOffset":48,"extents":{"minX":-45,"minY":-22,"maxX":45,"maxY":22}}}
0
LWPOLYLINE
5
5F6
330
769
100
AcDbEntity
8
0
62
0
6
CONTINUOUS
100
AcDbPolyline
90
4
70
1
10
-32
20
-22
10
32
20
-22
10
32
20
22
10
-32
20
22
1001
CONDUITCAD
1000
{"id":"master-auto-plc-0"}
0
LINE
5
5F7
330
769
100
AcDbEntity
8
0
62
0
6
CONTINUOUS
100
AcDbLine
10
-45
20
0
30
0
11
-32
21
0
31
0
1001
CONDUITCAD
1000
{"id":"master-auto-plc-1"}
0
LINE
5
5F8
330
769
100
AcDbEntity
8
0
62
0
6
CONTINUOUS
100
AcDbLine
10
32
20
0
30
0
11
45
21
0
31
0
1001
CONDUITCAD
1000
{"id":"master-auto-plc-2"}
0
TEXT
5
5F9
330
769
100
AcDbEntity
8
0
62
0
6
CONTINUOUS
100
AcDbText
10
0
20
-4
30
0
40
11
1
PLC
50
0
41
1
7
STANDARD
72
1
11
0
21
-4
31
0
100
AcDbText
73
0
1001
CONDUITCAD
1000
{"id":"master-auto-plc-3"}
0
ENDBLK
5
90E
330
769
100
AcDbEntity
8
0
100
AcDbBlockEnd
0
BLOCK
5
90F
330
76A
100
AcDbEntity
8
0
100
AcDbBlockBegin
2
CC_AUTO_DI
70
0
10
0
20
0
30
0
3
CC_AUTO_DI
1

1001
CONDUITCAD
1000
{"ports":[{"name":"in","x":-45,"y":0,"dx":-1,"dy":0,"medium":"signal","role":"connection"},{"name":"out","x":45,"y":0,"dx":1,"dy":0,"medium":"signal","role":"connection"}],"symbol":{"name":"Digital in
1000
put module","category":"Automation","group":"Control & I/O","representation":"functional block","geometryRevision":3,"standardRefs":["PROJECT"],"convention":"Explicit project drafting convention","con
1000
formity":"Original master; not standards-certified","normativeEntry":null,"review":{"level":"geometry-and-convention","dimensionalConformance":"not-verified","note":"New independently constructed CAD 
1000
master with explicit terminal topology."},"aliases":["auto di"],"defaultLayer":"Automation","labelOffset":48,"extents":{"minX":-45,"minY":-22,"maxX":45,"maxY":22}}}
0
LWPOLYLINE
5
5FA
330
76A
100
AcDbEntity
8
0
62
0
6
CONTINUOUS
100
AcDbPolyline
90
4
70
1
10
-32
20
-22
10
32
20
-22
10
32
20
22
10
-32
20
22
1001
CONDUITCAD
1000
{"id":"master-auto-di-0"}
0
LINE
5
5FB
330
76A
100
AcDbEntity
8
0
62
0
6
CONTINUOUS
100
AcDbLine
10
-45
20
0
30
0
11
-32
21
0
31
0
1001
CONDUITCAD
1000
{"id":"master-auto-di-1"}
0
LINE
5
5FC
330
76A
100
AcDbEntity
8
0
62
0
6
CONTINUOUS
100
AcDbLine
10
32
20
0
30
0
11
45
21
0
31
0
1001
CONDUITCAD
1000
{"id":"master-auto-di-2"}
0
TEXT
5
5FD
330
76A
100
AcDbEntity
8
0
62
0
6
CONTINUOUS
100
AcDbText
10
0
20
-4
30
0
40
11
1
DI
50
0
41
1
7
STANDARD
72
1
11
0
21
-4
31
0
100
AcDbText
73
0
1001
CONDUITCAD
1000
{"id":"master-auto-di-3"}
0
ENDBLK
5
910
330
76A
100
AcDbEntity
8
0
100
AcDbBlockEnd
0
BLOCK
5
911
330
76B
100
AcDbEntity
8
0
100
AcDbBlockBegin
2
CC_AUTO_DO
70
0
10
0
20
0
30
0
3
CC_AUTO_DO
1

1001
CONDUITCAD
1000
{"ports":[{"name":"in","x":-45,"y":0,"dx":-1,"dy":0,"medium":"signal","role":"connection"},{"name":"out","x":45,"y":0,"dx":1,"dy":0,"medium":"signal","role":"connection"}],"symbol":{"name":"Digital ou
1000
tput module","category":"Automation","group":"Control & I/O","representation":"functional block","geometryRevision":3,"standardRefs":["PROJECT"],"convention":"Explicit project drafting convention","co
1000
nformity":"Original master; not standards-certified","normativeEntry":null,"review":{"level":"geometry-and-convention","dimensionalConformance":"not-verified","note":"New independently constructed CAD
1000
 master with explicit terminal topology."},"aliases":["auto do"],"defaultLayer":"Automation","labelOffset":48,"extents":{"minX":-45,"minY":-22,"maxX":45,"maxY":22}}}
0
LWPOLYLINE
5
5FE
330
76B
100
AcDbEntity
8
0
62
0
6
CONTINUOUS
100
AcDbPolyline
90
4
70
1
10
-32
20
-22
10
32
20
-22
10
32
20
22
10
-32
20
22
1001
CONDUITCAD
1000
{"id":"master-auto-do-0"}
0
LINE
5
5FF
330
76B
100
AcDbEntity
8
0
62
0
6
CONTINUOUS
100
AcDbLine
10
-45
20
0
30
0
11
-32
21
0
31
0
1001
CONDUITCAD
1000
{"id":"master-auto-do-1"}
0
LINE
5
600
330
76B
100
AcDbEntity
8
0
62
0
6
CONTINUOUS
100
AcDbLine
10
32
20
0
30
0
11
45
21
0
31
0
1001
CONDUITCAD
1000
{"id":"master-auto-do-2"}
0
TEXT
5
601
330
76B
100
AcDbEntity
8
0
62
0
6
CONTINUOUS
100
AcDbText
10
0
20
-4
30
0
40
11
1
DO
50
0
41
1
7
STANDARD
72
1
11
0
21
-4
31
0
100
AcDbText
73
0
1001
CONDUITCAD
1000
{"id":"master-auto-do-3"}
0
ENDBLK
5
912
330
76B
100
AcDbEntity
8
0
100
AcDbBlockEnd
0
BLOCK
5
913
330
76C
100
AcDbEntity
8
0
100
AcDbBlockBegin
2
CC_AUTO_AI
70
0
10
0
20
0
30
0
3
CC_AUTO_AI
1

1001
CONDUITCAD
1000
{"ports":[{"name":"in","x":-45,"y":0,"dx":-1,"dy":0,"medium":"signal","role":"connection"},{"name":"out","x":45,"y":0,"dx":1,"dy":0,"medium":"signal","role":"connection"}],"symbol":{"name":"Analog inp
1000
ut module","category":"Automation","group":"Control & I/O","representation":"functional block","geometryRevision":3,"standardRefs":["PROJECT"],"convention":"Explicit project drafting convention","conf
1000
ormity":"Original master; not standards-certified","normativeEntry":null,"review":{"level":"geometry-and-convention","dimensionalConformance":"not-verified","note":"New independently constructed CAD m
1000
aster with explicit terminal topology."},"aliases":["auto ai"],"defaultLayer":"Automation","labelOffset":48,"extents":{"minX":-45,"minY":-22,"maxX":45,"maxY":22}}}
0
LWPOLYLINE
5
602
330
76C
100
AcDbEntity
8
0
62
0
6
CONTINUOUS
100
AcDbPolyline
90
4
70
1
10
-32
20
-22
10
32
20
-22
10
32
20
22
10
-32
20
22
1001
CONDUITCAD
1000
{"id":"master-auto-ai-0"}
0
LINE
5
603
330
76C
100
AcDbEntity
8
0
62
0
6
CONTINUOUS
100
AcDbLine
10
-45
20
0
30
0
11
-32
21
0
31
0
1001
CONDUITCAD
1000
{"id":"master-auto-ai-1"}
0
LINE
5
604
330
76C
100
AcDbEntity
8
0
62
0
6
CONTINUOUS
100
AcDbLine
10
32
20
0
30
0
11
45
21
0
31
0
1001
CONDUITCAD
1000
{"id":"master-auto-ai-2"}
0
TEXT
5
605
330
76C
100
AcDbEntity
8
0
62
0
6
CONTINUOUS
100
AcDbText
10
0
20
-4
30
0
40
11
1
AI
50
0
41
1
7
STANDARD
72
1
11
0
21
-4
31
0
100
AcDbText
73
0
1001
CONDUITCAD
1000
{"id":"master-auto-ai-3"}
0
ENDBLK
5
914
330
76C
100
AcDbEntity
8
0
100
AcDbBlockEnd
0
BLOCK
5
915
330
76D
100
AcDbEntity
8
0
100
AcDbBlockBegin
2
CC_AUTO_AO
70
0
10
0
20
0
30
0
3
CC_AUTO_AO
1

1001
CONDUITCAD
1000
{"ports":[{"name":"in","x":-45,"y":0,"dx":-1,"dy":0,"medium":"signal","role":"connection"},{"name":"out","x":45,"y":0,"dx":1,"dy":0,"medium":"signal","role":"connection"}],"symbol":{"name":"Analog out
1000
put module","category":"Automation","group":"Control & I/O","representation":"functional block","geometryRevision":3,"standardRefs":["PROJECT"],"convention":"Explicit project drafting convention","con
1000
formity":"Original master; not standards-certified","normativeEntry":null,"review":{"level":"geometry-and-convention","dimensionalConformance":"not-verified","note":"New independently constructed CAD 
1000
master with explicit terminal topology."},"aliases":["auto ao"],"defaultLayer":"Automation","labelOffset":48,"extents":{"minX":-45,"minY":-22,"maxX":45,"maxY":22}}}
0
LWPOLYLINE
5
606
330
76D
100
AcDbEntity
8
0
62
0
6
CONTINUOUS
100
AcDbPolyline
90
4
70
1
10
-32
20
-22
10
32
20
-22
10
32
20
22
10
-32
20
22
1001
CONDUITCAD
1000
{"id":"master-auto-ao-0"}
0
LINE
5
607
330
76D
100
AcDbEntity
8
0
62
0
6
CONTINUOUS
100
AcDbLine
10
-45
20
0
30
0
11
-32
21
0
31
0
1001
CONDUITCAD
1000
{"id":"master-auto-ao-1"}
0
LINE
5
608
330
76D
100
AcDbEntity
8
0
62
0
6
CONTINUOUS
100
AcDbLine
10
32
20
0
30
0
11
45
21
0
31
0
1001
CONDUITCAD
1000
{"id":"master-auto-ao-2"}
0
TEXT
5
609
330
76D
100
AcDbEntity
8
0
62
0
6
CONTINUOUS
100
AcDbText
10
0
20
-4
30
0
40
11
1
AO
50
0
41
1
7
STANDARD
72
1
11
0
21
-4
31
0
100
AcDbText
73
0
1001
CONDUITCAD
1000
{"id":"master-auto-ao-3"}
0
ENDBLK
5
916
330
76D
100
AcDbEntity
8
0
100
AcDbBlockEnd
0
BLOCK
5
917
330
76E
100
AcDbEntity
8
0
100
AcDbBlockBegin
2
CC_AUTO_VFD
70
0
10
0
20
0
30
0
3
CC_AUTO_VFD
1

1001
CONDUITCAD
1000
{"ports":[{"name":"in","x":-45,"y":0,"dx":-1,"dy":0,"medium":"signal","role":"connection"},{"name":"out","x":45,"y":0,"dx":1,"dy":0,"medium":"signal","role":"connection"}],"symbol":{"name":"Variable-f
1000
requency drive","category":"Automation","group":"Control & I/O","representation":"functional block","geometryRevision":3,"standardRefs":["PROJECT"],"convention":"Explicit project drafting convention",
1000
"conformity":"Original master; not standards-certified","normativeEntry":null,"review":{"level":"geometry-and-convention","dimensionalConformance":"not-verified","note":"New independently constructed 
1000
CAD master with explicit terminal topology."},"aliases":["auto vfd"],"defaultLayer":"Automation","labelOffset":48,"extents":{"minX":-45,"minY":-22,"maxX":45,"maxY":22}}}
0
LWPOLYLINE
5
60A
330
76E
100
AcDbEntity
8
0
62
0
6
CONTINUOUS
100
AcDbPolyline
90
4
70
1
10
-32
20
-22
10
32
20
-22
10
32
20
22
10
-32
20
22
1001
CONDUITCAD
1000
{"id":"master-auto-vfd-0"}
0
LINE
5
60B
330
76E
100
AcDbEntity
8
0
62
0
6
CONTINUOUS
100
AcDbLine
10
-45
20
0
30
0
11
-32
21
0
31
0
1001
CONDUITCAD
1000
{"id":"master-auto-vfd-1"}
0
LINE
5
60C
330
76E
100
AcDbEntity
8
0
62
0
6
CONTINUOUS
100
AcDbLine
10
32
20
0
30
0
11
45
21
0
31
0
1001
CONDUITCAD
1000
{"id":"master-auto-vfd-2"}
0
TEXT
5
60D
330
76E
100
AcDbEntity
8
0
62
0
6
CONTINUOUS
100
AcDbText
10
0
20
-4
30
0
40
11
1
VFD
50
0
41
1
7
STANDARD
72
1
11
0
21
-4
31
0
100
AcDbText
73
0
1001
CONDUITCAD
1000
{"id":"master-auto-vfd-3"}
0
ENDBLK
5
918
330
76E
100
AcDbEntity
8
0
100
AcDbBlockEnd
0
BLOCK
5
919
330
76F
100
AcDbEntity
8
0
100
AcDbBlockBegin
2
CC_AUTO_SAFETY_RELAY
70
0
10
0
20
0
30
0
3
CC_AUTO_SAFETY_RELAY
1

1001
CONDUITCAD
1000
{"ports":[{"name":"in","x":-45,"y":0,"dx":-1,"dy":0,"medium":"signal","role":"connection"},{"name":"out","x":45,"y":0,"dx":1,"dy":0,"medium":"signal","role":"connection"}],"symbol":{"name":"Safety rel
1000
ay \u00b7 functional","category":"Automation","group":"Control & I/O","representation":"functional block","geometryRevision":3,"standardRefs":["PROJECT"],"convention":"Explicit project drafting conven
1000
tion","conformity":"Original master; not standards-certified","normativeEntry":null,"review":{"level":"geometry-and-convention","dimensionalConformance":"not-verified","note":"New independently constr
1000
ucted CAD master with explicit terminal topology."},"aliases":["auto safety relay"],"defaultLayer":"Automation","labelOffset":48,"extents":{"minX":-45,"minY":-22,"maxX":45,"maxY":22}}}
0
LWPOLYLINE
5
60E
330
76F
100
AcDbEntity
8
0
62
0
6
CONTINUOUS
100
AcDbPolyline
90
4
70
1
10
-32
20
-22
10
32
20
-22
10
32
20
22
10
-32
20
22
1001
CONDUITCAD
1000
{"id":"master-auto-safety-relay-0"}
0
LINE
5
60F
330
76F
100
AcDbEntity
8
0
62
0
6
CONTINUOUS
100
AcDbLine
10
-45
20
0
30
0
11
-32
21
0
31
0
1001
CONDUITCAD
1000
{"id":"master-auto-safety-relay-1"}
0
LINE
5
610
330
76F
100
AcDbEntity
8
0
62
0
6
CONTINUOUS
100
AcDbLine
10
32
20
0
30
0
11
45
21
0
31
0
1001
CONDUITCAD
1000
{"id":"master-auto-safety-relay-2"}
0
TEXT
5
611
330
76F
100
AcDbEntity
8
0
62
0
6
CONTINUOUS
100
AcDbText
10
0
20
-4
30
0
40
11
1
SAFE
50
0
41
1
7
STANDARD
72
1
11
0
21
-4
31
0
100
AcDbText
73
0
1001
CONDUITCAD
1000
{"id":"master-auto-safety-relay-3"}
0
ENDBLK
5
91A
330
76F
100
AcDbEntity
8
0
100
AcDbBlockEnd
0
BLOCK
5
91B
330
770
100
AcDbEntity
8
0
100
AcDbBlockBegin
2
CC_AUTO_PID_BLOCK
70
0
10
0
20
0
30
0
3
CC_AUTO_PID_BLOCK
1

1001
CONDUITCAD
1000
{"ports":[{"name":"in","x":-45,"y":0,"dx":-1,"dy":0,"medium":"signal","role":"connection"},{"name":"out","x":45,"y":0,"dx":1,"dy":0,"medium":"signal","role":"connection"}],"symbol":{"name":"PID contro
1000
l function","category":"Automation","group":"Control & I/O","representation":"functional block","geometryRevision":3,"standardRefs":["PROJECT"],"convention":"Explicit project drafting convention","con
1000
formity":"Original master; not standards-certified","normativeEntry":null,"review":{"level":"geometry-and-convention","dimensionalConformance":"not-verified","note":"New independently constructed CAD 
1000
master with explicit terminal topology."},"aliases":["auto pid block"],"defaultLayer":"Automation","labelOffset":48,"extents":{"minX":-45,"minY":-22,"maxX":45,"maxY":22}}}
0
LWPOLYLINE
5
612
330
770
100
AcDbEntity
8
0
62
0
6
CONTINUOUS
100
AcDbPolyline
90
4
70
1
10
-32
20
-22
10
32
20
-22
10
32
20
22
10
-32
20
22
1001
CONDUITCAD
1000
{"id":"master-auto-pid-block-0"}
0
LINE
5
613
330
770
100
AcDbEntity
8
0
62
0
6
CONTINUOUS
100
AcDbLine
10
-45
20
0
30
0
11
-32
21
0
31
0
1001
CONDUITCAD
1000
{"id":"master-auto-pid-block-1"}
0
LINE
5
614
330
770
100
AcDbEntity
8
0
62
0
6
CONTINUOUS
100
AcDbLine
10
32
20
0
30
0
11
45
21
0
31
0
1001
CONDUITCAD
1000
{"id":"master-auto-pid-block-2"}
0
TEXT
5
615
330
770
100
AcDbEntity
8
0
62
0
6
CONTINUOUS
100
AcDbText
10
0
20
-4
30
0
40
11
1
PID
50
0
41
1
7
STANDARD
72
1
11
0
21
-4
31
0
100
AcDbText
73
0
1001
CONDUITCAD
1000
{"id":"master-auto-pid-block-3"}
0
ENDBLK
5
91C
330
770
100
AcDbEntity
8
0
100
AcDbBlockEnd
0
BLOCK
5
91D
330
771
100
AcDbEntity
8
0
100
AcDbBlockBegin
2
CC_AUTO_GATEWAY
70
0
10
0
20
0
30
0
3
CC_AUTO_GATEWAY
1

1001
CONDUITCAD
1000
{"ports":[{"name":"in","x":-45,"y":0,"dx":-1,"dy":0,"medium":"signal","role":"connection"},{"name":"out","x":45,"y":0,"dx":1,"dy":0,"medium":"signal","role":"connection"}],"symbol":{"name":"Industrial
1000
 protocol gateway","category":"Automation","group":"Control & I/O","representation":"functional block","geometryRevision":3,"standardRefs":["PROJECT"],"convention":"Explicit project drafting conventio
1000
n","conformity":"Original master; not standards-certified","normativeEntry":null,"review":{"level":"geometry-and-convention","dimensionalConformance":"not-verified","note":"New independently construct
1000
ed CAD master with explicit terminal topology."},"aliases":["auto gateway"],"defaultLayer":"Automation","labelOffset":48,"extents":{"minX":-45,"minY":-22,"maxX":45,"maxY":22}}}
0
LWPOLYLINE
5
616
330
771
100
AcDbEntity
8
0
62
0
6
CONTINUOUS
100
AcDbPolyline
90
4
70
1
10
-32
20
-22
10
32
20
-22
10
32
20
22
10
-32
20
22
1001
CONDUITCAD
1000
{"id":"master-auto-gateway-0"}
0
LINE
5
617
330
771
100
AcDbEntity
8
0
62
0
6
CONTINUOUS
100
AcDbLine
10
-45
20
0
30
0
11
-32
21
0
31
0
1001
CONDUITCAD
1000
{"id":"master-auto-gateway-1"}
0
LINE
5
618
330
771
100
AcDbEntity
8
0
62
0
6
CONTINUOUS
100
AcDbLine
10
32
20
0
30
0
11
45
21
0
31
0
1001
CONDUITCAD
1000
{"id":"master-auto-gateway-2"}
0
TEXT
5
619
330
771
100
AcDbEntity
8
0
62
0
6
CONTINUOUS
100
AcDbText
10
0
20
-4
30
0
40
11
1
GW
50
0
41
1
7
STANDARD
72
1
11
0
21
-4
31
0
100
AcDbText
73
0
1001
CONDUITCAD
1000
{"id":"master-auto-gateway-3"}
0
ENDBLK
5
91E
330
771
100
AcDbEntity
8
0
100
AcDbBlockEnd
0
BLOCK
5
91F
330
772
100
AcDbEntity
8
0
100
AcDbBlockBegin
2
CC_AUTO_HMI
70
0
10
0
20
0
30
0
3
CC_AUTO_HMI
1

1001
CONDUITCAD
1000
{"ports":[{"name":"in","x":-45,"y":0,"dx":-1,"dy":0,"medium":"signal","role":"connection"},{"name":"out","x":45,"y":0,"dx":1,"dy":0,"medium":"signal","role":"connection"}],"symbol":{"name":"Operator H
1000
MI","category":"Automation","group":"Control & I/O","geometryRevision":3,"standardRefs":["PROJECT"],"convention":"Explicit project drafting convention","conformity":"Original master; not standards-cer
1000
tified","normativeEntry":null,"review":{"level":"geometry-and-convention","dimensionalConformance":"not-verified","note":"New independently constructed CAD master with explicit terminal topology."},"a
1000
liases":["auto hmi"],"defaultLayer":"Automation","labelOffset":48,"extents":{"minX":-45,"minY":-24,"maxX":45,"maxY":24}}}
0
LWPOLYLINE
5
61A
330
772
100
AcDbEntity
8
0
62
0
6
CONTINUOUS
100
AcDbPolyline
90
4
70
1
10
-32
20
-24
10
32
20
-24
10
32
20
24
10
-32
20
24
1001
CONDUITCAD
1000
{"id":"master-auto-hmi-0"}
0
LWPOLYLINE
5
61B
330
772
100
AcDbEntity
8
0
62
0
6
CONTINUOUS
100
AcDbPolyline
90
4
70
1
10
-25
20
-14
10
25
20
-14
10
25
20
17
10
-25
20
17
1001
CONDUITCAD
1000
{"id":"master-auto-hmi-1"}
0
CIRCLE
5
61C
330
772
100
AcDbEntity
8
0
62
0
6
CONTINUOUS
100
AcDbCircle
10
0
20
-19
30
0
40
2
1001
CONDUITCAD
1000
{"id":"master-auto-hmi-2"}
0
LINE
5
61D
330
772
100
AcDbEntity
8
0
62
0
6
CONTINUOUS
100
AcDbLine
10
-45
20
0
30
0
11
-32
21
0
31
0
1001
CONDUITCAD
1000
{"id":"master-auto-hmi-3"}
0
LINE
5
61E
330
772
100
AcDbEntity
8
0
62
0
6
CONTINUOUS
100
AcDbLine
10
32
20
0
30
0
11
45
21
0
31
0
1001
CONDUITCAD
1000
{"id":"master-auto-hmi-4"}
0
TEXT
5
61F
330
772
100
AcDbEntity
8
0
62
0
6
CONTINUOUS
100
AcDbText
10
0
20
-2
30
0
40
12
1
HMI
50
0
41
1
7
STANDARD
72
1
11
0
21
-2
31
0
100
AcDbText
73
0
1001
CONDUITCAD
1000
{"id":"master-auto-hmi-5"}
0
ENDBLK
5
920
330
772
100
AcDbEntity
8
0
100
AcDbBlockEnd
0
BLOCK
5
921
330
773
100
AcDbEntity
8
0
100
AcDbBlockBegin
2
CC_AUTO_PROXIMITY
70
0
10
0
20
0
30
0
3
CC_AUTO_PROXIMITY
1

1001
CONDUITCAD
1000
{"ports":[{"name":"in","x":-45,"y":0,"dx":-1,"dy":0,"medium":"signal","role":"connection"},{"name":"out","x":45,"y":0,"dx":1,"dy":0,"medium":"signal","role":"connection"}],"symbol":{"name":"Inductive 
1000
proximity sensor","category":"Automation","group":"Sensors","geometryRevision":3,"standardRefs":["PROJECT"],"convention":"Explicit project drafting convention","conformity":"Original master; not stand
1000
ards-certified","normativeEntry":null,"review":{"level":"geometry-and-convention","dimensionalConformance":"not-verified","note":"New independently constructed CAD master with explicit terminal topolo
1000
gy."},"aliases":["auto proximity"],"defaultLayer":"Automation","labelOffset":48,"extents":{"minX":-45,"minY":-18,"maxX":45,"maxY":18}}}
0
LWPOLYLINE
5
620
330
773
100
AcDbEntity
8
0
62
0
6
CONTINUOUS
100
AcDbPolyline
90
4
70
1
10
-27
20
-18
10
27
20
-18
10
27
20
18
10
-27
20
18
1001
CONDUITCAD
1000
{"id":"master-auto-proximity-0"}
0
LINE
5
621
330
773
100
AcDbEntity
8
0
62
0
6
CONTINUOUS
100
AcDbLine
10
-45
20
0
30
0
11
-27
21
0
31
0
1001
CONDUITCAD
1000
{"id":"master-auto-proximity-1"}
0
LINE
5
622
330
773
100
AcDbEntity
8
0
62
0
6
CONTINUOUS
100
AcDbLine
10
27
20
0
30
0
11
45
21
0
31
0
1001
CONDUITCAD
1000
{"id":"master-auto-proximity-2"}
0
LINE
5
623
330
773
100
AcDbEntity
8
0
62
0
6
CONTINUOUS
100
AcDbLine
10
-18
20
-8
30
0
11
-18
21
8
31
0
1001
CONDUITCAD
1000
{"id":"master-auto-proximity-3"}
0
ARC
5
624
330
773
100
AcDbEntity
8
0
62
0
6
CONTINUOUS
100
AcDbCircle
10
-8
20
0
30
0
40
7
100
AcDbArc
50
-90
51
90
1001
CONDUITCAD
1000
{"id":"master-auto-proximity-4"}
0
ARC
5
625
330
773
100
AcDbEntity
8
0
62
0
6
CONTINUOUS
100
AcDbCircle
10
1
20
0
30
0
40
7
100
AcDbArc
50
-90
51
90
1001
CONDUITCAD
1000
{"id":"master-auto-proximity-5"}
0
ARC
5
626
330
773
100
AcDbEntity
8
0
62
0
6
CONTINUOUS
100
AcDbCircle
10
10
20
0
30
0
40
7
100
AcDbArc
50
-90
51
90
1001
CONDUITCAD
1000
{"id":"master-auto-proximity-6"}
0
ENDBLK
5
922
330
773
100
AcDbEntity
8
0
100
AcDbBlockEnd
0
BLOCK
5
923
330
774
100
AcDbEntity
8
0
100
AcDbBlockBegin
2
CC_AUTO_PHOTOEYE
70
0
10
0
20
0
30
0
3
CC_AUTO_PHOTOEYE
1

1001
CONDUITCAD
1000
{"ports":[{"name":"in","x":-45,"y":0,"dx":-1,"dy":0,"medium":"signal","role":"connection"},{"name":"out","x":45,"y":0,"dx":1,"dy":0,"medium":"signal","role":"connection"}],"symbol":{"name":"Photoelect
1000
ric sensor","category":"Automation","group":"Sensors","geometryRevision":3,"standardRefs":["PROJECT"],"convention":"Explicit project drafting convention","conformity":"Original master; not standards-c
1000
ertified","normativeEntry":null,"review":{"level":"geometry-and-convention","dimensionalConformance":"not-verified","note":"New independently constructed CAD master with explicit terminal topology."},
1000
"aliases":["auto photoeye"],"defaultLayer":"Automation","labelOffset":48,"extents":{"minX":-45,"minY":-18,"maxX":45,"maxY":18}}}
0
LWPOLYLINE
5
627
330
774
100
AcDbEntity
8
0
62
0
6
CONTINUOUS
100
AcDbPolyline
90
4
70
1
10
-27
20
-18
10
27
20
-18
10
27
20
18
10
-27
20
18
1001
CONDUITCAD
1000
{"id":"master-auto-photoeye-0"}
0
LINE
5
628
330
774
100
AcDbEntity
8
0
62
0
6
CONTINUOUS
100
AcDbLine
10
-45
20
0
30
0
11
-27
21
0
31
0
1001
CONDUITCAD
1000
{"id":"master-auto-photoeye-1"}
0
LINE
5
629
330
774
100
AcDbEntity
8
0
62
0
6
CONTINUOUS
100
AcDbLine
10
27
20
0
30
0
11
45
21
0
31
0
1001
CONDUITCAD
1000
{"id":"master-auto-photoeye-2"}
0
LINE
5
62A
330
774
100
AcDbEntity
8
0
62
0
6
CONTINUOUS
100
AcDbLine
10
-17
20
-9
30
0
11
0
21
9
31
0
1001
CONDUITCAD
1000
{"id":"master-auto-photoeye-3"}
0
LWPOLYLINE
5
62B
330
774
100
AcDbEntity
8
0
62
0
6
CONTINUOUS
100
AcDbPolyline
90
3
70
1
10
0
20
9
10
-7.09645616127794
20
6.073772060986984
10
-2.51627330021409
20
1.748043803315571
1001
CONDUITCAD
1000
{"id":"master-auto-photoeye-4"}
0
LINE
5
62C
330
774
100
AcDbEntity
8
0
62
0
6
CONTINUOUS
100
AcDbLine
10
0
20
-9
30
0
11
17
21
9
31
0
1001
CONDUITCAD
1000
{"id":"master-auto-photoeye-5"}
0
LWPOLYLINE
5
62D
330
774
100
AcDbEntity
8
0
62
0
6
CONTINUOUS
100
AcDbPolyline
90
3
70
1
10
17
20
9
10
9.90354383872206
20
6.073772060986984
10
14.48372669978591
20
1.748043803315571
1001
CONDUITCAD
1000
{"id":"master-auto-photoeye-6"}
0
ENDBLK
5
924
330
774
100
AcDbEntity
8
0
100
AcDbBlockEnd
0
BLOCK
5
925
330
775
100
AcDbEntity
8
0
100
AcDbBlockBegin
2
CC_FIRE_PANEL
70
0
10
0
20
0
30
0
3
CC_FIRE_PANEL
1

1001
CONDUITCAD
1000
{"ports":[{"name":"in","x":-45,"y":0,"dx":-1,"dy":0,"medium":"alarm","role":"connection"},{"name":"out","x":45,"y":0,"dx":1,"dy":0,"medium":"alarm","role":"connection"}],"symbol":{"name":"Fire-alarm c
1000
ontrol panel","category":"Fire","group":"Alarm system topology","representation":"project functional symbol","safetySign":false,"geometryRevision":3,"standardRefs":["PROJECT"],"convention":"Explicit p
1000
roject drafting convention","conformity":"Original master; not standards-certified","normativeEntry":null,"review":{"level":"geometry-and-convention","dimensionalConformance":"not-verified","note":"Ne
1000
w independently constructed CAD master with explicit terminal topology."},"aliases":["fire panel"],"defaultLayer":"Fire","labelOffset":48,"extents":{"minX":-45,"minY":-22,"maxX":45,"maxY":22}}}
0
LWPOLYLINE
5
62E
330
775
100
AcDbEntity
8
0
62
0
6
CONTINUOUS
100
AcDbPolyline
90
4
70
1
10
-32
20
-22
10
32
20
-22
10
32
20
22
10
-32
20
22
1001
CONDUITCAD
1000
{"id":"master-fire-panel-0"}
0
LINE
5
62F
330
775
100
AcDbEntity
8
0
62
0
6
CONTINUOUS
100
AcDbLine
10
-45
20
0
30
0
11
-32
21
0
31
0
1001
CONDUITCAD
1000
{"id":"master-fire-panel-1"}
0
LINE
5
630
330
775
100
AcDbEntity
8
0
62
0
6
CONTINUOUS
100
AcDbLine
10
32
20
0
30
0
11
45
21
0
31
0
1001
CONDUITCAD
1000
{"id":"master-fire-panel-2"}
0
TEXT
5
631
330
775
100
AcDbEntity
8
0
62
0
6
CONTINUOUS
100
AcDbText
10
0
20
-4
30
0
40
11
1
FACP
50
0
41
1
7
STANDARD
72
1
11
0
21
-4
31
0
100
AcDbText
73
0
1001
CONDUITCAD
1000
{"id":"master-fire-panel-3"}
0
ENDBLK
5
926
330
775
100
AcDbEntity
8
0
100
AcDbBlockEnd
0
BLOCK
5
927
330
776
100
AcDbEntity
8
0
100
AcDbBlockBegin
2
CC_FIRE_SMOKE
70
0
10
0
20
0
30
0
3
CC_FIRE_SMOKE
1

1001
CONDUITCAD
1000
{"ports":[{"name":"in","x":-45,"y":0,"dx":-1,"dy":0,"medium":"alarm","role":"connection"},{"name":"out","x":45,"y":0,"dx":1,"dy":0,"medium":"alarm","role":"connection"}],"symbol":{"name":"Smoke detect
1000
or","category":"Fire","group":"Alarm system topology","representation":"project functional symbol","safetySign":false,"geometryRevision":3,"standardRefs":["PROJECT"],"convention":"Explicit project dra
1000
fting convention","conformity":"Original master; not standards-certified","normativeEntry":null,"review":{"level":"geometry-and-convention","dimensionalConformance":"not-verified","note":"New independ
1000
ently constructed CAD master with explicit terminal topology."},"aliases":["fire smoke"],"defaultLayer":"Fire","labelOffset":48,"extents":{"minX":-45,"minY":-25.970550818758205,"maxX":45,"maxY":25.970
1000
550818758205}}}
0
LINE
5
632
330
776
100
AcDbEntity
8
0
62
0
6
CONTINUOUS
100
AcDbLine
10
-45
20
0
30
0
11
-26
21
0
31
0
1001
CONDUITCAD
1000
{"id":"master-fire-smoke-0"}
0
LINE
5
633
330
776
100
AcDbEntity
8
0
62
0
6
CONTINUOUS
100
AcDbLine
10
26
20
0
30
0
11
45
21
0
31
0
1001
CONDUITCAD
1000
{"id":"master-fire-smoke-1"}
0
CIRCLE
5
634
330
776
100
AcDbEntity
8
0
62
0
6
CONTINUOUS
100
AcDbCircle
10
0
20
0
30
0
40
26
1001
CONDUITCAD
1000
{"id":"master-fire-smoke-2"}
0
TEXT
5
635
330
776
100
AcDbEntity
8
0
62
0
6
CONTINUOUS
100
AcDbText
10
0
20
-4
30
0
40
11
1
SD
50
0
41
1
7
STANDARD
72
1
11
0
21
-4
31
0
100
AcDbText
73
0
1001
CONDUITCAD
1000
{"id":"master-fire-smoke-3"}
0
ENDBLK
5
928
330
776
100
AcDbEntity
8
0
100
AcDbBlockEnd
0
BLOCK
5
929
330
777
100
AcDbEntity
8
0
100
AcDbBlockBegin
2
CC_FIRE_HEAT
70
0
10
0
20
0
30
0
3
CC_FIRE_HEAT
1

1001
CONDUITCAD
1000
{"ports":[{"name":"in","x":-45,"y":0,"dx":-1,"dy":0,"medium":"alarm","role":"connection"},{"name":"out","x":45,"y":0,"dx":1,"dy":0,"medium":"alarm","role":"connection"}],"symbol":{"name":"Heat detecto
1000
r","category":"Fire","group":"Alarm system topology","representation":"project functional symbol","safetySign":false,"geometryRevision":3,"standardRefs":["PROJECT"],"convention":"Explicit project draf
1000
ting convention","conformity":"Original master; not standards-certified","normativeEntry":null,"review":{"level":"geometry-and-convention","dimensionalConformance":"not-verified","note":"New independe
1000
ntly constructed CAD master with explicit terminal topology."},"aliases":["fire heat"],"defaultLayer":"Fire","labelOffset":48,"extents":{"minX":-45,"minY":-25.970550818758205,"maxX":45,"maxY":25.97055
1000
0818758205}}}
0
LINE
5
636
330
777
100
AcDbEntity
8
0
62
0
6
CONTINUOUS
100
AcDbLine
10
-45
20
0
30
0
11
-26
21
0
31
0
1001
CONDUITCAD
1000
{"id":"master-fire-heat-0"}
0
LINE
5
637
330
777
100
AcDbEntity
8
0
62
0
6
CONTINUOUS
100
AcDbLine
10
26
20
0
30
0
11
45
21
0
31
0
1001
CONDUITCAD
1000
{"id":"master-fire-heat-1"}
0
CIRCLE
5
638
330
777
100
AcDbEntity
8
0
62
0
6
CONTINUOUS
100
AcDbCircle
10
0
20
0
30
0
40
26
1001
CONDUITCAD
1000
{"id":"master-fire-heat-2"}
0
TEXT
5
639
330
777
100
AcDbEntity
8
0
62
0
6
CONTINUOUS
100
AcDbText
10
0
20
-4
30
0
40
11
1
HD
50
0
41
1
7
STANDARD
72
1
11
0
21
-4
31
0
100
AcDbText
73
0
1001
CONDUITCAD
1000
{"id":"master-fire-heat-3"}
0
ENDBLK
5
92A
330
777
100
AcDbEntity
8
0
100
AcDbBlockEnd
0
BLOCK
5
92B
330
778
100
AcDbEntity
8
0
100
AcDbBlockBegin
2
CC_FIRE_CALL
70
0
10
0
20
0
30
0
3
CC_FIRE_CALL
1

1001
CONDUITCAD
1000
{"ports":[{"name":"in","x":-45,"y":0,"dx":-1,"dy":0,"medium":"alarm","role":"connection"},{"name":"out","x":45,"y":0,"dx":1,"dy":0,"medium":"alarm","role":"connection"}],"symbol":{"name":"Manual call 
1000
point","category":"Fire","group":"Alarm system topology","representation":"project functional symbol","safetySign":false,"geometryRevision":3,"standardRefs":["PROJECT"],"convention":"Explicit project 
1000
drafting convention","conformity":"Original master; not standards-certified","normativeEntry":null,"review":{"level":"geometry-and-convention","dimensionalConformance":"not-verified","note":"New indep
1000
endently constructed CAD master with explicit terminal topology."},"aliases":["fire call"],"defaultLayer":"Fire","labelOffset":48,"extents":{"minX":-45,"minY":-22,"maxX":45,"maxY":22}}}
0
LWPOLYLINE
5
63A
330
778
100
AcDbEntity
8
0
62
0
6
CONTINUOUS
100
AcDbPolyline
90
4
70
1
10
-32
20
-22
10
32
20
-22
10
32
20
22
10
-32
20
22
1001
CONDUITCAD
1000
{"id":"master-fire-call-0"}
0
LINE
5
63B
330
778
100
AcDbEntity
8
0
62
0
6
CONTINUOUS
100
AcDbLine
10
-45
20
0
30
0
11
-32
21
0
31
0
1001
CONDUITCAD
1000
{"id":"master-fire-call-1"}
0
LINE
5
63C
330
778
100
AcDbEntity
8
0
62
0
6
CONTINUOUS
100
AcDbLine
10
32
20
0
30
0
11
45
21
0
31
0
1001
CONDUITCAD
1000
{"id":"master-fire-call-2"}
0
TEXT
5
63D
330
778
100
AcDbEntity
8
0
62
0
6
CONTINUOUS
100
AcDbText
10
0
20
-4
30
0
40
11
1
MCP
50
0
41
1
7
STANDARD
72
1
11
0
21
-4
31
0
100
AcDbText
73
0
1001
CONDUITCAD
1000
{"id":"master-fire-call-3"}
0
ENDBLK
5
92C
330
778
100
AcDbEntity
8
0
100
AcDbBlockEnd
0
BLOCK
5
92D
330
779
100
AcDbEntity
8
0
100
AcDbBlockBegin
2
CC_FIRE_SOUNDER
70
0
10
0
20
0
30
0
3
CC_FIRE_SOUNDER
1

1001
CONDUITCAD
1000
{"ports":[{"name":"in","x":-45,"y":0,"dx":-1,"dy":0,"medium":"alarm","role":"connection"},{"name":"out","x":45,"y":0,"dx":1,"dy":0,"medium":"alarm","role":"connection"}],"symbol":{"name":"Alarm sounde
1000
r","category":"Fire","group":"Alarm system topology","representation":"project functional symbol","safetySign":false,"geometryRevision":3,"standardRefs":["PROJECT"],"convention":"Explicit project draf
1000
ting convention","conformity":"Original master; not standards-certified","normativeEntry":null,"review":{"level":"geometry-and-convention","dimensionalConformance":"not-verified","note":"New independe
1000
ntly constructed CAD master with explicit terminal topology."},"aliases":["fire sounder"],"defaultLayer":"Fire","labelOffset":48,"extents":{"minX":-45,"minY":-25.970550818758205,"maxX":45,"maxY":25.97
1000
0550818758205}}}
0
LINE
5
63E
330
779
100
AcDbEntity
8
0
62
0
6
CONTINUOUS
100
AcDbLine
10
-45
20
0
30
0
11
-26
21
0
31
0
1001
CONDUITCAD
1000
{"id":"master-fire-sounder-0"}
0
LINE
5
63F
330
779
100
AcDbEntity
8
0
62
0
6
CONTINUOUS
100
AcDbLine
10
26
20
0
30
0
11
45
21
0
31
0
1001
CONDUITCAD
1000
{"id":"master-fire-sounder-1"}
0
CIRCLE
5
640
330
779
100
AcDbEntity
8
0
62
0
6
CONTINUOUS
100
AcDbCircle
10
0
20
0
30
0
40
26
1001
CONDUITCAD
1000
{"id":"master-fire-sounder-2"}
0
TEXT
5
641
330
779
100
AcDbEntity
8
0
62
0
6
CONTINUOUS
100
AcDbText
10
0
20
-4
30
0
40
11
1
SND
50
0
41
1
7
STANDARD
72
1
11
0
21
-4
31
0
100
AcDbText
73
0
1001
CONDUITCAD
1000
{"id":"master-fire-sounder-3"}
0
ENDBLK
5
92E
330
779
100
AcDbEntity
8
0
100
AcDbBlockEnd
0
BLOCK
5
92F
330
77A
100
AcDbEntity
8
0
100
AcDbBlockBegin
2
CC_FIRE_STROBE
70
0
10
0
20
0
30
0
3
CC_FIRE_STROBE
1

1001
CONDUITCAD
1000
{"ports":[{"name":"in","x":-45,"y":0,"dx":-1,"dy":0,"medium":"alarm","role":"connection"},{"name":"out","x":45,"y":0,"dx":1,"dy":0,"medium":"alarm","role":"connection"}],"symbol":{"name":"Alarm strobe
1000
","category":"Fire","group":"Alarm system topology","representation":"project functional symbol","safetySign":false,"geometryRevision":3,"standardRefs":["PROJECT"],"convention":"Explicit project draft
1000
ing convention","conformity":"Original master; not standards-certified","normativeEntry":null,"review":{"level":"geometry-and-convention","dimensionalConformance":"not-verified","note":"New independen
1000
tly constructed CAD master with explicit terminal topology."},"aliases":["fire strobe"],"defaultLayer":"Fire","labelOffset":48,"extents":{"minX":-45,"minY":-22,"maxX":45,"maxY":22}}}
0
LWPOLYLINE
5
642
330
77A
100
AcDbEntity
8
0
62
0
6
CONTINUOUS
100
AcDbPolyline
90
4
70
1
10
-32
20
-22
10
32
20
-22
10
32
20
22
10
-32
20
22
1001
CONDUITCAD
1000
{"id":"master-fire-strobe-0"}
0
LINE
5
643
330
77A
100
AcDbEntity
8
0
62
0
6
CONTINUOUS
100
AcDbLine
10
-45
20
0
30
0
11
-32
21
0
31
0
1001
CONDUITCAD
1000
{"id":"master-fire-strobe-1"}
0
LINE
5
644
330
77A
100
AcDbEntity
8
0
62
0
6
CONTINUOUS
100
AcDbLine
10
32
20
0
30
0
11
45
21
0
31
0
1001
CONDUITCAD
1000
{"id":"master-fire-strobe-2"}
0
TEXT
5
645
330
77A
100
AcDbEntity
8
0
62
0
6
CONTINUOUS
100
AcDbText
10
0
20
-4
30
0
40
11
1
STR
50
0
41
1
7
STANDARD
72
1
11
0
21
-4
31
0
100
AcDbText
73
0
1001
CONDUITCAD
1000
{"id":"master-fire-strobe-3"}
0
ENDBLK
5
930
330
77A
100
AcDbEntity
8
0
100
AcDbBlockEnd
0
BLOCK
5
931
330
77B
100
AcDbEntity
8
0
100
AcDbBlockBegin
2
CC_FIRE_MONITOR
70
0
10
0
20
0
30
0
3
CC_FIRE_MONITOR
1

1001
CONDUITCAD
1000
{"ports":[{"name":"in","x":-45,"y":0,"dx":-1,"dy":0,"medium":"alarm","role":"connection"},{"name":"out","x":45,"y":0,"dx":1,"dy":0,"medium":"alarm","role":"connection"}],"symbol":{"name":"Monitor modu
1000
le","category":"Fire","group":"Alarm system topology","representation":"project functional symbol","safetySign":false,"geometryRevision":3,"standardRefs":["PROJECT"],"convention":"Explicit project dra
1000
fting convention","conformity":"Original master; not standards-certified","normativeEntry":null,"review":{"level":"geometry-and-convention","dimensionalConformance":"not-verified","note":"New independ
1000
ently constructed CAD master with explicit terminal topology."},"aliases":["fire monitor"],"defaultLayer":"Fire","labelOffset":48,"extents":{"minX":-45,"minY":-22,"maxX":45,"maxY":22}}}
0
LWPOLYLINE
5
646
330
77B
100
AcDbEntity
8
0
62
0
6
CONTINUOUS
100
AcDbPolyline
90
4
70
1
10
-32
20
-22
10
32
20
-22
10
32
20
22
10
-32
20
22
1001
CONDUITCAD
1000
{"id":"master-fire-monitor-0"}
0
LINE
5
647
330
77B
100
AcDbEntity
8
0
62
0
6
CONTINUOUS
100
AcDbLine
10
-45
20
0
30
0
11
-32
21
0
31
0
1001
CONDUITCAD
1000
{"id":"master-fire-monitor-1"}
0
LINE
5
648
330
77B
100
AcDbEntity
8
0
62
0
6
CONTINUOUS
100
AcDbLine
10
32
20
0
30
0
11
45
21
0
31
0
1001
CONDUITCAD
1000
{"id":"master-fire-monitor-2"}
0
TEXT
5
649
330
77B
100
AcDbEntity
8
0
62
0
6
CONTINUOUS
100
AcDbText
10
0
20
-4
30
0
40
11
1
MON
50
0
41
1
7
STANDARD
72
1
11
0
21
-4
31
0
100
AcDbText
73
0
1001
CONDUITCAD
1000
{"id":"master-fire-monitor-3"}
0
ENDBLK
5
932
330
77B
100
AcDbEntity
8
0
100
AcDbBlockEnd
0
BLOCK
5
933
330
77C
100
AcDbEntity
8
0
100
AcDbBlockBegin
2
CC_FIRE_INTERFACE
70
0
10
0
20
0
30
0
3
CC_FIRE_INTERFACE
1

1001
CONDUITCAD
1000
{"ports":[{"name":"in","x":-45,"y":0,"dx":-1,"dy":0,"medium":"alarm","role":"connection"},{"name":"out","x":45,"y":0,"dx":1,"dy":0,"medium":"alarm","role":"connection"}],"symbol":{"name":"Fire-control
1000
 interface","category":"Fire","group":"Alarm system topology","representation":"project functional symbol","safetySign":false,"geometryRevision":3,"standardRefs":["PROJECT"],"convention":"Explicit pro
1000
ject drafting convention","conformity":"Original master; not standards-certified","normativeEntry":null,"review":{"level":"geometry-and-convention","dimensionalConformance":"not-verified","note":"New 
1000
independently constructed CAD master with explicit terminal topology."},"aliases":["fire interface"],"defaultLayer":"Fire","labelOffset":48,"extents":{"minX":-45,"minY":-22,"maxX":45,"maxY":22}}}
0
LWPOLYLINE
5
64A
330
77C
100
AcDbEntity
8
0
62
0
6
CONTINUOUS
100
AcDbPolyline
90
4
70
1
10
-32
20
-22
10
32
20
-22
10
32
20
22
10
-32
20
22
1001
CONDUITCAD
1000
{"id":"master-fire-interface-0"}
0
LINE
5
64B
330
77C
100
AcDbEntity
8
0
62
0
6
CONTINUOUS
100
AcDbLine
10
-45
20
0
30
0
11
-32
21
0
31
0
1001
CONDUITCAD
1000
{"id":"master-fire-interface-1"}
0
LINE
5
64C
330
77C
100
AcDbEntity
8
0
62
0
6
CONTINUOUS
100
AcDbLine
10
32
20
0
30
0
11
45
21
0
31
0
1001
CONDUITCAD
1000
{"id":"master-fire-interface-2"}
0
TEXT
5
64D
330
77C
100
AcDbEntity
8
0
62
0
6
CONTINUOUS
100
AcDbText
10
0
20
-4
30
0
40
11
1
IF
50
0
41
1
7
STANDARD
72
1
11
0
21
-4
31
0
100
AcDbText
73
0
1001
CONDUITCAD
1000
{"id":"master-fire-interface-3"}
0
ENDBLK
5
934
330
77C
100
AcDbEntity
8
0
100
AcDbBlockEnd
0
BLOCK
5
935
330
77D
100
AcDbEntity
8
0
100
AcDbBlockBegin
2
CC_NET_ROUTER
70
0
10
0
20
0
30
0
3
CC_NET_ROUTER
1

1001
CONDUITCAD
1000
{"ports":[{"name":"in","x":-45,"y":0,"dx":-1,"dy":0,"medium":"data","role":"connection"},{"name":"out","x":45,"y":0,"dx":1,"dy":0,"medium":"data","role":"connection"},{"name":"branch","x":0,"y":-40,"d
1000
x":0,"dy":-1,"medium":"data","role":"connection"}],"symbol":{"name":"Router","category":"Network","group":"Network topology","representation":"vendor-neutral functional symbol","geometryRevision":3,"s
1000
tandardRefs":["PROJECT"],"convention":"Explicit project drafting convention","conformity":"Original master; not standards-certified","normativeEntry":null,"review":{"level":"geometry-and-convention","
1000
dimensionalConformance":"not-verified","note":"New independently constructed CAD master with explicit terminal topology."},"aliases":["net router"],"defaultLayer":"Network","labelOffset":62,"extents":
1000
{"minX":-45,"minY":-40,"maxX":45,"maxY":22}}}
0
LWPOLYLINE
5
64E
330
77D
100
AcDbEntity
8
0
62
0
6
CONTINUOUS
100
AcDbPolyline
90
4
70
1
10
-32
20
-22
10
32
20
-22
10
32
20
22
10
-32
20
22
1001
CONDUITCAD
1000
{"id":"master-net-router-0"}
0
LINE
5
64F
330
77D
100
AcDbEntity
8
0
62
0
6
CONTINUOUS
100
AcDbLine
10
-45
20
0
30
0
11
-32
21
0
31
0
1001
CONDUITCAD
1000
{"id":"master-net-router-1"}
0
LINE
5
650
330
77D
100
AcDbEntity
8
0
62
0
6
CONTINUOUS
100
AcDbLine
10
32
20
0
30
0
11
45
21
0
31
0
1001
CONDUITCAD
1000
{"id":"master-net-router-2"}
0
TEXT
5
651
330
77D
100
AcDbEntity
8
0
62
0
6
CONTINUOUS
100
AcDbText
10
0
20
-4
30
0
40
11
1
RTR
50
0
41
1
7
STANDARD
72
1
11
0
21
-4
31
0
100
AcDbText
73
0
1001
CONDUITCAD
1000
{"id":"master-net-router-3"}
0
LINE
5
652
330
77D
100
AcDbEntity
8
0
62
0
6
CONTINUOUS
100
AcDbLine
10
0
20
-22
30
0
11
0
21
-40
31
0
1001
CONDUITCAD
1000
{"id":"master-net-router-4"}
0
ENDBLK
5
936
330
77D
100
AcDbEntity
8
0
100
AcDbBlockEnd
0
BLOCK
5
937
330
77E
100
AcDbEntity
8
0
100
AcDbBlockBegin
2
CC_NET_SWITCH
70
0
10
0
20
0
30
0
3
CC_NET_SWITCH
1

1001
CONDUITCAD
1000
{"ports":[{"name":"in","x":-45,"y":0,"dx":-1,"dy":0,"medium":"data","role":"connection"},{"name":"out","x":45,"y":0,"dx":1,"dy":0,"medium":"data","role":"connection"},{"name":"branch","x":0,"y":-40,"d
1000
x":0,"dy":-1,"medium":"data","role":"connection"}],"symbol":{"name":"Network switch","category":"Network","group":"Network topology","representation":"vendor-neutral functional symbol","geometryRevisi
1000
on":3,"standardRefs":["PROJECT"],"convention":"Explicit project drafting convention","conformity":"Original master; not standards-certified","normativeEntry":null,"review":{"level":"geometry-and-conve
1000
ntion","dimensionalConformance":"not-verified","note":"New independently constructed CAD master with explicit terminal topology."},"aliases":["net switch"],"defaultLayer":"Network","labelOffset":62,"e
1000
xtents":{"minX":-45,"minY":-40,"maxX":45,"maxY":22}}}
0
LWPOLYLINE
5
653
330
77E
100
AcDbEntity
8
0
62
0
6
CONTINUOUS
100
AcDbPolyline
90
4
70
1
10
-32
20
-22
10
32
20
-22
10
32
20
22
10
-32
20
22
1001
CONDUITCAD
1000
{"id":"master-net-switch-0"}
0
LINE
5
654
330
77E
100
AcDbEntity
8
0
62
0
6
CONTINUOUS
100
AcDbLine
10
-45
20
0
30
0
11
-32
21
0
31
0
1001
CONDUITCAD
1000
{"id":"master-net-switch-1"}
0
LINE
5
655
330
77E
100
AcDbEntity
8
0
62
0
6
CONTINUOUS
100
AcDbLine
10
32
20
0
30
0
11
45
21
0
31
0
1001
CONDUITCAD
1000
{"id":"master-net-switch-2"}
0
TEXT
5
656
330
77E
100
AcDbEntity
8
0
62
0
6
CONTINUOUS
100
AcDbText
10
0
20
-4
30
0
40
11
1
SW
50
0
41
1
7
STANDARD
72
1
11
0
21
-4
31
0
100
AcDbText
73
0
1001
CONDUITCAD
1000
{"id":"master-net-switch-3"}
0
LINE
5
657
330
77E
100
AcDbEntity
8
0
62
0
6
CONTINUOUS
100
AcDbLine
10
0
20
-22
30
0
11
0
21
-40
31
0
1001
CONDUITCAD
1000
{"id":"master-net-switch-4"}
0
ENDBLK
5
938
330
77E
100
AcDbEntity
8
0
100
AcDbBlockEnd
0
BLOCK
5
939
330
77F
100
AcDbEntity
8
0
100
AcDbBlockBegin
2
CC_NET_FIREWALL
70
0
10
0
20
0
30
0
3
CC_NET_FIREWALL
1

1001
CONDUITCAD
1000
{"ports":[{"name":"in","x":-45,"y":0,"dx":-1,"dy":0,"medium":"data","role":"connection"},{"name":"out","x":45,"y":0,"dx":1,"dy":0,"medium":"data","role":"connection"},{"name":"branch","x":0,"y":-40,"d
1000
x":0,"dy":-1,"medium":"data","role":"connection"}],"symbol":{"name":"Firewall","category":"Network","group":"Network topology","representation":"vendor-neutral functional symbol","geometryRevision":3,
1000
"standardRefs":["PROJECT"],"convention":"Explicit project drafting convention","conformity":"Original master; not standards-certified","normativeEntry":null,"review":{"level":"geometry-and-convention"
1000
,"dimensionalConformance":"not-verified","note":"New independently constructed CAD master with explicit terminal topology."},"aliases":["net firewall"],"defaultLayer":"Network","labelOffset":62,"exten
1000
ts":{"minX":-45,"minY":-40,"maxX":45,"maxY":24}}}
0
LWPOLYLINE
5
658
330
77F
100
AcDbEntity
8
0
62
0
6
CONTINUOUS
100
AcDbPolyline
90
4
70
1
10
-30
20
-24
10
30
20
-24
10
30
20
24
10
-30
20
24
1001
CONDUITCAD
1000
{"id":"master-net-firewall-0"}
0
LINE
5
659
330
77F
100
AcDbEntity
8
0
62
0
6
CONTINUOUS
100
AcDbLine
10
-45
20
0
30
0
11
-30
21
0
31
0
1001
CONDUITCAD
1000
{"id":"master-net-firewall-1"}
0
LINE
5
65A
330
77F
100
AcDbEntity
8
0
62
0
6
CONTINUOUS
100
AcDbLine
10
30
20
0
30
0
11
45
21
0
31
0
1001
CONDUITCAD
1000
{"id":"master-net-firewall-2"}
0
LINE
5
65B
330
77F
100
AcDbEntity
8
0
62
0
6
CONTINUOUS
100
AcDbLine
10
-30
20
-8
30
0
11
30
21
-8
31
0
1001
CONDUITCAD
1000
{"id":"master-net-firewall-3"}
0
LINE
5
65C
330
77F
100
AcDbEntity
8
0
62
0
6
CONTINUOUS
100
AcDbLine
10
-30
20
8
30
0
11
30
21
8
31
0
1001
CONDUITCAD
1000
{"id":"master-net-firewall-4"}
0
LINE
5
65D
330
77F
100
AcDbEntity
8
0
62
0
6
CONTINUOUS
100
AcDbLine
10
0
20
-24
30
0
11
0
21
-8
31
0
1001
CONDUITCAD
1000
{"id":"master-net-firewall-5"}
0
LINE
5
65E
330
77F
100
AcDbEntity
8
0
62
0
6
CONTINUOUS
100
AcDbLine
10
-15
20
-8
30
0
11
-15
21
8
31
0
1001
CONDUITCAD
1000
{"id":"master-net-firewall-6"}
0
LINE
5
65F
330
77F
100
AcDbEntity
8
0
62
0
6
CONTINUOUS
100
AcDbLine
10
15
20
-8
30
0
11
15
21
8
31
0
1001
CONDUITCAD
1000
{"id":"master-net-firewall-7"}
0
LINE
5
660
330
77F
100
AcDbEntity
8
0
62
0
6
CONTINUOUS
100
AcDbLine
10
0
20
8
30
0
11
0
21
24
31
0
1001
CONDUITCAD
1000
{"id":"master-net-firewall-8"}
0
LINE
5
661
330
77F
100
AcDbEntity
8
0
62
0
6
CONTINUOUS
100
AcDbLine
10
0
20
-24
30
0
11
0
21
-40
31
0
1001
CONDUITCAD
1000
{"id":"master-net-firewall-9"}
0
ENDBLK
5
93A
330
77F
100
AcDbEntity
8
0
100
AcDbBlockEnd
0
BLOCK
5
93B
330
780
100
AcDbEntity
8
0
100
AcDbBlockBegin
2
CC_NET_SERVER
70
0
10
0
20
0
30
0
3
CC_NET_SERVER
1

1001
CONDUITCAD
1000
{"ports":[{"name":"in","x":-45,"y":0,"dx":-1,"dy":0,"medium":"data","role":"connection"},{"name":"out","x":45,"y":0,"dx":1,"dy":0,"medium":"data","role":"connection"},{"name":"branch","x":0,"y":-40,"d
1000
x":0,"dy":-1,"medium":"data","role":"connection"}],"symbol":{"name":"Server","category":"Network","group":"Network topology","representation":"vendor-neutral functional symbol","geometryRevision":3,"s
1000
tandardRefs":["PROJECT"],"convention":"Explicit project drafting convention","conformity":"Original master; not standards-certified","normativeEntry":null,"review":{"level":"geometry-and-convention","
1000
dimensionalConformance":"not-verified","note":"New independently constructed CAD master with explicit terminal topology."},"aliases":["net server"],"defaultLayer":"Network","labelOffset":62,"extents":
1000
{"minX":-45,"minY":-40,"maxX":45,"maxY":32}}}
0
LWPOLYLINE
5
662
330
780
100
AcDbEntity
8
0
62
0
6
CONTINUOUS
100
AcDbPolyline
90
4
70
1
10
-27
20
-32
10
27
20
-32
10
27
20
32
10
-27
20
32
1001
CONDUITCAD
1000
{"id":"master-net-server-0"}
0
LINE
5
663
330
780
100
AcDbEntity
8
0
62
0
6
CONTINUOUS
100
AcDbLine
10
-45
20
0
30
0
11
-27
21
0
31
0
1001
CONDUITCAD
1000
{"id":"master-net-server-1"}
0
LINE
5
664
330
780
100
AcDbEntity
8
0
62
0
6
CONTINUOUS
100
AcDbLine
10
27
20
0
30
0
11
45
21
0
31
0
1001
CONDUITCAD
1000
{"id":"master-net-server-2"}
0
LWPOLYLINE
5
665
330
780
100
AcDbEntity
8
0
62
0
6
CONTINUOUS
100
AcDbPolyline
90
4
70
1
10
-21
20
-27
10
21
20
-27
10
21
20
-13
10
-21
20
-13
1001
CONDUITCAD
1000
{"id":"master-net-server-3"}
0
CIRCLE
5
666
330
780
100
AcDbEntity
8
0
62
0
6
CONTINUOUS
100
AcDbCircle
10
12
20
-20
30
0
40
2
1001
CONDUITCAD
1000
{"id":"master-net-server-4"}
0
LWPOLYLINE
5
667
330
780
100
AcDbEntity
8
0
62
0
6
CONTINUOUS
100
AcDbPolyline
90
4
70
1
10
-21
20
-7
10
21
20
-7
10
21
20
7
10
-21
20
7
1001
CONDUITCAD
1000
{"id":"master-net-server-5"}
0
CIRCLE
5
668
330
780
100
AcDbEntity
8
0
62
0
6
CONTINUOUS
100
AcDbCircle
10
12
20
0
30
0
40
2
1001
CONDUITCAD
1000
{"id":"master-net-server-6"}
0
LWPOLYLINE
5
669
330
780
100
AcDbEntity
8
0
62
0
6
CONTINUOUS
100
AcDbPolyline
90
4
70
1
10
-21
20
13
10
21
20
13
10
21
20
27
10
-21
20
27
1001
CONDUITCAD
1000
{"id":"master-net-server-7"}
0
CIRCLE
5
66A
330
780
100
AcDbEntity
8
0
62
0
6
CONTINUOUS
100
AcDbCircle
10
12
20
20
30
0
40
2
1001
CONDUITCAD
1000
{"id":"master-net-server-8"}
0
LINE
5
66B
330
780
100
AcDbEntity
8
0
62
0
6
CONTINUOUS
100
AcDbLine
10
0
20
-32
30
0
11
0
21
-40
31
0
1001
CONDUITCAD
1000
{"id":"master-net-server-9"}
0
ENDBLK
5
93C
330
780
100
AcDbEntity
8
0
100
AcDbBlockEnd
0
BLOCK
5
93D
330
781
100
AcDbEntity
8
0
100
AcDbBlockBegin
2
CC_NET_WORKSTATION
70
0
10
0
20
0
30
0
3
CC_NET_WORKSTATION
1

1001
CONDUITCAD
1000
{"ports":[{"name":"in","x":-45,"y":0,"dx":-1,"dy":0,"medium":"data","role":"connection"},{"name":"out","x":45,"y":0,"dx":1,"dy":0,"medium":"data","role":"connection"},{"name":"branch","x":0,"y":-40,"d
1000
x":0,"dy":-1,"medium":"data","role":"connection"}],"symbol":{"name":"Workstation","category":"Network","group":"Network topology","representation":"vendor-neutral functional symbol","geometryRevision"
1000
:3,"standardRefs":["PROJECT"],"convention":"Explicit project drafting convention","conformity":"Original master; not standards-certified","normativeEntry":null,"review":{"level":"geometry-and-conventi
1000
on","dimensionalConformance":"not-verified","note":"New independently constructed CAD master with explicit terminal topology."},"aliases":["net workstation"],"defaultLayer":"Network","labelOffset":62,
1000
"extents":{"minX":-45,"minY":-40,"maxX":45,"maxY":22}}}
0
LWPOLYLINE
5
66C
330
781
100
AcDbEntity
8
0
62
0
6
CONTINUOUS
100
AcDbPolyline
90
4
70
1
10
-32
20
-22
10
32
20
-22
10
32
20
22
10
-32
20
22
1001
CONDUITCAD
1000
{"id":"master-net-workstation-0"}
0
LINE
5
66D
330
781
100
AcDbEntity
8
0
62
0
6
CONTINUOUS
100
AcDbLine
10
-45
20
0
30
0
11
-32
21
0
31
0
1001
CONDUITCAD
1000
{"id":"master-net-workstation-1"}
0
LINE
5
66E
330
781
100
AcDbEntity
8
0
62
0
6
CONTINUOUS
100
AcDbLine
10
32
20
0
30
0
11
45
21
0
31
0
1001
CONDUITCAD
1000
{"id":"master-net-workstation-2"}
0
TEXT
5
66F
330
781
100
AcDbEntity
8
0
62
0
6
CONTINUOUS
100
AcDbText
10
0
20
-4
30
0
40
11
1
PC
50
0
41
1
7
STANDARD
72
1
11
0
21
-4
31
0
100
AcDbText
73
0
1001
CONDUITCAD
1000
{"id":"master-net-workstation-3"}
0
LINE
5
670
330
781
100
AcDbEntity
8
0
62
0
6
CONTINUOUS
100
AcDbLine
10
0
20
-22
30
0
11
0
21
-40
31
0
1001
CONDUITCAD
1000
{"id":"master-net-workstation-4"}
0
ENDBLK
5
93E
330
781
100
AcDbEntity
8
0
100
AcDbBlockEnd
0
BLOCK
5
93F
330
782
100
AcDbEntity
8
0
100
AcDbBlockBegin
2
CC_NET_AP
70
0
10
0
20
0
30
0
3
CC_NET_AP
1

1001
CONDUITCAD
1000
{"ports":[{"name":"in","x":-45,"y":0,"dx":-1,"dy":0,"medium":"data","role":"connection"},{"name":"out","x":45,"y":0,"dx":1,"dy":0,"medium":"data","role":"connection"},{"name":"branch","x":0,"y":-40,"d
1000
x":0,"dy":-1,"medium":"data","role":"connection"}],"symbol":{"name":"Wireless access point","category":"Network","group":"Network topology","representation":"vendor-neutral functional symbol","geometr
1000
yRevision":3,"standardRefs":["PROJECT"],"convention":"Explicit project drafting convention","conformity":"Original master; not standards-certified","normativeEntry":null,"review":{"level":"geometry-an
1000
d-convention","dimensionalConformance":"not-verified","note":"New independently constructed CAD master with explicit terminal topology."},"aliases":["net ap"],"defaultLayer":"Network","labelOffset":62
1000
,"extents":{"minX":-45,"minY":-40,"maxX":45,"maxY":41}}}
0
LWPOLYLINE
5
671
330
782
100
AcDbEntity
8
0
62
0
6
CONTINUOUS
100
AcDbPolyline
90
4
70
1
10
-32
20
-22
10
32
20
-22
10
32
20
22
10
-32
20
22
1001
CONDUITCAD
1000
{"id":"master-net-ap-0"}
0
LINE
5
672
330
782
100
AcDbEntity
8
0
62
0
6
CONTINUOUS
100
AcDbLine
10
-45
20
0
30
0
11
-32
21
0
31
0
1001
CONDUITCAD
1000
{"id":"master-net-ap-1"}
0
LINE
5
673
330
782
100
AcDbEntity
8
0
62
0
6
CONTINUOUS
100
AcDbLine
10
32
20
0
30
0
11
45
21
0
31
0
1001
CONDUITCAD
1000
{"id":"master-net-ap-2"}
0
TEXT
5
674
330
782
100
AcDbEntity
8
0
62
0
6
CONTINUOUS
100
AcDbText
10
0
20
-4
30
0
40
11
1
AP
50
0
41
1
7
STANDARD
72
1
11
0
21
-4
31
0
100
AcDbText
73
0
1001
CONDUITCAD
1000
{"id":"master-net-ap-3"}
0
ARC
5
675
330
782
100
AcDbEntity
8
0
62
0
6
CONTINUOUS
100
AcDbCircle
10
0
20
23
30
0
40
10
100
AcDbArc
50
0
51
180
1001
CONDUITCAD
1000
{"id":"master-net-ap-4"}
0
ARC
5
676
330
782
100
AcDbEntity
8
0
62
0
6
CONTINUOUS
100
AcDbCircle
10
0
20
23
30
0
40
18
100
AcDbArc
50
0
51
180
1001
CONDUITCAD
1000
{"id":"master-net-ap-5"}
0
LINE
5
677
330
782
100
AcDbEntity
8
0
62
0
6
CONTINUOUS
100
AcDbLine
10
0
20
-22
30
0
11
0
21
-40
31
0
1001
CONDUITCAD
1000
{"id":"master-net-ap-6"}
0
ENDBLK
5
940
330
782
100
AcDbEntity
8
0
100
AcDbBlockEnd
0
BLOCK
5
941
330
783
100
AcDbEntity
8
0
100
AcDbBlockBegin
2
CC_NET_PATCH
70
0
10
0
20
0
30
0
3
CC_NET_PATCH
1

1001
CONDUITCAD
1000
{"ports":[{"name":"in","x":-45,"y":0,"dx":-1,"dy":0,"medium":"data","role":"connection"},{"name":"out","x":45,"y":0,"dx":1,"dy":0,"medium":"data","role":"connection"},{"name":"branch","x":0,"y":-40,"d
1000
x":0,"dy":-1,"medium":"data","role":"connection"}],"symbol":{"name":"Patch panel","category":"Network","group":"Network topology","representation":"vendor-neutral functional symbol","geometryRevision"
1000
:3,"standardRefs":["PROJECT"],"convention":"Explicit project drafting convention","conformity":"Original master; not standards-certified","normativeEntry":null,"review":{"level":"geometry-and-conventi
1000
on","dimensionalConformance":"not-verified","note":"New independently constructed CAD master with explicit terminal topology."},"aliases":["net patch"],"defaultLayer":"Network","labelOffset":62,"exten
1000
ts":{"minX":-45,"minY":-40,"maxX":45,"maxY":22}}}
0
LWPOLYLINE
5
678
330
783
100
AcDbEntity
8
0
62
0
6
CONTINUOUS
100
AcDbPolyline
90
4
70
1
10
-32
20
-22
10
32
20
-22
10
32
20
22
10
-32
20
22
1001
CONDUITCAD
1000
{"id":"master-net-patch-0"}
0
LINE
5
679
330
783
100
AcDbEntity
8
0
62
0
6
CONTINUOUS
100
AcDbLine
10
-45
20
0
30
0
11
-32
21
0
31
0
1001
CONDUITCAD
1000
{"id":"master-net-patch-1"}
0
LINE
5
67A
330
783
100
AcDbEntity
8
0
62
0
6
CONTINUOUS
100
AcDbLine
10
32
20
0
30
0
11
45
21
0
31
0
1001
CONDUITCAD
1000
{"id":"master-net-patch-2"}
0
TEXT
5
67B
330
783
100
AcDbEntity
8
0
62
0
6
CONTINUOUS
100
AcDbText
10
0
20
-4
30
0
40
11
1
PATCH
50
0
41
1
7
STANDARD
72
1
11
0
21
-4
31
0
100
AcDbText
73
0
1001
CONDUITCAD
1000
{"id":"master-net-patch-3"}
0
LINE
5
67C
330
783
100
AcDbEntity
8
0
62
0
6
CONTINUOUS
100
AcDbLine
10
0
20
-22
30
0
11
0
21
-40
31
0
1001
CONDUITCAD
1000
{"id":"master-net-patch-4"}
0
ENDBLK
5
942
330
783
100
AcDbEntity
8
0
100
AcDbBlockEnd
0
BLOCK
5
943
330
784
100
AcDbEntity
8
0
100
AcDbBlockBegin
2
CC_NET_PHONE
70
0
10
0
20
0
30
0
3
CC_NET_PHONE
1

1001
CONDUITCAD
1000
{"ports":[{"name":"in","x":-45,"y":0,"dx":-1,"dy":0,"medium":"data","role":"connection"},{"name":"out","x":45,"y":0,"dx":1,"dy":0,"medium":"data","role":"connection"},{"name":"branch","x":0,"y":-40,"d
1000
x":0,"dy":-1,"medium":"data","role":"connection"}],"symbol":{"name":"IP telephone","category":"Network","group":"Network topology","representation":"vendor-neutral functional symbol","geometryRevision
1000
":3,"standardRefs":["PROJECT"],"convention":"Explicit project drafting convention","conformity":"Original master; not standards-certified","normativeEntry":null,"review":{"level":"geometry-and-convent
1000
ion","dimensionalConformance":"not-verified","note":"New independently constructed CAD master with explicit terminal topology."},"aliases":["net phone"],"defaultLayer":"Network","labelOffset":62,"exte
1000
nts":{"minX":-45,"minY":-40,"maxX":45,"maxY":22}}}
0
LWPOLYLINE
5
67D
330
784
100
AcDbEntity
8
0
62
0
6
CONTINUOUS
100
AcDbPolyline
90
4
70
1
10
-32
20
-22
10
32
20
-22
10
32
20
22
10
-32
20
22
1001
CONDUITCAD
1000
{"id":"master-net-phone-0"}
0
LINE
5
67E
330
784
100
AcDbEntity
8
0
62
0
6
CONTINUOUS
100
AcDbLine
10
-45
20
0
30
0
11
-32
21
0
31
0
1001
CONDUITCAD
1000
{"id":"master-net-phone-1"}
0
LINE
5
67F
330
784
100
AcDbEntity
8
0
62
0
6
CONTINUOUS
100
AcDbLine
10
32
20
0
30
0
11
45
21
0
31
0
1001
CONDUITCAD
1000
{"id":"master-net-phone-2"}
0
TEXT
5
680
330
784
100
AcDbEntity
8
0
62
0
6
CONTINUOUS
100
AcDbText
10
0
20
-4
30
0
40
11
1
TEL
50
0
41
1
7
STANDARD
72
1
11
0
21
-4
31
0
100
AcDbText
73
0
1001
CONDUITCAD
1000
{"id":"master-net-phone-3"}
0
LINE
5
681
330
784
100
AcDbEntity
8
0
62
0
6
CONTINUOUS
100
AcDbLine
10
0
20
-22
30
0
11
0
21
-40
31
0
1001
CONDUITCAD
1000
{"id":"master-net-phone-4"}
0
ENDBLK
5
944
330
784
100
AcDbEntity
8
0
100
AcDbBlockEnd
0
BLOCK
5
945
330
785
100
AcDbEntity
8
0
100
AcDbBlockBegin
2
CC_NET_CAMERA
70
0
10
0
20
0
30
0
3
CC_NET_CAMERA
1

1001
CONDUITCAD
1000
{"ports":[{"name":"in","x":-45,"y":0,"dx":-1,"dy":0,"medium":"data","role":"connection"},{"name":"out","x":45,"y":0,"dx":1,"dy":0,"medium":"data","role":"connection"},{"name":"branch","x":0,"y":-40,"d
1000
x":0,"dy":-1,"medium":"data","role":"connection"}],"symbol":{"name":"IP camera","category":"Network","group":"Network topology","representation":"vendor-neutral functional symbol","geometryRevision":3
1000
,"standardRefs":["PROJECT"],"convention":"Explicit project drafting convention","conformity":"Original master; not standards-certified","normativeEntry":null,"review":{"level":"geometry-and-convention
1000
","dimensionalConformance":"not-verified","note":"New independently constructed CAD master with explicit terminal topology."},"aliases":["net camera"],"defaultLayer":"Network","labelOffset":62,"extent
1000
s":{"minX":-45,"minY":-40,"maxX":45,"maxY":22}}}
0
LWPOLYLINE
5
682
330
785
100
AcDbEntity
8
0
62
0
6
CONTINUOUS
100
AcDbPolyline
90
4
70
1
10
-32
20
-22
10
32
20
-22
10
32
20
22
10
-32
20
22
1001
CONDUITCAD
1000
{"id":"master-net-camera-0"}
0
LINE
5
683
330
785
100
AcDbEntity
8
0
62
0
6
CONTINUOUS
100
AcDbLine
10
-45
20
0
30
0
11
-32
21
0
31
0
1001
CONDUITCAD
1000
{"id":"master-net-camera-1"}
0
LINE
5
684
330
785
100
AcDbEntity
8
0
62
0
6
CONTINUOUS
100
AcDbLine
10
32
20
0
30
0
11
45
21
0
31
0
1001
CONDUITCAD
1000
{"id":"master-net-camera-2"}
0
TEXT
5
685
330
785
100
AcDbEntity
8
0
62
0
6
CONTINUOUS
100
AcDbText
10
0
20
-4
30
0
40
11
1
CAM
50
0
41
1
7
STANDARD
72
1
11
0
21
-4
31
0
100
AcDbText
73
0
1001
CONDUITCAD
1000
{"id":"master-net-camera-3"}
0
LINE
5
686
330
785
100
AcDbEntity
8
0
62
0
6
CONTINUOUS
100
AcDbLine
10
0
20
-22
30
0
11
0
21
-40
31
0
1001
CONDUITCAD
1000
{"id":"master-net-camera-4"}
0
ENDBLK
5
946
330
785
100
AcDbEntity
8
0
100
AcDbBlockEnd
0
BLOCK
5
947
330
786
100
AcDbEntity
8
0
100
AcDbBlockBegin
2
CC_NET_CLOUD
70
0
10
0
20
0
30
0
3
CC_NET_CLOUD
1

1001
CONDUITCAD
1000
{"ports":[{"name":"in","x":-45,"y":0,"dx":-1,"dy":0,"medium":"data","role":"connection"},{"name":"out","x":45,"y":0,"dx":1,"dy":0,"medium":"data","role":"connection"},{"name":"branch","x":0,"y":-40,"d
1000
x":0,"dy":-1,"medium":"data","role":"connection"}],"symbol":{"name":"External network","category":"Network","group":"Network topology","representation":"vendor-neutral functional symbol","geometryRevi
1000
sion":3,"standardRefs":["PROJECT"],"convention":"Explicit project drafting convention","conformity":"Original master; not standards-certified","normativeEntry":null,"review":{"level":"geometry-and-con
1000
vention","dimensionalConformance":"not-verified","note":"New independently constructed CAD master with explicit terminal topology."},"aliases":["net cloud"],"defaultLayer":"Network","labelOffset":62,"
1000
extents":{"minX":-45,"minY":-40,"maxX":45,"maxY":22}}}
0
LWPOLYLINE
5
687
330
786
100
AcDbEntity
8
0
62
0
6
CONTINUOUS
100
AcDbPolyline
90
4
70
1
10
-32
20
-22
10
32
20
-22
10
32
20
22
10
-32
20
22
1001
CONDUITCAD
1000
{"id":"master-net-cloud-0"}
0
LINE
5
688
330
786
100
AcDbEntity
8
0
62
0
6
CONTINUOUS
100
AcDbLine
10
-45
20
0
30
0
11
-32
21
0
31
0
1001
CONDUITCAD
1000
{"id":"master-net-cloud-1"}
0
LINE
5
689
330
786
100
AcDbEntity
8
0
62
0
6
CONTINUOUS
100
AcDbLine
10
32
20
0
30
0
11
45
21
0
31
0
1001
CONDUITCAD
1000
{"id":"master-net-cloud-2"}
0
TEXT
5
68A
330
786
100
AcDbEntity
8
0
62
0
6
CONTINUOUS
100
AcDbText
10
0
20
-4
30
0
40
11
1
WAN
50
0
41
1
7
STANDARD
72
1
11
0
21
-4
31
0
100
AcDbText
73
0
1001
CONDUITCAD
1000
{"id":"master-net-cloud-3"}
0
LINE
5
68B
330
786
100
AcDbEntity
8
0
62
0
6
CONTINUOUS
100
AcDbLine
10
0
20
-22
30
0
11
0
21
-40
31
0
1001
CONDUITCAD
1000
{"id":"master-net-cloud-4"}
0
ENDBLK
5
948
330
786
100
AcDbEntity
8
0
100
AcDbBlockEnd
0
ENDSEC
0
SECTION
2
ENTITIES
0
INSERT
5
100
330
6A6
100
AcDbEntity
8
Equipment
100
AcDbBlockReference
2
CC_GATE_VALVE
10
0
20
0
30
0
41
1
42
1
43
1
50
0
66
1
1001
CONDUITCAD
1000
{"id":"e-muhhqzqp-zx","tag":"gate-valve"}
0
ATTRIB
5
949
330
100
100
AcDbEntity
8
Equipment
100
AcDbText
10
0
20
-48
30
0
40
12
1
gate-valve
50
0
41
1
7
STANDARD
72
1
11
0
21
-48
31
0
100
AcDbAttribute
2
TAG
70
0
74
0
0
SEQEND
5
94A
330
100
100
AcDbEntity
8
Equipment
0
INSERT
5
101
330
6A6
100
AcDbEntity
8
Equipment
100
AcDbBlockReference
2
CC_BALL_VALVE
10
180
20
0
30
0
41
1
42
1
43
1
50
0
66
1
1001
CONDUITCAD
1000
{"id":"e-muhhqzqp-zy","tag":"ball-valve"}
0
ATTRIB
5
94B
330
101
100
AcDbEntity
8
Equipment
100
AcDbText
10
180
20
-48
30
0
40
12
1
ball-valve
50
0
41
1
7
STANDARD
72
1
11
180
21
-48
31
0
100
AcDbAttribute
2
TAG
70
0
74
0
0
SEQEND
5
94C
330
101
100
AcDbEntity
8
Equipment
0
INSERT
5
102
330
6A6
100
AcDbEntity
8
Equipment
100
AcDbBlockReference
2
CC_GLOBE_VALVE
10
360
20
0
30
0
41
1
42
1
43
1
50
0
66
1
1001
CONDUITCAD
1000
{"id":"e-muhhqzqp-zz","tag":"globe-valve"}
0
ATTRIB
5
94D
330
102
100
AcDbEntity
8
Equipment
100
AcDbText
10
360
20
-48
30
0
40
12
1
globe-valve
50
0
41
1
7
STANDARD
72
1
11
360
21
-48
31
0
100
AcDbAttribute
2
TAG
70
0
74
0
0
SEQEND
5
94E
330
102
100
AcDbEntity
8
Equipment
0
INSERT
5
103
330
6A6
100
AcDbEntity
8
Equipment
100
AcDbBlockReference
2
CC_BUTTERFLY_VALVE
10
540
20
0
30
0
41
1
42
1
43
1
50
0
66
1
1001
CONDUITCAD
1000
{"id":"e-muhhqzqp-100","tag":"butterfly-valve"}
0
ATTRIB
5
94F
330
103
100
AcDbEntity
8
Equipment
100
AcDbText
10
540
20
-48
30
0
40
12
1
butterfly-valve
50
0
41
1
7
STANDARD
72
1
11
540
21
-48
31
0
100
AcDbAttribute
2
TAG
70
0
74
0
0
SEQEND
5
950
330
103
100
AcDbEntity
8
Equipment
0
INSERT
5
104
330
6A6
100
AcDbEntity
8
Equipment
100
AcDbBlockReference
2
CC_CHECK_VALVE
10
720
20
0
30
0
41
1
42
1
43
1
50
0
66
1
1001
CONDUITCAD
1000
{"id":"e-muhhqzqp-101","tag":"check-valve"}
0
ATTRIB
5
951
330
104
100
AcDbEntity
8
Equipment
100
AcDbText
10
720
20
-48
30
0
40
12
1
check-valve
50
0
41
1
7
STANDARD
72
1
11
720
21
-48
31
0
100
AcDbAttribute
2
TAG
70
0
74
0
0
SEQEND
5
952
330
104
100
AcDbEntity
8
Equipment
0
INSERT
5
105
330
6A6
100
AcDbEntity
8
Equipment
100
AcDbBlockReference
2
CC_CONTROL_VALVE
10
900
20
0
30
0
41
1
42
1
43
1
50
0
66
1
1001
CONDUITCAD
1000
{"id":"e-muhhqzqq-102","tag":"control-valve"}
0
ATTRIB
5
953
330
105
100
AcDbEntity
8
Equipment
100
AcDbText
10
900
20
-48
30
0
40
12
1
control-valve
50
0
41
1
7
STANDARD
72
1
11
900
21
-48
31
0
100
AcDbAttribute
2
TAG
70
0
74
0
0
SEQEND
5
954
330
105
100
AcDbEntity
8
Equipment
0
INSERT
5
106
330
6A6
100
AcDbEntity
8
Equipment
100
AcDbBlockReference
2
CC_SOLENOID_VALVE
10
1080
20
0
30
0
41
1
42
1
43
1
50
0
66
1
1001
CONDUITCAD
1000
{"id":"e-muhhqzqq-103","tag":"solenoid-valve"}
0
ATTRIB
5
955
330
106
100
AcDbEntity
8
Equipment
100
AcDbText
10
1080
20
-48
30
0
40
12
1
solenoid-valve
50
0
41
1
7
STANDARD
72
1
11
1080
21
-48
31
0
100
AcDbAttribute
2
TAG
70
0
74
0
0
SEQEND
5
956
330
106
100
AcDbEntity
8
Equipment
0
INSERT
5
107
330
6A6
100
AcDbEntity
8
Equipment
100
AcDbBlockReference
2
CC_RELIEF_VALVE
10
1260
20
0
30
0
41
1
42
1
43
1
50
0
66
1
1001
CONDUITCAD
1000
{"id":"e-muhhqzqq-104","tag":"relief-valve"}
0
ATTRIB
5
957
330
107
100
AcDbEntity
8
Equipment
100
AcDbText
10
1260
20
-48
30
0
40
12
1
relief-valve
50
0
41
1
7
STANDARD
72
1
11
1260
21
-48
31
0
100
AcDbAttribute
2
TAG
70
0
74
0
0
SEQEND
5
958
330
107
100
AcDbEntity
8
Equipment
0
INSERT
5
108
330
6A6
100
AcDbEntity
8
Equipment
100
AcDbBlockReference
2
CC_THREE_WAY_VALVE
10
1440
20
0
30
0
41
1
42
1
43
1
50
0
66
1
1001
CONDUITCAD
1000
{"id":"e-muhhqzqq-105","tag":"three-way-valve"}
0
ATTRIB
5
959
330
108
100
AcDbEntity
8
Equipment
100
AcDbText
10
1440
20
-67
30
0
40
12
1
three-way-valve
50
0
41
1
7
STANDARD
72
1
11
1440
21
-67
31
0
100
AcDbAttribute
2
TAG
70
0
74
0
0
SEQEND
5
95A
330
108
100
AcDbEntity
8
Equipment
0
INSERT
5
109
330
6A6
100
AcDbEntity
8
Equipment
100
AcDbBlockReference
2
CC_PUMP
10
1620
20
0
30
0
41
1
42
1
43
1
50
0
66
1
1001
CONDUITCAD
1000
{"id":"e-muhhqzqq-106","tag":"pump"}
0
ATTRIB
5
95B
330
109
100
AcDbEntity
8
Equipment
100
AcDbText
10
1620
20
-67
30
0
40
12
1
pump
50
0
41
1
7
STANDARD
72
1
11
1620
21
-67
31
0
100
AcDbAttribute
2
TAG
70
0
74
0
0
SEQEND
5
95C
330
109
100
AcDbEntity
8
Equipment
0
INSERT
5
10A
330
6A6
100
AcDbEntity
8
Equipment
100
AcDbBlockReference
2
CC_GEAR_PUMP
10
1800
20
0
30
0
41
1
42
1
43
1
50
0
66
1
1001
CONDUITCAD
1000
{"id":"e-muhhqzqq-107","tag":"gear-pump"}
0
ATTRIB
5
95D
330
10A
100
AcDbEntity
8
Equipment
100
AcDbText
10
1800
20
-67
30
0
40
12
1
gear-pump
50
0
41
1
7
STANDARD
72
1
11
1800
21
-67
31
0
100
AcDbAttribute
2
TAG
70
0
74
0
0
SEQEND
5
95E
330
10A
100
AcDbEntity
8
Equipment
0
INSERT
5
10B
330
6A6
100
AcDbEntity
8
Equipment
100
AcDbBlockReference
2
CC_COMPRESSOR
10
1980
20
0
30
0
41
1
42
1
43
1
50
0
66
1
1001
CONDUITCAD
1000
{"id":"e-muhhqzqq-108","tag":"compressor"}
0
ATTRIB
5
95F
330
10B
100
AcDbEntity
8
Equipment
100
AcDbText
10
1980
20
-67
30
0
40
12
1
compressor
50
0
41
1
7
STANDARD
72
1
11
1980
21
-67
31
0
100
AcDbAttribute
2
TAG
70
0
74
0
0
SEQEND
5
960
330
10B
100
AcDbEntity
8
Equipment
0
INSERT
5
10C
330
6A6
100
AcDbEntity
8
Equipment
100
AcDbBlockReference
2
CC_FAN
10
0
20
-200
30
0
41
1
42
1
43
1
50
0
66
1
1001
CONDUITCAD
1000
{"id":"e-muhhqzqq-109","tag":"fan"}
0
ATTRIB
5
961
330
10C
100
AcDbEntity
8
Equipment
100
AcDbText
10
0
20
-251
30
0
40
12
1
fan
50
0
41
1
7
STANDARD
72
1
11
0
21
-251
31
0
100
AcDbAttribute
2
TAG
70
0
74
0
0
SEQEND
5
962
330
10C
100
AcDbEntity
8
Equipment
0
INSERT
5
10D
330
6A6
100
AcDbEntity
8
Equipment
100
AcDbBlockReference
2
CC_STRAINER
10
180
20
-200
30
0
41
1
42
1
43
1
50
0
66
1
1001
CONDUITCAD
1000
{"id":"e-muhhqzqq-10a","tag":"strainer"}
0
ATTRIB
5
963
330
10D
100
AcDbEntity
8
Equipment
100
AcDbText
10
180
20
-259
30
0
40
12
1
strainer
50
0
41
1
7
STANDARD
72
1
11
180
21
-259
31
0
100
AcDbAttribute
2
TAG
70
0
74
0
0
SEQEND
5
964
330
10D
100
AcDbEntity
8
Equipment
0
INSERT
5
10E
330
6A6
100
AcDbEntity
8
Equipment
100
AcDbBlockReference
2
CC_FILTER
10
360
20
-200
30
0
41
1
42
1
43
1
50
0
66
1
1001
CONDUITCAD
1000
{"id":"e-muhhqzqq-10b","tag":"filter"}
0
ATTRIB
5
965
330
10E
100
AcDbEntity
8
Equipment
100
AcDbText
10
360
20
-267
30
0
40
12
1
filter
50
0
41
1
7
STANDARD
72
1
11
360
21
-267
31
0
100
AcDbAttribute
2
TAG
70
0
74
0
0
SEQEND
5
966
330
10E
100
AcDbEntity
8
Equipment
0
INSERT
5
10F
330
6A6
100
AcDbEntity
8
Equipment
100
AcDbBlockReference
2
CC_HEAT_EXCHANGER
10
540
20
-200
30
0
41
1
42
1
43
1
50
0
66
1
1001
CONDUITCAD
1000
{"id":"e-muhhqzqq-10c","tag":"heat-exchanger"}
0
ATTRIB
5
967
330
10F
100
AcDbEntity
8
Equipment
100
AcDbText
10
540
20
-267
30
0
40
12
1
heat-exchanger
50
0
41
1
7
STANDARD
72
1
11
540
21
-267
31
0
100
AcDbAttribute
2
TAG
70
0
74
0
0
SEQEND
5
968
330
10F
100
AcDbEntity
8
Equipment
0
INSERT
5
110
330
6A6
100
AcDbEntity
8
Equipment
100
AcDbBlockReference
2
CC_TANK
10
720
20
-200
30
0
41
1
42
1
43
1
50
0
66
1
1001
CONDUITCAD
1000
{"id":"e-muhhqzqq-10d","tag":"tank"}
0
ATTRIB
5
969
330
110
100
AcDbEntity
8
Equipment
100
AcDbText
10
720
20
-310
30
0
40
12
1
tank
50
0
41
1
7
STANDARD
72
1
11
720
21
-310
31
0
100
AcDbAttribute
2
TAG
70
0
74
0
0
SEQEND
5
96A
330
110
100
AcDbEntity
8
Equipment
0
INSERT
5
111
330
6A6
100
AcDbEntity
8
Equipment
100
AcDbBlockReference
2
CC_VESSEL
10
900
20
-200
30
0
41
1
42
1
43
1
50
0
66
1
1001
CONDUITCAD
1000
{"id":"e-muhhqzqq-10e","tag":"vessel"}
0
ATTRIB
5
96B
330
111
100
AcDbEntity
8
Equipment
100
AcDbText
10
900
20
-287
30
0
40
12
1
vessel
50
0
41
1
7
STANDARD
72
1
11
900
21
-287
31
0
100
AcDbAttribute
2
TAG
70
0
74
0
0
SEQEND
5
96C
330
111
100
AcDbEntity
8
Equipment
0
INSERT
5
112
330
6A6
100
AcDbEntity
8
Equipment
100
AcDbBlockReference
2
CC_MIXER
10
1080
20
-200
30
0
41
1
42
1
43
1
50
0
66
1
1001
CONDUITCAD
1000
{"id":"e-muhhqzqq-10f","tag":"mixer"}
0
ATTRIB
5
96D
330
112
100
AcDbEntity
8
Equipment
100
AcDbText
10
1080
20
-277
30
0
40
12
1
mixer
50
0
41
1
7
STANDARD
72
1
11
1080
21
-277
31
0
100
AcDbAttribute
2
TAG
70
0
74
0
0
SEQEND
5
96E
330
112
100
AcDbEntity
8
Equipment
0
INSERT
5
113
330
6A6
100
AcDbEntity
8
Equipment
100
AcDbBlockReference
2
CC_PRESSURE_INDICATOR
10
1260
20
-200
30
0
41
1
42
1
43
1
50
0
66
1
1001
CONDUITCAD
1000
{"id":"e-muhhqzqq-10g","tag":"pressure-indicator"}
0
ATTRIB
5
96F
330
113
100
AcDbEntity
8
Equipment
100
AcDbText
10
1260
20
-267
30
0
40
12
1
pressure-indicator
50
0
41
1
7
STANDARD
72
1
11
1260
21
-267
31
0
100
AcDbAttribute
2
TAG
70
0
74
0
0
SEQEND
5
970
330
113
100
AcDbEntity
8
Equipment
0
INSERT
5
114
330
6A6
100
AcDbEntity
8
Equipment
100
AcDbBlockReference
2
CC_FLOW_TRANSMITTER
10
1440
20
-200
30
0
41
1
42
1
43
1
50
0
66
1
1001
CONDUITCAD
1000
{"id":"e-muhhqzqq-10h","tag":"flow-transmitter"}
0
ATTRIB
5
971
330
114
100
AcDbEntity
8
Equipment
100
AcDbText
10
1440
20
-267
30
0
40
12
1
flow-transmitter
50
0
41
1
7
STANDARD
72
1
11
1440
21
-267
31
0
100
AcDbAttribute
2
TAG
70
0
74
0
0
SEQEND
5
972
330
114
100
AcDbEntity
8
Equipment
0
INSERT
5
115
330
6A6
100
AcDbEntity
8
Equipment
100
AcDbBlockReference
2
CC_TEMPERATURE
10
1620
20
-200
30
0
41
1
42
1
43
1
50
0
66
1
1001
CONDUITCAD
1000
{"id":"e-muhhqzqq-10i","tag":"temperature"}
0
ATTRIB
5
973
330
115
100
AcDbEntity
8
Equipment
100
AcDbText
10
1620
20
-267
30
0
40
12
1
temperature
50
0
41
1
7
STANDARD
72
1
11
1620
21
-267
31
0
100
AcDbAttribute
2
TAG
70
0
74
0
0
SEQEND
5
974
330
115
100
AcDbEntity
8
Equipment
0
INSERT
5
116
330
6A6
100
AcDbEntity
8
Equipment
100
AcDbBlockReference
2
CC_LEVEL_TRANSMITTER
10
1800
20
-200
30
0
41
1
42
1
43
1
50
0
66
1
1001
CONDUITCAD
1000
{"id":"e-muhhqzqq-10j","tag":"level-transmitter"}
0
ATTRIB
5
975
330
116
100
AcDbEntity
8
Equipment
100
AcDbText
10
1800
20
-248
30
0
40
12
1
level-transmitter
50
0
41
1
7
STANDARD
72
1
11
1800
21
-248
31
0
100
AcDbAttribute
2
TAG
70
0
74
0
0
SEQEND
5
976
330
116
100
AcDbEntity
8
Equipment
0
INSERT
5
117
330
6A6
100
AcDbEntity
8
Equipment
100
AcDbBlockReference
2
CC_REDUCER
10
1980
20
-200
30
0
41
1
42
1
43
1
50
0
66
1
1001
CONDUITCAD
1000
{"id":"e-muhhqzqq-10k","tag":"reducer"}
0
ATTRIB
5
977
330
117
100
AcDbEntity
8
Equipment
100
AcDbText
10
1980
20
-248
30
0
40
12
1
reducer
50
0
41
1
7
STANDARD
72
1
11
1980
21
-248
31
0
100
AcDbAttribute
2
TAG
70
0
74
0
0
SEQEND
5
978
330
117
100
AcDbEntity
8
Equipment
0
INSERT
5
118
330
6A6
100
AcDbEntity
8
Equipment
100
AcDbBlockReference
2
CC_FLANGE
10
0
20
-400
30
0
41
1
42
1
43
1
50
0
66
1
1001
CONDUITCAD
1000
{"id":"e-muhhqzqq-10l","tag":"flange"}
0
ATTRIB
5
979
330
118
100
AcDbEntity
8
Equipment
100
AcDbText
10
0
20
-448
30
0
40
12
1
flange
50
0
41
1
7
STANDARD
72
1
11
0
21
-448
31
0
100
AcDbAttribute
2
TAG
70
0
74
0
0
SEQEND
5
97A
330
118
100
AcDbEntity
8
Equipment
0
INSERT
5
119
330
6A6
100
AcDbEntity
8
Equipment
100
AcDbBlockReference
2
CC_OFFPAGE
10
180
20
-400
30
0
41
1
42
1
43
1
50
0
66
1
1001
CONDUITCAD
1000
{"id":"e-muhhqzqq-10m","tag":"offpage"}
0
ATTRIB
5
97B
330
119
100
AcDbEntity
8
Equipment
100
AcDbText
10
180
20
-448
30
0
40
12
1
offpage
50
0
41
1
7
STANDARD
72
1
11
180
21
-448
31
0
100
AcDbAttribute
2
TAG
70
0
74
0
0
SEQEND
5
97C
330
119
100
AcDbEntity
8
Equipment
0
INSERT
5
11A
330
6A6
100
AcDbEntity
8
Electrical
100
AcDbBlockReference
2
CC_RESISTOR
10
360
20
-400
30
0
41
1
42
1
43
1
50
0
66
1
1001
CONDUITCAD
1000
{"id":"e-muhhqzqq-10n","tag":"resistor"}
0
ATTRIB
5
97D
330
11A
100
AcDbEntity
8
Electrical
100
AcDbText
10
360
20
-448
30
0
40
12
1
resistor
50
0
41
1
7
STANDARD
72
1
11
360
21
-448
31
0
100
AcDbAttribute
2
TAG
70
0
74
0
0
SEQEND
5
97E
330
11A
100
AcDbEntity
8
Electrical
0
INSERT
5
11B
330
6A6
100
AcDbEntity
8
Electrical
100
AcDbBlockReference
2
CC_RESISTOR_IEC
10
540
20
-400
30
0
41
1
42
1
43
1
50
0
66
1
1001
CONDUITCAD
1000
{"id":"e-muhhqzqq-10o","tag":"resistor-iec"}
0
ATTRIB
5
97F
330
11B
100
AcDbEntity
8
Electrical
100
AcDbText
10
540
20
-448
30
0
40
12
1
resistor-iec
50
0
41
1
7
STANDARD
72
1
11
540
21
-448
31
0
100
AcDbAttribute
2
TAG
70
0
74
0
0
SEQEND
5
980
330
11B
100
AcDbEntity
8
Electrical
0
INSERT
5
11C
330
6A6
100
AcDbEntity
8
Electrical
100
AcDbBlockReference
2
CC_CAPACITOR
10
720
20
-400
30
0
41
1
42
1
43
1
50
0
66
1
1001
CONDUITCAD
1000
{"id":"e-muhhqzqq-10p","tag":"capacitor"}
0
ATTRIB
5
981
330
11C
100
AcDbEntity
8
Electrical
100
AcDbText
10
720
20
-448
30
0
40
12
1
capacitor
50
0
41
1
7
STANDARD
72
1
11
720
21
-448
31
0
100
AcDbAttribute
2
TAG
70
0
74
0
0
SEQEND
5
982
330
11C
100
AcDbEntity
8
Electrical
0
INSERT
5
11D
330
6A6
100
AcDbEntity
8
Electrical
100
AcDbBlockReference
2
CC_INDUCTOR
10
900
20
-400
30
0
41
1
42
1
43
1
50
0
66
1
1001
CONDUITCAD
1000
{"id":"e-muhhqzqq-10q","tag":"inductor"}
0
ATTRIB
5
983
330
11D
100
AcDbEntity
8
Electrical
100
AcDbText
10
900
20
-448
30
0
40
12
1
inductor
50
0
41
1
7
STANDARD
72
1
11
900
21
-448
31
0
100
AcDbAttribute
2
TAG
70
0
74
0
0
SEQEND
5
984
330
11D
100
AcDbEntity
8
Electrical
0
INSERT
5
11E
330
6A6
100
AcDbEntity
8
Electrical
100
AcDbBlockReference
2
CC_DIODE
10
1080
20
-400
30
0
41
1
42
1
43
1
50
0
66
1
1001
CONDUITCAD
1000
{"id":"e-muhhqzqq-10r","tag":"diode"}
0
ATTRIB
5
985
330
11E
100
AcDbEntity
8
Electrical
100
AcDbText
10
1080
20
-448
30
0
40
12
1
diode
50
0
41
1
7
STANDARD
72
1
11
1080
21
-448
31
0
100
AcDbAttribute
2
TAG
70
0
74
0
0
SEQEND
5
986
330
11E
100
AcDbEntity
8
Electrical
0
INSERT
5
11F
330
6A6
100
AcDbEntity
8
Electrical
100
AcDbBlockReference
2
CC_LED
10
1260
20
-400
30
0
41
1
42
1
43
1
50
0
66
1
1001
CONDUITCAD
1000
{"id":"e-muhhqzqq-10s","tag":"led"}
0
ATTRIB
5
987
330
11F
100
AcDbEntity
8
Electrical
100
AcDbText
10
1260
20
-448
30
0
40
12
1
led
50
0
41
1
7
STANDARD
72
1
11
1260
21
-448
31
0
100
AcDbAttribute
2
TAG
70
0
74
0
0
SEQEND
5
988
330
11F
100
AcDbEntity
8
Electrical
0
INSERT
5
120
330
6A6
100
AcDbEntity
8
Electrical
100
AcDbBlockReference
2
CC_SWITCH
10
1440
20
-400
30
0
41
1
42
1
43
1
50
0
66
1
1001
CONDUITCAD
1000
{"id":"e-muhhqzqq-10t","tag":"switch"}
0
ATTRIB
5
989
330
120
100
AcDbEntity
8
Electrical
100
AcDbText
10
1440
20
-448
30
0
40
12
1
switch
50
0
41
1
7
STANDARD
72
1
11
1440
21
-448
31
0
100
AcDbAttribute
2
TAG
70
0
74
0
0
SEQEND
5
98A
330
120
100
AcDbEntity
8
Electrical
0
INSERT
5
121
330
6A6
100
AcDbEntity
8
Electrical
100
AcDbBlockReference
2
CC_SWITCH_NC
10
1620
20
-400
30
0
41
1
42
1
43
1
50
0
66
1
1001
CONDUITCAD
1000
{"id":"e-muhhqzqq-10u","tag":"switch-nc"}
0
ATTRIB
5
98B
330
121
100
AcDbEntity
8
Electrical
100
AcDbText
10
1620
20
-448
30
0
40
12
1
switch-nc
50
0
41
1
7
STANDARD
72
1
11
1620
21
-448
31
0
100
AcDbAttribute
2
TAG
70
0
74
0
0
SEQEND
5
98C
330
121
100
AcDbEntity
8
Electrical
0
INSERT
5
122
330
6A6
100
AcDbEntity
8
Electrical
100
AcDbBlockReference
2
CC_FUSE
10
1800
20
-400
30
0
41
1
42
1
43
1
50
0
66
1
1001
CONDUITCAD
1000
{"id":"e-muhhqzqq-10v","tag":"fuse"}
0
ATTRIB
5
98D
330
122
100
AcDbEntity
8
Electrical
100
AcDbText
10
1800
20
-448
30
0
40
12
1
fuse
50
0
41
1
7
STANDARD
72
1
11
1800
21
-448
31
0
100
AcDbAttribute
2
TAG
70
0
74
0
0
SEQEND
5
98E
330
122
100
AcDbEntity
8
Electrical
0
INSERT
5
123
330
6A6
100
AcDbEntity
8
Electrical
100
AcDbBlockReference
2
CC_RELAY
10
1980
20
-400
30
0
41
1
42
1
43
1
50
0
66
1
1001
CONDUITCAD
1000
{"id":"e-muhhqzqq-10w","tag":"relay"}
0
ATTRIB
5
98F
330
123
100
AcDbEntity
8
Electrical
100
AcDbText
10
1980
20
-448
30
0
40
12
1
relay
50
0
41
1
7
STANDARD
72
1
11
1980
21
-448
31
0
100
AcDbAttribute
2
TAG
70
0
74
0
0
SEQEND
5
990
330
123
100
AcDbEntity
8
Electrical
0
INSERT
5
124
330
6A6
100
AcDbEntity
8
Electrical
100
AcDbBlockReference
2
CC_MOTOR
10
0
20
-600
30
0
41
1
42
1
43
1
50
0
66
1
1001
CONDUITCAD
1000
{"id":"e-muhhqzqq-10x","tag":"motor"}
0
ATTRIB
5
991
330
124
100
AcDbEntity
8
Electrical
100
AcDbText
10
0
20
-667
30
0
40
12
1
motor
50
0
41
1
7
STANDARD
72
1
11
0
21
-667
31
0
100
AcDbAttribute
2
TAG
70
0
74
0
0
SEQEND
5
992
330
124
100
AcDbEntity
8
Electrical
0
INSERT
5
125
330
6A6
100
AcDbEntity
8
Electrical
100
AcDbBlockReference
2
CC_GENERATOR
10
180
20
-600
30
0
41
1
42
1
43
1
50
0
66
1
1001
CONDUITCAD
1000
{"id":"e-muhhqzqq-10y","tag":"generator"}
0
ATTRIB
5
993
330
125
100
AcDbEntity
8
Electrical
100
AcDbText
10
180
20
-667
30
0
40
12
1
generator
50
0
41
1
7
STANDARD
72
1
11
180
21
-667
31
0
100
AcDbAttribute
2
TAG
70
0
74
0
0
SEQEND
5
994
330
125
100
AcDbEntity
8
Electrical
0
INSERT
5
126
330
6A6
100
AcDbEntity
8
Electrical
100
AcDbBlockReference
2
CC_TRANSFORMER
10
360
20
-600
30
0
41
1
42
1
43
1
50
0
66
1
1001
CONDUITCAD
1000
{"id":"e-muhhqzqq-10z","tag":"transformer"}
0
ATTRIB
5
995
330
126
100
AcDbEntity
8
Electrical
100
AcDbText
10
360
20
-648
30
0
40
12
1
transformer
50
0
41
1
7
STANDARD
72
1
11
360
21
-648
31
0
100
AcDbAttribute
2
TAG
70
0
74
0
0
SEQEND
5
996
330
126
100
AcDbEntity
8
Electrical
0
INSERT
5
127
330
6A6
100
AcDbEntity
8
Electrical
100
AcDbBlockReference
2
CC_GROUND
10
540
20
-600
30
0
41
1
42
1
43
1
50
0
66
1
1001
CONDUITCAD
1000
{"id":"e-muhhqzqq-110","tag":"ground"}
0
ATTRIB
5
997
330
127
100
AcDbEntity
8
Electrical
100
AcDbText
10
540
20
-648
30
0
40
12
1
ground
50
0
41
1
7
STANDARD
72
1
11
540
21
-648
31
0
100
AcDbAttribute
2
TAG
70
0
74
0
0
SEQEND
5
998
330
127
100
AcDbEntity
8
Electrical
0
INSERT
5
128
330
6A6
100
AcDbEntity
8
Electrical
100
AcDbBlockReference
2
CC_BATTERY
10
720
20
-600
30
0
41
1
42
1
43
1
50
0
66
1
1001
CONDUITCAD
1000
{"id":"e-muhhqzqq-111","tag":"battery"}
0
ATTRIB
5
999
330
128
100
AcDbEntity
8
Electrical
100
AcDbText
10
720
20
-648
30
0
40
12
1
battery
50
0
41
1
7
STANDARD
72
1
11
720
21
-648
31
0
100
AcDbAttribute
2
TAG
70
0
74
0
0
SEQEND
5
99A
330
128
100
AcDbEntity
8
Electrical
0
INSERT
5
129
330
6A6
100
AcDbEntity
8
Electrical
100
AcDbBlockReference
2
CC_TERMINAL
10
900
20
-600
30
0
41
1
42
1
43
1
50
0
66
1
1001
CONDUITCAD
1000
{"id":"e-muhhqzqq-112","tag":"terminal"}
0
ATTRIB
5
99B
330
129
100
AcDbEntity
8
Electrical
100
AcDbText
10
900
20
-648
30
0
40
12
1
terminal
50
0
41
1
7
STANDARD
72
1
11
900
21
-648
31
0
100
AcDbAttribute
2
TAG
70
0
74
0
0
SEQEND
5
99C
330
129
100
AcDbEntity
8
Electrical
0
INSERT
5
12A
330
6A6
100
AcDbEntity
8
Electrical
100
AcDbBlockReference
2
CC_OP_AMP
10
1080
20
-600
30
0
41
1
42
1
43
1
50
0
66
1
1001
CONDUITCAD
1000
{"id":"e-muhhqzqq-113","tag":"op-amp"}
0
ATTRIB
5
99D
330
12A
100
AcDbEntity
8
Electrical
100
AcDbText
10
1080
20
-657
30
0
40
12
1
op-amp
50
0
41
1
7
STANDARD
72
1
11
1080
21
-657
31
0
100
AcDbAttribute
2
TAG
70
0
74
0
0
SEQEND
5
99E
330
12A
100
AcDbEntity
8
Electrical
0
INSERT
5
12B
330
6A6
100
AcDbEntity
8
Electrical
100
AcDbBlockReference
2
CC_LAMP
10
1260
20
-600
30
0
41
1
42
1
43
1
50
0
66
1
1001
CONDUITCAD
1000
{"id":"e-muhhqzqq-114","tag":"lamp"}
0
ATTRIB
5
99F
330
12B
100
AcDbEntity
8
Electrical
100
AcDbText
10
1260
20
-648
30
0
40
12
1
lamp
50
0
41
1
7
STANDARD
72
1
11
1260
21
-648
31
0
100
AcDbAttribute
2
TAG
70
0
74
0
0
SEQEND
5
9A0
330
12B
100
AcDbEntity
8
Electrical
0
INSERT
5
12C
330
6A6
100
AcDbEntity
8
Process
100
AcDbBlockReference
2
CC_PROCESS
10
1440
20
-600
30
0
41
1
42
1
43
1
50
0
66
1
1001
CONDUITCAD
1000
{"id":"e-muhhqzqq-115","tag":"process"}
0
ATTRIB
5
9A1
330
12C
100
AcDbEntity
8
Process
100
AcDbText
10
1440
20
-657
30
0
40
12
1
process
50
0
41
1
7
STANDARD
72
1
11
1440
21
-657
31
0
100
AcDbAttribute
2
TAG
70
0
74
0
0
SEQEND
5
9A2
330
12C
100
AcDbEntity
8
Process
0
INSERT
5
12D
330
6A6
100
AcDbEntity
8
Process
100
AcDbBlockReference
2
CC_DECISION
10
1620
20
-600
30
0
41
1
42
1
43
1
50
0
66
1
1001
CONDUITCAD
1000
{"id":"e-muhhqzqq-116","tag":"decision"}
0
ATTRIB
5
9A3
330
12D
100
AcDbEntity
8
Process
100
AcDbText
10
1620
20
-664
30
0
40
12
1
decision
50
0
41
1
7
STANDARD
72
1
11
1620
21
-664
31
0
100
AcDbAttribute
2
TAG
70
0
74
0
0
SEQEND
5
9A4
330
12D
100
AcDbEntity
8
Process
0
INSERT
5
12E
330
6A6
100
AcDbEntity
8
Process
100
AcDbBlockReference
2
CC_TERMINATOR
10
1800
20
-600
30
0
41
1
42
1
43
1
50
0
66
1
1001
CONDUITCAD
1000
{"id":"e-muhhqzqq-117","tag":"terminator"}
0
ATTRIB
5
9A5
330
12E
100
AcDbEntity
8
Process
100
AcDbText
10
1800
20
-652
30
0
40
12
1
terminator
50
0
41
1
7
STANDARD
72
1
11
1800
21
-652
31
0
100
AcDbAttribute
2
TAG
70
0
74
0
0
SEQEND
5
9A6
330
12E
100
AcDbEntity
8
Process
0
INSERT
5
12F
330
6A6
100
AcDbEntity
8
Process
100
AcDbBlockReference
2
CC_DATA
10
1980
20
-600
30
0
41
1
42
1
43
1
50
0
66
1
1001
CONDUITCAD
1000
{"id":"e-muhhqzqq-118","tag":"data"}
0
ATTRIB
5
9A7
330
12F
100
AcDbEntity
8
Process
100
AcDbText
10
1980
20
-657
30
0
40
12
1
data
50
0
41
1
7
STANDARD
72
1
11
1980
21
-657
31
0
100
AcDbAttribute
2
TAG
70
0
74
0
0
SEQEND
5
9A8
330
12F
100
AcDbEntity
8
Process
0
INSERT
5
130
330
6A6
100
AcDbEntity
8
Process
100
AcDbBlockReference
2
CC_DOCUMENT
10
0
20
-800
30
0
41
1
42
1
43
1
50
0
66
1
1001
CONDUITCAD
1000
{"id":"e-muhhqzqq-119","tag":"document"}
0
ATTRIB
5
9A9
330
130
100
AcDbEntity
8
Process
100
AcDbText
10
0
20
-855
30
0
40
12
1
document
50
0
41
1
7
STANDARD
72
1
11
0
21
-855
31
0
100
AcDbAttribute
2
TAG
70
0
74
0
0
SEQEND
5
9AA
330
130
100
AcDbEntity
8
Process
0
INSERT
5
131
330
6A6
100
AcDbEntity
8
Process
100
AcDbBlockReference
2
CC_DATABASE
10
180
20
-800
30
0
41
1
42
1
43
1
50
0
66
1
1001
CONDUITCAD
1000
{"id":"e-muhhqzqq-11a","tag":"database"}
0
ATTRIB
5
9AB
330
131
100
AcDbEntity
8
Process
100
AcDbText
10
180
20
-862
30
0
40
12
1
database
50
0
41
1
7
STANDARD
72
1
11
180
21
-862
31
0
100
AcDbAttribute
2
TAG
70
0
74
0
0
SEQEND
5
9AC
330
131
100
AcDbEntity
8
Process
0
INSERT
5
132
330
6A6
100
AcDbEntity
8
Process
100
AcDbBlockReference
2
CC_SUBPROCESS
10
360
20
-800
30
0
41
1
42
1
43
1
50
0
66
1
1001
CONDUITCAD
1000
{"id":"e-muhhqzqq-11b","tag":"subprocess"}
0
ATTRIB
5
9AD
330
132
100
AcDbEntity
8
Process
100
AcDbText
10
360
20
-857
30
0
40
12
1
subprocess
50
0
41
1
7
STANDARD
72
1
11
360
21
-857
31
0
100
AcDbAttribute
2
TAG
70
0
74
0
0
SEQEND
5
9AE
330
132
100
AcDbEntity
8
Process
0
INSERT
5
133
330
6A6
100
AcDbEntity
8
Process
100
AcDbBlockReference
2
CC_MANUAL
10
540
20
-800
30
0
41
1
42
1
43
1
50
0
66
1
1001
CONDUITCAD
1000
{"id":"e-muhhqzqq-11c","tag":"manual"}
0
ATTRIB
5
9AF
330
133
100
AcDbEntity
8
Process
100
AcDbText
10
540
20
-857
30
0
40
12
1
manual
50
0
41
1
7
STANDARD
72
1
11
540
21
-857
31
0
100
AcDbAttribute
2
TAG
70
0
74
0
0
SEQEND
5
9B0
330
133
100
AcDbEntity
8
Process
0
INSERT
5
134
330
6A6
100
AcDbEntity
8
Process
100
AcDbBlockReference
2
CC_PREPARATION
10
720
20
-800
30
0
41
1
42
1
43
1
50
0
66
1
1001
CONDUITCAD
1000
{"id":"e-muhhqzqq-11d","tag":"preparation"}
0
ATTRIB
5
9B1
330
134
100
AcDbEntity
8
Process
100
AcDbText
10
720
20
-857
30
0
40
12
1
preparation
50
0
41
1
7
STANDARD
72
1
11
720
21
-857
31
0
100
AcDbAttribute
2
TAG
70
0
74
0
0
SEQEND
5
9B2
330
134
100
AcDbEntity
8
Process
0
INSERT
5
135
330
6A6
100
AcDbEntity
8
Process
100
AcDbBlockReference
2
CC_DELAY
10
900
20
-800
30
0
41
1
42
1
43
1
50
0
66
1
1001
CONDUITCAD
1000
{"id":"e-muhhqzqq-11e","tag":"delay"}
0
ATTRIB
5
9B3
330
135
100
AcDbEntity
8
Process
100
AcDbText
10
900
20
-857
30
0
40
12
1
delay
50
0
41
1
7
STANDARD
72
1
11
900
21
-857
31
0
100
AcDbAttribute
2
TAG
70
0
74
0
0
SEQEND
5
9B4
330
135
100
AcDbEntity
8
Process
0
INSERT
5
136
330
6A6
100
AcDbEntity
8
Process
100
AcDbBlockReference
2
CC_JUNCTION
10
1080
20
-800
30
0
41
1
42
1
43
1
50
0
66
1
1001
CONDUITCAD
1000
{"id":"e-muhhqzqq-11f","tag":"junction"}
0
ATTRIB
5
9B5
330
136
100
AcDbEntity
8
Process
100
AcDbText
10
1080
20
-848
30
0
40
12
1
junction
50
0
41
1
7
STANDARD
72
1
11
1080
21
-848
31
0
100
AcDbAttribute
2
TAG
70
0
74
0
0
SEQEND
5
9B6
330
136
100
AcDbEntity
8
Process
0
INSERT
5
137
330
6A6
100
AcDbEntity
8
Process
100
AcDbBlockReference
2
CC_NOTE
10
1260
20
-800
30
0
41
1
42
1
43
1
50
0
66
1
1001
CONDUITCAD
1000
{"id":"e-muhhqzqq-11g","tag":"note"}
0
ATTRIB
5
9B7
330
137
100
AcDbEntity
8
Process
100
AcDbText
10
1260
20
-857
30
0
40
12
1
note
50
0
41
1
7
STANDARD
72
1
11
1260
21
-857
31
0
100
AcDbAttribute
2
TAG
70
0
74
0
0
SEQEND
5
9B8
330
137
100
AcDbEntity
8
Process
0
INSERT
5
138
330
6A6
100
AcDbEntity
8
Equipment
100
AcDbBlockReference
2
CC_PRESSURE_PANEL
10
1440
20
-800
30
0
41
1
42
1
43
1
50
0
66
1
1001
CONDUITCAD
1000
{"id":"e-muhhqzqq-11h","tag":"pressure-panel"}
0
ATTRIB
5
9B9
330
138
100
AcDbEntity
8
Equipment
100
AcDbText
10
1440
20
-867
30
0
40
12
1
pressure-panel
50
0
41
1
7
STANDARD
72
1
11
1440
21
-867
31
0
100
AcDbAttribute
2
TAG
70
0
74
0
0
SEQEND
5
9BA
330
138
100
AcDbEntity
8
Equipment
0
INSERT
5
139
330
6A6
100
AcDbEntity
8
Equipment
100
AcDbBlockReference
2
CC_PRESSURE_REAR
10
1620
20
-800
30
0
41
1
42
1
43
1
50
0
66
1
1001
CONDUITCAD
1000
{"id":"e-muhhqzqq-11i","tag":"pressure-rear"}
0
ATTRIB
5
9BB
330
139
100
AcDbEntity
8
Equipment
100
AcDbText
10
1620
20
-867
30
0
40
12
1
pressure-rear
50
0
41
1
7
STANDARD
72
1
11
1620
21
-867
31
0
100
AcDbAttribute
2
TAG
70
0
74
0
0
SEQEND
5
9BC
330
139
100
AcDbEntity
8
Equipment
0
INSERT
5
13A
330
6A6
100
AcDbEntity
8
Electrical
100
AcDbBlockReference
2
CC_CAPACITOR_POLARIZED
10
1800
20
-800
30
0
41
1
42
1
43
1
50
0
66
1
1001
CONDUITCAD
1000
{"id":"e-muhhqzqq-11j","tag":"capacitor-polarized"}
0
ATTRIB
5
9BD
330
13A
100
AcDbEntity
8
Electrical
100
AcDbText
10
1800
20
-848
30
0
40
12
1
capacitor-polarized
50
0
41
1
7
STANDARD
72
1
11
1800
21
-848
31
0
100
AcDbAttribute
2
TAG
70
0
74
0
0
SEQEND
5
9BE
330
13A
100
AcDbEntity
8
Electrical
0
INSERT
5
13B
330
6A6
100
AcDbEntity
8
Electrical
100
AcDbBlockReference
2
CC_SIGNAL_GROUND
10
1980
20
-800
30
0
41
1
42
1
43
1
50
0
66
1
1001
CONDUITCAD
1000
{"id":"e-muhhqzqq-11k","tag":"signal-ground"}
0
ATTRIB
5
9BF
330
13B
100
AcDbEntity
8
Electrical
100
AcDbText
10
1980
20
-848
30
0
40
12
1
signal-ground
50
0
41
1
7
STANDARD
72
1
11
1980
21
-848
31
0
100
AcDbAttribute
2
TAG
70
0
74
0
0
SEQEND
5
9C0
330
13B
100
AcDbEntity
8
Electrical
0
INSERT
5
13C
330
6A6
100
AcDbEntity
8
Electrical
100
AcDbBlockReference
2
CC_CHASSIS
10
0
20
-1000
30
0
41
1
42
1
43
1
50
0
66
1
1001
CONDUITCAD
1000
{"id":"e-muhhqzqq-11l","tag":"chassis"}
0
ATTRIB
5
9C1
330
13C
100
AcDbEntity
8
Electrical
100
AcDbText
10
0
20
-1048
30
0
40
12
1
chassis
50
0
41
1
7
STANDARD
72
1
11
0
21
-1048
31
0
100
AcDbAttribute
2
TAG
70
0
74
0
0
SEQEND
5
9C2
330
13C
100
AcDbEntity
8
Electrical
0
INSERT
5
13D
330
6A6
100
AcDbEntity
8
Electrical
100
AcDbBlockReference
2
CC_CONTACT_NO
10
180
20
-1000
30
0
41
1
42
1
43
1
50
0
66
1
1001
CONDUITCAD
1000
{"id":"e-muhhqzqq-11m","tag":"contact-no"}
0
ATTRIB
5
9C3
330
13D
100
AcDbEntity
8
Electrical
100
AcDbText
10
180
20
-1048
30
0
40
12
1
contact-no
50
0
41
1
7
STANDARD
72
1
11
180
21
-1048
31
0
100
AcDbAttribute
2
TAG
70
0
74
0
0
SEQEND
5
9C4
330
13D
100
AcDbEntity
8
Electrical
0
INSERT
5
13E
330
6A6
100
AcDbEntity
8
Electrical
100
AcDbBlockReference
2
CC_CONTACT_NC
10
360
20
-1000
30
0
41
1
42
1
43
1
50
0
66
1
1001
CONDUITCAD
1000
{"id":"e-muhhqzqq-11n","tag":"contact-nc"}
0
ATTRIB
5
9C5
330
13E
100
AcDbEntity
8
Electrical
100
AcDbText
10
360
20
-1050
30
0
40
12
1
contact-nc
50
0
41
1
7
STANDARD
72
1
11
360
21
-1050
31
0
100
AcDbAttribute
2
TAG
70
0
74
0
0
SEQEND
5
9C6
330
13E
100
AcDbEntity
8
Electrical
0
INSERT
5
13F
330
6A6
100
AcDbEntity
8
Electrical
100
AcDbBlockReference
2
CC_POTENTIOMETER
10
540
20
-1000
30
0
41
1
42
1
43
1
50
0
66
1
1001
CONDUITCAD
1000
{"id":"e-muhhqzqq-11o","tag":"potentiometer"}
0
ATTRIB
5
9C7
330
13F
100
AcDbEntity
8
Electrical
100
AcDbText
10
540
20
-1048
30
0
40
12
1
potentiometer
50
0
41
1
7
STANDARD
72
1
11
540
21
-1048
31
0
100
AcDbAttribute
2
TAG
70
0
74
0
0
SEQEND
5
9C8
330
13F
100
AcDbEntity
8
Electrical
0
INSERT
5
140
330
6A6
100
AcDbEntity
8
Equipment
100
AcDbBlockReference
2
CC_NEEDLE_VALVE
10
720
20
-1000
30
0
41
1
42
1
43
1
50
0
66
1
1001
CONDUITCAD
1000
{"id":"e-muhhqzqq-11p","tag":"needle-valve"}
0
ATTRIB
5
9C9
330
140
100
AcDbEntity
8
Equipment
100
AcDbText
10
720
20
-1048
30
0
40
12
1
needle-valve
50
0
41
1
7
STANDARD
72
1
11
720
21
-1048
31
0
100
AcDbAttribute
2
TAG
70
0
74
0
0
SEQEND
5
9CA
330
140
100
AcDbEntity
8
Equipment
0
INSERT
5
141
330
6A6
100
AcDbEntity
8
Equipment
100
AcDbBlockReference
2
CC_DIAPHRAGM_VALVE
10
900
20
-1000
30
0
41
1
42
1
43
1
50
0
66
1
1001
CONDUITCAD
1000
{"id":"e-muhhqzqq-11q","tag":"diaphragm-valve"}
0
ATTRIB
5
9CB
330
141
100
AcDbEntity
8
Equipment
100
AcDbText
10
900
20
-1048
30
0
40
12
1
diaphragm-valve
50
0
41
1
7
STANDARD
72
1
11
900
21
-1048
31
0
100
AcDbAttribute
2
TAG
70
0
74
0
0
SEQEND
5
9CC
330
141
100
AcDbEntity
8
Equipment
0
INSERT
5
142
330
6A6
100
AcDbEntity
8
Equipment
100
AcDbBlockReference
2
CC_PLUG_VALVE
10
1080
20
-1000
30
0
41
1
42
1
43
1
50
0
66
1
1001
CONDUITCAD
1000
{"id":"e-muhhqzqq-11r","tag":"plug-valve"}
0
ATTRIB
5
9CD
330
142
100
AcDbEntity
8
Equipment
100
AcDbText
10
1080
20
-1048
30
0
40
12
1
plug-valve
50
0
41
1
7
STANDARD
72
1
11
1080
21
-1048
31
0
100
AcDbAttribute
2
TAG
70
0
74
0
0
SEQEND
5
9CE
330
142
100
AcDbEntity
8
Equipment
0
INSERT
5
143
330
6A6
100
AcDbEntity
8
Equipment
100
AcDbBlockReference
2
CC_KNIFE_GATE_VALVE
10
1260
20
-1000
30
0
41
1
42
1
43
1
50
0
66
1
1001
CONDUITCAD
1000
{"id":"e-muhhqzqq-11s","tag":"knife-gate-valve"}
0
ATTRIB
5
9CF
330
143
100
AcDbEntity
8
Equipment
100
AcDbText
10
1260
20
-1048
30
0
40
12
1
knife-gate-valve
50
0
41
1
7
STANDARD
72
1
11
1260
21
-1048
31
0
100
AcDbAttribute
2
TAG
70
0
74
0
0
SEQEND
5
9D0
330
143
100
AcDbEntity
8
Equipment
0
INSERT
5
144
330
6A6
100
AcDbEntity
8
Equipment
100
AcDbBlockReference
2
CC_MOTOR_VALVE
10
1440
20
-1000
30
0
41
1
42
1
43
1
50
0
66
1
1001
CONDUITCAD
1000
{"id":"e-muhhqzqq-11t","tag":"motor-valve"}
0
ATTRIB
5
9D1
330
144
100
AcDbEntity
8
Equipment
100
AcDbText
10
1440
20
-1048
30
0
40
12
1
motor-valve
50
0
41
1
7
STANDARD
72
1
11
1440
21
-1048
31
0
100
AcDbAttribute
2
TAG
70
0
74
0
0
SEQEND
5
9D2
330
144
100
AcDbEntity
8
Equipment
0
INSERT
5
145
330
6A6
100
AcDbEntity
8
Equipment
100
AcDbBlockReference
2
CC_RUPTURE_DISC
10
1620
20
-1000
30
0
41
1
42
1
43
1
50
0
66
1
1001
CONDUITCAD
1000
{"id":"e-muhhqzqq-11u","tag":"rupture-disc"}
0
ATTRIB
5
9D3
330
145
100
AcDbEntity
8
Equipment
100
AcDbText
10
1620
20
-1048
30
0
40
12
1
rupture-disc
50
0
41
1
7
STANDARD
72
1
11
1620
21
-1048
31
0
100
AcDbAttribute
2
TAG
70
0
74
0
0
SEQEND
5
9D4
330
145
100
AcDbEntity
8
Equipment
0
INSERT
5
146
330
6A6
100
AcDbEntity
8
Equipment
100
AcDbBlockReference
2
CC_ORIFICE_PLATE
10
1800
20
-1000
30
0
41
1
42
1
43
1
50
0
66
1
1001
CONDUITCAD
1000
{"id":"e-muhhqzqq-11v","tag":"orifice-plate"}
0
ATTRIB
5
9D5
330
146
100
AcDbEntity
8
Equipment
100
AcDbText
10
1800
20
-1048
30
0
40
12
1
orifice-plate
50
0
41
1
7
STANDARD
72
1
11
1800
21
-1048
31
0
100
AcDbAttribute
2
TAG
70
0
74
0
0
SEQEND
5
9D6
330
146
100
AcDbEntity
8
Equipment
0
INSERT
5
147
330
6A6
100
AcDbEntity
8
Equipment
100
AcDbBlockReference
2
CC_SPECTACLE_BLIND
10
1980
20
-1000
30
0
41
1
42
1
43
1
50
0
66
1
1001
CONDUITCAD
1000
{"id":"e-muhhqzqq-11w","tag":"spectacle-blind"}
0
ATTRIB
5
9D7
330
147
100
AcDbEntity
8
Equipment
100
AcDbText
10
1980
20
-1048
30
0
40
12
1
spectacle-blind
50
0
41
1
7
STANDARD
72
1
11
1980
21
-1048
31
0
100
AcDbAttribute
2
TAG
70
0
74
0
0
SEQEND
5
9D8
330
147
100
AcDbEntity
8
Equipment
0
INSERT
5
148
330
6A6
100
AcDbEntity
8
Equipment
100
AcDbBlockReference
2
CC_EXPANSION_JOINT
10
0
20
-1200
30
0
41
1
42
1
43
1
50
0
66
1
1001
CONDUITCAD
1000
{"id":"e-muhhqzqq-11x","tag":"expansion-joint"}
0
ATTRIB
5
9D9
330
148
100
AcDbEntity
8
Equipment
100
AcDbText
10
0
20
-1248
30
0
40
12
1
expansion-joint
50
0
41
1
7
STANDARD
72
1
11
0
21
-1248
31
0
100
AcDbAttribute
2
TAG
70
0
74
0
0
SEQEND
5
9DA
330
148
100
AcDbEntity
8
Equipment
0
INSERT
5
149
330
6A6
100
AcDbEntity
8
Equipment
100
AcDbBlockReference
2
CC_STATIC_MIXER
10
180
20
-1200
30
0
41
1
42
1
43
1
50
0
66
1
1001
CONDUITCAD
1000
{"id":"e-muhhqzqq-11y","tag":"static-mixer"}
0
ATTRIB
5
9DB
330
149
100
AcDbEntity
8
Equipment
100
AcDbText
10
180
20
-1248
30
0
40
12
1
static-mixer
50
0
41
1
7
STANDARD
72
1
11
180
21
-1248
31
0
100
AcDbAttribute
2
TAG
70
0
74
0
0
SEQEND
5
9DC
330
149
100
AcDbEntity
8
Equipment
0
INSERT
5
14A
330
6A6
100
AcDbEntity
8
Equipment
100
AcDbBlockReference
2
CC_PLATE_EXCHANGER
10
360
20
-1200
30
0
41
1
42
1
43
1
50
0
66
1
1001
CONDUITCAD
1000
{"id":"e-muhhqzqq-11z","tag":"plate-exchanger"}
0
ATTRIB
5
9DD
330
14A
100
AcDbEntity
8
Equipment
100
AcDbText
10
360
20
-1267
30
0
40
12
1
plate-exchanger
50
0
41
1
7
STANDARD
72
1
11
360
21
-1267
31
0
100
AcDbAttribute
2
TAG
70
0
74
0
0
SEQEND
5
9DE
330
14A
100
AcDbEntity
8
Equipment
0
INSERT
5
14B
330
6A6
100
AcDbEntity
8
Equipment
100
AcDbBlockReference
2
CC_COLUMN
10
540
20
-1200
30
0
41
1
42
1
43
1
50
0
66
1
1001
CONDUITCAD
1000
{"id":"e-muhhqzqq-120","tag":"column"}
0
ATTRIB
5
9DF
330
14B
100
AcDbEntity
8
Equipment
100
AcDbText
10
540
20
-1297
30
0
40
12
1
column
50
0
41
1
7
STANDARD
72
1
11
540
21
-1297
31
0
100
AcDbAttribute
2
TAG
70
0
74
0
0
SEQEND
5
9E0
330
14B
100
AcDbEntity
8
Equipment
0
INSERT
5
14C
330
6A6
100
AcDbEntity
8
Equipment
100
AcDbBlockReference
2
CC_PACKED_COLUMN
10
720
20
-1200
30
0
41
1
42
1
43
1
50
0
66
1
1001
CONDUITCAD
1000
{"id":"e-muhhqzqq-121","tag":"packed-column"}
0
ATTRIB
5
9E1
330
14C
100
AcDbEntity
8
Equipment
100
AcDbText
10
720
20
-1297
30
0
40
12
1
packed-column
50
0
41
1
7
STANDARD
72
1
11
720
21
-1297
31
0
100
AcDbAttribute
2
TAG
70
0
74
0
0
SEQEND
5
9E2
330
14C
100
AcDbEntity
8
Equipment
0
INSERT
5
14D
330
6A6
100
AcDbEntity
8
Equipment
100
AcDbBlockReference
2
CC_CYCLONE
10
900
20
-1200
30
0
41
1
42
1
43
1
50
0
66
1
1001
CONDUITCAD
1000
{"id":"e-muhhqzqq-122","tag":"cyclone"}
0
ATTRIB
5
9E3
330
14D
100
AcDbEntity
8
Equipment
100
AcDbText
10
900
20
-1282
30
0
40
12
1
cyclone
50
0
41
1
7
STANDARD
72
1
11
900
21
-1282
31
0
100
AcDbAttribute
2
TAG
70
0
74
0
0
SEQEND
5
9E4
330
14D
100
AcDbEntity
8
Equipment
0
INSERT
5
14E
330
6A6
100
AcDbEntity
8
Equipment
100
AcDbBlockReference
2
CC_STEAM_TRAP
10
1080
20
-1200
30
0
41
1
42
1
43
1
50
0
66
1
1001
CONDUITCAD
1000
{"id":"e-muhhqzqq-123","tag":"steam-trap"}
0
ATTRIB
5
9E5
330
14E
100
AcDbEntity
8
Equipment
100
AcDbText
10
1080
20
-1248
30
0
40
12
1
steam-trap
50
0
41
1
7
STANDARD
72
1
11
1080
21
-1248
31
0
100
AcDbAttribute
2
TAG
70
0
74
0
0
SEQEND
5
9E6
330
14E
100
AcDbEntity
8
Equipment
0
INSERT
5
14F
330
6A6
100
AcDbEntity
8
Equipment
100
AcDbBlockReference
2
CC_SIGHT_GLASS
10
1260
20
-1200
30
0
41
1
42
1
43
1
50
0
66
1
1001
CONDUITCAD
1000
{"id":"e-muhhqzqq-124","tag":"sight-glass"}
0
ATTRIB
5
9E7
330
14F
100
AcDbEntity
8
Equipment
100
AcDbText
10
1260
20
-1248
30
0
40
12
1
sight-glass
50
0
41
1
7
STANDARD
72
1
11
1260
21
-1248
31
0
100
AcDbAttribute
2
TAG
70
0
74
0
0
SEQEND
5
9E8
330
14F
100
AcDbEntity
8
Equipment
0
INSERT
5
150
330
6A6
100
AcDbEntity
8
Equipment
100
AcDbBlockReference
2
CC_SAMPLING_POINT
10
1440
20
-1200
30
0
41
1
42
1
43
1
50
0
66
1
1001
CONDUITCAD
1000
{"id":"e-muhhqzqq-125","tag":"sampling-point"}
0
ATTRIB
5
9E9
330
150
100
AcDbEntity
8
Equipment
100
AcDbText
10
1440
20
-1267
30
0
40
12
1
sampling-point
50
0
41
1
7
STANDARD
72
1
11
1440
21
-1267
31
0
100
AcDbAttribute
2
TAG
70
0
74
0
0
SEQEND
5
9EA
330
150
100
AcDbEntity
8
Equipment
0
INSERT
5
151
330
6A6
100
AcDbEntity
8
Electrical
100
AcDbBlockReference
2
CC_VARIABLE_RESISTOR
10
1620
20
-1200
30
0
41
1
42
1
43
1
50
0
66
1
1001
CONDUITCAD
1000
{"id":"e-muhhqzqq-126","tag":"variable-resistor"}
0
ATTRIB
5
9EB
330
151
100
AcDbEntity
8
Electrical
100
AcDbText
10
1620
20
-1248
30
0
40
12
1
variable-resistor
50
0
41
1
7
STANDARD
72
1
11
1620
21
-1248
31
0
100
AcDbAttribute
2
TAG
70
0
74
0
0
SEQEND
5
9EC
330
151
100
AcDbEntity
8
Electrical
0
INSERT
5
152
330
6A6
100
AcDbEntity
8
Electrical
100
AcDbBlockReference
2
CC_THERMISTOR
10
1800
20
-1200
30
0
41
1
42
1
43
1
50
0
66
1
1001
CONDUITCAD
1000
{"id":"e-muhhqzqq-127","tag":"thermistor"}
0
ATTRIB
5
9ED
330
152
100
AcDbEntity
8
Electrical
100
AcDbText
10
1800
20
-1248
30
0
40
12
1
thermistor
50
0
41
1
7
STANDARD
72
1
11
1800
21
-1248
31
0
100
AcDbAttribute
2
TAG
70
0
74
0
0
SEQEND
5
9EE
330
152
100
AcDbEntity
8
Electrical
0
INSERT
5
153
330
6A6
100
AcDbEntity
8
Electrical
100
AcDbBlockReference
2
CC_PHOTORESISTOR
10
1980
20
-1200
30
0
41
1
42
1
43
1
50
0
66
1
1001
CONDUITCAD
1000
{"id":"e-muhhqzqq-128","tag":"photoresistor"}
0
ATTRIB
5
9EF
330
153
100
AcDbEntity
8
Electrical
100
AcDbText
10
1980
20
-1248
30
0
40
12
1
photoresistor
50
0
41
1
7
STANDARD
72
1
11
1980
21
-1248
31
0
100
AcDbAttribute
2
TAG
70
0
74
0
0
SEQEND
5
9F0
330
153
100
AcDbEntity
8
Electrical
0
INSERT
5
154
330
6A6
100
AcDbEntity
8
Electrical
100
AcDbBlockReference
2
CC_ZENER_DIODE
10
0
20
-1400
30
0
41
1
42
1
43
1
50
0
66
1
1001
CONDUITCAD
1000
{"id":"e-muhhqzqq-129","tag":"zener-diode"}
0
ATTRIB
5
9F1
330
154
100
AcDbEntity
8
Electrical
100
AcDbText
10
0
20
-1448
30
0
40
12
1
zener-diode
50
0
41
1
7
STANDARD
72
1
11
0
21
-1448
31
0
100
AcDbAttribute
2
TAG
70
0
74
0
0
SEQEND
5
9F2
330
154
100
AcDbEntity
8
Electrical
0
INSERT
5
155
330
6A6
100
AcDbEntity
8
Electrical
100
AcDbBlockReference
2
CC_PHOTODIODE
10
180
20
-1400
30
0
41
1
42
1
43
1
50
0
66
1
1001
CONDUITCAD
1000
{"id":"e-muhhqzqq-12a","tag":"photodiode"}
0
ATTRIB
5
9F3
330
155
100
AcDbEntity
8
Electrical
100
AcDbText
10
180
20
-1448
30
0
40
12
1
photodiode
50
0
41
1
7
STANDARD
72
1
11
180
21
-1448
31
0
100
AcDbAttribute
2
TAG
70
0
74
0
0
SEQEND
5
9F4
330
155
100
AcDbEntity
8
Electrical
0
INSERT
5
156
330
6A6
100
AcDbEntity
8
Electrical
100
AcDbBlockReference
2
CC_TRANSISTOR_NPN
10
360
20
-1400
30
0
41
1
42
1
43
1
50
0
66
1
1001
CONDUITCAD
1000
{"id":"e-muhhqzqq-12b","tag":"transistor-npn"}
0
ATTRIB
5
9F5
330
156
100
AcDbEntity
8
Electrical
100
AcDbText
10
360
20
-1467
30
0
40
12
1
transistor-npn
50
0
41
1
7
STANDARD
72
1
11
360
21
-1467
31
0
100
AcDbAttribute
2
TAG
70
0
74
0
0
SEQEND
5
9F6
330
156
100
AcDbEntity
8
Electrical
0
INSERT
5
157
330
6A6
100
AcDbEntity
8
Electrical
100
AcDbBlockReference
2
CC_TRANSISTOR_PNP
10
540
20
-1400
30
0
41
1
42
1
43
1
50
0
66
1
1001
CONDUITCAD
1000
{"id":"e-muhhqzqq-12c","tag":"transistor-pnp"}
0
ATTRIB
5
9F7
330
157
100
AcDbEntity
8
Electrical
100
AcDbText
10
540
20
-1467
30
0
40
12
1
transistor-pnp
50
0
41
1
7
STANDARD
72
1
11
540
21
-1467
31
0
100
AcDbAttribute
2
TAG
70
0
74
0
0
SEQEND
5
9F8
330
157
100
AcDbEntity
8
Electrical
0
INSERT
5
158
330
6A6
100
AcDbEntity
8
Electrical
100
AcDbBlockReference
2
CC_TRANSFORMER_WINDINGS
10
720
20
-1400
30
0
41
1
42
1
43
1
50
0
66
1
1001
CONDUITCAD
1000
{"id":"e-muhhqzqq-12d","tag":"transformer-windings"}
0
ATTRIB
5
9F9
330
158
100
AcDbEntity
8
Electrical
100
AcDbText
10
720
20
-1452
30
0
40
12
1
transformer-windings
50
0
41
1
7
STANDARD
72
1
11
720
21
-1452
31
0
100
AcDbAttribute
2
TAG
70
0
74
0
0
SEQEND
5
9FA
330
158
100
AcDbEntity
8
Electrical
0
INSERT
5
159
330
6A6
100
AcDbEntity
8
Electrical
100
AcDbBlockReference
2
CC_CIRCUIT_BREAKER
10
900
20
-1400
30
0
41
1
42
1
43
1
50
0
66
1
1001
CONDUITCAD
1000
{"id":"e-muhhqzqq-12e","tag":"circuit-breaker"}
0
ATTRIB
5
9FB
330
159
100
AcDbEntity
8
Electrical
100
AcDbText
10
900
20
-1448
30
0
40
12
1
circuit-breaker
50
0
41
1
7
STANDARD
72
1
11
900
21
-1448
31
0
100
AcDbAttribute
2
TAG
70
0
74
0
0
SEQEND
5
9FC
330
159
100
AcDbEntity
8
Electrical
0
INSERT
5
15A
330
6A6
100
AcDbEntity
8
Electrical
100
AcDbBlockReference
2
CC_DISCONNECT
10
1080
20
-1400
30
0
41
1
42
1
43
1
50
0
66
1
1001
CONDUITCAD
1000
{"id":"e-muhhqzqq-12f","tag":"disconnect"}
0
ATTRIB
5
9FD
330
15A
100
AcDbEntity
8
Electrical
100
AcDbText
10
1080
20
-1448
30
0
40
12
1
disconnect
50
0
41
1
7
STANDARD
72
1
11
1080
21
-1448
31
0
100
AcDbAttribute
2
TAG
70
0
74
0
0
SEQEND
5
9FE
330
15A
100
AcDbEntity
8
Electrical
0
INSERT
5
15B
330
6A6
100
AcDbEntity
8
Electrical
100
AcDbBlockReference
2
CC_VOLTMETER
10
1260
20
-1400
30
0
41
1
42
1
43
1
50
0
66
1
1001
CONDUITCAD
1000
{"id":"e-muhhqzqq-12g","tag":"voltmeter"}
0
ATTRIB
5
9FF
330
15B
100
AcDbEntity
8
Electrical
100
AcDbText
10
1260
20
-1448
30
0
40
12
1
voltmeter
50
0
41
1
7
STANDARD
72
1
11
1260
21
-1448
31
0
100
AcDbAttribute
2
TAG
70
0
74
0
0
SEQEND
5
A00
330
15B
100
AcDbEntity
8
Electrical
0
INSERT
5
15C
330
6A6
100
AcDbEntity
8
Electrical
100
AcDbBlockReference
2
CC_AMMETER
10
1440
20
-1400
30
0
41
1
42
1
43
1
50
0
66
1
1001
CONDUITCAD
1000
{"id":"e-muhhqzqq-12h","tag":"ammeter"}
0
ATTRIB
5
A01
330
15C
100
AcDbEntity
8
Electrical
100
AcDbText
10
1440
20
-1448
30
0
40
12
1
ammeter
50
0
41
1
7
STANDARD
72
1
11
1440
21
-1448
31
0
100
AcDbAttribute
2
TAG
70
0
74
0
0
SEQEND
5
A02
330
15C
100
AcDbEntity
8
Electrical
0
INSERT
5
15D
330
6A6
100
AcDbEntity
8
Electrical
100
AcDbBlockReference
2
CC_AC_SOURCE
10
1620
20
-1400
30
0
41
1
42
1
43
1
50
0
66
1
1001
CONDUITCAD
1000
{"id":"e-muhhqzqq-12i","tag":"ac-source"}
0
ATTRIB
5
A03
330
15D
100
AcDbEntity
8
Electrical
100
AcDbText
10
1620
20
-1448
30
0
40
12
1
ac-source
50
0
41
1
7
STANDARD
72
1
11
1620
21
-1448
31
0
100
AcDbAttribute
2
TAG
70
0
74
0
0
SEQEND
5
A04
330
15D
100
AcDbEntity
8
Electrical
0
INSERT
5
15E
330
6A6
100
AcDbEntity
8
Electrical
100
AcDbBlockReference
2
CC_DC_SOURCE
10
1800
20
-1400
30
0
41
1
42
1
43
1
50
0
66
1
1001
CONDUITCAD
1000
{"id":"e-muhhqzqq-12j","tag":"dc-source"}
0
ATTRIB
5
A05
330
15E
100
AcDbEntity
8
Electrical
100
AcDbText
10
1800
20
-1448
30
0
40
12
1
dc-source
50
0
41
1
7
STANDARD
72
1
11
1800
21
-1448
31
0
100
AcDbAttribute
2
TAG
70
0
74
0
0
SEQEND
5
A06
330
15E
100
AcDbEntity
8
Electrical
0
INSERT
5
15F
330
6A6
100
AcDbEntity
8
Electrical
100
AcDbBlockReference
2
CC_JUNCTION_DOT
10
1980
20
-1400
30
0
41
1
42
1
43
1
50
0
66
1
1001
CONDUITCAD
1000
{"id":"e-muhhqzqq-12k","tag":"junction-dot"}
0
ATTRIB
5
A07
330
15F
100
AcDbEntity
8
Electrical
100
AcDbText
10
1980
20
-1467
30
0
40
12
1
junction-dot
50
0
41
1
7
STANDARD
72
1
11
1980
21
-1467
31
0
100
AcDbAttribute
2
TAG
70
0
74
0
0
SEQEND
5
A08
330
15F
100
AcDbEntity
8
Electrical
0
INSERT
5
160
330
6A6
100
AcDbEntity
8
Electrical
100
AcDbBlockReference
2
CC_WIRE_CROSSING
10
0
20
-1600
30
0
41
1
42
1
43
1
50
0
66
1
1001
CONDUITCAD
1000
{"id":"e-muhhqzqq-12l","tag":"wire-crossing"}
0
ATTRIB
5
A09
330
160
100
AcDbEntity
8
Electrical
100
AcDbText
10
0
20
-1667
30
0
40
12
1
wire-crossing
50
0
41
1
7
STANDARD
72
1
11
0
21
-1667
31
0
100
AcDbAttribute
2
TAG
70
0
74
0
0
SEQEND
5
A0A
330
160
100
AcDbEntity
8
Electrical
0
INSERT
5
161
330
6A6
100
AcDbEntity
8
Electrical
100
AcDbBlockReference
2
CC_INVERTER
10
180
20
-1600
30
0
41
1
42
1
43
1
50
0
66
1
1001
CONDUITCAD
1000
{"id":"e-muhhqzqq-12m","tag":"inverter"}
0
ATTRIB
5
A0B
330
161
100
AcDbEntity
8
Electrical
100
AcDbText
10
180
20
-1648
30
0
40
12
1
inverter
50
0
41
1
7
STANDARD
72
1
11
180
21
-1648
31
0
100
AcDbAttribute
2
TAG
70
0
74
0
0
SEQEND
5
A0C
330
161
100
AcDbEntity
8
Electrical
0
INSERT
5
162
330
6A6
100
AcDbEntity
8
Electrical
100
AcDbBlockReference
2
CC_PV_MODULE
10
360
20
-1600
30
0
41
1
42
1
43
1
50
0
66
1
1001
CONDUITCAD
1000
{"id":"e-muhhqzqq-12n","tag":"pv-module"}
0
ATTRIB
5
A0D
330
162
100
AcDbEntity
8
Electrical
100
AcDbText
10
360
20
-1648
30
0
40
12
1
pv-module
50
0
41
1
7
STANDARD
72
1
11
360
21
-1648
31
0
100
AcDbAttribute
2
TAG
70
0
74
0
0
SEQEND
5
A0E
330
162
100
AcDbEntity
8
Electrical
0
INSERT
5
163
330
6A6
100
AcDbEntity
8
Electrical
100
AcDbBlockReference
2
CC_THREE_PHASE_MOTOR
10
540
20
-1600
30
0
41
1
42
1
43
1
50
0
66
1
1001
CONDUITCAD
1000
{"id":"e-muhhqzqq-12o","tag":"three-phase-motor"}
0
ATTRIB
5
A0F
330
163
100
AcDbEntity
8
Electrical
100
AcDbText
10
540
20
-1667
30
0
40
12
1
three-phase-motor
50
0
41
1
7
STANDARD
72
1
11
540
21
-1667
31
0
100
AcDbAttribute
2
TAG
70
0
74
0
0
SEQEND
5
A10
330
163
100
AcDbEntity
8
Electrical
0
INSERT
5
164
330
6A6
100
AcDbEntity
8
Electrical
100
AcDbBlockReference
2
CC_CELL
10
720
20
-1600
30
0
41
1
42
1
43
1
50
0
66
1
1001
CONDUITCAD
1000
{"id":"e-muhhqzqq-12p","tag":"cell"}
0
ATTRIB
5
A11
330
164
100
AcDbEntity
8
Electrical
100
AcDbText
10
720
20
-1648
30
0
40
12
1
cell
50
0
41
1
7
STANDARD
72
1
11
720
21
-1648
31
0
100
AcDbAttribute
2
TAG
70
0
74
0
0
SEQEND
5
A12
330
164
100
AcDbEntity
8
Electrical
0
INSERT
5
165
330
6A6
100
AcDbEntity
8
Process
100
AcDbBlockReference
2
CC_MANUAL_OPERATION
10
900
20
-1600
30
0
41
1
42
1
43
1
50
0
66
1
1001
CONDUITCAD
1000
{"id":"e-muhhqzqq-12q","tag":"manual-operation"}
0
ATTRIB
5
A13
330
165
100
AcDbEntity
8
Process
100
AcDbText
10
900
20
-1657
30
0
40
12
1
manual-operation
50
0
41
1
7
STANDARD
72
1
11
900
21
-1657
31
0
100
AcDbAttribute
2
TAG
70
0
74
0
0
SEQEND
5
A14
330
165
100
AcDbEntity
8
Process
0
INSERT
5
166
330
6A6
100
AcDbEntity
8
Process
100
AcDbBlockReference
2
CC_OFFPAGE_FLOW
10
1080
20
-1600
30
0
41
1
42
1
43
1
50
0
66
1
1001
CONDUITCAD
1000
{"id":"e-muhhqzqq-12r","tag":"offpage-flow"}
0
ATTRIB
5
A15
330
166
100
AcDbEntity
8
Process
100
AcDbText
10
1080
20
-1662
30
0
40
12
1
offpage-flow
50
0
41
1
7
STANDARD
72
1
11
1080
21
-1662
31
0
100
AcDbAttribute
2
TAG
70
0
74
0
0
SEQEND
5
A16
330
166
100
AcDbEntity
8
Process
0
INSERT
5
167
330
6A6
100
AcDbEntity
8
Process
100
AcDbBlockReference
2
CC_INTERNAL_STORAGE
10
1260
20
-1600
30
0
41
1
42
1
43
1
50
0
66
1
1001
CONDUITCAD
1000
{"id":"e-muhhqzqq-12s","tag":"internal-storage"}
0
ATTRIB
5
A17
330
167
100
AcDbEntity
8
Process
100
AcDbText
10
1260
20
-1657
30
0
40
12
1
internal-storage
50
0
41
1
7
STANDARD
72
1
11
1260
21
-1657
31
0
100
AcDbAttribute
2
TAG
70
0
74
0
0
SEQEND
5
A18
330
167
100
AcDbEntity
8
Process
0
INSERT
5
168
330
6A6
100
AcDbEntity
8
Process
100
AcDbBlockReference
2
CC_DISPLAY
10
1440
20
-1600
30
0
41
1
42
1
43
1
50
0
66
1
1001
CONDUITCAD
1000
{"id":"e-muhhqzqq-12t","tag":"display"}
0
ATTRIB
5
A19
330
168
100
AcDbEntity
8
Process
100
AcDbText
10
1440
20
-1652
30
0
40
12
1
display
50
0
41
1
7
STANDARD
72
1
11
1440
21
-1652
31
0
100
AcDbAttribute
2
TAG
70
0
74
0
0
SEQEND
5
A1A
330
168
100
AcDbEntity
8
Process
0
INSERT
5
169
330
6A6
100
AcDbEntity
8
Process
100
AcDbBlockReference
2
CC_STORED_DATA
10
1620
20
-1600
30
0
41
1
42
1
43
1
50
0
66
1
1001
CONDUITCAD
1000
{"id":"e-muhhqzqq-12u","tag":"stored-data"}
0
ATTRIB
5
A1B
330
169
100
AcDbEntity
8
Process
100
AcDbText
10
1620
20
-1657
30
0
40
12
1
stored-data
50
0
41
1
7
STANDARD
72
1
11
1620
21
-1657
31
0
100
AcDbAttribute
2
TAG
70
0
74
0
0
SEQEND
5
A1C
330
169
100
AcDbEntity
8
Process
0
INSERT
5
16A
330
6A6
100
AcDbEntity
8
Process
100
AcDbBlockReference
2
CC_MERGE
10
1800
20
-1600
30
0
41
1
42
1
43
1
50
0
66
1
1001
CONDUITCAD
1000
{"id":"e-muhhqzqq-12v","tag":"merge"}
0
ATTRIB
5
A1D
330
16A
100
AcDbEntity
8
Process
100
AcDbText
10
1800
20
-1657
30
0
40
12
1
merge
50
0
41
1
7
STANDARD
72
1
11
1800
21
-1657
31
0
100
AcDbAttribute
2
TAG
70
0
74
0
0
SEQEND
5
A1E
330
16A
100
AcDbEntity
8
Process
0
INSERT
5
16B
330
6A6
100
AcDbEntity
8
Process
100
AcDbBlockReference
2
CC_EXTRACT
10
1980
20
-1600
30
0
41
1
42
1
43
1
50
0
66
1
1001
CONDUITCAD
1000
{"id":"e-muhhqzqq-12w","tag":"extract"}
0
ATTRIB
5
A1F
330
16B
100
AcDbEntity
8
Process
100
AcDbText
10
1980
20
-1657
30
0
40
12
1
extract
50
0
41
1
7
STANDARD
72
1
11
1980
21
-1657
31
0
100
AcDbAttribute
2
TAG
70
0
74
0
0
SEQEND
5
A20
330
16B
100
AcDbEntity
8
Process
0
INSERT
5
16C
330
6A6
100
AcDbEntity
8
Process
100
AcDbBlockReference
2
CC_COLLATE
10
0
20
-1800
30
0
41
1
42
1
43
1
50
0
66
1
1001
CONDUITCAD
1000
{"id":"e-muhhqzqq-12x","tag":"collate"}
0
ATTRIB
5
A21
330
16C
100
AcDbEntity
8
Process
100
AcDbText
10
0
20
-1857
30
0
40
12
1
collate
50
0
41
1
7
STANDARD
72
1
11
0
21
-1857
31
0
100
AcDbAttribute
2
TAG
70
0
74
0
0
SEQEND
5
A22
330
16C
100
AcDbEntity
8
Process
0
INSERT
5
16D
330
6A6
100
AcDbEntity
8
Process
100
AcDbBlockReference
2
CC_SORT
10
180
20
-1800
30
0
41
1
42
1
43
1
50
0
66
1
1001
CONDUITCAD
1000
{"id":"e-muhhqzqq-12y","tag":"sort"}
0
ATTRIB
5
A23
330
16D
100
AcDbEntity
8
Process
100
AcDbText
10
180
20
-1862
30
0
40
12
1
sort
50
0
41
1
7
STANDARD
72
1
11
180
21
-1862
31
0
100
AcDbAttribute
2
TAG
70
0
74
0
0
SEQEND
5
A24
330
16D
100
AcDbEntity
8
Process
0
INSERT
5
16E
330
6A6
100
AcDbEntity
8
Process
100
AcDbBlockReference
2
CC_PARALLEL
10
360
20
-1800
30
0
41
1
42
1
43
1
50
0
66
1
1001
CONDUITCAD
1000
{"id":"e-muhhqzqq-12z","tag":"parallel"}
0
ATTRIB
5
A25
330
16E
100
AcDbEntity
8
Process
100
AcDbText
10
360
20
-1848
30
0
40
12
1
parallel
50
0
41
1
7
STANDARD
72
1
11
360
21
-1848
31
0
100
AcDbAttribute
2
TAG
70
0
74
0
0
SEQEND
5
A26
330
16E
100
AcDbEntity
8
Process
0
INSERT
5
16F
330
6A6
100
AcDbEntity
8
Instruments
100
AcDbBlockReference
2
CC_PRESSURE_TRANSMITTER
10
540
20
-1800
30
0
41
1
42
1
43
1
50
0
66
1
1001
CONDUITCAD
1000
{"id":"e-muhhqzqq-130","tag":"pressure-transmitter"}
0
ATTRIB
5
A27
330
16F
100
AcDbEntity
8
Instruments
100
AcDbText
10
540
20
-1867
30
0
40
12
1
pressure-transmitter
50
0
41
1
7
STANDARD
72
1
11
540
21
-1867
31
0
100
AcDbAttribute
2
TAG
70
0
74
0
0
SEQEND
5
A28
330
16F
100
AcDbEntity
8
Instruments
0
INSERT
5
170
330
6A6
100
AcDbEntity
8
Instruments
100
AcDbBlockReference
2
CC_DIFFERENTIAL_PRESSURE
10
720
20
-1800
30
0
41
1
42
1
43
1
50
0
66
1
1001
CONDUITCAD
1000
{"id":"e-muhhqzqq-131","tag":"differential-pressure"}
0
ATTRIB
5
A29
330
170
100
AcDbEntity
8
Instruments
100
AcDbText
10
720
20
-1867
30
0
40
12
1
differential-pressure
50
0
41
1
7
STANDARD
72
1
11
720
21
-1867
31
0
100
AcDbAttribute
2
TAG
70
0
74
0
0
SEQEND
5
A2A
330
170
100
AcDbEntity
8
Instruments
0
INSERT
5
171
330
6A6
100
AcDbEntity
8
Instruments
100
AcDbBlockReference
2
CC_TEMPERATURE_INDICATOR
10
900
20
-1800
30
0
41
1
42
1
43
1
50
0
66
1
1001
CONDUITCAD
1000
{"id":"e-muhhqzqq-132","tag":"temperature-indicator"}
0
ATTRIB
5
A2B
330
171
100
AcDbEntity
8
Instruments
100
AcDbText
10
900
20
-1867
30
0
40
12
1
temperature-indicator
50
0
41
1
7
STANDARD
72
1
11
900
21
-1867
31
0
100
AcDbAttribute
2
TAG
70
0
74
0
0
SEQEND
5
A2C
330
171
100
AcDbEntity
8
Instruments
0
INSERT
5
172
330
6A6
100
AcDbEntity
8
Instruments
100
AcDbBlockReference
2
CC_FLOW_INDICATOR
10
1080
20
-1800
30
0
41
1
42
1
43
1
50
0
66
1
1001
CONDUITCAD
1000
{"id":"e-muhhqzqq-133","tag":"flow-indicator"}
0
ATTRIB
5
A2D
330
172
100
AcDbEntity
8
Instruments
100
AcDbText
10
1080
20
-1867
30
0
40
12
1
flow-indicator
50
0
41
1
7
STANDARD
72
1
11
1080
21
-1867
31
0
100
AcDbAttribute
2
TAG
70
0
74
0
0
SEQEND
5
A2E
330
172
100
AcDbEntity
8
Instruments
0
INSERT
5
173
330
6A6
100
AcDbEntity
8
Instruments
100
AcDbBlockReference
2
CC_LEVEL_INDICATOR
10
1260
20
-1800
30
0
41
1
42
1
43
1
50
0
66
1
1001
CONDUITCAD
1000
{"id":"e-muhhqzqq-134","tag":"level-indicator"}
0
ATTRIB
5
A2F
330
173
100
AcDbEntity
8
Instruments
100
AcDbText
10
1260
20
-1867
30
0
40
12
1
level-indicator
50
0
41
1
7
STANDARD
72
1
11
1260
21
-1867
31
0
100
AcDbAttribute
2
TAG
70
0
74
0
0
SEQEND
5
A30
330
173
100
AcDbEntity
8
Instruments
0
INSERT
5
174
330
6A6
100
AcDbEntity
8
Instruments
100
AcDbBlockReference
2
CC_PRESSURE_SWITCH
10
1440
20
-1800
30
0
41
1
42
1
43
1
50
0
66
1
1001
CONDUITCAD
1000
{"id":"e-muhhqzqq-135","tag":"pressure-switch"}
0
ATTRIB
5
A31
330
174
100
AcDbEntity
8
Instruments
100
AcDbText
10
1440
20
-1867
30
0
40
12
1
pressure-switch
50
0
41
1
7
STANDARD
72
1
11
1440
21
-1867
31
0
100
AcDbAttribute
2
TAG
70
0
74
0
0
SEQEND
5
A32
330
174
100
AcDbEntity
8
Instruments
0
INSERT
5
175
330
6A6
100
AcDbEntity
8
Instruments
100
AcDbBlockReference
2
CC_LEVEL_SWITCH
10
1620
20
-1800
30
0
41
1
42
1
43
1
50
0
66
1
1001
CONDUITCAD
1000
{"id":"e-muhhqzqq-136","tag":"level-switch"}
0
ATTRIB
5
A33
330
175
100
AcDbEntity
8
Instruments
100
AcDbText
10
1620
20
-1867
30
0
40
12
1
level-switch
50
0
41
1
7
STANDARD
72
1
11
1620
21
-1867
31
0
100
AcDbAttribute
2
TAG
70
0
74
0
0
SEQEND
5
A34
330
175
100
AcDbEntity
8
Instruments
0
INSERT
5
176
330
6A6
100
AcDbEntity
8
Instruments
100
AcDbBlockReference
2
CC_TEMPERATURE_SWITCH
10
1800
20
-1800
30
0
41
1
42
1
43
1
50
0
66
1
1001
CONDUITCAD
1000
{"id":"e-muhhqzqq-137","tag":"temperature-switch"}
0
ATTRIB
5
A35
330
176
100
AcDbEntity
8
Instruments
100
AcDbText
10
1800
20
-1867
30
0
40
12
1
temperature-switch
50
0
41
1
7
STANDARD
72
1
11
1800
21
-1867
31
0
100
AcDbAttribute
2
TAG
70
0
74
0
0
SEQEND
5
A36
330
176
100
AcDbEntity
8
Instruments
0
INSERT
5
177
330
6A6
100
AcDbEntity
8
Instruments
100
AcDbBlockReference
2
CC_ANALYSER
10
1980
20
-1800
30
0
41
1
42
1
43
1
50
0
66
1
1001
CONDUITCAD
1000
{"id":"e-muhhqzqq-138","tag":"analyser"}
0
ATTRIB
5
A37
330
177
100
AcDbEntity
8
Instruments
100
AcDbText
10
1980
20
-1867
30
0
40
12
1
analyser
50
0
41
1
7
STANDARD
72
1
11
1980
21
-1867
31
0
100
AcDbAttribute
2
TAG
70
0
74
0
0
SEQEND
5
A38
330
177
100
AcDbEntity
8
Instruments
0
INSERT
5
178
330
6A6
100
AcDbEntity
8
Instruments
100
AcDbBlockReference
2
CC_FLOW_CONTROLLER
10
0
20
-2000
30
0
41
1
42
1
43
1
50
0
66
1
1001
CONDUITCAD
1000
{"id":"e-muhhqzqq-139","tag":"flow-controller"}
0
ATTRIB
5
A39
330
178
100
AcDbEntity
8
Instruments
100
AcDbText
10
0
20
-2067
30
0
40
12
1
flow-controller
50
0
41
1
7
STANDARD
72
1
11
0
21
-2067
31
0
100
AcDbAttribute
2
TAG
70
0
74
0
0
SEQEND
5
A3A
330
178
100
AcDbEntity
8
Instruments
0
INSERT
5
179
330
6A6
100
AcDbEntity
8
Instruments
100
AcDbBlockReference
2
CC_PRESSURE_CONTROLLER
10
180
20
-2000
30
0
41
1
42
1
43
1
50
0
66
1
1001
CONDUITCAD
1000
{"id":"e-muhhqzqq-13a","tag":"pressure-controller"}
0
ATTRIB
5
A3B
330
179
100
AcDbEntity
8
Instruments
100
AcDbText
10
180
20
-2067
30
0
40
12
1
pressure-controller
50
0
41
1
7
STANDARD
72
1
11
180
21
-2067
31
0
100
AcDbAttribute
2
TAG
70
0
74
0
0
SEQEND
5
A3C
330
179
100
AcDbEntity
8
Instruments
0
INSERT
5
17A
330
6A6
100
AcDbEntity
8
Instruments
100
AcDbBlockReference
2
CC_TEMPERATURE_CONTROLLER
10
360
20
-2000
30
0
41
1
42
1
43
1
50
0
66
1
1001
CONDUITCAD
1000
{"id":"e-muhhqzqq-13b","tag":"temperature-controller"}
0
ATTRIB
5
A3D
330
17A
100
AcDbEntity
8
Instruments
100
AcDbText
10
360
20
-2067
30
0
40
12
1
temperature-controller
50
0
41
1
7
STANDARD
72
1
11
360
21
-2067
31
0
100
AcDbAttribute
2
TAG
70
0
74
0
0
SEQEND
5
A3E
330
17A
100
AcDbEntity
8
Instruments
0
INSERT
5
17B
330
6A6
100
AcDbEntity
8
Instruments
100
AcDbBlockReference
2
CC_LEVEL_CONTROLLER
10
540
20
-2000
30
0
41
1
42
1
43
1
50
0
66
1
1001
CONDUITCAD
1000
{"id":"e-muhhqzqq-13c","tag":"level-controller"}
0
ATTRIB
5
A3F
330
17B
100
AcDbEntity
8
Instruments
100
AcDbText
10
540
20
-2067
30
0
40
12
1
level-controller
50
0
41
1
7
STANDARD
72
1
11
540
21
-2067
31
0
100
AcDbAttribute
2
TAG
70
0
74
0
0
SEQEND
5
A40
330
17B
100
AcDbEntity
8
Instruments
0
INSERT
5
17C
330
6A6
100
AcDbEntity
8
Instruments
100
AcDbBlockReference
2
CC_FLOW_CONTROLLER_PANEL
10
720
20
-2000
30
0
41
1
42
1
43
1
50
0
66
1
1001
CONDUITCAD
1000
{"id":"e-muhhqzqq-13d","tag":"flow-controller-panel"}
0
ATTRIB
5
A41
330
17C
100
AcDbEntity
8
Instruments
100
AcDbText
10
720
20
-2067
30
0
40
12
1
flow-controller-panel
50
0
41
1
7
STANDARD
72
1
11
720
21
-2067
31
0
100
AcDbAttribute
2
TAG
70
0
74
0
0
SEQEND
5
A42
330
17C
100
AcDbEntity
8
Instruments
0
INSERT
5
17D
330
6A6
100
AcDbEntity
8
Instruments
100
AcDbBlockReference
2
CC_FLOW_CONTROLLER_REAR
10
900
20
-2000
30
0
41
1
42
1
43
1
50
0
66
1
1001
CONDUITCAD
1000
{"id":"e-muhhqzqq-13e","tag":"flow-controller-rear"}
0
ATTRIB
5
A43
330
17D
100
AcDbEntity
8
Instruments
100
AcDbText
10
900
20
-2067
30
0
40
12
1
flow-controller-rear
50
0
41
1
7
STANDARD
72
1
11
900
21
-2067
31
0
100
AcDbAttribute
2
TAG
70
0
74
0
0
SEQEND
5
A44
330
17D
100
AcDbEntity
8
Instruments
0
INSERT
5
17E
330
6A6
100
AcDbEntity
8
Instruments
100
AcDbBlockReference
2
CC_IP_CONVERTER
10
1080
20
-2000
30
0
41
1
42
1
43
1
50
0
66
1
1001
CONDUITCAD
1000
{"id":"e-muhhqzqq-13f","tag":"ip-converter"}
0
ATTRIB
5
A45
330
17E
100
AcDbEntity
8
Instruments
100
AcDbText
10
1080
20
-2048
30
0
40
12
1
ip-converter
50
0
41
1
7
STANDARD
72
1
11
1080
21
-2048
31
0
100
AcDbAttribute
2
TAG
70
0
74
0
0
SEQEND
5
A46
330
17E
100
AcDbEntity
8
Instruments
0
INSERT
5
17F
330
6A6
100
AcDbEntity
8
Instruments
100
AcDbBlockReference
2
CC_THERMOWELL
10
1260
20
-2000
30
0
41
1
42
1
43
1
50
0
66
1
1001
CONDUITCAD
1000
{"id":"e-muhhqzqq-13g","tag":"thermowell"}
0
ATTRIB
5
A47
330
17F
100
AcDbEntity
8
Instruments
100
AcDbText
10
1260
20
-2052
30
0
40
12
1
thermowell
50
0
41
1
7
STANDARD
72
1
11
1260
21
-2052
31
0
100
AcDbAttribute
2
TAG
70
0
74
0
0
SEQEND
5
A48
330
17F
100
AcDbEntity
8
Instruments
0
INSERT
5
180
330
6A6
100
AcDbEntity
8
Hydraulics
100
AcDbBlockReference
2
CC_HYD_PUMP
10
1440
20
-2000
30
0
41
1
42
1
43
1
50
0
66
1
1001
CONDUITCAD
1000
{"id":"e-muhhqzqq-13h","tag":"hyd-pump"}
0
ATTRIB
5
A49
330
180
100
AcDbEntity
8
Hydraulics
100
AcDbText
10
1440
20
-2048
30
0
40
12
1
hyd-pump
50
0
41
1
7
STANDARD
72
1
11
1440
21
-2048
31
0
100
AcDbAttribute
2
TAG
70
0
74
0
0
SEQEND
5
A4A
330
180
100
AcDbEntity
8
Hydraulics
0
INSERT
5
181
330
6A6
100
AcDbEntity
8
Hydraulics
100
AcDbBlockReference
2
CC_HYD_MOTOR
10
1620
20
-2000
30
0
41
1
42
1
43
1
50
0
66
1
1001
CONDUITCAD
1000
{"id":"e-muhhqzqq-13i","tag":"hyd-motor"}
0
ATTRIB
5
A4B
330
181
100
AcDbEntity
8
Hydraulics
100
AcDbText
10
1620
20
-2048
30
0
40
12
1
hyd-motor
50
0
41
1
7
STANDARD
72
1
11
1620
21
-2048
31
0
100
AcDbAttribute
2
TAG
70
0
74
0
0
SEQEND
5
A4C
330
181
100
AcDbEntity
8
Hydraulics
0
INSERT
5
182
330
6A6
100
AcDbEntity
8
Hydraulics
100
AcDbBlockReference
2
CC_HYD_VARIABLE_PUMP
10
1800
20
-2000
30
0
41
1
42
1
43
1
50
0
66
1
1001
CONDUITCAD
1000
{"id":"e-muhhqzqq-13j","tag":"hyd-variable-pump"}
0
ATTRIB
5
A4D
330
182
100
AcDbEntity
8
Hydraulics
100
AcDbText
10
1800
20
-2054
30
0
40
12
1
hyd-variable-pump
50
0
41
1
7
STANDARD
72
1
11
1800
21
-2054
31
0
100
AcDbAttribute
2
TAG
70
0
74
0
0
SEQEND
5
A4E
330
182
100
AcDbEntity
8
Hydraulics
0
INSERT
5
183
330
6A6
100
AcDbEntity
8
Hydraulics
100
AcDbBlockReference
2
CC_HYD_FILTER
10
1980
20
-2000
30
0
41
1
42
1
43
1
50
0
66
1
1001
CONDUITCAD
1000
{"id":"e-muhhqzqq-13k","tag":"hyd-filter"}
0
ATTRIB
5
A4F
330
183
100
AcDbEntity
8
Hydraulics
100
AcDbText
10
1980
20
-2050
30
0
40
12
1
hyd-filter
50
0
41
1
7
STANDARD
72
1
11
1980
21
-2050
31
0
100
AcDbAttribute
2
TAG
70
0
74
0
0
SEQEND
5
A50
330
183
100
AcDbEntity
8
Hydraulics
0
INSERT
5
184
330
6A6
100
AcDbEntity
8
Hydraulics
100
AcDbBlockReference
2
CC_HYD_THROTTLE
10
0
20
-2200
30
0
41
1
42
1
43
1
50
0
66
1
1001
CONDUITCAD
1000
{"id":"e-muhhqzqq-13l","tag":"hyd-throttle"}
0
ATTRIB
5
A51
330
184
100
AcDbEntity
8
Hydraulics
100
AcDbText
10
0
20
-2248
30
0
40
12
1
hyd-throttle
50
0
41
1
7
STANDARD
72
1
11
0
21
-2248
31
0
100
AcDbAttribute
2
TAG
70
0
74
0
0
SEQEND
5
A52
330
184
100
AcDbEntity
8
Hydraulics
0
INSERT
5
185
330
6A6
100
AcDbEntity
8
Hydraulics
100
AcDbBlockReference
2
CC_HYD_FLOW_CONTROL
10
180
20
-2200
30
0
41
1
42
1
43
1
50
0
66
1
1001
CONDUITCAD
1000
{"id":"e-muhhqzqq-13m","tag":"hyd-flow-control"}
0
ATTRIB
5
A53
330
185
100
AcDbEntity
8
Hydraulics
100
AcDbText
10
180
20
-2249
30
0
40
12
1
hyd-flow-control
50
0
41
1
7
STANDARD
72
1
11
180
21
-2249
31
0
100
AcDbAttribute
2
TAG
70
0
74
0
0
SEQEND
5
A54
330
185
100
AcDbEntity
8
Hydraulics
0
INSERT
5
186
330
6A6
100
AcDbEntity
8
Hydraulics
100
AcDbBlockReference
2
CC_HYD_CHECK
10
360
20
-2200
30
0
41
1
42
1
43
1
50
0
66
1
1001
CONDUITCAD
1000
{"id":"e-muhhqzqq-13n","tag":"hyd-check"}
0
ATTRIB
5
A55
330
186
100
AcDbEntity
8
Hydraulics
100
AcDbText
10
360
20
-2248
30
0
40
12
1
hyd-check
50
0
41
1
7
STANDARD
72
1
11
360
21
-2248
31
0
100
AcDbAttribute
2
TAG
70
0
74
0
0
SEQEND
5
A56
330
186
100
AcDbEntity
8
Hydraulics
0
INSERT
5
187
330
6A6
100
AcDbEntity
8
Hydraulics
100
AcDbBlockReference
2
CC_HYD_GAUGE
10
540
20
-2200
30
0
41
1
42
1
43
1
50
0
66
1
1001
CONDUITCAD
1000
{"id":"e-muhhqzqq-13o","tag":"hyd-gauge"}
0
ATTRIB
5
A57
330
187
100
AcDbEntity
8
Hydraulics
100
AcDbText
10
540
20
-2267
30
0
40
12
1
hyd-gauge
50
0
41
1
7
STANDARD
72
1
11
540
21
-2267
31
0
100
AcDbAttribute
2
TAG
70
0
74
0
0
SEQEND
5
A58
330
187
100
AcDbEntity
8
Hydraulics
0
INSERT
5
188
330
6A6
100
AcDbEntity
8
Hydraulics
100
AcDbBlockReference
2
CC_HYD_CYLINDER
10
720
20
-2200
30
0
41
1
42
1
43
1
50
0
66
1
1001
CONDUITCAD
1000
{"id":"e-muhhqzqq-13p","tag":"hyd-cylinder"}
0
ATTRIB
5
A59
330
188
100
AcDbEntity
8
Hydraulics
100
AcDbText
10
720
20
-2267
30
0
40
12
1
hyd-cylinder
50
0
41
1
7
STANDARD
72
1
11
720
21
-2267
31
0
100
AcDbAttribute
2
TAG
70
0
74
0
0
SEQEND
5
A5A
330
188
100
AcDbEntity
8
Hydraulics
0
INSERT
5
189
330
6A6
100
AcDbEntity
8
Hydraulics
100
AcDbBlockReference
2
CC_HYD_CYLINDER_SPRING
10
900
20
-2200
30
0
41
1
42
1
43
1
50
0
66
1
1001
CONDUITCAD
1000
{"id":"e-muhhqzqq-13q","tag":"hyd-cylinder-spring"}
0
ATTRIB
5
A5B
330
189
100
AcDbEntity
8
Hydraulics
100
AcDbText
10
900
20
-2267
30
0
40
12
1
hyd-cylinder-spring
50
0
41
1
7
STANDARD
72
1
11
900
21
-2267
31
0
100
AcDbAttribute
2
TAG
70
0
74
0
0
SEQEND
5
A5C
330
189
100
AcDbEntity
8
Hydraulics
0
INSERT
5
18A
330
6A6
100
AcDbEntity
8
Hydraulics
100
AcDbBlockReference
2
CC_HYD_CYLINDER_CUSHIONED
10
1080
20
-2200
30
0
41
1
42
1
43
1
50
0
66
1
1001
CONDUITCAD
1000
{"id":"e-muhhqzqq-13r","tag":"hyd-cylinder-cushioned"}
0
ATTRIB
5
A5D
330
18A
100
AcDbEntity
8
Hydraulics
100
AcDbText
10
1080
20
-2267
30
0
40
12
1
hyd-cylinder-cushioned
50
0
41
1
7
STANDARD
72
1
11
1080
21
-2267
31
0
100
AcDbAttribute
2
TAG
70
0
74
0
0
SEQEND
5
A5E
330
18A
100
AcDbEntity
8
Hydraulics
0
INSERT
5
18B
330
6A6
100
AcDbEntity
8
Hydraulics
100
AcDbBlockReference
2
CC_HYD_VALVE_22_NC
10
1260
20
-2200
30
0
41
1
42
1
43
1
50
0
66
1
1001
CONDUITCAD
1000
{"id":"e-muhhqzqq-13s","tag":"hyd-valve-22-nc"}
0
ATTRIB
5
A5F
330
18B
100
AcDbEntity
8
Hydraulics
100
AcDbText
10
1260
20
-2267
30
0
40
12
1
hyd-valve-22-nc
50
0
41
1
7
STANDARD
72
1
11
1260
21
-2267
31
0
100
AcDbAttribute
2
TAG
70
0
74
0
0
SEQEND
5
A60
330
18B
100
AcDbEntity
8
Hydraulics
0
INSERT
5
18C
330
6A6
100
AcDbEntity
8
Hydraulics
100
AcDbBlockReference
2
CC_HYD_VALVE_32
10
1440
20
-2200
30
0
41
1
42
1
43
1
50
0
66
1
1001
CONDUITCAD
1000
{"id":"e-muhhqzqq-13t","tag":"hyd-valve-32"}
0
ATTRIB
5
A61
330
18C
100
AcDbEntity
8
Hydraulics
100
AcDbText
10
1440
20
-2267
30
0
40
12
1
hyd-valve-32
50
0
41
1
7
STANDARD
72
1
11
1440
21
-2267
31
0
100
AcDbAttribute
2
TAG
70
0
74
0
0
SEQEND
5
A62
330
18C
100
AcDbEntity
8
Hydraulics
0
INSERT
5
18D
330
6A6
100
AcDbEntity
8
Hydraulics
100
AcDbBlockReference
2
CC_HYD_SHUTTLE
10
1620
20
-2200
30
0
41
1
42
1
43
1
50
0
66
1
1001
CONDUITCAD
1000
{"id":"e-muhhqzqq-13u","tag":"hyd-shuttle"}
0
ATTRIB
5
A63
330
18D
100
AcDbEntity
8
Hydraulics
100
AcDbText
10
1620
20
-2248
30
0
40
12
1
hyd-shuttle
50
0
41
1
7
STANDARD
72
1
11
1620
21
-2248
31
0
100
AcDbAttribute
2
TAG
70
0
74
0
0
SEQEND
5
A64
330
18D
100
AcDbEntity
8
Hydraulics
0
INSERT
5
18E
330
6A6
100
AcDbEntity
8
Hydraulics
100
AcDbBlockReference
2
CC_HYD_PLUG
10
1800
20
-2200
30
0
41
1
42
1
43
1
50
0
66
1
1001
CONDUITCAD
1000
{"id":"e-muhhqzqq-13v","tag":"hyd-plug"}
0
ATTRIB
5
A65
330
18E
100
AcDbEntity
8
Hydraulics
100
AcDbText
10
1800
20
-2267
30
0
40
12
1
hyd-plug
50
0
41
1
7
STANDARD
72
1
11
1800
21
-2267
31
0
100
AcDbAttribute
2
TAG
70
0
74
0
0
SEQEND
5
A66
330
18E
100
AcDbEntity
8
Hydraulics
0
INSERT
5
18F
330
6A6
100
AcDbEntity
8
Pneumatics
100
AcDbBlockReference
2
CC_PNEU_COMPRESSOR
10
1980
20
-2200
30
0
41
1
42
1
43
1
50
0
66
1
1001
CONDUITCAD
1000
{"id":"e-muhhqzqq-13w","tag":"pneu-compressor"}
0
ATTRIB
5
A67
330
18F
100
AcDbEntity
8
Pneumatics
100
AcDbText
10
1980
20
-2248
30
0
40
12
1
pneu-compressor
50
0
41
1
7
STANDARD
72
1
11
1980
21
-2248
31
0
100
AcDbAttribute
2
TAG
70
0
74
0
0
SEQEND
5
A68
330
18F
100
AcDbEntity
8
Pneumatics
0
INSERT
5
190
330
6A6
100
AcDbEntity
8
Pneumatics
100
AcDbBlockReference
2
CC_PNEU_MOTOR
10
0
20
-2400
30
0
41
1
42
1
43
1
50
0
66
1
1001
CONDUITCAD
1000
{"id":"e-muhhqzqq-13x","tag":"pneu-motor"}
0
ATTRIB
5
A69
330
190
100
AcDbEntity
8
Pneumatics
100
AcDbText
10
0
20
-2448
30
0
40
12
1
pneu-motor
50
0
41
1
7
STANDARD
72
1
11
0
21
-2448
31
0
100
AcDbAttribute
2
TAG
70
0
74
0
0
SEQEND
5
A6A
330
190
100
AcDbEntity
8
Pneumatics
0
INSERT
5
191
330
6A6
100
AcDbEntity
8
Pneumatics
100
AcDbBlockReference
2
CC_PNEU_FILTER
10
180
20
-2400
30
0
41
1
42
1
43
1
50
0
66
1
1001
CONDUITCAD
1000
{"id":"e-muhhqzqq-13y","tag":"pneu-filter"}
0
ATTRIB
5
A6B
330
191
100
AcDbEntity
8
Pneumatics
100
AcDbText
10
180
20
-2450
30
0
40
12
1
pneu-filter
50
0
41
1
7
STANDARD
72
1
11
180
21
-2450
31
0
100
AcDbAttribute
2
TAG
70
0
74
0
0
SEQEND
5
A6C
330
191
100
AcDbEntity
8
Pneumatics
0
INSERT
5
192
330
6A6
100
AcDbEntity
8
Pneumatics
100
AcDbBlockReference
2
CC_PNEU_THROTTLE
10
360
20
-2400
30
0
41
1
42
1
43
1
50
0
66
1
1001
CONDUITCAD
1000
{"id":"e-muhhqzqq-13z","tag":"pneu-throttle"}
0
ATTRIB
5
A6D
330
192
100
AcDbEntity
8
Pneumatics
100
AcDbText
10
360
20
-2448
30
0
40
12
1
pneu-throttle
50
0
41
1
7
STANDARD
72
1
11
360
21
-2448
31
0
100
AcDbAttribute
2
TAG
70
0
74
0
0
SEQEND
5
A6E
330
192
100
AcDbEntity
8
Pneumatics
0
INSERT
5
193
330
6A6
100
AcDbEntity
8
Pneumatics
100
AcDbBlockReference
2
CC_PNEU_FLOW_CONTROL
10
540
20
-2400
30
0
41
1
42
1
43
1
50
0
66
1
1001
CONDUITCAD
1000
{"id":"e-muhhqzqr-140","tag":"pneu-flow-control"}
0
ATTRIB
5
A6F
330
193
100
AcDbEntity
8
Pneumatics
100
AcDbText
10
540
20
-2449
30
0
40
12
1
pneu-flow-control
50
0
41
1
7
STANDARD
72
1
11
540
21
-2449
31
0
100
AcDbAttribute
2
TAG
70
0
74
0
0
SEQEND
5
A70
330
193
100
AcDbEntity
8
Pneumatics
0
INSERT
5
194
330
6A6
100
AcDbEntity
8
Pneumatics
100
AcDbBlockReference
2
CC_PNEU_CHECK
10
720
20
-2400
30
0
41
1
42
1
43
1
50
0
66
1
1001
CONDUITCAD
1000
{"id":"e-muhhqzqr-141","tag":"pneu-check"}
0
ATTRIB
5
A71
330
194
100
AcDbEntity
8
Pneumatics
100
AcDbText
10
720
20
-2448
30
0
40
12
1
pneu-check
50
0
41
1
7
STANDARD
72
1
11
720
21
-2448
31
0
100
AcDbAttribute
2
TAG
70
0
74
0
0
SEQEND
5
A72
330
194
100
AcDbEntity
8
Pneumatics
0
INSERT
5
195
330
6A6
100
AcDbEntity
8
Pneumatics
100
AcDbBlockReference
2
CC_PNEU_GAUGE
10
900
20
-2400
30
0
41
1
42
1
43
1
50
0
66
1
1001
CONDUITCAD
1000
{"id":"e-muhhqzqr-142","tag":"pneu-gauge"}
0
ATTRIB
5
A73
330
195
100
AcDbEntity
8
Pneumatics
100
AcDbText
10
900
20
-2467
30
0
40
12
1
pneu-gauge
50
0
41
1
7
STANDARD
72
1
11
900
21
-2467
31
0
100
AcDbAttribute
2
TAG
70
0
74
0
0
SEQEND
5
A74
330
195
100
AcDbEntity
8
Pneumatics
0
INSERT
5
196
330
6A6
100
AcDbEntity
8
Pneumatics
100
AcDbBlockReference
2
CC_PNEU_CYLINDER
10
1080
20
-2400
30
0
41
1
42
1
43
1
50
0
66
1
1001
CONDUITCAD
1000
{"id":"e-muhhqzqr-143","tag":"pneu-cylinder"}
0
ATTRIB
5
A75
330
196
100
AcDbEntity
8
Pneumatics
100
AcDbText
10
1080
20
-2467
30
0
40
12
1
pneu-cylinder
50
0
41
1
7
STANDARD
72
1
11
1080
21
-2467
31
0
100
AcDbAttribute
2
TAG
70
0
74
0
0
SEQEND
5
A76
330
196
100
AcDbEntity
8
Pneumatics
0
INSERT
5
197
330
6A6
100
AcDbEntity
8
Pneumatics
100
AcDbBlockReference
2
CC_PNEU_CYLINDER_SPRING
10
1260
20
-2400
30
0
41
1
42
1
43
1
50
0
66
1
1001
CONDUITCAD
1000
{"id":"e-muhhqzqr-144","tag":"pneu-cylinder-spring"}
0
ATTRIB
5
A77
330
197
100
AcDbEntity
8
Pneumatics
100
AcDbText
10
1260
20
-2467
30
0
40
12
1
pneu-cylinder-spring
50
0
41
1
7
STANDARD
72
1
11
1260
21
-2467
31
0
100
AcDbAttribute
2
TAG
70
0
74
0
0
SEQEND
5
A78
330
197
100
AcDbEntity
8
Pneumatics
0
INSERT
5
198
330
6A6
100
AcDbEntity
8
Pneumatics
100
AcDbBlockReference
2
CC_PNEU_CYLINDER_CUSHIONED
10
1440
20
-2400
30
0
41
1
42
1
43
1
50
0
66
1
1001
CONDUITCAD
1000
{"id":"e-muhhqzqr-145","tag":"pneu-cylinder-cushioned"}
0
ATTRIB
5
A79
330
198
100
AcDbEntity
8
Pneumatics
100
AcDbText
10
1440
20
-2467
30
0
40
12
1
pneu-cylinder-cushioned
50
0
41
1
7
STANDARD
72
1
11
1440
21
-2467
31
0
100
AcDbAttribute
2
TAG
70
0
74
0
0
SEQEND
5
A7A
330
198
100
AcDbEntity
8
Pneumatics
0
INSERT
5
199
330
6A6
100
AcDbEntity
8
Pneumatics
100
AcDbBlockReference
2
CC_PNEU_VALVE_22_NC
10
1620
20
-2400
30
0
41
1
42
1
43
1
50
0
66
1
1001
CONDUITCAD
1000
{"id":"e-muhhqzqr-146","tag":"pneu-valve-22-nc"}
0
ATTRIB
5
A7B
330
199
100
AcDbEntity
8
Pneumatics
100
AcDbText
10
1620
20
-2467
30
0
40
12
1
pneu-valve-22-nc
50
0
41
1
7
STANDARD
72
1
11
1620
21
-2467
31
0
100
AcDbAttribute
2
TAG
70
0
74
0
0
SEQEND
5
A7C
330
199
100
AcDbEntity
8
Pneumatics
0
INSERT
5
19A
330
6A6
100
AcDbEntity
8
Pneumatics
100
AcDbBlockReference
2
CC_PNEU_VALVE_32
10
1800
20
-2400
30
0
41
1
42
1
43
1
50
0
66
1
1001
CONDUITCAD
1000
{"id":"e-muhhqzqr-147","tag":"pneu-valve-32"}
0
ATTRIB
5
A7D
330
19A
100
AcDbEntity
8
Pneumatics
100
AcDbText
10
1800
20
-2467
30
0
40
12
1
pneu-valve-32
50
0
41
1
7
STANDARD
72
1
11
1800
21
-2467
31
0
100
AcDbAttribute
2
TAG
70
0
74
0
0
SEQEND
5
A7E
330
19A
100
AcDbEntity
8
Pneumatics
0
INSERT
5
19B
330
6A6
100
AcDbEntity
8
Pneumatics
100
AcDbBlockReference
2
CC_PNEU_SHUTTLE
10
1980
20
-2400
30
0
41
1
42
1
43
1
50
0
66
1
1001
CONDUITCAD
1000
{"id":"e-muhhqzqr-148","tag":"pneu-shuttle"}
0
ATTRIB
5
A7F
330
19B
100
AcDbEntity
8
Pneumatics
100
AcDbText
10
1980
20
-2448
30
0
40
12
1
pneu-shuttle
50
0
41
1
7
STANDARD
72
1
11
1980
21
-2448
31
0
100
AcDbAttribute
2
TAG
70
0
74
0
0
SEQEND
5
A80
330
19B
100
AcDbEntity
8
Pneumatics
0
INSERT
5
19C
330
6A6
100
AcDbEntity
8
Pneumatics
100
AcDbBlockReference
2
CC_PNEU_PLUG
10
0
20
-2600
30
0
41
1
42
1
43
1
50
0
66
1
1001
CONDUITCAD
1000
{"id":"e-muhhqzqr-149","tag":"pneu-plug"}
0
ATTRIB
5
A81
330
19C
100
AcDbEntity
8
Pneumatics
100
AcDbText
10
0
20
-2667
30
0
40
12
1
pneu-plug
50
0
41
1
7
STANDARD
72
1
11
0
21
-2667
31
0
100
AcDbAttribute
2
TAG
70
0
74
0
0
SEQEND
5
A82
330
19C
100
AcDbEntity
8
Pneumatics
0
INSERT
5
19D
330
6A6
100
AcDbEntity
8
Hydraulics
100
AcDbBlockReference
2
CC_HYD_VALVE_43
10
180
20
-2600
30
0
41
1
42
1
43
1
50
0
66
1
1001
CONDUITCAD
1000
{"id":"e-muhhqzqr-14a","tag":"hyd-valve-43"}
0
ATTRIB
5
A83
330
19D
100
AcDbEntity
8
Hydraulics
100
AcDbText
10
180
20
-2667
30
0
40
12
1
hyd-valve-43
50
0
41
1
7
STANDARD
72
1
11
180
21
-2667
31
0
100
AcDbAttribute
2
TAG
70
0
74
0
0
SEQEND
5
A84
330
19D
100
AcDbEntity
8
Hydraulics
0
INSERT
5
19E
330
6A6
100
AcDbEntity
8
Hydraulics
100
AcDbBlockReference
2
CC_HYD_VALVE_43_TANDEM
10
360
20
-2600
30
0
41
1
42
1
43
1
50
0
66
1
1001
CONDUITCAD
1000
{"id":"e-muhhqzqr-14b","tag":"hyd-valve-43-tandem"}
0
ATTRIB
5
A85
330
19E
100
AcDbEntity
8
Hydraulics
100
AcDbText
10
360
20
-2667
30
0
40
12
1
hyd-valve-43-tandem
50
0
41
1
7
STANDARD
72
1
11
360
21
-2667
31
0
100
AcDbAttribute
2
TAG
70
0
74
0
0
SEQEND
5
A86
330
19E
100
AcDbEntity
8
Hydraulics
0
INSERT
5
19F
330
6A6
100
AcDbEntity
8
Hydraulics
100
AcDbBlockReference
2
CC_HYD_RESERVOIR
10
540
20
-2600
30
0
41
1
42
1
43
1
50
0
66
1
1001
CONDUITCAD
1000
{"id":"e-muhhqzqr-14c","tag":"hyd-reservoir"}
0
ATTRIB
5
A87
330
19F
100
AcDbEntity
8
Hydraulics
100
AcDbText
10
540
20
-2648
30
0
40
12
1
hyd-reservoir
50
0
41
1
7
STANDARD
72
1
11
540
21
-2648
31
0
100
AcDbAttribute
2
TAG
70
0
74
0
0
SEQEND
5
A88
330
19F
100
AcDbEntity
8
Hydraulics
0
INSERT
5
1A0
330
6A6
100
AcDbEntity
8
Hydraulics
100
AcDbBlockReference
2
CC_HYD_ACCUMULATOR
10
720
20
-2600
30
0
41
1
42
1
43
1
50
0
66
1
1001
CONDUITCAD
1000
{"id":"e-muhhqzqr-14d","tag":"hyd-accumulator"}
0
ATTRIB
5
A89
330
1A0
100
AcDbEntity
8
Hydraulics
100
AcDbText
10
720
20
-2682
30
0
40
12
1
hyd-accumulator
50
0
41
1
7
STANDARD
72
1
11
720
21
-2682
31
0
100
AcDbAttribute
2
TAG
70
0
74
0
0
SEQEND
5
A8A
330
1A0
100
AcDbEntity
8
Hydraulics
0
INSERT
5
1A1
330
6A6
100
AcDbEntity
8
Hydraulics
100
AcDbBlockReference
2
CC_HYD_RELIEF
10
900
20
-2600
30
0
41
1
42
1
43
1
50
0
66
1
1001
CONDUITCAD
1000
{"id":"e-muhhqzqr-14e","tag":"hyd-relief"}
0
ATTRIB
5
A8B
330
1A1
100
AcDbEntity
8
Hydraulics
100
AcDbText
10
900
20
-2656
30
0
40
12
1
hyd-relief
50
0
41
1
7
STANDARD
72
1
11
900
21
-2656
31
0
100
AcDbAttribute
2
TAG
70
0
74
0
0
SEQEND
5
A8C
330
1A1
100
AcDbEntity
8
Hydraulics
0
INSERT
5
1A2
330
6A6
100
AcDbEntity
8
Pneumatics
100
AcDbBlockReference
2
CC_PNEU_DRYER
10
1080
20
-2600
30
0
41
1
42
1
43
1
50
0
66
1
1001
CONDUITCAD
1000
{"id":"e-muhhqzqr-14f","tag":"pneu-dryer"}
0
ATTRIB
5
A8D
330
1A2
100
AcDbEntity
8
Pneumatics
100
AcDbText
10
1080
20
-2650
30
0
40
12
1
pneu-dryer
50
0
41
1
7
STANDARD
72
1
11
1080
21
-2650
31
0
100
AcDbAttribute
2
TAG
70
0
74
0
0
SEQEND
5
A8E
330
1A2
100
AcDbEntity
8
Pneumatics
0
INSERT
5
1A3
330
6A6
100
AcDbEntity
8
Pneumatics
100
AcDbBlockReference
2
CC_PNEU_LUBRICATOR
10
1260
20
-2600
30
0
41
1
42
1
43
1
50
0
66
1
1001
CONDUITCAD
1000
{"id":"e-muhhqzqr-14g","tag":"pneu-lubricator"}
0
ATTRIB
5
A8F
330
1A3
100
AcDbEntity
8
Pneumatics
100
AcDbText
10
1260
20
-2650
30
0
40
12
1
pneu-lubricator
50
0
41
1
7
STANDARD
72
1
11
1260
21
-2650
31
0
100
AcDbAttribute
2
TAG
70
0
74
0
0
SEQEND
5
A90
330
1A3
100
AcDbEntity
8
Pneumatics
0
INSERT
5
1A4
330
6A6
100
AcDbEntity
8
Pneumatics
100
AcDbBlockReference
2
CC_PNEU_REGULATOR
10
1440
20
-2600
30
0
41
1
42
1
43
1
50
0
66
1
1001
CONDUITCAD
1000
{"id":"e-muhhqzqr-14h","tag":"pneu-regulator"}
0
ATTRIB
5
A91
330
1A4
100
AcDbEntity
8
Pneumatics
100
AcDbText
10
1440
20
-2648
30
0
40
12
1
pneu-regulator
50
0
41
1
7
STANDARD
72
1
11
1440
21
-2648
31
0
100
AcDbAttribute
2
TAG
70
0
74
0
0
SEQEND
5
A92
330
1A4
100
AcDbEntity
8
Pneumatics
0
INSERT
5
1A5
330
6A6
100
AcDbEntity
8
Pneumatics
100
AcDbBlockReference
2
CC_PNEU_EXHAUST
10
1620
20
-2600
30
0
41
1
42
1
43
1
50
0
66
1
1001
CONDUITCAD
1000
{"id":"e-muhhqzqr-14i","tag":"pneu-exhaust"}
0
ATTRIB
5
A93
330
1A5
100
AcDbEntity
8
Pneumatics
100
AcDbText
10
1620
20
-2648
30
0
40
12
1
pneu-exhaust
50
0
41
1
7
STANDARD
72
1
11
1620
21
-2648
31
0
100
AcDbAttribute
2
TAG
70
0
74
0
0
SEQEND
5
A94
330
1A5
100
AcDbEntity
8
Pneumatics
0
INSERT
5
1A6
330
6A6
100
AcDbEntity
8
Pneumatics
100
AcDbBlockReference
2
CC_PNEU_SILENCER
10
1800
20
-2600
30
0
41
1
42
1
43
1
50
0
66
1
1001
CONDUITCAD
1000
{"id":"e-muhhqzqr-14j","tag":"pneu-silencer"}
0
ATTRIB
5
A95
330
1A6
100
AcDbEntity
8
Pneumatics
100
AcDbText
10
1800
20
-2648
30
0
40
12
1
pneu-silencer
50
0
41
1
7
STANDARD
72
1
11
1800
21
-2648
31
0
100
AcDbAttribute
2
TAG
70
0
74
0
0
SEQEND
5
A96
330
1A6
100
AcDbEntity
8
Pneumatics
0
INSERT
5
1A7
330
6A6
100
AcDbEntity
8
HVAC
100
AcDbBlockReference
2
CC_HVAC_FAN
10
1980
20
-2600
30
0
41
1
42
1
43
1
50
0
66
1
1001
CONDUITCAD
1000
{"id":"e-muhhqzqr-14k","tag":"hvac-fan"}
0
ATTRIB
5
A97
330
1A7
100
AcDbEntity
8
HVAC
100
AcDbText
10
1980
20
-2652
30
0
40
12
1
hvac-fan
50
0
41
1
7
STANDARD
72
1
11
1980
21
-2652
31
0
100
AcDbAttribute
2
TAG
70
0
74
0
0
SEQEND
5
A98
330
1A7
100
AcDbEntity
8
HVAC
0
INSERT
5
1A8
330
6A6
100
AcDbEntity
8
HVAC
100
AcDbBlockReference
2
CC_HVAC_FILTER
10
0
20
-2800
30
0
41
1
42
1
43
1
50
0
66
1
1001
CONDUITCAD
1000
{"id":"e-muhhqzqr-14l","tag":"hvac-filter"}
0
ATTRIB
5
A99
330
1A8
100
AcDbEntity
8
HVAC
100
AcDbText
10
0
20
-2848
30
0
40
12
1
hvac-filter
50
0
41
1
7
STANDARD
72
1
11
0
21
-2848
31
0
100
AcDbAttribute
2
TAG
70
0
74
0
0
SEQEND
5
A9A
330
1A8
100
AcDbEntity
8
HVAC
0
INSERT
5
1A9
330
6A6
100
AcDbEntity
8
HVAC
100
AcDbBlockReference
2
CC_HVAC_DAMPER
10
180
20
-2800
30
0
41
1
42
1
43
1
50
0
66
1
1001
CONDUITCAD
1000
{"id":"e-muhhqzqr-14m","tag":"hvac-damper"}
0
ATTRIB
5
A9B
330
1A9
100
AcDbEntity
8
HVAC
100
AcDbText
10
180
20
-2848
30
0
40
12
1
hvac-damper
50
0
41
1
7
STANDARD
72
1
11
180
21
-2848
31
0
100
AcDbAttribute
2
TAG
70
0
74
0
0
SEQEND
5
A9C
330
1A9
100
AcDbEntity
8
HVAC
0
INSERT
5
1AA
330
6A6
100
AcDbEntity
8
HVAC
100
AcDbBlockReference
2
CC_HVAC_MOTOR_DAMPER
10
360
20
-2800
30
0
41
1
42
1
43
1
50
0
66
1
1001
CONDUITCAD
1000
{"id":"e-muhhqzqr-14n","tag":"hvac-motor-damper"}
0
ATTRIB
5
A9D
330
1AA
100
AcDbEntity
8
HVAC
100
AcDbText
10
360
20
-2848
30
0
40
12
1
hvac-motor-damper
50
0
41
1
7
STANDARD
72
1
11
360
21
-2848
31
0
100
AcDbAttribute
2
TAG
70
0
74
0
0
SEQEND
5
A9E
330
1AA
100
AcDbEntity
8
HVAC
0
INSERT
5
1AB
330
6A6
100
AcDbEntity
8
HVAC
100
AcDbBlockReference
2
CC_HVAC_FIRE_DAMPER
10
540
20
-2800
30
0
41
1
42
1
43
1
50
0
66
1
1001
CONDUITCAD
1000
{"id":"e-muhhqzqr-14o","tag":"hvac-fire-damper"}
0
ATTRIB
5
A9F
330
1AB
100
AcDbEntity
8
HVAC
100
AcDbText
10
540
20
-2848
30
0
40
12
1
hvac-fire-damper
50
0
41
1
7
STANDARD
72
1
11
540
21
-2848
31
0
100
AcDbAttribute
2
TAG
70
0
74
0
0
SEQEND
5
AA0
330
1AB
100
AcDbEntity
8
HVAC
0
INSERT
5
1AC
330
6A6
100
AcDbEntity
8
HVAC
100
AcDbBlockReference
2
CC_HVAC_HEATING_COIL
10
720
20
-2800
30
0
41
1
42
1
43
1
50
0
66
1
1001
CONDUITCAD
1000
{"id":"e-muhhqzqr-14p","tag":"hvac-heating-coil"}
0
ATTRIB
5
AA1
330
1AC
100
AcDbEntity
8
HVAC
100
AcDbText
10
720
20
-2848
30
0
40
12
1
hvac-heating-coil
50
0
41
1
7
STANDARD
72
1
11
720
21
-2848
31
0
100
AcDbAttribute
2
TAG
70
0
74
0
0
SEQEND
5
AA2
330
1AC
100
AcDbEntity
8
HVAC
0
INSERT
5
1AD
330
6A6
100
AcDbEntity
8
HVAC
100
AcDbBlockReference
2
CC_HVAC_COOLING_COIL
10
900
20
-2800
30
0
41
1
42
1
43
1
50
0
66
1
1001
CONDUITCAD
1000
{"id":"e-muhhqzqr-14q","tag":"hvac-cooling-coil"}
0
ATTRIB
5
AA3
330
1AD
100
AcDbEntity
8
HVAC
100
AcDbText
10
900
20
-2848
30
0
40
12
1
hvac-cooling-coil
50
0
41
1
7
STANDARD
72
1
11
900
21
-2848
31
0
100
AcDbAttribute
2
TAG
70
0
74
0
0
SEQEND
5
AA4
330
1AD
100
AcDbEntity
8
HVAC
0
INSERT
5
1AE
330
6A6
100
AcDbEntity
8
HVAC
100
AcDbBlockReference
2
CC_HVAC_SILENCER
10
1080
20
-2800
30
0
41
1
42
1
43
1
50
0
66
1
1001
CONDUITCAD
1000
{"id":"e-muhhqzqr-14r","tag":"hvac-silencer"}
0
ATTRIB
5
AA5
330
1AE
100
AcDbEntity
8
HVAC
100
AcDbText
10
1080
20
-2848
30
0
40
12
1
hvac-silencer
50
0
41
1
7
STANDARD
72
1
11
1080
21
-2848
31
0
100
AcDbAttribute
2
TAG
70
0
74
0
0
SEQEND
5
AA6
330
1AE
100
AcDbEntity
8
HVAC
0
INSERT
5
1AF
330
6A6
100
AcDbEntity
8
HVAC
100
AcDbBlockReference
2
CC_HVAC_DIFFUSER
10
1260
20
-2800
30
0
41
1
42
1
43
1
50
0
66
1
1001
CONDUITCAD
1000
{"id":"e-muhhqzqr-14s","tag":"hvac-diffuser"}
0
ATTRIB
5
AA7
330
1AF
100
AcDbEntity
8
HVAC
100
AcDbText
10
1260
20
-2848
30
0
40
12
1
hvac-diffuser
50
0
41
1
7
STANDARD
72
1
11
1260
21
-2848
31
0
100
AcDbAttribute
2
TAG
70
0
74
0
0
SEQEND
5
AA8
330
1AF
100
AcDbEntity
8
HVAC
0
INSERT
5
1B0
330
6A6
100
AcDbEntity
8
HVAC
100
AcDbBlockReference
2
CC_HVAC_RETURN_GRILLE
10
1440
20
-2800
30
0
41
1
42
1
43
1
50
0
66
1
1001
CONDUITCAD
1000
{"id":"e-muhhqzqr-14t","tag":"hvac-return-grille"}
0
ATTRIB
5
AA9
330
1B0
100
AcDbEntity
8
HVAC
100
AcDbText
10
1440
20
-2848
30
0
40
12
1
hvac-return-grille
50
0
41
1
7
STANDARD
72
1
11
1440
21
-2848
31
0
100
AcDbAttribute
2
TAG
70
0
74
0
0
SEQEND
5
AAA
330
1B0
100
AcDbEntity
8
HVAC
0
INSERT
5
1B1
330
6A6
100
AcDbEntity
8
HVAC
100
AcDbBlockReference
2
CC_HVAC_BOILER
10
1620
20
-2800
30
0
41
1
42
1
43
1
50
0
66
1
1001
CONDUITCAD
1000
{"id":"e-muhhqzqr-14u","tag":"hvac-boiler"}
0
ATTRIB
5
AAB
330
1B1
100
AcDbEntity
8
HVAC
100
AcDbText
10
1620
20
-2848
30
0
40
12
1
hvac-boiler
50
0
41
1
7
STANDARD
72
1
11
1620
21
-2848
31
0
100
AcDbAttribute
2
TAG
70
0
74
0
0
SEQEND
5
AAC
330
1B1
100
AcDbEntity
8
HVAC
0
INSERT
5
1B2
330
6A6
100
AcDbEntity
8
HVAC
100
AcDbBlockReference
2
CC_HVAC_CHILLER
10
1800
20
-2800
30
0
41
1
42
1
43
1
50
0
66
1
1001
CONDUITCAD
1000
{"id":"e-muhhqzqr-14v","tag":"hvac-chiller"}
0
ATTRIB
5
AAD
330
1B2
100
AcDbEntity
8
HVAC
100
AcDbText
10
1800
20
-2848
30
0
40
12
1
hvac-chiller
50
0
41
1
7
STANDARD
72
1
11
1800
21
-2848
31
0
100
AcDbAttribute
2
TAG
70
0
74
0
0
SEQEND
5
AAE
330
1B2
100
AcDbEntity
8
HVAC
0
INSERT
5
1B3
330
6A6
100
AcDbEntity
8
HVAC
100
AcDbBlockReference
2
CC_HVAC_RADIATOR
10
1980
20
-2800
30
0
41
1
42
1
43
1
50
0
66
1
1001
CONDUITCAD
1000
{"id":"e-muhhqzqr-14w","tag":"hvac-radiator"}
0
ATTRIB
5
AAF
330
1B3
100
AcDbEntity
8
HVAC
100
AcDbText
10
1980
20
-2848
30
0
40
12
1
hvac-radiator
50
0
41
1
7
STANDARD
72
1
11
1980
21
-2848
31
0
100
AcDbAttribute
2
TAG
70
0
74
0
0
SEQEND
5
AB0
330
1B3
100
AcDbEntity
8
HVAC
0
INSERT
5
1B4
330
6A6
100
AcDbEntity
8
HVAC
100
AcDbBlockReference
2
CC_HVAC_EXPANSION_VESSEL
10
0
20
-3000
30
0
41
1
42
1
43
1
50
0
66
1
1001
CONDUITCAD
1000
{"id":"e-muhhqzqr-14x","tag":"hvac-expansion-vessel"}
0
ATTRIB
5
AB1
330
1B4
100
AcDbEntity
8
HVAC
100
AcDbText
10
0
20
-3067
30
0
40
12
1
hvac-expansion-vessel
50
0
41
1
7
STANDARD
72
1
11
0
21
-3067
31
0
100
AcDbAttribute
2
TAG
70
0
74
0
0
SEQEND
5
AB2
330
1B4
100
AcDbEntity
8
HVAC
0
INSERT
5
1B5
330
6A6
100
AcDbEntity
8
Water
100
AcDbBlockReference
2
CC_WATER_METER
10
180
20
-3000
30
0
41
1
42
1
43
1
50
0
66
1
1001
CONDUITCAD
1000
{"id":"e-muhhqzqr-14y","tag":"water-meter"}
0
ATTRIB
5
AB3
330
1B5
100
AcDbEntity
8
Water
100
AcDbText
10
180
20
-3048
30
0
40
12
1
water-meter
50
0
41
1
7
STANDARD
72
1
11
180
21
-3048
31
0
100
AcDbAttribute
2
TAG
70
0
74
0
0
SEQEND
5
AB4
330
1B5
100
AcDbEntity
8
Water
0
INSERT
5
1B6
330
6A6
100
AcDbEntity
8
Water
100
AcDbBlockReference
2
CC_WATER_BACKFLOW
10
360
20
-3000
30
0
41
1
42
1
43
1
50
0
66
1
1001
CONDUITCAD
1000
{"id":"e-muhhqzqr-14z","tag":"water-backflow"}
0
ATTRIB
5
AB5
330
1B6
100
AcDbEntity
8
Water
100
AcDbText
10
360
20
-3048
30
0
40
12
1
water-backflow
50
0
41
1
7
STANDARD
72
1
11
360
21
-3048
31
0
100
AcDbAttribute
2
TAG
70
0
74
0
0
SEQEND
5
AB6
330
1B6
100
AcDbEntity
8
Water
0
INSERT
5
1B7
330
6A6
100
AcDbEntity
8
Water
100
AcDbBlockReference
2
CC_WATER_HEATER
10
540
20
-3000
30
0
41
1
42
1
43
1
50
0
66
1
1001
CONDUITCAD
1000
{"id":"e-muhhqzqr-150","tag":"water-heater"}
0
ATTRIB
5
AB7
330
1B7
100
AcDbEntity
8
Water
100
AcDbText
10
540
20
-3067
30
0
40
12
1
water-heater
50
0
41
1
7
STANDARD
72
1
11
540
21
-3067
31
0
100
AcDbAttribute
2
TAG
70
0
74
0
0
SEQEND
5
AB8
330
1B7
100
AcDbEntity
8
Water
0
INSERT
5
1B8
330
6A6
100
AcDbEntity
8
Water
100
AcDbBlockReference
2
CC_WATER_SOFTENER
10
720
20
-3000
30
0
41
1
42
1
43
1
50
0
66
1
1001
CONDUITCAD
1000
{"id":"e-muhhqzqr-151","tag":"water-softener"}
0
ATTRIB
5
AB9
330
1B8
100
AcDbEntity
8
Water
100
AcDbText
10
720
20
-3067
30
0
40
12
1
water-softener
50
0
41
1
7
STANDARD
72
1
11
720
21
-3067
31
0
100
AcDbAttribute
2
TAG
70
0
74
0
0
SEQEND
5
ABA
330
1B8
100
AcDbEntity
8
Water
0
INSERT
5
1B9
330
6A6
100
AcDbEntity
8
Water
100
AcDbBlockReference
2
CC_WATER_RO
10
900
20
-3000
30
0
41
1
42
1
43
1
50
0
66
1
1001
CONDUITCAD
1000
{"id":"e-muhhqzqr-152","tag":"water-ro"}
0
ATTRIB
5
ABB
330
1B9
100
AcDbEntity
8
Water
100
AcDbText
10
900
20
-3067
30
0
40
12
1
water-ro
50
0
41
1
7
STANDARD
72
1
11
900
21
-3067
31
0
100
AcDbAttribute
2
TAG
70
0
74
0
0
SEQEND
5
ABC
330
1B9
100
AcDbEntity
8
Water
0
INSERT
5
1BA
330
6A6
100
AcDbEntity
8
Water
100
AcDbBlockReference
2
CC_WATER_UV
10
1080
20
-3000
30
0
41
1
42
1
43
1
50
0
66
1
1001
CONDUITCAD
1000
{"id":"e-muhhqzqr-153","tag":"water-uv"}
0
ATTRIB
5
ABD
330
1BA
100
AcDbEntity
8
Water
100
AcDbText
10
1080
20
-3048
30
0
40
12
1
water-uv
50
0
41
1
7
STANDARD
72
1
11
1080
21
-3048
31
0
100
AcDbAttribute
2
TAG
70
0
74
0
0
SEQEND
5
ABE
330
1BA
100
AcDbEntity
8
Water
0
INSERT
5
1BB
330
6A6
100
AcDbEntity
8
Water
100
AcDbBlockReference
2
CC_WATER_SCREEN
10
1260
20
-3000
30
0
41
1
42
1
43
1
50
0
66
1
1001
CONDUITCAD
1000
{"id":"e-muhhqzqr-154","tag":"water-screen"}
0
ATTRIB
5
ABF
330
1BB
100
AcDbEntity
8
Water
100
AcDbText
10
1260
20
-3052
30
0
40
12
1
water-screen
50
0
41
1
7
STANDARD
72
1
11
1260
21
-3052
31
0
100
AcDbAttribute
2
TAG
70
0
74
0
0
SEQEND
5
AC0
330
1BB
100
AcDbEntity
8
Water
0
INSERT
5
1BC
330
6A6
100
AcDbEntity
8
Water
100
AcDbBlockReference
2
CC_WATER_DOSING
10
1440
20
-3000
30
0
41
1
42
1
43
1
50
0
66
1
1001
CONDUITCAD
1000
{"id":"e-muhhqzqr-155","tag":"water-dosing"}
0
ATTRIB
5
AC1
330
1BC
100
AcDbEntity
8
Water
100
AcDbText
10
1440
20
-3048
30
0
40
12
1
water-dosing
50
0
41
1
7
STANDARD
72
1
11
1440
21
-3048
31
0
100
AcDbAttribute
2
TAG
70
0
74
0
0
SEQEND
5
AC2
330
1BC
100
AcDbEntity
8
Water
0
INSERT
5
1BD
330
6A6
100
AcDbEntity
8
Water
100
AcDbBlockReference
2
CC_WATER_DRAIN
10
1620
20
-3000
30
0
41
1
42
1
43
1
50
0
66
1
1001
CONDUITCAD
1000
{"id":"e-muhhqzqr-156","tag":"water-drain"}
0
ATTRIB
5
AC3
330
1BD
100
AcDbEntity
8
Water
100
AcDbText
10
1620
20
-3067
30
0
40
12
1
water-drain
50
0
41
1
7
STANDARD
72
1
11
1620
21
-3067
31
0
100
AcDbAttribute
2
TAG
70
0
74
0
0
SEQEND
5
AC4
330
1BD
100
AcDbEntity
8
Water
0
INSERT
5
1BE
330
6A6
100
AcDbEntity
8
Water
100
AcDbBlockReference
2
CC_WATER_TAP
10
1800
20
-3000
30
0
41
1
42
1
43
1
50
0
66
1
1001
CONDUITCAD
1000
{"id":"e-muhhqzqr-157","tag":"water-tap"}
0
ATTRIB
5
AC5
330
1BE
100
AcDbEntity
8
Water
100
AcDbText
10
1800
20
-3048
30
0
40
12
1
water-tap
50
0
41
1
7
STANDARD
72
1
11
1800
21
-3048
31
0
100
AcDbAttribute
2
TAG
70
0
74
0
0
SEQEND
5
AC6
330
1BE
100
AcDbEntity
8
Water
0
INSERT
5
1BF
330
6A6
100
AcDbEntity
8
Water
100
AcDbBlockReference
2
CC_WATER_SUMP
10
1980
20
-3000
30
0
41
1
42
1
43
1
50
0
66
1
1001
CONDUITCAD
1000
{"id":"e-muhhqzqr-158","tag":"water-sump"}
0
ATTRIB
5
AC7
330
1BF
100
AcDbEntity
8
Water
100
AcDbText
10
1980
20
-3052
30
0
40
12
1
water-sump
50
0
41
1
7
STANDARD
72
1
11
1980
21
-3052
31
0
100
AcDbAttribute
2
TAG
70
0
74
0
0
SEQEND
5
AC8
330
1BF
100
AcDbEntity
8
Water
0
INSERT
5
1C0
330
6A6
100
AcDbEntity
8
Water
100
AcDbBlockReference
2
CC_WATER_AIR_RELEASE
10
0
20
-3200
30
0
41
1
42
1
43
1
50
0
66
1
1001
CONDUITCAD
1000
{"id":"e-muhhqzqr-159","tag":"water-air-release"}
0
ATTRIB
5
AC9
330
1C0
100
AcDbEntity
8
Water
100
AcDbText
10
0
20
-3267
30
0
40
12
1
water-air-release
50
0
41
1
7
STANDARD
72
1
11
0
21
-3267
31
0
100
AcDbAttribute
2
TAG
70
0
74
0
0
SEQEND
5
ACA
330
1C0
100
AcDbEntity
8
Water
0
INSERT
5
1C1
330
6A6
100
AcDbEntity
8
Automation
100
AcDbBlockReference
2
CC_AUTO_PLC
10
180
20
-3200
30
0
41
1
42
1
43
1
50
0
66
1
1001
CONDUITCAD
1000
{"id":"e-muhhqzqr-15a","tag":"auto-plc"}
0
ATTRIB
5
ACB
330
1C1
100
AcDbEntity
8
Automation
100
AcDbText
10
180
20
-3248
30
0
40
12
1
auto-plc
50
0
41
1
7
STANDARD
72
1
11
180
21
-3248
31
0
100
AcDbAttribute
2
TAG
70
0
74
0
0
SEQEND
5
ACC
330
1C1
100
AcDbEntity
8
Automation
0
INSERT
5
1C2
330
6A6
100
AcDbEntity
8
Automation
100
AcDbBlockReference
2
CC_AUTO_DI
10
360
20
-3200
30
0
41
1
42
1
43
1
50
0
66
1
1001
CONDUITCAD
1000
{"id":"e-muhhqzqr-15b","tag":"auto-di"}
0
ATTRIB
5
ACD
330
1C2
100
AcDbEntity
8
Automation
100
AcDbText
10
360
20
-3248
30
0
40
12
1
auto-di
50
0
41
1
7
STANDARD
72
1
11
360
21
-3248
31
0
100
AcDbAttribute
2
TAG
70
0
74
0
0
SEQEND
5
ACE
330
1C2
100
AcDbEntity
8
Automation
0
INSERT
5
1C3
330
6A6
100
AcDbEntity
8
Automation
100
AcDbBlockReference
2
CC_AUTO_DO
10
540
20
-3200
30
0
41
1
42
1
43
1
50
0
66
1
1001
CONDUITCAD
1000
{"id":"e-muhhqzqr-15c","tag":"auto-do"}
0
ATTRIB
5
ACF
330
1C3
100
AcDbEntity
8
Automation
100
AcDbText
10
540
20
-3248
30
0
40
12
1
auto-do
50
0
41
1
7
STANDARD
72
1
11
540
21
-3248
31
0
100
AcDbAttribute
2
TAG
70
0
74
0
0
SEQEND
5
AD0
330
1C3
100
AcDbEntity
8
Automation
0
INSERT
5
1C4
330
6A6
100
AcDbEntity
8
Automation
100
AcDbBlockReference
2
CC_AUTO_AI
10
720
20
-3200
30
0
41
1
42
1
43
1
50
0
66
1
1001
CONDUITCAD
1000
{"id":"e-muhhqzqr-15d","tag":"auto-ai"}
0
ATTRIB
5
AD1
330
1C4
100
AcDbEntity
8
Automation
100
AcDbText
10
720
20
-3248
30
0
40
12
1
auto-ai
50
0
41
1
7
STANDARD
72
1
11
720
21
-3248
31
0
100
AcDbAttribute
2
TAG
70
0
74
0
0
SEQEND
5
AD2
330
1C4
100
AcDbEntity
8
Automation
0
INSERT
5
1C5
330
6A6
100
AcDbEntity
8
Automation
100
AcDbBlockReference
2
CC_AUTO_AO
10
900
20
-3200
30
0
41
1
42
1
43
1
50
0
66
1
1001
CONDUITCAD
1000
{"id":"e-muhhqzqr-15e","tag":"auto-ao"}
0
ATTRIB
5
AD3
330
1C5
100
AcDbEntity
8
Automation
100
AcDbText
10
900
20
-3248
30
0
40
12
1
auto-ao
50
0
41
1
7
STANDARD
72
1
11
900
21
-3248
31
0
100
AcDbAttribute
2
TAG
70
0
74
0
0
SEQEND
5
AD4
330
1C5
100
AcDbEntity
8
Automation
0
INSERT
5
1C6
330
6A6
100
AcDbEntity
8
Automation
100
AcDbBlockReference
2
CC_AUTO_VFD
10
1080
20
-3200
30
0
41
1
42
1
43
1
50
0
66
1
1001
CONDUITCAD
1000
{"id":"e-muhhqzqr-15f","tag":"auto-vfd"}
0
ATTRIB
5
AD5
330
1C6
100
AcDbEntity
8
Automation
100
AcDbText
10
1080
20
-3248
30
0
40
12
1
auto-vfd
50
0
41
1
7
STANDARD
72
1
11
1080
21
-3248
31
0
100
AcDbAttribute
2
TAG
70
0
74
0
0
SEQEND
5
AD6
330
1C6
100
AcDbEntity
8
Automation
0
INSERT
5
1C7
330
6A6
100
AcDbEntity
8
Automation
100
AcDbBlockReference
2
CC_AUTO_SAFETY_RELAY
10
1260
20
-3200
30
0
41
1
42
1
43
1
50
0
66
1
1001
CONDUITCAD
1000
{"id":"e-muhhqzqr-15g","tag":"auto-safety-relay"}
0
ATTRIB
5
AD7
330
1C7
100
AcDbEntity
8
Automation
100
AcDbText
10
1260
20
-3248
30
0
40
12
1
auto-safety-relay
50
0
41
1
7
STANDARD
72
1
11
1260
21
-3248
31
0
100
AcDbAttribute
2
TAG
70
0
74
0
0
SEQEND
5
AD8
330
1C7
100
AcDbEntity
8
Automation
0
INSERT
5
1C8
330
6A6
100
AcDbEntity
8
Automation
100
AcDbBlockReference
2
CC_AUTO_PID_BLOCK
10
1440
20
-3200
30
0
41
1
42
1
43
1
50
0
66
1
1001
CONDUITCAD
1000
{"id":"e-muhhqzqr-15h","tag":"auto-pid-block"}
0
ATTRIB
5
AD9
330
1C8
100
AcDbEntity
8
Automation
100
AcDbText
10
1440
20
-3248
30
0
40
12
1
auto-pid-block
50
0
41
1
7
STANDARD
72
1
11
1440
21
-3248
31
0
100
AcDbAttribute
2
TAG
70
0
74
0
0
SEQEND
5
ADA
330
1C8
100
AcDbEntity
8
Automation
0
INSERT
5
1C9
330
6A6
100
AcDbEntity
8
Automation
100
AcDbBlockReference
2
CC_AUTO_GATEWAY
10
1620
20
-3200
30
0
41
1
42
1
43
1
50
0
66
1
1001
CONDUITCAD
1000
{"id":"e-muhhqzqr-15i","tag":"auto-gateway"}
0
ATTRIB
5
ADB
330
1C9
100
AcDbEntity
8
Automation
100
AcDbText
10
1620
20
-3248
30
0
40
12
1
auto-gateway
50
0
41
1
7
STANDARD
72
1
11
1620
21
-3248
31
0
100
AcDbAttribute
2
TAG
70
0
74
0
0
SEQEND
5
ADC
330
1C9
100
AcDbEntity
8
Automation
0
INSERT
5
1CA
330
6A6
100
AcDbEntity
8
Automation
100
AcDbBlockReference
2
CC_AUTO_HMI
10
1800
20
-3200
30
0
41
1
42
1
43
1
50
0
66
1
1001
CONDUITCAD
1000
{"id":"e-muhhqzqr-15j","tag":"auto-hmi"}
0
ATTRIB
5
ADD
330
1CA
100
AcDbEntity
8
Automation
100
AcDbText
10
1800
20
-3248
30
0
40
12
1
auto-hmi
50
0
41
1
7
STANDARD
72
1
11
1800
21
-3248
31
0
100
AcDbAttribute
2
TAG
70
0
74
0
0
SEQEND
5
ADE
330
1CA
100
AcDbEntity
8
Automation
0
INSERT
5
1CB
330
6A6
100
AcDbEntity
8
Automation
100
AcDbBlockReference
2
CC_AUTO_PROXIMITY
10
1980
20
-3200
30
0
41
1
42
1
43
1
50
0
66
1
1001
CONDUITCAD
1000
{"id":"e-muhhqzqr-15k","tag":"auto-proximity"}
0
ATTRIB
5
ADF
330
1CB
100
AcDbEntity
8
Automation
100
AcDbText
10
1980
20
-3248
30
0
40
12
1
auto-proximity
50
0
41
1
7
STANDARD
72
1
11
1980
21
-3248
31
0
100
AcDbAttribute
2
TAG
70
0
74
0
0
SEQEND
5
AE0
330
1CB
100
AcDbEntity
8
Automation
0
INSERT
5
1CC
330
6A6
100
AcDbEntity
8
Automation
100
AcDbBlockReference
2
CC_AUTO_PHOTOEYE
10
0
20
-3400
30
0
41
1
42
1
43
1
50
0
66
1
1001
CONDUITCAD
1000
{"id":"e-muhhqzqr-15l","tag":"auto-photoeye"}
0
ATTRIB
5
AE1
330
1CC
100
AcDbEntity
8
Automation
100
AcDbText
10
0
20
-3448
30
0
40
12
1
auto-photoeye
50
0
41
1
7
STANDARD
72
1
11
0
21
-3448
31
0
100
AcDbAttribute
2
TAG
70
0
74
0
0
SEQEND
5
AE2
330
1CC
100
AcDbEntity
8
Automation
0
INSERT
5
1CD
330
6A6
100
AcDbEntity
8
Fire
100
AcDbBlockReference
2
CC_FIRE_PANEL
10
180
20
-3400
30
0
41
1
42
1
43
1
50
0
66
1
1001
CONDUITCAD
1000
{"id":"e-muhhqzqr-15m","tag":"fire-panel"}
0
ATTRIB
5
AE3
330
1CD
100
AcDbEntity
8
Fire
100
AcDbText
10
180
20
-3448
30
0
40
12
1
fire-panel
50
0
41
1
7
STANDARD
72
1
11
180
21
-3448
31
0
100
AcDbAttribute
2
TAG
70
0
74
0
0
SEQEND
5
AE4
330
1CD
100
AcDbEntity
8
Fire
0
INSERT
5
1CE
330
6A6
100
AcDbEntity
8
Fire
100
AcDbBlockReference
2
CC_FIRE_SMOKE
10
360
20
-3400
30
0
41
1
42
1
43
1
50
0
66
1
1001
CONDUITCAD
1000
{"id":"e-muhhqzqr-15n","tag":"fire-smoke"}
0
ATTRIB
5
AE5
330
1CE
100
AcDbEntity
8
Fire
100
AcDbText
10
360
20
-3448
30
0
40
12
1
fire-smoke
50
0
41
1
7
STANDARD
72
1
11
360
21
-3448
31
0
100
AcDbAttribute
2
TAG
70
0
74
0
0
SEQEND
5
AE6
330
1CE
100
AcDbEntity
8
Fire
0
INSERT
5
1CF
330
6A6
100
AcDbEntity
8
Fire
100
AcDbBlockReference
2
CC_FIRE_HEAT
10
540
20
-3400
30
0
41
1
42
1
43
1
50
0
66
1
1001
CONDUITCAD
1000
{"id":"e-muhhqzqr-15o","tag":"fire-heat"}
0
ATTRIB
5
AE7
330
1CF
100
AcDbEntity
8
Fire
100
AcDbText
10
540
20
-3448
30
0
40
12
1
fire-heat
50
0
41
1
7
STANDARD
72
1
11
540
21
-3448
31
0
100
AcDbAttribute
2
TAG
70
0
74
0
0
SEQEND
5
AE8
330
1CF
100
AcDbEntity
8
Fire
0
INSERT
5
1D0
330
6A6
100
AcDbEntity
8
Fire
100
AcDbBlockReference
2
CC_FIRE_CALL
10
720
20
-3400
30
0
41
1
42
1
43
1
50
0
66
1
1001
CONDUITCAD
1000
{"id":"e-muhhqzqr-15p","tag":"fire-call"}
0
ATTRIB
5
AE9
330
1D0
100
AcDbEntity
8
Fire
100
AcDbText
10
720
20
-3448
30
0
40
12
1
fire-call
50
0
41
1
7
STANDARD
72
1
11
720
21
-3448
31
0
100
AcDbAttribute
2
TAG
70
0
74
0
0
SEQEND
5
AEA
330
1D0
100
AcDbEntity
8
Fire
0
INSERT
5
1D1
330
6A6
100
AcDbEntity
8
Fire
100
AcDbBlockReference
2
CC_FIRE_SOUNDER
10
900
20
-3400
30
0
41
1
42
1
43
1
50
0
66
1
1001
CONDUITCAD
1000
{"id":"e-muhhqzqr-15q","tag":"fire-sounder"}
0
ATTRIB
5
AEB
330
1D1
100
AcDbEntity
8
Fire
100
AcDbText
10
900
20
-3448
30
0
40
12
1
fire-sounder
50
0
41
1
7
STANDARD
72
1
11
900
21
-3448
31
0
100
AcDbAttribute
2
TAG
70
0
74
0
0
SEQEND
5
AEC
330
1D1
100
AcDbEntity
8
Fire
0
INSERT
5
1D2
330
6A6
100
AcDbEntity
8
Fire
100
AcDbBlockReference
2
CC_FIRE_STROBE
10
1080
20
-3400
30
0
41
1
42
1
43
1
50
0
66
1
1001
CONDUITCAD
1000
{"id":"e-muhhqzqr-15r","tag":"fire-strobe"}
0
ATTRIB
5
AED
330
1D2
100
AcDbEntity
8
Fire
100
AcDbText
10
1080
20
-3448
30
0
40
12
1
fire-strobe
50
0
41
1
7
STANDARD
72
1
11
1080
21
-3448
31
0
100
AcDbAttribute
2
TAG
70
0
74
0
0
SEQEND
5
AEE
330
1D2
100
AcDbEntity
8
Fire
0
INSERT
5
1D3
330
6A6
100
AcDbEntity
8
Fire
100
AcDbBlockReference
2
CC_FIRE_MONITOR
10
1260
20
-3400
30
0
41
1
42
1
43
1
50
0
66
1
1001
CONDUITCAD
1000
{"id":"e-muhhqzqr-15s","tag":"fire-monitor"}
0
ATTRIB
5
AEF
330
1D3
100
AcDbEntity
8
Fire
100
AcDbText
10
1260
20
-3448
30
0
40
12
1
fire-monitor
50
0
41
1
7
STANDARD
72
1
11
1260
21
-3448
31
0
100
AcDbAttribute
2
TAG
70
0
74
0
0
SEQEND
5
AF0
330
1D3
100
AcDbEntity
8
Fire
0
INSERT
5
1D4
330
6A6
100
AcDbEntity
8
Fire
100
AcDbBlockReference
2
CC_FIRE_INTERFACE
10
1440
20
-3400
30
0
41
1
42
1
43
1
50
0
66
1
1001
CONDUITCAD
1000
{"id":"e-muhhqzqr-15t","tag":"fire-interface"}
0
ATTRIB
5
AF1
330
1D4
100
AcDbEntity
8
Fire
100
AcDbText
10
1440
20
-3448
30
0
40
12
1
fire-interface
50
0
41
1
7
STANDARD
72
1
11
1440
21
-3448
31
0
100
AcDbAttribute
2
TAG
70
0
74
0
0
SEQEND
5
AF2
330
1D4
100
AcDbEntity
8
Fire
0
INSERT
5
1D5
330
6A6
100
AcDbEntity
8
Network
100
AcDbBlockReference
2
CC_NET_ROUTER
10
1620
20
-3400
30
0
41
1
42
1
43
1
50
0
66
1
1001
CONDUITCAD
1000
{"id":"e-muhhqzqr-15u","tag":"net-router"}
0
ATTRIB
5
AF3
330
1D5
100
AcDbEntity
8
Network
100
AcDbText
10
1620
20
-3462
30
0
40
12
1
net-router
50
0
41
1
7
STANDARD
72
1
11
1620
21
-3462
31
0
100
AcDbAttribute
2
TAG
70
0
74
0
0
SEQEND
5
AF4
330
1D5
100
AcDbEntity
8
Network
0
INSERT
5
1D6
330
6A6
100
AcDbEntity
8
Network
100
AcDbBlockReference
2
CC_NET_SWITCH
10
1800
20
-3400
30
0
41
1
42
1
43
1
50
0
66
1
1001
CONDUITCAD
1000
{"id":"e-muhhqzqr-15v","tag":"net-switch"}
0
ATTRIB
5
AF5
330
1D6
100
AcDbEntity
8
Network
100
AcDbText
10
1800
20
-3462
30
0
40
12
1
net-switch
50
0
41
1
7
STANDARD
72
1
11
1800
21
-3462
31
0
100
AcDbAttribute
2
TAG
70
0
74
0
0
SEQEND
5
AF6
330
1D6
100
AcDbEntity
8
Network
0
INSERT
5
1D7
330
6A6
100
AcDbEntity
8
Network
100
AcDbBlockReference
2
CC_NET_FIREWALL
10
1980
20
-3400
30
0
41
1
42
1
43
1
50
0
66
1
1001
CONDUITCAD
1000
{"id":"e-muhhqzqr-15w","tag":"net-firewall"}
0
ATTRIB
5
AF7
330
1D7
100
AcDbEntity
8
Network
100
AcDbText
10
1980
20
-3462
30
0
40
12
1
net-firewall
50
0
41
1
7
STANDARD
72
1
11
1980
21
-3462
31
0
100
AcDbAttribute
2
TAG
70
0
74
0
0
SEQEND
5
AF8
330
1D7
100
AcDbEntity
8
Network
0
INSERT
5
1D8
330
6A6
100
AcDbEntity
8
Network
100
AcDbBlockReference
2
CC_NET_SERVER
10
0
20
-3600
30
0
41
1
42
1
43
1
50
0
66
1
1001
CONDUITCAD
1000
{"id":"e-muhhqzqr-15x","tag":"net-server"}
0
ATTRIB
5
AF9
330
1D8
100
AcDbEntity
8
Network
100
AcDbText
10
0
20
-3662
30
0
40
12
1
net-server
50
0
41
1
7
STANDARD
72
1
11
0
21
-3662
31
0
100
AcDbAttribute
2
TAG
70
0
74
0
0
SEQEND
5
AFA
330
1D8
100
AcDbEntity
8
Network
0
INSERT
5
1D9
330
6A6
100
AcDbEntity
8
Network
100
AcDbBlockReference
2
CC_NET_WORKSTATION
10
180
20
-3600
30
0
41
1
42
1
43
1
50
0
66
1
1001
CONDUITCAD
1000
{"id":"e-muhhqzqr-15y","tag":"net-workstation"}
0
ATTRIB
5
AFB
330
1D9
100
AcDbEntity
8
Network
100
AcDbText
10
180
20
-3662
30
0
40
12
1
net-workstation
50
0
41
1
7
STANDARD
72
1
11
180
21
-3662
31
0
100
AcDbAttribute
2
TAG
70
0
74
0
0
SEQEND
5
AFC
330
1D9
100
AcDbEntity
8
Network
0
INSERT
5
1DA
330
6A6
100
AcDbEntity
8
Network
100
AcDbBlockReference
2
CC_NET_AP
10
360
20
-3600
30
0
41
1
42
1
43
1
50
0
66
1
1001
CONDUITCAD
1000
{"id":"e-muhhqzqr-15z","tag":"net-ap"}
0
ATTRIB
5
AFD
330
1DA
100
AcDbEntity
8
Network
100
AcDbText
10
360
20
-3662
30
0
40
12
1
net-ap
50
0
41
1
7
STANDARD
72
1
11
360
21
-3662
31
0
100
AcDbAttribute
2
TAG
70
0
74
0
0
SEQEND
5
AFE
330
1DA
100
AcDbEntity
8
Network
0
INSERT
5
1DB
330
6A6
100
AcDbEntity
8
Network
100
AcDbBlockReference
2
CC_NET_PATCH
10
540
20
-3600
30
0
41
1
42
1
43
1
50
0
66
1
1001
CONDUITCAD
1000
{"id":"e-muhhqzqr-160","tag":"net-patch"}
0
ATTRIB
5
AFF
330
1DB
100
AcDbEntity
8
Network
100
AcDbText
10
540
20
-3662
30
0
40
12
1
net-patch
50
0
41
1
7
STANDARD
72
1
11
540
21
-3662
31
0
100
AcDbAttribute
2
TAG
70
0
74
0
0
SEQEND
5
B00
330
1DB
100
AcDbEntity
8
Network
0
INSERT
5
1DC
330
6A6
100
AcDbEntity
8
Network
100
AcDbBlockReference
2
CC_NET_PHONE
10
720
20
-3600
30
0
41
1
42
1
43
1
50
0
66
1
1001
CONDUITCAD
1000
{"id":"e-muhhqzqr-161","tag":"net-phone"}
0
ATTRIB
5
B01
330
1DC
100
AcDbEntity
8
Network
100
AcDbText
10
720
20
-3662
30
0
40
12
1
net-phone
50
0
41
1
7
STANDARD
72
1
11
720
21
-3662
31
0
100
AcDbAttribute
2
TAG
70
0
74
0
0
SEQEND
5
B02
330
1DC
100
AcDbEntity
8
Network
0
INSERT
5
1DD
330
6A6
100
AcDbEntity
8
Network
100
AcDbBlockReference
2
CC_NET_CAMERA
10
900
20
-3600
30
0
41
1
42
1
43
1
50
0
66
1
1001
CONDUITCAD
1000
{"id":"e-muhhqzqr-162","tag":"net-camera"}
0
ATTRIB
5
B03
330
1DD
100
AcDbEntity
8
Network
100
AcDbText
10
900
20
-3662
30
0
40
12
1
net-camera
50
0
41
1
7
STANDARD
72
1
11
900
21
-3662
31
0
100
AcDbAttribute
2
TAG
70
0
74
0
0
SEQEND
5
B04
330
1DD
100
AcDbEntity
8
Network
0
INSERT
5
1DE
330
6A6
100
AcDbEntity
8
Network
100
AcDbBlockReference
2
CC_NET_CLOUD
10
1080
20
-3600
30
0
41
1
42
1
43
1
50
0
66
1
1001
CONDUITCAD
1000
{"id":"e-muhhqzqr-163","tag":"net-cloud"}
0
ATTRIB
5
B05
330
1DE
100
AcDbEntity
8
Network
100
AcDbText
10
1080
20
-3662
30
0
40
12
1
net-cloud
50
0
41
1
7
STANDARD
72
1
11
1080
21
-3662
31
0
100
AcDbAttribute
2
TAG
70
0
74
0
0
SEQEND
5
B06
330
1DE
100
AcDbEntity
8
Network
0
ENDSEC
0
SECTION
2
OBJECTS
0
DICTIONARY
5
B0D
330
0
100
AcDbDictionary
281
1
3
ACAD_LAYOUT
350
B0E
3
ACAD_GROUP
350
B0F
3
CONDUITCAD_METADATA
350
B12
0
DICTIONARY
5
B0E
330
B0D
100
AcDbDictionary
281
1
3
Model
350
B10
3
Layout1
350
B11
0
DICTIONARY
5
B0F
330
B0D
100
AcDbDictionary
281
1
0
LAYOUT
5
B10
330
B0E
100
AcDbPlotSettings
1

2

4

6

40
0
41
0
42
0
43
0
44
420
45
297
46
0
47
0
48
0
49
0
140
0
141
0
142
1
143
1
70
0
72
1
73
0
74
5
7

75
16
76
0
77
0
78
300
147
1
148
0
149
0
100
AcDbLayout
1
Model
70
1
71
0
10
0
20
0
11
420
21
297
12
0
22
0
32
0
14
0
24
0
34
0
15
420
25
297
35
0
146
0
13
0
23
0
33
0
16
1
26
0
36
0
17
0
27
1
37
0
76
0
330
6A6
0
LAYOUT
5
B11
330
B0E
100
AcDbPlotSettings
1

2

4

6

40
0
41
0
42
0
43
0
44
420
45
297
46
0
47
0
48
0
49
0
140
0
141
0
142
1
143
1
70
0
72
1
73
0
74
5
7

75
16
76
0
77
0
78
300
147
1
148
0
149
0
100
AcDbLayout
1
Layout1
70
1
71
1
10
0
20
0
11
420
21
297
12
0
22
0
32
0
14
0
24
0
34
0
15
420
25
297
35
0
146
0
13
0
23
0
33
0
16
1
26
0
36
0
17
0
27
1
37
0
76
0
330
6A7
0
XRECORD
5
B12
330
B0D
100
AcDbXrecord
280
1
1
{"parameters":{"grid":"10","pipeWidth":"2","valveSize":"64"},"constraints":[],"metadata":{"author":"","description":""}}
0
ENDSEC
0
EOF
