0
SECTION
2
HEADER
9
$ACADVER
1
AC1024
9
$INSUNITS
70
4
9
$LTSCALE
40
1
9
$MEASUREMENT
70
1
999
CONDUIT:{"parameters":{"grid":"10","pipeWidth":"2","valveSize":"64"},"constraints":[],"metadata":{"author":"","description":""}}
9
$HANDSEED
5
878
9
$DWGCODEPAGE
3
ANSI_1252
9
$CLAYER
8
0
9
$TILEMODE
70
1
0
ENDSEC
0
SECTION
2
TABLES
0
TABLE
2
LTYPE
5
5AF
330
0
100
AcDbSymbolTable
70
6
0
LTYPE
5
5B0
100
AcDbSymbolTableRecord
100
AcDbLinetypeTableRecord
2
CONTINUOUS
70
0
3
Solid line
72
65
73
0
40
0
330
5AF
0
LTYPE
5
5B1
100
AcDbSymbolTableRecord
100
AcDbLinetypeTableRecord
2
DASHED
70
0
3
DASHED
72
65
73
2
40
12
49
8
74
0
49
-4
74
0
330
5AF
0
LTYPE
5
5B2
100
AcDbSymbolTableRecord
100
AcDbLinetypeTableRecord
2
CENTER
70
0
3
CENTER
72
65
73
4
40
20
49
12
74
0
49
-3
74
0
49
2
74
0
49
-3
74
0
330
5AF
0
LTYPE
5
5B3
100
AcDbSymbolTableRecord
100
AcDbLinetypeTableRecord
2
HIDDEN
70
0
3
HIDDEN
72
65
73
2
40
7
49
4
74
0
49
-3
74
0
330
5AF
0
LTYPE
5
5B4
100
AcDbSymbolTableRecord
100
AcDbLinetypeTableRecord
2
CC_DASH_4_3
70
0
3
CC_DASH_4_3
72
65
73
2
40
7
49
4
74
0
49
-3
74
0
330
5AF
0
LTYPE
5
5B5
100
AcDbSymbolTableRecord
100
AcDbLinetypeTableRecord
2
CC_DASH_2_3
70
0
3
CC_DASH_2_3
72
65
73
2
40
5
49
2
74
0
49
-3
74
0
330
5AF
0
ENDTAB
0
TABLE
2
LAYER
5
5B6
330
0
100
AcDbSymbolTable
70
13
0
LAYER
5
5B7
100
AcDbSymbolTableRecord
100
AcDbLayerTableRecord
2
0
70
0
62
7
420
3426133
6
CONTINUOUS
330
5B6
0
LAYER
5
5B8
100
AcDbSymbolTableRecord
100
AcDbLayerTableRecord
2
Equipment
70
0
62
7
420
3495011
6
CONTINUOUS
330
5B6
0
LAYER
5
5B9
100
AcDbSymbolTableRecord
100
AcDbLayerTableRecord
2
Process
70
0
62
7
420
1342583
6
CONTINUOUS
330
5B6
0
LAYER
5
5BA
100
AcDbSymbolTableRecord
100
AcDbLayerTableRecord
2
Instruments
70
0
62
7
420
10187334
6
CONTINUOUS
330
5B6
0
LAYER
5
5BB
100
AcDbSymbolTableRecord
100
AcDbLayerTableRecord
2
Electrical
70
0
62
7
420
6584250
6
CONTINUOUS
330
5B6
0
LAYER
5
5BC
100
AcDbSymbolTableRecord
100
AcDbLayerTableRecord
2
Annotations
70
0
62
7
420
7438474
6
CONTINUOUS
330
5B6
0
LAYER
5
5BD
100
AcDbSymbolTableRecord
100
AcDbLayerTableRecord
2
Hydraulics
70
0
62
7
420
3495011
6
CONTINUOUS
330
5B6
0
LAYER
5
5BE
100
AcDbSymbolTableRecord
100
AcDbLayerTableRecord
2
Pneumatics
70
0
62
7
420
3495011
6
CONTINUOUS
330
5B6
0
LAYER
5
5BF
100
AcDbSymbolTableRecord
100
AcDbLayerTableRecord
2
HVAC
70
0
62
7
420
3495011
6
CONTINUOUS
330
5B6
0
LAYER
5
5C0
100
AcDbSymbolTableRecord
100
AcDbLayerTableRecord
2
Water
70
0
62
7
420
3495011
6
CONTINUOUS
330
5B6
0
LAYER
5
5C1
100
AcDbSymbolTableRecord
100
AcDbLayerTableRecord
2
Automation
70
0
62
7
420
3495011
6
CONTINUOUS
330
5B6
0
LAYER
5
5C2
100
AcDbSymbolTableRecord
100
AcDbLayerTableRecord
2
Fire
70
0
62
7
420
3495011
6
CONTINUOUS
330
5B6
0
LAYER
5
5C3
100
AcDbSymbolTableRecord
100
AcDbLayerTableRecord
2
Network
70
0
62
7
420
3495011
6
CONTINUOUS
330
5B6
0
ENDTAB
0
TABLE
2
STYLE
5
5C4
330
0
100
AcDbSymbolTable
70
1
0
STYLE
5
5C5
100
AcDbSymbolTableRecord
100
AcDbTextStyleTableRecord
2
STANDARD
70
0
40
0
41
1
50
0
71
0
42
2.5
3
txt
4

330
5C4
0
ENDTAB
0
TABLE
2
APPID
5
5C6
330
0
100
AcDbSymbolTable
70
2
0
APPID
5
5C7
100
AcDbSymbolTableRecord
100
AcDbRegAppTableRecord
2
CONDUITCAD
70
0
330
5C6
0
APPID
5
871
100
AcDbSymbolTableRecord
100
AcDbRegAppTableRecord
2
ACAD
70
0
330
5C6
0
ENDTAB
0
TABLE
2
BLOCK_RECORD
5
5C8
330
0
100
AcDbSymbolTable
70
225
0
BLOCK_RECORD
5
5C9
100
AcDbSymbolTableRecord
100
AcDbBlockTableRecord
2
*Model_Space
340
875
330
5C8
0
BLOCK_RECORD
5
5CA
100
AcDbSymbolTableRecord
100
AcDbBlockTableRecord
2
*Paper_Space
340
876
330
5C8
0
BLOCK_RECORD
5
5CB
100
AcDbSymbolTableRecord
100
AcDbBlockTableRecord
2
CC_GATE_VALVE
330
5C8
0
BLOCK_RECORD
5
5CC
100
AcDbSymbolTableRecord
100
AcDbBlockTableRecord
2
CC_BALL_VALVE
330
5C8
0
BLOCK_RECORD
5
5CD
100
AcDbSymbolTableRecord
100
AcDbBlockTableRecord
2
CC_GLOBE_VALVE
330
5C8
0
BLOCK_RECORD
5
5CE
100
AcDbSymbolTableRecord
100
AcDbBlockTableRecord
2
CC_BUTTERFLY_VALVE
330
5C8
0
BLOCK_RECORD
5
5CF
100
AcDbSymbolTableRecord
100
AcDbBlockTableRecord
2
CC_CHECK_VALVE
330
5C8
0
BLOCK_RECORD
5
5D0
100
AcDbSymbolTableRecord
100
AcDbBlockTableRecord
2
CC_CONTROL_VALVE
330
5C8
0
BLOCK_RECORD
5
5D1
100
AcDbSymbolTableRecord
100
AcDbBlockTableRecord
2
CC_SOLENOID_VALVE
330
5C8
0
BLOCK_RECORD
5
5D2
100
AcDbSymbolTableRecord
100
AcDbBlockTableRecord
2
CC_RELIEF_VALVE
330
5C8
0
BLOCK_RECORD
5
5D3
100
AcDbSymbolTableRecord
100
AcDbBlockTableRecord
2
CC_THREE_WAY_VALVE
330
5C8
0
BLOCK_RECORD
5
5D4
100
AcDbSymbolTableRecord
100
AcDbBlockTableRecord
2
CC_PUMP
330
5C8
0
BLOCK_RECORD
5
5D5
100
AcDbSymbolTableRecord
100
AcDbBlockTableRecord
2
CC_GEAR_PUMP
330
5C8
0
BLOCK_RECORD
5
5D6
100
AcDbSymbolTableRecord
100
AcDbBlockTableRecord
2
CC_COMPRESSOR
330
5C8
0
BLOCK_RECORD
5
5D7
100
AcDbSymbolTableRecord
100
AcDbBlockTableRecord
2
CC_FAN
330
5C8
0
BLOCK_RECORD
5
5D8
100
AcDbSymbolTableRecord
100
AcDbBlockTableRecord
2
CC_STRAINER
330
5C8
0
BLOCK_RECORD
5
5D9
100
AcDbSymbolTableRecord
100
AcDbBlockTableRecord
2
CC_FILTER
330
5C8
0
BLOCK_RECORD
5
5DA
100
AcDbSymbolTableRecord
100
AcDbBlockTableRecord
2
CC_HEAT_EXCHANGER
330
5C8
0
BLOCK_RECORD
5
5DB
100
AcDbSymbolTableRecord
100
AcDbBlockTableRecord
2
CC_TANK
330
5C8
0
BLOCK_RECORD
5
5DC
100
AcDbSymbolTableRecord
100
AcDbBlockTableRecord
2
CC_VESSEL
330
5C8
0
BLOCK_RECORD
5
5DD
100
AcDbSymbolTableRecord
100
AcDbBlockTableRecord
2
CC_MIXER
330
5C8
0
BLOCK_RECORD
5
5DE
100
AcDbSymbolTableRecord
100
AcDbBlockTableRecord
2
CC_PRESSURE_INDICATOR
330
5C8
0
BLOCK_RECORD
5
5DF
100
AcDbSymbolTableRecord
100
AcDbBlockTableRecord
2
CC_FLOW_TRANSMITTER
330
5C8
0
BLOCK_RECORD
5
5E0
100
AcDbSymbolTableRecord
100
AcDbBlockTableRecord
2
CC_TEMPERATURE
330
5C8
0
BLOCK_RECORD
5
5E1
100
AcDbSymbolTableRecord
100
AcDbBlockTableRecord
2
CC_LEVEL_TRANSMITTER
330
5C8
0
BLOCK_RECORD
5
5E2
100
AcDbSymbolTableRecord
100
AcDbBlockTableRecord
2
CC_REDUCER
330
5C8
0
BLOCK_RECORD
5
5E3
100
AcDbSymbolTableRecord
100
AcDbBlockTableRecord
2
CC_FLANGE
330
5C8
0
BLOCK_RECORD
5
5E4
100
AcDbSymbolTableRecord
100
AcDbBlockTableRecord
2
CC_OFFPAGE
330
5C8
0
BLOCK_RECORD
5
5E5
100
AcDbSymbolTableRecord
100
AcDbBlockTableRecord
2
CC_RESISTOR
330
5C8
0
BLOCK_RECORD
5
5E6
100
AcDbSymbolTableRecord
100
AcDbBlockTableRecord
2
CC_RESISTOR_IEC
330
5C8
0
BLOCK_RECORD
5
5E7
100
AcDbSymbolTableRecord
100
AcDbBlockTableRecord
2
CC_CAPACITOR
330
5C8
0
BLOCK_RECORD
5
5E8
100
AcDbSymbolTableRecord
100
AcDbBlockTableRecord
2
CC_INDUCTOR
330
5C8
0
BLOCK_RECORD
5
5E9
100
AcDbSymbolTableRecord
100
AcDbBlockTableRecord
2
CC_DIODE
330
5C8
0
BLOCK_RECORD
5
5EA
100
AcDbSymbolTableRecord
100
AcDbBlockTableRecord
2
CC_LED
330
5C8
0
BLOCK_RECORD
5
5EB
100
AcDbSymbolTableRecord
100
AcDbBlockTableRecord
2
CC_SWITCH
330
5C8
0
BLOCK_RECORD
5
5EC
100
AcDbSymbolTableRecord
100
AcDbBlockTableRecord
2
CC_SWITCH_NC
330
5C8
0
BLOCK_RECORD
5
5ED
100
AcDbSymbolTableRecord
100
AcDbBlockTableRecord
2
CC_FUSE
330
5C8
0
BLOCK_RECORD
5
5EE
100
AcDbSymbolTableRecord
100
AcDbBlockTableRecord
2
CC_RELAY
330
5C8
0
BLOCK_RECORD
5
5EF
100
AcDbSymbolTableRecord
100
AcDbBlockTableRecord
2
CC_MOTOR
330
5C8
0
BLOCK_RECORD
5
5F0
100
AcDbSymbolTableRecord
100
AcDbBlockTableRecord
2
CC_GENERATOR
330
5C8
0
BLOCK_RECORD
5
5F1
100
AcDbSymbolTableRecord
100
AcDbBlockTableRecord
2
CC_TRANSFORMER
330
5C8
0
BLOCK_RECORD
5
5F2
100
AcDbSymbolTableRecord
100
AcDbBlockTableRecord
2
CC_GROUND
330
5C8
0
BLOCK_RECORD
5
5F3
100
AcDbSymbolTableRecord
100
AcDbBlockTableRecord
2
CC_BATTERY
330
5C8
0
BLOCK_RECORD
5
5F4
100
AcDbSymbolTableRecord
100
AcDbBlockTableRecord
2
CC_TERMINAL
330
5C8
0
BLOCK_RECORD
5
5F5
100
AcDbSymbolTableRecord
100
AcDbBlockTableRecord
2
CC_OP_AMP
330
5C8
0
BLOCK_RECORD
5
5F6
100
AcDbSymbolTableRecord
100
AcDbBlockTableRecord
2
CC_LAMP
330
5C8
0
BLOCK_RECORD
5
5F7
100
AcDbSymbolTableRecord
100
AcDbBlockTableRecord
2
CC_PROCESS
330
5C8
0
BLOCK_RECORD
5
5F8
100
AcDbSymbolTableRecord
100
AcDbBlockTableRecord
2
CC_DECISION
330
5C8
0
BLOCK_RECORD
5
5F9
100
AcDbSymbolTableRecord
100
AcDbBlockTableRecord
2
CC_TERMINATOR
330
5C8
0
BLOCK_RECORD
5
5FA
100
AcDbSymbolTableRecord
100
AcDbBlockTableRecord
2
CC_DATA
330
5C8
0
BLOCK_RECORD
5
5FB
100
AcDbSymbolTableRecord
100
AcDbBlockTableRecord
2
CC_DOCUMENT
330
5C8
0
BLOCK_RECORD
5
5FC
100
AcDbSymbolTableRecord
100
AcDbBlockTableRecord
2
CC_DATABASE
330
5C8
0
BLOCK_RECORD
5
5FD
100
AcDbSymbolTableRecord
100
AcDbBlockTableRecord
2
CC_SUBPROCESS
330
5C8
0
BLOCK_RECORD
5
5FE
100
AcDbSymbolTableRecord
100
AcDbBlockTableRecord
2
CC_MANUAL
330
5C8
0
BLOCK_RECORD
5
5FF
100
AcDbSymbolTableRecord
100
AcDbBlockTableRecord
2
CC_PREPARATION
330
5C8
0
BLOCK_RECORD
5
600
100
AcDbSymbolTableRecord
100
AcDbBlockTableRecord
2
CC_DELAY
330
5C8
0
BLOCK_RECORD
5
601
100
AcDbSymbolTableRecord
100
AcDbBlockTableRecord
2
CC_JUNCTION
330
5C8
0
BLOCK_RECORD
5
602
100
AcDbSymbolTableRecord
100
AcDbBlockTableRecord
2
CC_NOTE
330
5C8
0
BLOCK_RECORD
5
603
100
AcDbSymbolTableRecord
100
AcDbBlockTableRecord
2
CC_PRESSURE_PANEL
330
5C8
0
BLOCK_RECORD
5
604
100
AcDbSymbolTableRecord
100
AcDbBlockTableRecord
2
CC_PRESSURE_REAR
330
5C8
0
BLOCK_RECORD
5
605
100
AcDbSymbolTableRecord
100
AcDbBlockTableRecord
2
CC_CAPACITOR_POLARIZED
330
5C8
0
BLOCK_RECORD
5
606
100
AcDbSymbolTableRecord
100
AcDbBlockTableRecord
2
CC_SIGNAL_GROUND
330
5C8
0
BLOCK_RECORD
5
607
100
AcDbSymbolTableRecord
100
AcDbBlockTableRecord
2
CC_CHASSIS
330
5C8
0
BLOCK_RECORD
5
608
100
AcDbSymbolTableRecord
100
AcDbBlockTableRecord
2
CC_CONTACT_NO
330
5C8
0
BLOCK_RECORD
5
609
100
AcDbSymbolTableRecord
100
AcDbBlockTableRecord
2
CC_CONTACT_NC
330
5C8
0
BLOCK_RECORD
5
60A
100
AcDbSymbolTableRecord
100
AcDbBlockTableRecord
2
CC_POTENTIOMETER
330
5C8
0
BLOCK_RECORD
5
60B
100
AcDbSymbolTableRecord
100
AcDbBlockTableRecord
2
CC_NEEDLE_VALVE
330
5C8
0
BLOCK_RECORD
5
60C
100
AcDbSymbolTableRecord
100
AcDbBlockTableRecord
2
CC_DIAPHRAGM_VALVE
330
5C8
0
BLOCK_RECORD
5
60D
100
AcDbSymbolTableRecord
100
AcDbBlockTableRecord
2
CC_PLUG_VALVE
330
5C8
0
BLOCK_RECORD
5
60E
100
AcDbSymbolTableRecord
100
AcDbBlockTableRecord
2
CC_KNIFE_GATE_VALVE
330
5C8
0
BLOCK_RECORD
5
60F
100
AcDbSymbolTableRecord
100
AcDbBlockTableRecord
2
CC_MOTOR_VALVE
330
5C8
0
BLOCK_RECORD
5
610
100
AcDbSymbolTableRecord
100
AcDbBlockTableRecord
2
CC_RUPTURE_DISC
330
5C8
0
BLOCK_RECORD
5
611
100
AcDbSymbolTableRecord
100
AcDbBlockTableRecord
2
CC_ORIFICE_PLATE
330
5C8
0
BLOCK_RECORD
5
612
100
AcDbSymbolTableRecord
100
AcDbBlockTableRecord
2
CC_SPECTACLE_BLIND
330
5C8
0
BLOCK_RECORD
5
613
100
AcDbSymbolTableRecord
100
AcDbBlockTableRecord
2
CC_EXPANSION_JOINT
330
5C8
0
BLOCK_RECORD
5
614
100
AcDbSymbolTableRecord
100
AcDbBlockTableRecord
2
CC_STATIC_MIXER
330
5C8
0
BLOCK_RECORD
5
615
100
AcDbSymbolTableRecord
100
AcDbBlockTableRecord
2
CC_PLATE_EXCHANGER
330
5C8
0
BLOCK_RECORD
5
616
100
AcDbSymbolTableRecord
100
AcDbBlockTableRecord
2
CC_COLUMN
330
5C8
0
BLOCK_RECORD
5
617
100
AcDbSymbolTableRecord
100
AcDbBlockTableRecord
2
CC_PACKED_COLUMN
330
5C8
0
BLOCK_RECORD
5
618
100
AcDbSymbolTableRecord
100
AcDbBlockTableRecord
2
CC_CYCLONE
330
5C8
0
BLOCK_RECORD
5
619
100
AcDbSymbolTableRecord
100
AcDbBlockTableRecord
2
CC_STEAM_TRAP
330
5C8
0
BLOCK_RECORD
5
61A
100
AcDbSymbolTableRecord
100
AcDbBlockTableRecord
2
CC_SIGHT_GLASS
330
5C8
0
BLOCK_RECORD
5
61B
100
AcDbSymbolTableRecord
100
AcDbBlockTableRecord
2
CC_SAMPLING_POINT
330
5C8
0
BLOCK_RECORD
5
61C
100
AcDbSymbolTableRecord
100
AcDbBlockTableRecord
2
CC_VARIABLE_RESISTOR
330
5C8
0
BLOCK_RECORD
5
61D
100
AcDbSymbolTableRecord
100
AcDbBlockTableRecord
2
CC_THERMISTOR
330
5C8
0
BLOCK_RECORD
5
61E
100
AcDbSymbolTableRecord
100
AcDbBlockTableRecord
2
CC_PHOTORESISTOR
330
5C8
0
BLOCK_RECORD
5
61F
100
AcDbSymbolTableRecord
100
AcDbBlockTableRecord
2
CC_ZENER_DIODE
330
5C8
0
BLOCK_RECORD
5
620
100
AcDbSymbolTableRecord
100
AcDbBlockTableRecord
2
CC_PHOTODIODE
330
5C8
0
BLOCK_RECORD
5
621
100
AcDbSymbolTableRecord
100
AcDbBlockTableRecord
2
CC_TRANSISTOR_NPN
330
5C8
0
BLOCK_RECORD
5
622
100
AcDbSymbolTableRecord
100
AcDbBlockTableRecord
2
CC_TRANSISTOR_PNP
330
5C8
0
BLOCK_RECORD
5
623
100
AcDbSymbolTableRecord
100
AcDbBlockTableRecord
2
CC_TRANSFORMER_WINDINGS
330
5C8
0
BLOCK_RECORD
5
624
100
AcDbSymbolTableRecord
100
AcDbBlockTableRecord
2
CC_CIRCUIT_BREAKER
330
5C8
0
BLOCK_RECORD
5
625
100
AcDbSymbolTableRecord
100
AcDbBlockTableRecord
2
CC_DISCONNECT
330
5C8
0
BLOCK_RECORD
5
626
100
AcDbSymbolTableRecord
100
AcDbBlockTableRecord
2
CC_VOLTMETER
330
5C8
0
BLOCK_RECORD
5
627
100
AcDbSymbolTableRecord
100
AcDbBlockTableRecord
2
CC_AMMETER
330
5C8
0
BLOCK_RECORD
5
628
100
AcDbSymbolTableRecord
100
AcDbBlockTableRecord
2
CC_AC_SOURCE
330
5C8
0
BLOCK_RECORD
5
629
100
AcDbSymbolTableRecord
100
AcDbBlockTableRecord
2
CC_DC_SOURCE
330
5C8
0
BLOCK_RECORD
5
62A
100
AcDbSymbolTableRecord
100
AcDbBlockTableRecord
2
CC_JUNCTION_DOT
330
5C8
0
BLOCK_RECORD
5
62B
100
AcDbSymbolTableRecord
100
AcDbBlockTableRecord
2
CC_WIRE_CROSSING
330
5C8
0
BLOCK_RECORD
5
62C
100
AcDbSymbolTableRecord
100
AcDbBlockTableRecord
2
CC_INVERTER
330
5C8
0
BLOCK_RECORD
5
62D
100
AcDbSymbolTableRecord
100
AcDbBlockTableRecord
2
CC_PV_MODULE
330
5C8
0
BLOCK_RECORD
5
62E
100
AcDbSymbolTableRecord
100
AcDbBlockTableRecord
2
CC_THREE_PHASE_MOTOR
330
5C8
0
BLOCK_RECORD
5
62F
100
AcDbSymbolTableRecord
100
AcDbBlockTableRecord
2
CC_CELL
330
5C8
0
BLOCK_RECORD
5
630
100
AcDbSymbolTableRecord
100
AcDbBlockTableRecord
2
CC_MANUAL_OPERATION
330
5C8
0
BLOCK_RECORD
5
631
100
AcDbSymbolTableRecord
100
AcDbBlockTableRecord
2
CC_OFFPAGE_FLOW
330
5C8
0
BLOCK_RECORD
5
632
100
AcDbSymbolTableRecord
100
AcDbBlockTableRecord
2
CC_INTERNAL_STORAGE
330
5C8
0
BLOCK_RECORD
5
633
100
AcDbSymbolTableRecord
100
AcDbBlockTableRecord
2
CC_DISPLAY
330
5C8
0
BLOCK_RECORD
5
634
100
AcDbSymbolTableRecord
100
AcDbBlockTableRecord
2
CC_STORED_DATA
330
5C8
0
BLOCK_RECORD
5
635
100
AcDbSymbolTableRecord
100
AcDbBlockTableRecord
2
CC_MERGE
330
5C8
0
BLOCK_RECORD
5
636
100
AcDbSymbolTableRecord
100
AcDbBlockTableRecord
2
CC_EXTRACT
330
5C8
0
BLOCK_RECORD
5
637
100
AcDbSymbolTableRecord
100
AcDbBlockTableRecord
2
CC_COLLATE
330
5C8
0
BLOCK_RECORD
5
638
100
AcDbSymbolTableRecord
100
AcDbBlockTableRecord
2
CC_SORT
330
5C8
0
BLOCK_RECORD
5
639
100
AcDbSymbolTableRecord
100
AcDbBlockTableRecord
2
CC_PARALLEL
330
5C8
0
BLOCK_RECORD
5
63A
100
AcDbSymbolTableRecord
100
AcDbBlockTableRecord
2
CC_PRESSURE_TRANSMITTER
330
5C8
0
BLOCK_RECORD
5
63B
100
AcDbSymbolTableRecord
100
AcDbBlockTableRecord
2
CC_DIFFERENTIAL_PRESSURE
330
5C8
0
BLOCK_RECORD
5
63C
100
AcDbSymbolTableRecord
100
AcDbBlockTableRecord
2
CC_TEMPERATURE_INDICATOR
330
5C8
0
BLOCK_RECORD
5
63D
100
AcDbSymbolTableRecord
100
AcDbBlockTableRecord
2
CC_FLOW_INDICATOR
330
5C8
0
BLOCK_RECORD
5
63E
100
AcDbSymbolTableRecord
100
AcDbBlockTableRecord
2
CC_LEVEL_INDICATOR
330
5C8
0
BLOCK_RECORD
5
63F
100
AcDbSymbolTableRecord
100
AcDbBlockTableRecord
2
CC_PRESSURE_SWITCH
330
5C8
0
BLOCK_RECORD
5
640
100
AcDbSymbolTableRecord
100
AcDbBlockTableRecord
2
CC_LEVEL_SWITCH
330
5C8
0
BLOCK_RECORD
5
641
100
AcDbSymbolTableRecord
100
AcDbBlockTableRecord
2
CC_TEMPERATURE_SWITCH
330
5C8
0
BLOCK_RECORD
5
642
100
AcDbSymbolTableRecord
100
AcDbBlockTableRecord
2
CC_ANALYSER
330
5C8
0
BLOCK_RECORD
5
643
100
AcDbSymbolTableRecord
100
AcDbBlockTableRecord
2
CC_FLOW_CONTROLLER
330
5C8
0
BLOCK_RECORD
5
644
100
AcDbSymbolTableRecord
100
AcDbBlockTableRecord
2
CC_PRESSURE_CONTROLLER
330
5C8
0
BLOCK_RECORD
5
645
100
AcDbSymbolTableRecord
100
AcDbBlockTableRecord
2
CC_TEMPERATURE_CONTROLLER
330
5C8
0
BLOCK_RECORD
5
646
100
AcDbSymbolTableRecord
100
AcDbBlockTableRecord
2
CC_LEVEL_CONTROLLER
330
5C8
0
BLOCK_RECORD
5
647
100
AcDbSymbolTableRecord
100
AcDbBlockTableRecord
2
CC_FLOW_CONTROLLER_PANEL
330
5C8
0
BLOCK_RECORD
5
648
100
AcDbSymbolTableRecord
100
AcDbBlockTableRecord
2
CC_FLOW_CONTROLLER_REAR
330
5C8
0
BLOCK_RECORD
5
649
100
AcDbSymbolTableRecord
100
AcDbBlockTableRecord
2
CC_IP_CONVERTER
330
5C8
0
BLOCK_RECORD
5
64A
100
AcDbSymbolTableRecord
100
AcDbBlockTableRecord
2
CC_THERMOWELL
330
5C8
0
BLOCK_RECORD
5
64B
100
AcDbSymbolTableRecord
100
AcDbBlockTableRecord
2
CC_HYD_PUMP
330
5C8
0
BLOCK_RECORD
5
64C
100
AcDbSymbolTableRecord
100
AcDbBlockTableRecord
2
CC_HYD_MOTOR
330
5C8
0
BLOCK_RECORD
5
64D
100
AcDbSymbolTableRecord
100
AcDbBlockTableRecord
2
CC_HYD_VARIABLE_PUMP
330
5C8
0
BLOCK_RECORD
5
64E
100
AcDbSymbolTableRecord
100
AcDbBlockTableRecord
2
CC_HYD_FILTER
330
5C8
0
BLOCK_RECORD
5
64F
100
AcDbSymbolTableRecord
100
AcDbBlockTableRecord
2
CC_HYD_THROTTLE
330
5C8
0
BLOCK_RECORD
5
650
100
AcDbSymbolTableRecord
100
AcDbBlockTableRecord
2
CC_HYD_FLOW_CONTROL
330
5C8
0
BLOCK_RECORD
5
651
100
AcDbSymbolTableRecord
100
AcDbBlockTableRecord
2
CC_HYD_CHECK
330
5C8
0
BLOCK_RECORD
5
652
100
AcDbSymbolTableRecord
100
AcDbBlockTableRecord
2
CC_HYD_GAUGE
330
5C8
0
BLOCK_RECORD
5
653
100
AcDbSymbolTableRecord
100
AcDbBlockTableRecord
2
CC_HYD_CYLINDER
330
5C8
0
BLOCK_RECORD
5
654
100
AcDbSymbolTableRecord
100
AcDbBlockTableRecord
2
CC_HYD_CYLINDER_SPRING
330
5C8
0
BLOCK_RECORD
5
655
100
AcDbSymbolTableRecord
100
AcDbBlockTableRecord
2
CC_HYD_CYLINDER_CUSHIONED
330
5C8
0
BLOCK_RECORD
5
656
100
AcDbSymbolTableRecord
100
AcDbBlockTableRecord
2
CC_HYD_VALVE_22_NC
330
5C8
0
BLOCK_RECORD
5
657
100
AcDbSymbolTableRecord
100
AcDbBlockTableRecord
2
CC_HYD_VALVE_32
330
5C8
0
BLOCK_RECORD
5
658
100
AcDbSymbolTableRecord
100
AcDbBlockTableRecord
2
CC_HYD_SHUTTLE
330
5C8
0
BLOCK_RECORD
5
659
100
AcDbSymbolTableRecord
100
AcDbBlockTableRecord
2
CC_HYD_PLUG
330
5C8
0
BLOCK_RECORD
5
65A
100
AcDbSymbolTableRecord
100
AcDbBlockTableRecord
2
CC_PNEU_COMPRESSOR
330
5C8
0
BLOCK_RECORD
5
65B
100
AcDbSymbolTableRecord
100
AcDbBlockTableRecord
2
CC_PNEU_MOTOR
330
5C8
0
BLOCK_RECORD
5
65C
100
AcDbSymbolTableRecord
100
AcDbBlockTableRecord
2
CC_PNEU_FILTER
330
5C8
0
BLOCK_RECORD
5
65D
100
AcDbSymbolTableRecord
100
AcDbBlockTableRecord
2
CC_PNEU_THROTTLE
330
5C8
0
BLOCK_RECORD
5
65E
100
AcDbSymbolTableRecord
100
AcDbBlockTableRecord
2
CC_PNEU_FLOW_CONTROL
330
5C8
0
BLOCK_RECORD
5
65F
100
AcDbSymbolTableRecord
100
AcDbBlockTableRecord
2
CC_PNEU_CHECK
330
5C8
0
BLOCK_RECORD
5
660
100
AcDbSymbolTableRecord
100
AcDbBlockTableRecord
2
CC_PNEU_GAUGE
330
5C8
0
BLOCK_RECORD
5
661
100
AcDbSymbolTableRecord
100
AcDbBlockTableRecord
2
CC_PNEU_CYLINDER
330
5C8
0
BLOCK_RECORD
5
662
100
AcDbSymbolTableRecord
100
AcDbBlockTableRecord
2
CC_PNEU_CYLINDER_SPRING
330
5C8
0
BLOCK_RECORD
5
663
100
AcDbSymbolTableRecord
100
AcDbBlockTableRecord
2
CC_PNEU_CYLINDER_CUSHIONED
330
5C8
0
BLOCK_RECORD
5
664
100
AcDbSymbolTableRecord
100
AcDbBlockTableRecord
2
CC_PNEU_VALVE_22_NC
330
5C8
0
BLOCK_RECORD
5
665
100
AcDbSymbolTableRecord
100
AcDbBlockTableRecord
2
CC_PNEU_VALVE_32
330
5C8
0
BLOCK_RECORD
5
666
100
AcDbSymbolTableRecord
100
AcDbBlockTableRecord
2
CC_PNEU_SHUTTLE
330
5C8
0
BLOCK_RECORD
5
667
100
AcDbSymbolTableRecord
100
AcDbBlockTableRecord
2
CC_PNEU_PLUG
330
5C8
0
BLOCK_RECORD
5
668
100
AcDbSymbolTableRecord
100
AcDbBlockTableRecord
2
CC_HYD_VALVE_43
330
5C8
0
BLOCK_RECORD
5
669
100
AcDbSymbolTableRecord
100
AcDbBlockTableRecord
2
CC_HYD_VALVE_43_TANDEM
330
5C8
0
BLOCK_RECORD
5
66A
100
AcDbSymbolTableRecord
100
AcDbBlockTableRecord
2
CC_HYD_RESERVOIR
330
5C8
0
BLOCK_RECORD
5
66B
100
AcDbSymbolTableRecord
100
AcDbBlockTableRecord
2
CC_HYD_ACCUMULATOR
330
5C8
0
BLOCK_RECORD
5
66C
100
AcDbSymbolTableRecord
100
AcDbBlockTableRecord
2
CC_HYD_RELIEF
330
5C8
0
BLOCK_RECORD
5
66D
100
AcDbSymbolTableRecord
100
AcDbBlockTableRecord
2
CC_PNEU_DRYER
330
5C8
0
BLOCK_RECORD
5
66E
100
AcDbSymbolTableRecord
100
AcDbBlockTableRecord
2
CC_PNEU_LUBRICATOR
330
5C8
0
BLOCK_RECORD
5
66F
100
AcDbSymbolTableRecord
100
AcDbBlockTableRecord
2
CC_PNEU_REGULATOR
330
5C8
0
BLOCK_RECORD
5
670
100
AcDbSymbolTableRecord
100
AcDbBlockTableRecord
2
CC_PNEU_EXHAUST
330
5C8
0
BLOCK_RECORD
5
671
100
AcDbSymbolTableRecord
100
AcDbBlockTableRecord
2
CC_PNEU_SILENCER
330
5C8
0
BLOCK_RECORD
5
672
100
AcDbSymbolTableRecord
100
AcDbBlockTableRecord
2
CC_HVAC_FAN
330
5C8
0
BLOCK_RECORD
5
673
100
AcDbSymbolTableRecord
100
AcDbBlockTableRecord
2
CC_HVAC_FILTER
330
5C8
0
BLOCK_RECORD
5
674
100
AcDbSymbolTableRecord
100
AcDbBlockTableRecord
2
CC_HVAC_DAMPER
330
5C8
0
BLOCK_RECORD
5
675
100
AcDbSymbolTableRecord
100
AcDbBlockTableRecord
2
CC_HVAC_MOTOR_DAMPER
330
5C8
0
BLOCK_RECORD
5
676
100
AcDbSymbolTableRecord
100
AcDbBlockTableRecord
2
CC_HVAC_FIRE_DAMPER
330
5C8
0
BLOCK_RECORD
5
677
100
AcDbSymbolTableRecord
100
AcDbBlockTableRecord
2
CC_HVAC_HEATING_COIL
330
5C8
0
BLOCK_RECORD
5
678
100
AcDbSymbolTableRecord
100
AcDbBlockTableRecord
2
CC_HVAC_COOLING_COIL
330
5C8
0
BLOCK_RECORD
5
679
100
AcDbSymbolTableRecord
100
AcDbBlockTableRecord
2
CC_HVAC_SILENCER
330
5C8
0
BLOCK_RECORD
5
67A
100
AcDbSymbolTableRecord
100
AcDbBlockTableRecord
2
CC_HVAC_DIFFUSER
330
5C8
0
BLOCK_RECORD
5
67B
100
AcDbSymbolTableRecord
100
AcDbBlockTableRecord
2
CC_HVAC_RETURN_GRILLE
330
5C8
0
BLOCK_RECORD
5
67C
100
AcDbSymbolTableRecord
100
AcDbBlockTableRecord
2
CC_HVAC_BOILER
330
5C8
0
BLOCK_RECORD
5
67D
100
AcDbSymbolTableRecord
100
AcDbBlockTableRecord
2
CC_HVAC_CHILLER
330
5C8
0
BLOCK_RECORD
5
67E
100
AcDbSymbolTableRecord
100
AcDbBlockTableRecord
2
CC_HVAC_RADIATOR
330
5C8
0
BLOCK_RECORD
5
67F
100
AcDbSymbolTableRecord
100
AcDbBlockTableRecord
2
CC_HVAC_EXPANSION_VESSEL
330
5C8
0
BLOCK_RECORD
5
680
100
AcDbSymbolTableRecord
100
AcDbBlockTableRecord
2
CC_WATER_METER
330
5C8
0
BLOCK_RECORD
5
681
100
AcDbSymbolTableRecord
100
AcDbBlockTableRecord
2
CC_WATER_BACKFLOW
330
5C8
0
BLOCK_RECORD
5
682
100
AcDbSymbolTableRecord
100
AcDbBlockTableRecord
2
CC_WATER_HEATER
330
5C8
0
BLOCK_RECORD
5
683
100
AcDbSymbolTableRecord
100
AcDbBlockTableRecord
2
CC_WATER_SOFTENER
330
5C8
0
BLOCK_RECORD
5
684
100
AcDbSymbolTableRecord
100
AcDbBlockTableRecord
2
CC_WATER_RO
330
5C8
0
BLOCK_RECORD
5
685
100
AcDbSymbolTableRecord
100
AcDbBlockTableRecord
2
CC_WATER_UV
330
5C8
0
BLOCK_RECORD
5
686
100
AcDbSymbolTableRecord
100
AcDbBlockTableRecord
2
CC_WATER_SCREEN
330
5C8
0
BLOCK_RECORD
5
687
100
AcDbSymbolTableRecord
100
AcDbBlockTableRecord
2
CC_WATER_DOSING
330
5C8
0
BLOCK_RECORD
5
688
100
AcDbSymbolTableRecord
100
AcDbBlockTableRecord
2
CC_WATER_DRAIN
330
5C8
0
BLOCK_RECORD
5
689
100
AcDbSymbolTableRecord
100
AcDbBlockTableRecord
2
CC_WATER_TAP
330
5C8
0
BLOCK_RECORD
5
68A
100
AcDbSymbolTableRecord
100
AcDbBlockTableRecord
2
CC_WATER_SUMP
330
5C8
0
BLOCK_RECORD
5
68B
100
AcDbSymbolTableRecord
100
AcDbBlockTableRecord
2
CC_WATER_AIR_RELEASE
330
5C8
0
BLOCK_RECORD
5
68C
100
AcDbSymbolTableRecord
100
AcDbBlockTableRecord
2
CC_AUTO_PLC
330
5C8
0
BLOCK_RECORD
5
68D
100
AcDbSymbolTableRecord
100
AcDbBlockTableRecord
2
CC_AUTO_DI
330
5C8
0
BLOCK_RECORD
5
68E
100
AcDbSymbolTableRecord
100
AcDbBlockTableRecord
2
CC_AUTO_DO
330
5C8
0
BLOCK_RECORD
5
68F
100
AcDbSymbolTableRecord
100
AcDbBlockTableRecord
2
CC_AUTO_AI
330
5C8
0
BLOCK_RECORD
5
690
100
AcDbSymbolTableRecord
100
AcDbBlockTableRecord
2
CC_AUTO_AO
330
5C8
0
BLOCK_RECORD
5
691
100
AcDbSymbolTableRecord
100
AcDbBlockTableRecord
2
CC_AUTO_VFD
330
5C8
0
BLOCK_RECORD
5
692
100
AcDbSymbolTableRecord
100
AcDbBlockTableRecord
2
CC_AUTO_SAFETY_RELAY
330
5C8
0
BLOCK_RECORD
5
693
100
AcDbSymbolTableRecord
100
AcDbBlockTableRecord
2
CC_AUTO_PID_BLOCK
330
5C8
0
BLOCK_RECORD
5
694
100
AcDbSymbolTableRecord
100
AcDbBlockTableRecord
2
CC_AUTO_GATEWAY
330
5C8
0
BLOCK_RECORD
5
695
100
AcDbSymbolTableRecord
100
AcDbBlockTableRecord
2
CC_AUTO_HMI
330
5C8
0
BLOCK_RECORD
5
696
100
AcDbSymbolTableRecord
100
AcDbBlockTableRecord
2
CC_AUTO_PROXIMITY
330
5C8
0
BLOCK_RECORD
5
697
100
AcDbSymbolTableRecord
100
AcDbBlockTableRecord
2
CC_AUTO_PHOTOEYE
330
5C8
0
BLOCK_RECORD
5
698
100
AcDbSymbolTableRecord
100
AcDbBlockTableRecord
2
CC_FIRE_PANEL
330
5C8
0
BLOCK_RECORD
5
699
100
AcDbSymbolTableRecord
100
AcDbBlockTableRecord
2
CC_FIRE_SMOKE
330
5C8
0
BLOCK_RECORD
5
69A
100
AcDbSymbolTableRecord
100
AcDbBlockTableRecord
2
CC_FIRE_HEAT
330
5C8
0
BLOCK_RECORD
5
69B
100
AcDbSymbolTableRecord
100
AcDbBlockTableRecord
2
CC_FIRE_CALL
330
5C8
0
BLOCK_RECORD
5
69C
100
AcDbSymbolTableRecord
100
AcDbBlockTableRecord
2
CC_FIRE_SOUNDER
330
5C8
0
BLOCK_RECORD
5
69D
100
AcDbSymbolTableRecord
100
AcDbBlockTableRecord
2
CC_FIRE_STROBE
330
5C8
0
BLOCK_RECORD
5
69E
100
AcDbSymbolTableRecord
100
AcDbBlockTableRecord
2
CC_FIRE_MONITOR
330
5C8
0
BLOCK_RECORD
5
69F
100
AcDbSymbolTableRecord
100
AcDbBlockTableRecord
2
CC_FIRE_INTERFACE
330
5C8
0
BLOCK_RECORD
5
6A0
100
AcDbSymbolTableRecord
100
AcDbBlockTableRecord
2
CC_NET_ROUTER
330
5C8
0
BLOCK_RECORD
5
6A1
100
AcDbSymbolTableRecord
100
AcDbBlockTableRecord
2
CC_NET_SWITCH
330
5C8
0
BLOCK_RECORD
5
6A2
100
AcDbSymbolTableRecord
100
AcDbBlockTableRecord
2
CC_NET_FIREWALL
330
5C8
0
BLOCK_RECORD
5
6A3
100
AcDbSymbolTableRecord
100
AcDbBlockTableRecord
2
CC_NET_SERVER
330
5C8
0
BLOCK_RECORD
5
6A4
100
AcDbSymbolTableRecord
100
AcDbBlockTableRecord
2
CC_NET_WORKSTATION
330
5C8
0
BLOCK_RECORD
5
6A5
100
AcDbSymbolTableRecord
100
AcDbBlockTableRecord
2
CC_NET_AP
330
5C8
0
BLOCK_RECORD
5
6A6
100
AcDbSymbolTableRecord
100
AcDbBlockTableRecord
2
CC_NET_PATCH
330
5C8
0
BLOCK_RECORD
5
6A7
100
AcDbSymbolTableRecord
100
AcDbBlockTableRecord
2
CC_NET_PHONE
330
5C8
0
BLOCK_RECORD
5
6A8
100
AcDbSymbolTableRecord
100
AcDbBlockTableRecord
2
CC_NET_CAMERA
330
5C8
0
BLOCK_RECORD
5
6A9
100
AcDbSymbolTableRecord
100
AcDbBlockTableRecord
2
CC_NET_CLOUD
330
5C8
0
ENDTAB
0
TABLE
2
VPORT
5
86C
330
0
100
AcDbSymbolTable
70
0
0
ENDTAB
0
TABLE
2
VIEW
5
86D
330
0
100
AcDbSymbolTable
70
0
0
ENDTAB
0
TABLE
2
UCS
5
86E
330
0
100
AcDbSymbolTable
70
0
0
ENDTAB
0
TABLE
2
DIMSTYLE
5
86F
330
0
100
AcDbSymbolTable
70
1
100
AcDbDimStyleTable
71
0
0
DIMSTYLE
105
870
330
86F
100
AcDbSymbolTableRecord
100
AcDbDimStyleTableRecord
2
STANDARD
70
0
340
5C5
0
ENDTAB
0
ENDSEC
0
SECTION
2
BLOCKS
0
BLOCK
5
6AA
330
5C9
100
AcDbEntity
8
0
100
AcDbBlockBegin
2
*Model_Space
70
1
10
0
20
0
30
0
3
*Model_Space
1

1001
CONDUITCAD
1000
{"ports":[]}
0
ENDBLK
5
6AB
330
5C9
100
AcDbEntity
8
0
100
AcDbBlockEnd
0
BLOCK
5
6AC
330
5CA
100
AcDbEntity
8
0
100
AcDbBlockBegin
2
*Paper_Space
70
1
10
0
20
0
30
0
3
*Paper_Space
1

1001
CONDUITCAD
1000
{"ports":[]}
0
ENDBLK
5
6AD
330
5CA
100
AcDbEntity
8
0
100
AcDbBlockEnd
0
BLOCK
5
6AE
330
5CB
100
AcDbEntity
8
0
100
AcDbBlockBegin
2
CC_GATE_VALVE
70
0
10
0
20
0
30
0
3
CC_GATE_VALVE
1

1001
CONDUITCAD
1000
{"ports":[{"name":"in","x":-45,"y":0,"dx":-1,"dy":0,"medium":"process","role":"connection"},{"name":"out","x":45,"y":0,"dx":1,"dy":0,"medium":"process","role":"connection"}],"symbol":{"name":"Gate val
1000
ve","category":"P&ID","labelOffset":48,"geometryRevision":3,"convention":"ISO-10628-2 family","conformity":"Original master; not standards-certified","standardRefs":["ISO-10628-2"],"normativeEntry":nu
1000
ll,"review":{"level":"geometry-and-convention","dimensionalConformance":"not-verified","note":"Two separate non-self-intersecting triangles with exact common apex."},"group":"Valves & actuators","alia
1000
ses":["gate valve"],"defaultLayer":"Equipment","extents":{"minX":-45,"minY":-18,"maxX":45,"maxY":18}}}
0
LINE
5
102
330
5CB
100
AcDbEntity
8
0
62
0
6
CONTINUOUS
100
AcDbLine
10
-45
20
0
30
0
11
-25
21
0
31
0
1001
CONDUITCAD
1000
{"id":"master-gate-valve-0"}
0
LINE
5
103
330
5CB
100
AcDbEntity
8
0
62
0
6
CONTINUOUS
100
AcDbLine
10
25
20
0
30
0
11
45
21
0
31
0
1001
CONDUITCAD
1000
{"id":"master-gate-valve-1"}
0
LWPOLYLINE
5
104
330
5CB
100
AcDbEntity
8
0
62
0
6
CONTINUOUS
100
AcDbPolyline
90
3
70
1
10
-25
20
-18
10
0
20
0
10
-25
20
18
1001
CONDUITCAD
1000
{"id":"master-gate-valve-2"}
0
LWPOLYLINE
5
105
330
5CB
100
AcDbEntity
8
0
62
0
6
CONTINUOUS
100
AcDbPolyline
90
3
70
1
10
25
20
-18
10
0
20
0
10
25
20
18
1001
CONDUITCAD
1000
{"id":"master-gate-valve-3"}
0
ENDBLK
5
6AF
330
5CB
100
AcDbEntity
8
0
100
AcDbBlockEnd
0
BLOCK
5
6B0
330
5CC
100
AcDbEntity
8
0
100
AcDbBlockBegin
2
CC_BALL_VALVE
70
0
10
0
20
0
30
0
3
CC_BALL_VALVE
1

1001
CONDUITCAD
1000
{"ports":[{"name":"in","x":-45,"y":0,"dx":-1,"dy":0,"medium":"process","role":"connection"},{"name":"out","x":45,"y":0,"dx":1,"dy":0,"medium":"process","role":"connection"}],"symbol":{"name":"Ball val
1000
ve","category":"P&ID","labelOffset":48,"geometryRevision":3,"convention":"ISO-10628-2 family","conformity":"Original master; not standards-certified","standardRefs":["ISO-10628-2"],"normativeEntry":nu
1000
ll,"review":{"level":"geometry-and-convention","dimensionalConformance":"not-verified","note":"Valve body plus ball element; distinguish from butterfly disc."},"group":"Valves & actuators","aliases":[
1000
"ball valve"],"defaultLayer":"Equipment","extents":{"minX":-45,"minY":-18,"maxX":45,"maxY":18}}}
0
LINE
5
106
330
5CC
100
AcDbEntity
8
0
62
0
6
CONTINUOUS
100
AcDbLine
10
-45
20
0
30
0
11
-25
21
0
31
0
1001
CONDUITCAD
1000
{"id":"master-ball-valve-0"}
0
LINE
5
107
330
5CC
100
AcDbEntity
8
0
62
0
6
CONTINUOUS
100
AcDbLine
10
25
20
0
30
0
11
45
21
0
31
0
1001
CONDUITCAD
1000
{"id":"master-ball-valve-1"}
0
LWPOLYLINE
5
108
330
5CC
100
AcDbEntity
8
0
62
0
6
CONTINUOUS
100
AcDbPolyline
90
3
70
1
10
-25
20
-18
10
0
20
0
10
-25
20
18
1001
CONDUITCAD
1000
{"id":"master-ball-valve-2"}
0
LWPOLYLINE
5
109
330
5CC
100
AcDbEntity
8
0
62
0
6
CONTINUOUS
100
AcDbPolyline
90
3
70
1
10
25
20
-18
10
0
20
0
10
25
20
18
1001
CONDUITCAD
1000
{"id":"master-ball-valve-3"}
0
CIRCLE
5
10A
330
5CC
100
AcDbEntity
8
0
62
0
6
CONTINUOUS
100
AcDbCircle
10
0
20
0
30
0
40
11
1001
CONDUITCAD
1000
{"id":"master-ball-valve-4"}
0
ENDBLK
5
6B1
330
5CC
100
AcDbEntity
8
0
100
AcDbBlockEnd
0
BLOCK
5
6B2
330
5CD
100
AcDbEntity
8
0
100
AcDbBlockBegin
2
CC_GLOBE_VALVE
70
0
10
0
20
0
30
0
3
CC_GLOBE_VALVE
1

1001
CONDUITCAD
1000
{"ports":[{"name":"in","x":-45,"y":0,"dx":-1,"dy":0,"medium":"process","role":"connection"},{"name":"out","x":45,"y":0,"dx":1,"dy":0,"medium":"process","role":"connection"}],"symbol":{"name":"Globe va
1000
lve","category":"P&ID","labelOffset":48,"geometryRevision":3,"convention":"ISO-10628-2 family","conformity":"Original master; not standards-certified","standardRefs":["ISO-10628-2"],"normativeEntry":n
1000
ull,"review":{"level":"geometry-and-convention","dimensionalConformance":"not-verified","note":"Filled globe element distinguishes it from the ball valve."},"group":"Valves & actuators","aliases":["gl
1000
obe valve"],"defaultLayer":"Equipment","extents":{"minX":-45,"minY":-18,"maxX":45,"maxY":18}}}
0
LINE
5
10B
330
5CD
100
AcDbEntity
8
0
62
0
6
CONTINUOUS
100
AcDbLine
10
-45
20
0
30
0
11
-25
21
0
31
0
1001
CONDUITCAD
1000
{"id":"master-globe-valve-0"}
0
LINE
5
10C
330
5CD
100
AcDbEntity
8
0
62
0
6
CONTINUOUS
100
AcDbLine
10
25
20
0
30
0
11
45
21
0
31
0
1001
CONDUITCAD
1000
{"id":"master-globe-valve-1"}
0
LWPOLYLINE
5
10D
330
5CD
100
AcDbEntity
8
0
62
0
6
CONTINUOUS
100
AcDbPolyline
90
3
70
1
10
-25
20
-18
10
0
20
0
10
-25
20
18
1001
CONDUITCAD
1000
{"id":"master-globe-valve-2"}
0
LWPOLYLINE
5
10E
330
5CD
100
AcDbEntity
8
0
62
0
6
CONTINUOUS
100
AcDbPolyline
90
3
70
1
10
25
20
-18
10
0
20
0
10
25
20
18
1001
CONDUITCAD
1000
{"id":"master-globe-valve-3"}
0
CIRCLE
5
10F
330
5CD
100
AcDbEntity
8
0
62
0
6
CONTINUOUS
100
AcDbCircle
10
0
20
0
30
0
40
7
1001
CONDUITCAD
1000
{"id":"master-globe-valve-4","fill":"BYBLOCK"}
0
ENDBLK
5
6B3
330
5CD
100
AcDbEntity
8
0
100
AcDbBlockEnd
0
BLOCK
5
6B4
330
5CE
100
AcDbEntity
8
0
100
AcDbBlockBegin
2
CC_BUTTERFLY_VALVE
70
0
10
0
20
0
30
0
3
CC_BUTTERFLY_VALVE
1

1001
CONDUITCAD
1000
{"ports":[{"name":"in","x":-45,"y":0,"dx":-1,"dy":0,"medium":"process","role":"connection"},{"name":"out","x":45,"y":0,"dx":1,"dy":0,"medium":"process","role":"connection"}],"symbol":{"name":"Butterfl
1000
y valve","category":"P&ID","labelOffset":48,"geometryRevision":3,"convention":"ISO-10628-2 family","conformity":"Original master; not standards-certified","standardRefs":["ISO-10628-2"],"normativeEntr
1000
y":null,"review":{"level":"geometry-and-convention","dimensionalConformance":"not-verified","note":"Disc ends meet the circular body; separate disc and pivot."},"group":"Valves & actuators","aliases":
1000
["butterfly valve"],"defaultLayer":"Equipment","extents":{"minX":-45,"minY":-22.970479664934214,"maxX":45,"maxY":22.970479664934214}}}
0
LINE
5
110
330
5CE
100
AcDbEntity
8
0
62
0
6
CONTINUOUS
100
AcDbLine
10
-45
20
0
30
0
11
-23
21
0
31
0
1001
CONDUITCAD
1000
{"id":"master-butterfly-valve-0"}
0
LINE
5
111
330
5CE
100
AcDbEntity
8
0
62
0
6
CONTINUOUS
100
AcDbLine
10
23
20
0
30
0
11
45
21
0
31
0
1001
CONDUITCAD
1000
{"id":"master-butterfly-valve-1"}
0
CIRCLE
5
112
330
5CE
100
AcDbEntity
8
0
62
0
6
CONTINUOUS
100
AcDbCircle
10
0
20
0
30
0
40
23
1001
CONDUITCAD
1000
{"id":"master-butterfly-valve-2"}
0
LINE
5
113
330
5CE
100
AcDbEntity
8
0
62
0
6
CONTINUOUS
100
AcDbLine
10
-16.263455967
20
-16.263455967
30
0
11
16.263455967
21
16.263455967
31
0
1001
CONDUITCAD
1000
{"id":"master-butterfly-valve-3"}
0
CIRCLE
5
114
330
5CE
100
AcDbEntity
8
0
62
0
6
CONTINUOUS
100
AcDbCircle
10
0
20
0
30
0
40
3
1001
CONDUITCAD
1000
{"id":"master-butterfly-valve-4"}
0
ENDBLK
5
6B5
330
5CE
100
AcDbEntity
8
0
100
AcDbBlockEnd
0
BLOCK
5
6B6
330
5CF
100
AcDbEntity
8
0
100
AcDbBlockBegin
2
CC_CHECK_VALVE
70
0
10
0
20
0
30
0
3
CC_CHECK_VALVE
1

1001
CONDUITCAD
1000
{"ports":[{"name":"in","x":-45,"y":0,"dx":-1,"dy":0,"medium":"process","role":"connection"},{"name":"out","x":45,"y":0,"dx":1,"dy":0,"medium":"process","role":"connection"},{"name":"top","x":0,"y":18,
1000
"dx":0,"dy":1,"medium":"signal","role":"legacy auxiliary takeoff"}],"symbol":{"name":"Check valve","category":"P&ID","labelOffset":48,"geometryRevision":3,"convention":"ISO-10628-2 family","conformity
1000
":"Original master; not standards-certified","standardRefs":["ISO-10628-2"],"normativeEntry":null,"review":{"level":"geometry-and-convention","dimensionalConformance":"not-verified","note":"Hinged fla
1000
p/seat, not an electrical diode. Legacy takeoff retained and identified."},"group":"Valves & actuators","aliases":["check valve"],"defaultLayer":"Equipment","extents":{"minX":-45,"minY":-20,"maxX":45,
1000
"maxY":22.99300630757162}}}
0
LINE
5
115
330
5CF
100
AcDbEntity
8
0
62
0
6
CONTINUOUS
100
AcDbLine
10
-45
20
0
30
0
11
-24
21
0
31
0
1001
CONDUITCAD
1000
{"id":"master-check-valve-0"}
0
LINE
5
116
330
5CF
100
AcDbEntity
8
0
62
0
6
CONTINUOUS
100
AcDbLine
10
24
20
0
30
0
11
45
21
0
31
0
1001
CONDUITCAD
1000
{"id":"master-check-valve-1"}
0
LINE
5
117
330
5CF
100
AcDbEntity
8
0
62
0
6
CONTINUOUS
100
AcDbLine
10
-24
20
-20
30
0
11
-24
21
20
31
0
1001
CONDUITCAD
1000
{"id":"master-check-valve-2"}
0
LINE
5
118
330
5CF
100
AcDbEntity
8
0
62
0
6
CONTINUOUS
100
AcDbLine
10
-24
20
20
30
0
11
24
21
-16
31
0
1001
CONDUITCAD
1000
{"id":"master-check-valve-3"}
0
CIRCLE
5
119
330
5CF
100
AcDbEntity
8
0
62
0
6
CONTINUOUS
100
AcDbCircle
10
-24
20
20
30
0
40
3
1001
CONDUITCAD
1000
{"id":"master-check-valve-4"}
0
LINE
5
11A
330
5CF
100
AcDbEntity
8
0
62
0
6
CONTINUOUS
100
AcDbLine
10
0
20
2
30
0
11
0
21
18
31
0
1001
CONDUITCAD
1000
{"id":"master-check-valve-5"}
0
ENDBLK
5
6B7
330
5CF
100
AcDbEntity
8
0
100
AcDbBlockEnd
0
BLOCK
5
6B8
330
5D0
100
AcDbEntity
8
0
100
AcDbBlockBegin
2
CC_CONTROL_VALVE
70
0
10
0
20
0
30
0
3
CC_CONTROL_VALVE
1

1001
CONDUITCAD
1000
{"ports":[{"name":"in","x":-45,"y":0,"dx":-1,"dy":0,"medium":"process","role":"connection"},{"name":"out","x":45,"y":0,"dx":1,"dy":0,"medium":"process","role":"connection"},{"name":"signal","x":0,"y":
1000
50,"dx":0,"dy":1,"medium":"signal","role":"connection"}],"symbol":{"name":"Control valve","category":"P&ID","labelOffset":48,"geometryRevision":3,"convention":"ISO-10628-2 family","conformity":"Origin
1000
al master; not standards-certified","standardRefs":["ISO-10628-2"],"normativeEntry":null,"review":{"level":"geometry-and-convention","dimensionalConformance":"not-verified","note":"Native elliptical d
1000
iaphragm cap and a connected signal terminal."},"group":"Valves & actuators","aliases":["control valve"],"defaultLayer":"Equipment","extents":{"minX":-45,"minY":-18,"maxX":45,"maxY":50}}}
0
LINE
5
11B
330
5D0
100
AcDbEntity
8
0
62
0
6
CONTINUOUS
100
AcDbLine
10
-45
20
0
30
0
11
-25
21
0
31
0
1001
CONDUITCAD
1000
{"id":"master-control-valve-0"}
0
LINE
5
11C
330
5D0
100
AcDbEntity
8
0
62
0
6
CONTINUOUS
100
AcDbLine
10
25
20
0
30
0
11
45
21
0
31
0
1001
CONDUITCAD
1000
{"id":"master-control-valve-1"}
0
LWPOLYLINE
5
11D
330
5D0
100
AcDbEntity
8
0
62
0
6
CONTINUOUS
100
AcDbPolyline
90
3
70
1
10
-25
20
-18
10
0
20
0
10
-25
20
18
1001
CONDUITCAD
1000
{"id":"master-control-valve-2"}
0
LWPOLYLINE
5
11E
330
5D0
100
AcDbEntity
8
0
62
0
6
CONTINUOUS
100
AcDbPolyline
90
3
70
1
10
25
20
-18
10
0
20
0
10
25
20
18
1001
CONDUITCAD
1000
{"id":"master-control-valve-3"}
0
LINE
5
11F
330
5D0
100
AcDbEntity
8
0
62
0
6
CONTINUOUS
100
AcDbLine
10
0
20
0
30
0
11
0
21
30
31
0
1001
CONDUITCAD
1000
{"id":"master-control-valve-4"}
0
LINE
5
120
330
5D0
100
AcDbEntity
8
0
62
0
6
CONTINUOUS
100
AcDbLine
10
-20
20
30
30
0
11
20
21
30
31
0
1001
CONDUITCAD
1000
{"id":"master-control-valve-5"}
0
ELLIPSE
5
121
330
5D0
100
AcDbEntity
8
0
62
0
6
CONTINUOUS
100
AcDbEllipse
10
0
20
30
30
0
11
20
21
0
31
0
40
0.7
41
0
42
3.141592653589793
1001
CONDUITCAD
1000
{"id":"master-control-valve-6"}
0
LINE
5
122
330
5D0
100
AcDbEntity
8
0
62
0
6
CONTINUOUS
100
AcDbLine
10
0
20
44
30
0
11
0
21
50
31
0
1001
CONDUITCAD
1000
{"id":"master-control-valve-7"}
0
ENDBLK
5
6B9
330
5D0
100
AcDbEntity
8
0
100
AcDbBlockEnd
0
BLOCK
5
6BA
330
5D1
100
AcDbEntity
8
0
100
AcDbBlockBegin
2
CC_SOLENOID_VALVE
70
0
10
0
20
0
30
0
3
CC_SOLENOID_VALVE
1

1001
CONDUITCAD
1000
{"ports":[{"name":"in","x":-45,"y":0,"dx":-1,"dy":0,"medium":"process","role":"connection"},{"name":"out","x":45,"y":0,"dx":1,"dy":0,"medium":"process","role":"connection"}],"symbol":{"name":"Solenoid
1000
 valve","category":"P&ID","labelOffset":48,"geometryRevision":3,"convention":"ISO-10628-2 family","conformity":"Original master; not standards-certified","standardRefs":["ISO-10628-2"],"normativeEntry
1000
":null,"review":{"level":"geometry-and-convention","dimensionalConformance":"not-verified","note":"Solenoid actuator square with diagonal, not an ambiguous text-only actuator."},"group":"Valves & actu
1000
ators","aliases":["solenoid valve"],"defaultLayer":"Equipment","extents":{"minX":-45,"minY":-18,"maxX":45,"maxY":54}}}
0
LINE
5
123
330
5D1
100
AcDbEntity
8
0
62
0
6
CONTINUOUS
100
AcDbLine
10
-45
20
0
30
0
11
-25
21
0
31
0
1001
CONDUITCAD
1000
{"id":"master-solenoid-valve-0"}
0
LINE
5
124
330
5D1
100
AcDbEntity
8
0
62
0
6
CONTINUOUS
100
AcDbLine
10
25
20
0
30
0
11
45
21
0
31
0
1001
CONDUITCAD
1000
{"id":"master-solenoid-valve-1"}
0
LWPOLYLINE
5
125
330
5D1
100
AcDbEntity
8
0
62
0
6
CONTINUOUS
100
AcDbPolyline
90
3
70
1
10
-25
20
-18
10
0
20
0
10
-25
20
18
1001
CONDUITCAD
1000
{"id":"master-solenoid-valve-2"}
0
LWPOLYLINE
5
126
330
5D1
100
AcDbEntity
8
0
62
0
6
CONTINUOUS
100
AcDbPolyline
90
3
70
1
10
25
20
-18
10
0
20
0
10
25
20
18
1001
CONDUITCAD
1000
{"id":"master-solenoid-valve-3"}
0
LINE
5
127
330
5D1
100
AcDbEntity
8
0
62
0
6
CONTINUOUS
100
AcDbLine
10
0
20
0
30
0
11
0
21
30
31
0
1001
CONDUITCAD
1000
{"id":"master-solenoid-valve-4"}
0
LWPOLYLINE
5
128
330
5D1
100
AcDbEntity
8
0
62
0
6
CONTINUOUS
100
AcDbPolyline
90
4
70
1
10
-12
20
30
10
12
20
30
10
12
20
54
10
-12
20
54
1001
CONDUITCAD
1000
{"id":"master-solenoid-valve-5"}
0
LINE
5
129
330
5D1
100
AcDbEntity
8
0
62
0
6
CONTINUOUS
100
AcDbLine
10
-12
20
30
30
0
11
12
21
54
31
0
1001
CONDUITCAD
1000
{"id":"master-solenoid-valve-6"}
0
ENDBLK
5
6BB
330
5D1
100
AcDbEntity
8
0
100
AcDbBlockEnd
0
BLOCK
5
6BC
330
5D2
100
AcDbEntity
8
0
100
AcDbBlockBegin
2
CC_RELIEF_VALVE
70
0
10
0
20
0
30
0
3
CC_RELIEF_VALVE
1

1001
CONDUITCAD
1000
{"ports":[{"name":"in","x":-45,"y":0,"dx":-1,"dy":0,"medium":"process","role":"connection"},{"name":"out","x":45,"y":0,"dx":1,"dy":0,"medium":"process","role":"connection"}],"symbol":{"name":"Relief v
1000
alve","category":"P&ID","labelOffset":48,"geometryRevision":3,"convention":"ISO-10628-2 family","conformity":"Original master; not standards-certified","standardRefs":["ISO-10628-2"],"normativeEntry":
1000
null,"review":{"level":"geometry-and-convention","dimensionalConformance":"not-verified","note":"Spring is attached to the valve stem and cap."},"group":"Valves & actuators","aliases":["relief valve"]
1000
,"defaultLayer":"Equipment","extents":{"minX":-45,"minY":-18,"maxX":45,"maxY":47}}}
0
LINE
5
12A
330
5D2
100
AcDbEntity
8
0
62
0
6
CONTINUOUS
100
AcDbLine
10
-45
20
0
30
0
11
-25
21
0
31
0
1001
CONDUITCAD
1000
{"id":"master-relief-valve-0"}
0
LINE
5
12B
330
5D2
100
AcDbEntity
8
0
62
0
6
CONTINUOUS
100
AcDbLine
10
25
20
0
30
0
11
45
21
0
31
0
1001
CONDUITCAD
1000
{"id":"master-relief-valve-1"}
0
LWPOLYLINE
5
12C
330
5D2
100
AcDbEntity
8
0
62
0
6
CONTINUOUS
100
AcDbPolyline
90
3
70
1
10
-25
20
-18
10
0
20
0
10
-25
20
18
1001
CONDUITCAD
1000
{"id":"master-relief-valve-2"}
0
LWPOLYLINE
5
12D
330
5D2
100
AcDbEntity
8
0
62
0
6
CONTINUOUS
100
AcDbPolyline
90
3
70
1
10
25
20
-18
10
0
20
0
10
25
20
18
1001
CONDUITCAD
1000
{"id":"master-relief-valve-3"}
0
LINE
5
12E
330
5D2
100
AcDbEntity
8
0
62
0
6
CONTINUOUS
100
AcDbLine
10
0
20
0
30
0
11
0
21
23
31
0
1001
CONDUITCAD
1000
{"id":"master-relief-valve-4"}
0
LWPOLYLINE
5
12F
330
5D2
100
AcDbEntity
8
0
62
0
6
CONTINUOUS
100
AcDbPolyline
90
10
70
0
10
0
20
23
10
0
20
25.4
10
6
20
28.04
10
-6
20
30.68
10
6
20
33.32
10
-6
20
35.96
10
6
20
38.6
10
-6
20
41.24
10
0
20
44.6
10
0
20
47
1001
CONDUITCAD
1000
{"id":"master-relief-valve-5"}
0
LINE
5
130
330
5D2
100
AcDbEntity
8
0
62
0
6
CONTINUOUS
100
AcDbLine
10
-14
20
47
30
0
11
14
21
47
31
0
1001
CONDUITCAD
1000
{"id":"master-relief-valve-6"}
0
ENDBLK
5
6BD
330
5D2
100
AcDbEntity
8
0
100
AcDbBlockEnd
0
BLOCK
5
6BE
330
5D3
100
AcDbEntity
8
0
100
AcDbBlockBegin
2
CC_THREE_WAY_VALVE
70
0
10
0
20
0
30
0
3
CC_THREE_WAY_VALVE
1

1001
CONDUITCAD
1000
{"ports":[{"name":"in","x":-45,"y":0,"dx":-1,"dy":0,"medium":"process","role":"connection"},{"name":"out","x":45,"y":0,"dx":1,"dy":0,"medium":"process","role":"connection"},{"name":"branch","x":0,"y":
1000
-45,"dx":0,"dy":-1,"medium":"process","role":"connection"}],"symbol":{"name":"Three-way valve","category":"P&ID","labelOffset":67,"geometryRevision":3,"convention":"ISO-10628-2 family","conformity":"O
1000
riginal master; not standards-certified","standardRefs":["ISO-10628-2"],"normativeEntry":null,"review":{"level":"geometry-and-convention","dimensionalConformance":"not-verified","note":"Reviewed: silh
1000
ouette, terminal positions, normal state and distinct function retained."},"group":"Valves & actuators","aliases":["three way valve"],"defaultLayer":"Equipment","extents":{"minX":-45,"minY":-45,"maxX"
1000
:45,"maxY":18}}}
0
LINE
5
131
330
5D3
100
AcDbEntity
8
0
62
0
6
CONTINUOUS
100
AcDbLine
10
-45
20
0
30
0
11
-25
21
0
31
0
1001
CONDUITCAD
1000
{"id":"master-three-way-valve-0"}
0
LINE
5
132
330
5D3
100
AcDbEntity
8
0
62
0
6
CONTINUOUS
100
AcDbLine
10
25
20
0
30
0
11
45
21
0
31
0
1001
CONDUITCAD
1000
{"id":"master-three-way-valve-1"}
0
LWPOLYLINE
5
133
330
5D3
100
AcDbEntity
8
0
62
0
6
CONTINUOUS
100
AcDbPolyline
90
3
70
1
10
-25
20
-18
10
0
20
0
10
-25
20
18
1001
CONDUITCAD
1000
{"id":"master-three-way-valve-2"}
0
LWPOLYLINE
5
134
330
5D3
100
AcDbEntity
8
0
62
0
6
CONTINUOUS
100
AcDbPolyline
90
3
70
1
10
25
20
-18
10
0
20
0
10
25
20
18
1001
CONDUITCAD
1000
{"id":"master-three-way-valve-3"}
0
LWPOLYLINE
5
135
330
5D3
100
AcDbEntity
8
0
62
0
6
CONTINUOUS
100
AcDbPolyline
90
3
70
1
10
-18
20
-25
10
18
20
-25
10
0
20
0
1001
CONDUITCAD
1000
{"id":"master-three-way-valve-4"}
0
LINE
5
136
330
5D3
100
AcDbEntity
8
0
62
0
6
CONTINUOUS
100
AcDbLine
10
0
20
-25
30
0
11
0
21
-45
31
0
1001
CONDUITCAD
1000
{"id":"master-three-way-valve-5"}
0
ENDBLK
5
6BF
330
5D3
100
AcDbEntity
8
0
100
AcDbBlockEnd
0
BLOCK
5
6C0
330
5D4
100
AcDbEntity
8
0
100
AcDbBlockBegin
2
CC_PUMP
70
0
10
0
20
0
30
0
3
CC_PUMP
1

1001
CONDUITCAD
1000
{"ports":[{"name":"in","x":-45,"y":0,"dx":-1,"dy":0,"medium":"process","role":"connection"},{"name":"out","x":45,"y":0,"dx":1,"dy":0,"medium":"process","role":"connection"},{"name":"top","x":0,"y":45,
1000
"dx":0,"dy":1,"medium":"process","role":"connection"},{"name":"bottom","x":0,"y":-45,"dx":0,"dy":-1,"medium":"process","role":"connection"}],"symbol":{"name":"Centrifugal pump","category":"P&ID","labe
1000
lOffset":67,"geometryRevision":3,"convention":"ISO-10628-2 family","conformity":"Original master; not standards-certified","standardRefs":["ISO-10628-2"],"normativeEntry":null,"review":{"level":"geome
1000
try-and-convention","dimensionalConformance":"not-verified","note":"Reviewed: silhouette, terminal positions, normal state and distinct function retained."},"group":"Equipment & instruments","aliases"
1000
:["pump"],"defaultLayer":"Equipment","extents":{"minX":-45,"minY":-45,"maxX":45,"maxY":45}}}
0
LINE
5
137
330
5D4
100
AcDbEntity
8
0
62
0
6
CONTINUOUS
100
AcDbLine
10
-45
20
0
30
0
11
-27
21
0
31
0
1001
CONDUITCAD
1000
{"id":"master-pump-0"}
0
LINE
5
138
330
5D4
100
AcDbEntity
8
0
62
0
6
CONTINUOUS
100
AcDbLine
10
27
20
0
30
0
11
45
21
0
31
0
1001
CONDUITCAD
1000
{"id":"master-pump-1"}
0
LINE
5
139
330
5D4
100
AcDbEntity
8
0
62
0
6
CONTINUOUS
100
AcDbLine
10
0
20
27
30
0
11
0
21
45
31
0
1001
CONDUITCAD
1000
{"id":"master-pump-2"}
0
LINE
5
13A
330
5D4
100
AcDbEntity
8
0
62
0
6
CONTINUOUS
100
AcDbLine
10
0
20
-27
30
0
11
0
21
-45
31
0
1001
CONDUITCAD
1000
{"id":"master-pump-3"}
0
CIRCLE
5
13B
330
5D4
100
AcDbEntity
8
0
62
0
6
CONTINUOUS
100
AcDbCircle
10
0
20
0
30
0
40
27
1001
CONDUITCAD
1000
{"id":"master-pump-4"}
0
LWPOLYLINE
5
13C
330
5D4
100
AcDbEntity
8
0
62
0
6
CONTINUOUS
100
AcDbPolyline
90
3
70
1
10
-15
20
-18
10
23
20
0
10
-15
20
18
1001
CONDUITCAD
1000
{"id":"master-pump-5"}
0
LINE
5
13D
330
5D4
100
AcDbEntity
8
0
62
0
6
CONTINUOUS
100
AcDbLine
10
-22
20
-31
30
0
11
22
21
-31
31
0
1001
CONDUITCAD
1000
{"id":"master-pump-6"}
0
ENDBLK
5
6C1
330
5D4
100
AcDbEntity
8
0
100
AcDbBlockEnd
0
BLOCK
5
6C2
330
5D5
100
AcDbEntity
8
0
100
AcDbBlockBegin
2
CC_GEAR_PUMP
70
0
10
0
20
0
30
0
3
CC_GEAR_PUMP
1

1001
CONDUITCAD
1000
{"ports":[{"name":"in","x":-45,"y":0,"dx":-1,"dy":0,"medium":"process","role":"connection"},{"name":"out","x":45,"y":0,"dx":1,"dy":0,"medium":"process","role":"connection"},{"name":"top","x":0,"y":45,
1000
"dx":0,"dy":1,"medium":"process","role":"connection"},{"name":"bottom","x":0,"y":-45,"dx":0,"dy":-1,"medium":"process","role":"connection"}],"symbol":{"name":"Gear pump","category":"P&ID","labelOffset
1000
":67,"geometryRevision":3,"convention":"ISO-10628-2 family","conformity":"Original master; not standards-certified","standardRefs":["ISO-10628-2"],"normativeEntry":null,"review":{"level":"geometry-and
1000
-convention","dimensionalConformance":"not-verified","note":"Reviewed: silhouette, terminal positions, normal state and distinct function retained."},"group":"Equipment & instruments","aliases":["gear
1000
 pump"],"defaultLayer":"Equipment","extents":{"minX":-45,"minY":-45,"maxX":45,"maxY":45}}}
0
LINE
5
13E
330
5D5
100
AcDbEntity
8
0
62
0
6
CONTINUOUS
100
AcDbLine
10
-45
20
0
30
0
11
-28
21
0
31
0
1001
CONDUITCAD
1000
{"id":"master-gear-pump-0"}
0
LINE
5
13F
330
5D5
100
AcDbEntity
8
0
62
0
6
CONTINUOUS
100
AcDbLine
10
28
20
0
30
0
11
45
21
0
31
0
1001
CONDUITCAD
1000
{"id":"master-gear-pump-1"}
0
LINE
5
140
330
5D5
100
AcDbEntity
8
0
62
0
6
CONTINUOUS
100
AcDbLine
10
0
20
28
30
0
11
0
21
45
31
0
1001
CONDUITCAD
1000
{"id":"master-gear-pump-2"}
0
LINE
5
141
330
5D5
100
AcDbEntity
8
0
62
0
6
CONTINUOUS
100
AcDbLine
10
0
20
-28
30
0
11
0
21
-45
31
0
1001
CONDUITCAD
1000
{"id":"master-gear-pump-3"}
0
CIRCLE
5
142
330
5D5
100
AcDbEntity
8
0
62
0
6
CONTINUOUS
100
AcDbCircle
10
0
20
0
30
0
40
28
1001
CONDUITCAD
1000
{"id":"master-gear-pump-4"}
0
CIRCLE
5
143
330
5D5
100
AcDbEntity
8
0
62
0
6
CONTINUOUS
100
AcDbCircle
10
-9
20
0
30
0
40
11
1001
CONDUITCAD
1000
{"id":"master-gear-pump-5"}
0
CIRCLE
5
144
330
5D5
100
AcDbEntity
8
0
62
0
6
CONTINUOUS
100
AcDbCircle
10
9
20
0
30
0
40
11
1001
CONDUITCAD
1000
{"id":"master-gear-pump-6"}
0
ENDBLK
5
6C3
330
5D5
100
AcDbEntity
8
0
100
AcDbBlockEnd
0
BLOCK
5
6C4
330
5D6
100
AcDbEntity
8
0
100
AcDbBlockBegin
2
CC_COMPRESSOR
70
0
10
0
20
0
30
0
3
CC_COMPRESSOR
1

1001
CONDUITCAD
1000
{"ports":[{"name":"in","x":-45,"y":0,"dx":-1,"dy":0,"medium":"process","role":"connection"},{"name":"out","x":45,"y":0,"dx":1,"dy":0,"medium":"process","role":"connection"},{"name":"top","x":0,"y":45,
1000
"dx":0,"dy":1,"medium":"process","role":"connection"},{"name":"bottom","x":0,"y":-45,"dx":0,"dy":-1,"medium":"process","role":"connection"}],"symbol":{"name":"Compressor","category":"P&ID","labelOffse
1000
t":67,"geometryRevision":3,"convention":"ISO-10628-2 family","conformity":"Original master; not standards-certified","standardRefs":["ISO-10628-2"],"normativeEntry":null,"review":{"level":"geometry-an
1000
d-convention","dimensionalConformance":"not-verified","note":"Reviewed: silhouette, terminal positions, normal state and distinct function retained."},"group":"Equipment & instruments","aliases":["com
1000
pressor"],"defaultLayer":"Equipment","extents":{"minX":-45,"minY":-45,"maxX":45,"maxY":45}}}
0
LINE
5
145
330
5D6
100
AcDbEntity
8
0
62
0
6
CONTINUOUS
100
AcDbLine
10
-45
20
0
30
0
11
-29
21
0
31
0
1001
CONDUITCAD
1000
{"id":"master-compressor-0"}
0
LINE
5
146
330
5D6
100
AcDbEntity
8
0
62
0
6
CONTINUOUS
100
AcDbLine
10
29
20
0
30
0
11
45
21
0
31
0
1001
CONDUITCAD
1000
{"id":"master-compressor-1"}
0
LINE
5
147
330
5D6
100
AcDbEntity
8
0
62
0
6
CONTINUOUS
100
AcDbLine
10
0
20
29
30
0
11
0
21
45
31
0
1001
CONDUITCAD
1000
{"id":"master-compressor-2"}
0
LINE
5
148
330
5D6
100
AcDbEntity
8
0
62
0
6
CONTINUOUS
100
AcDbLine
10
0
20
-29
30
0
11
0
21
-45
31
0
1001
CONDUITCAD
1000
{"id":"master-compressor-3"}
0
CIRCLE
5
149
330
5D6
100
AcDbEntity
8
0
62
0
6
CONTINUOUS
100
AcDbCircle
10
0
20
0
30
0
40
29
1001
CONDUITCAD
1000
{"id":"master-compressor-4"}
0
LWPOLYLINE
5
14A
330
5D6
100
AcDbEntity
8
0
62
0
6
CONTINUOUS
100
AcDbPolyline
90
4
70
1
10
-17
20
-20
10
18
20
-10
10
18
20
10
10
-17
20
20
1001
CONDUITCAD
1000
{"id":"master-compressor-5"}
0
ENDBLK
5
6C5
330
5D6
100
AcDbEntity
8
0
100
AcDbBlockEnd
0
BLOCK
5
6C6
330
5D7
100
AcDbEntity
8
0
100
AcDbBlockBegin
2
CC_FAN
70
0
10
0
20
0
30
0
3
CC_FAN
1

1001
CONDUITCAD
1000
{"ports":[{"name":"in","x":-45,"y":0,"dx":-1,"dy":0,"medium":"process","role":"connection"},{"name":"out","x":45,"y":0,"dx":1,"dy":0,"medium":"process","role":"connection"}],"symbol":{"name":"Fan / bl
1000
ower","category":"P&ID","labelOffset":51,"geometryRevision":3,"convention":"ISO-10628-2 family","conformity":"Original master; not standards-certified","standardRefs":["ISO-10628-2"],"normativeEntry":
1000
null,"review":{"level":"geometry-and-convention","dimensionalConformance":"not-verified","note":"Reviewed: silhouette, terminal positions, normal state and distinct function retained."},"group":"Equip
1000
ment & instruments","aliases":["fan"],"defaultLayer":"Equipment","extents":{"minX":-45,"minY":-28.970798929698127,"maxX":45,"maxY":28.970798929698127}}}
0
LINE
5
14B
330
5D7
100
AcDbEntity
8
0
62
0
6
CONTINUOUS
100
AcDbLine
10
-45
20
0
30
0
11
-29
21
0
31
0
1001
CONDUITCAD
1000
{"id":"master-fan-0"}
0
LINE
5
14C
330
5D7
100
AcDbEntity
8
0
62
0
6
CONTINUOUS
100
AcDbLine
10
29
20
0
30
0
11
45
21
0
31
0
1001
CONDUITCAD
1000
{"id":"master-fan-1"}
0
CIRCLE
5
14D
330
5D7
100
AcDbEntity
8
0
62
0
6
CONTINUOUS
100
AcDbCircle
10
0
20
0
30
0
40
29
1001
CONDUITCAD
1000
{"id":"master-fan-2"}
0
CIRCLE
5
14E
330
5D7
100
AcDbEntity
8
0
62
0
6
CONTINUOUS
100
AcDbCircle
10
0
20
0
30
0
40
6
1001
CONDUITCAD
1000
{"id":"master-fan-3"}
0
LWPOLYLINE
5
14F
330
5D7
100
AcDbEntity
8
0
62
0
6
CONTINUOUS
100
AcDbPolyline
90
4
70
0
10
0
20
6
10
-16
20
19
10
-25
20
5
10
0
20
0
1001
CONDUITCAD
1000
{"id":"master-fan-4"}
0
LWPOLYLINE
5
150
330
5D7
100
AcDbEntity
8
0
62
0
6
CONTINUOUS
100
AcDbPolyline
90
4
70
0
10
5
20
-3
10
23
20
9
10
18
20
-17
10
0
20
0
1001
CONDUITCAD
1000
{"id":"master-fan-5"}
0
LWPOLYLINE
5
151
330
5D7
100
AcDbEntity
8
0
62
0
6
CONTINUOUS
100
AcDbPolyline
90
4
70
0
10
-4
20
-4
10
-8
20
-24
10
12
20
-22
10
0
20
0
1001
CONDUITCAD
1000
{"id":"master-fan-6"}
0
ENDBLK
5
6C7
330
5D7
100
AcDbEntity
8
0
100
AcDbBlockEnd
0
BLOCK
5
6C8
330
5D8
100
AcDbEntity
8
0
100
AcDbBlockBegin
2
CC_STRAINER
70
0
10
0
20
0
30
0
3
CC_STRAINER
1

1001
CONDUITCAD
1000
{"ports":[{"name":"in","x":-45,"y":0,"dx":-1,"dy":0,"medium":"process","role":"connection"},{"name":"out","x":45,"y":0,"dx":1,"dy":0,"medium":"process","role":"connection"}],"symbol":{"name":"Y strain
1000
er","category":"P&ID","labelOffset":59,"geometryRevision":3,"convention":"ISO-10628-2 family","conformity":"Original master; not standards-certified","standardRefs":["ISO-10628-2"],"normativeEntry":nu
1000
ll,"review":{"level":"geometry-and-convention","dimensionalConformance":"not-verified","note":"Reviewed: silhouette, terminal positions, normal state and distinct function retained."},"group":"Equipme
1000
nt & instruments","aliases":["strainer"],"defaultLayer":"Equipment","extents":{"minX":-45,"minY":-37,"maxX":45,"maxY":15}}}
0
LINE
5
152
330
5D8
100
AcDbEntity
8
0
62
0
6
CONTINUOUS
100
AcDbLine
10
-45
20
0
30
0
11
-25
21
0
31
0
1001
CONDUITCAD
1000
{"id":"master-strainer-0"}
0
LINE
5
153
330
5D8
100
AcDbEntity
8
0
62
0
6
CONTINUOUS
100
AcDbLine
10
25
20
0
30
0
11
45
21
0
31
0
1001
CONDUITCAD
1000
{"id":"master-strainer-1"}
0
LWPOLYLINE
5
154
330
5D8
100
AcDbEntity
8
0
62
0
6
CONTINUOUS
100
AcDbPolyline
90
4
70
1
10
-22
20
-15
10
22
20
-15
10
22
20
15
10
-22
20
15
1001
CONDUITCAD
1000
{"id":"master-strainer-2"}
0
LINE
5
155
330
5D8
100
AcDbEntity
8
0
62
0
6
CONTINUOUS
100
AcDbLine
10
-17
20
-12
30
0
11
17
21
12
31
0
1001
CONDUITCAD
1000
{"id":"master-strainer-3"}
0
LWPOLYLINE
5
156
330
5D8
100
AcDbEntity
8
0
62
0
6
CONTINUOUS
100
AcDbPolyline
90
4
70
0
10
-8
20
-15
10
5
20
-37
10
18
20
-30
10
12
20
-15
1001
CONDUITCAD
1000
{"id":"master-strainer-4"}
0
ENDBLK
5
6C9
330
5D8
100
AcDbEntity
8
0
100
AcDbBlockEnd
0
BLOCK
5
6CA
330
5D9
100
AcDbEntity
8
0
100
AcDbBlockBegin
2
CC_FILTER
70
0
10
0
20
0
30
0
3
CC_FILTER
1

1001
CONDUITCAD
1000
{"ports":[{"name":"in","x":-45,"y":0,"dx":-1,"dy":0,"medium":"process","role":"connection"},{"name":"out","x":45,"y":0,"dx":1,"dy":0,"medium":"process","role":"connection"},{"name":"top","x":0,"y":45,
1000
"dx":0,"dy":1,"medium":"process","role":"connection"},{"name":"bottom","x":0,"y":-45,"dx":0,"dy":-1,"medium":"process","role":"connection"}],"symbol":{"name":"Inline filter","category":"P&ID","labelOf
1000
fset":67,"geometryRevision":3,"convention":"ISO-10628-2 family","conformity":"Original master; not standards-certified","standardRefs":["ISO-10628-2"],"normativeEntry":null,"review":{"level":"geometry
1000
-and-convention","dimensionalConformance":"not-verified","note":"Reviewed: silhouette, terminal positions, normal state and distinct function retained."},"group":"Equipment & instruments","aliases":["
1000
filter"],"defaultLayer":"Equipment","extents":{"minX":-45,"minY":-45,"maxX":45,"maxY":45}}}
0
LINE
5
157
330
5D9
100
AcDbEntity
8
0
62
0
6
CONTINUOUS
100
AcDbLine
10
-45
20
0
30
0
11
-25
21
0
31
0
1001
CONDUITCAD
1000
{"id":"master-filter-0"}
0
LINE
5
158
330
5D9
100
AcDbEntity
8
0
62
0
6
CONTINUOUS
100
AcDbLine
10
25
20
0
30
0
11
45
21
0
31
0
1001
CONDUITCAD
1000
{"id":"master-filter-1"}
0
LWPOLYLINE
5
159
330
5D9
100
AcDbEntity
8
0
62
0
6
CONTINUOUS
100
AcDbPolyline
90
4
70
1
10
-25
20
-28
10
25
20
-28
10
25
20
28
10
-25
20
28
1001
CONDUITCAD
1000
{"id":"master-filter-2"}
0
LINE
5
15A
330
5D9
100
AcDbEntity
8
0
62
0
6
CONTINUOUS
100
AcDbLine
10
-25
20
-28
30
0
11
25
21
28
31
0
1001
CONDUITCAD
1000
{"id":"master-filter-3"}
0
LINE
5
15B
330
5D9
100
AcDbEntity
8
0
62
0
6
CONTINUOUS
100
AcDbLine
10
-25
20
28
30
0
11
25
21
-28
31
0
1001
CONDUITCAD
1000
{"id":"master-filter-4"}
0
LINE
5
15C
330
5D9
100
AcDbEntity
8
0
62
0
6
CONTINUOUS
100
AcDbLine
10
0
20
28
30
0
11
0
21
45
31
0
1001
CONDUITCAD
1000
{"id":"master-filter-5"}
0
LINE
5
15D
330
5D9
100
AcDbEntity
8
0
62
0
6
CONTINUOUS
100
AcDbLine
10
0
20
-28
30
0
11
0
21
-45
31
0
1001
CONDUITCAD
1000
{"id":"master-filter-6"}
0
ENDBLK
5
6CB
330
5D9
100
AcDbEntity
8
0
100
AcDbBlockEnd
0
BLOCK
5
6CC
330
5DA
100
AcDbEntity
8
0
100
AcDbBlockBegin
2
CC_HEAT_EXCHANGER
70
0
10
0
20
0
30
0
3
CC_HEAT_EXCHANGER
1

1001
CONDUITCAD
1000
{"ports":[{"name":"in","x":-45,"y":0,"dx":-1,"dy":0,"medium":"process","role":"connection"},{"name":"out","x":45,"y":0,"dx":1,"dy":0,"medium":"process","role":"connection"},{"name":"top","x":0,"y":45,
1000
"dx":0,"dy":1,"medium":"process","role":"connection"},{"name":"bottom","x":0,"y":-45,"dx":0,"dy":-1,"medium":"process","role":"connection"}],"symbol":{"name":"Heat exchanger","category":"P&ID","labelO
1000
ffset":67,"geometryRevision":3,"convention":"ISO-10628-2 family","conformity":"Original master; not standards-certified","standardRefs":["ISO-10628-2"],"normativeEntry":null,"review":{"level":"geometr
1000
y-and-convention","dimensionalConformance":"not-verified","note":"Reviewed: silhouette, terminal positions, normal state and distinct function retained."},"group":"Equipment & instruments","aliases":[
1000
"heat exchanger"],"defaultLayer":"Equipment","extents":{"minX":-45,"minY":-45,"maxX":45,"maxY":45}}}
0
LINE
5
15E
330
5DA
100
AcDbEntity
8
0
62
0
6
CONTINUOUS
100
AcDbLine
10
-45
20
0
30
0
11
-33
21
0
31
0
1001
CONDUITCAD
1000
{"id":"master-heat-exchanger-0"}
0
LINE
5
15F
330
5DA
100
AcDbEntity
8
0
62
0
6
CONTINUOUS
100
AcDbLine
10
33
20
0
30
0
11
45
21
0
31
0
1001
CONDUITCAD
1000
{"id":"master-heat-exchanger-1"}
0
CIRCLE
5
160
330
5DA
100
AcDbEntity
8
0
62
0
6
CONTINUOUS
100
AcDbCircle
10
0
20
0
30
0
40
33
1001
CONDUITCAD
1000
{"id":"master-heat-exchanger-2"}
0
LWPOLYLINE
5
161
330
5DA
100
AcDbEntity
8
0
62
0
6
CONTINUOUS
100
AcDbPolyline
90
6
70
0
10
-32
20
0
10
-17
20
15
10
-5
20
-15
10
8
20
15
10
21
20
-15
10
33
20
0
1001
CONDUITCAD
1000
{"id":"master-heat-exchanger-3"}
0
LINE
5
162
330
5DA
100
AcDbEntity
8
0
62
0
6
CONTINUOUS
100
AcDbLine
10
0
20
33
30
0
11
0
21
45
31
0
1001
CONDUITCAD
1000
{"id":"master-heat-exchanger-4"}
0
LINE
5
163
330
5DA
100
AcDbEntity
8
0
62
0
6
CONTINUOUS
100
AcDbLine
10
0
20
-33
30
0
11
0
21
-45
31
0
1001
CONDUITCAD
1000
{"id":"master-heat-exchanger-5"}
0
ENDBLK
5
6CD
330
5DA
100
AcDbEntity
8
0
100
AcDbBlockEnd
0
BLOCK
5
6CE
330
5DB
100
AcDbEntity
8
0
100
AcDbBlockBegin
2
CC_TANK
70
0
10
0
20
0
30
0
3
CC_TANK
1

1001
CONDUITCAD
1000
{"ports":[{"name":"in","x":-45,"y":0,"dx":-1,"dy":0,"medium":"process","role":"connection"},{"name":"out","x":45,"y":0,"dx":1,"dy":0,"medium":"process","role":"connection"},{"name":"top","x":0,"y":75,
1000
"dx":0,"dy":1,"medium":"process","role":"connection"},{"name":"bottom","x":0,"y":-88,"dx":0,"dy":-1,"medium":"process","role":"connection"}],"symbol":{"name":"Storage tank","category":"P&ID","labelOff
1000
set":110,"geometryRevision":3,"convention":"ISO-10628-2 family","conformity":"Original master; not standards-certified","standardRefs":["ISO-10628-2"],"normativeEntry":null,"review":{"level":"geometry
1000
-and-convention","dimensionalConformance":"not-verified","note":"Flat-bottom storage tank is distinct from a domed pressure vessel."},"group":"Equipment & instruments","aliases":["tank"],"defaultLayer
1000
":"Equipment","extents":{"minX":-45,"minY":-88,"maxX":45,"maxY":75}}}
0
LINE
5
164
330
5DB
100
AcDbEntity
8
0
62
0
6
CONTINUOUS
100
AcDbLine
10
-35
20
-45
30
0
11
-35
21
35
31
0
1001
CONDUITCAD
1000
{"id":"master-tank-0"}
0
LINE
5
165
330
5DB
100
AcDbEntity
8
0
62
0
6
CONTINUOUS
100
AcDbLine
10
35
20
-45
30
0
11
35
21
35
31
0
1001
CONDUITCAD
1000
{"id":"master-tank-1"}
0
LINE
5
166
330
5DB
100
AcDbEntity
8
0
62
0
6
CONTINUOUS
100
AcDbLine
10
-35
20
-45
30
0
11
35
21
-45
31
0
1001
CONDUITCAD
1000
{"id":"master-tank-2"}
0
ELLIPSE
5
167
330
5DB
100
AcDbEntity
8
0
62
0
6
CONTINUOUS
100
AcDbEllipse
10
0
20
35
30
0
11
35
21
0
31
0
40
0.2857142857142857
41
0
42
6.283185307179586
1001
CONDUITCAD
1000
{"id":"master-tank-3"}
0
LINE
5
168
330
5DB
100
AcDbEntity
8
0
62
0
6
CONTINUOUS
100
AcDbLine
10
-45
20
0
30
0
11
-35
21
0
31
0
1001
CONDUITCAD
1000
{"id":"master-tank-4"}
0
LINE
5
169
330
5DB
100
AcDbEntity
8
0
62
0
6
CONTINUOUS
100
AcDbLine
10
35
20
0
30
0
11
45
21
0
31
0
1001
CONDUITCAD
1000
{"id":"master-tank-5"}
0
LINE
5
16A
330
5DB
100
AcDbEntity
8
0
62
0
6
CONTINUOUS
100
AcDbLine
10
0
20
45
30
0
11
0
21
75
31
0
1001
CONDUITCAD
1000
{"id":"master-tank-6"}
0
LINE
5
16B
330
5DB
100
AcDbEntity
8
0
62
0
6
CONTINUOUS
100
AcDbLine
10
0
20
-45
30
0
11
0
21
-88
31
0
1001
CONDUITCAD
1000
{"id":"master-tank-7"}
0
ENDBLK
5
6CF
330
5DB
100
AcDbEntity
8
0
100
AcDbBlockEnd
0
BLOCK
5
6D0
330
5DC
100
AcDbEntity
8
0
100
AcDbBlockBegin
2
CC_VESSEL
70
0
10
0
20
0
30
0
3
CC_VESSEL
1

1001
CONDUITCAD
1000
{"ports":[{"name":"in","x":-45,"y":0,"dx":-1,"dy":0,"medium":"process","role":"connection"},{"name":"out","x":45,"y":0,"dx":1,"dy":0,"medium":"process","role":"connection"},{"name":"top","x":0,"y":65,
1000
"dx":0,"dy":1,"medium":"process","role":"connection"},{"name":"bottom","x":0,"y":-50,"dx":0,"dy":-1,"medium":"process","role":"connection"}],"symbol":{"name":"Pressure vessel","category":"P&ID","label
1000
Offset":87,"geometryRevision":3,"convention":"ISO-10628-2 family","conformity":"Original master; not standards-certified","standardRefs":["ISO-10628-2"],"normativeEntry":null,"review":{"level":"geomet
1000
ry-and-convention","dimensionalConformance":"not-verified","note":"Native domed-end vessel rather than a plain rectangular box."},"group":"Equipment & instruments","aliases":["vessel"],"defaultLayer":
1000
"Equipment","extents":{"minX":-45,"minY":-65,"maxX":45,"maxY":65}}}
0
LINE
5
16C
330
5DC
100
AcDbEntity
8
0
62
0
6
CONTINUOUS
100
AcDbLine
10
-27
20
-23
30
0
11
-27
21
23
31
0
1001
CONDUITCAD
1000
{"id":"master-vessel-0"}
0
ARC
5
16D
330
5DC
100
AcDbEntity
8
0
62
0
6
CONTINUOUS
100
AcDbCircle
10
0
20
23
30
0
40
27
100
AcDbArc
50
0
51
180
1001
CONDUITCAD
1000
{"id":"master-vessel-1"}
0
LINE
5
16E
330
5DC
100
AcDbEntity
8
0
62
0
6
CONTINUOUS
100
AcDbLine
10
27
20
23
30
0
11
27
21
-23
31
0
1001
CONDUITCAD
1000
{"id":"master-vessel-2"}
0
ARC
5
16F
330
5DC
100
AcDbEntity
8
0
62
0
6
CONTINUOUS
100
AcDbCircle
10
0
20
-23
30
0
40
27
100
AcDbArc
50
180
51
360
1001
CONDUITCAD
1000
{"id":"master-vessel-3"}
0
LINE
5
170
330
5DC
100
AcDbEntity
8
0
62
0
6
CONTINUOUS
100
AcDbLine
10
-45
20
0
30
0
11
-27
21
0
31
0
1001
CONDUITCAD
1000
{"id":"master-vessel-4"}
0
LINE
5
171
330
5DC
100
AcDbEntity
8
0
62
0
6
CONTINUOUS
100
AcDbLine
10
27
20
0
30
0
11
45
21
0
31
0
1001
CONDUITCAD
1000
{"id":"master-vessel-5"}
0
LINE
5
172
330
5DC
100
AcDbEntity
8
0
62
0
6
CONTINUOUS
100
AcDbLine
10
0
20
50
30
0
11
0
21
65
31
0
1001
CONDUITCAD
1000
{"id":"master-vessel-6"}
0
LINE
5
173
330
5DC
100
AcDbEntity
8
0
62
0
6
CONTINUOUS
100
AcDbLine
10
-15
20
-45.45
30
0
11
-15
21
-65
31
0
1001
CONDUITCAD
1000
{"id":"master-vessel-7"}
0
LINE
5
174
330
5DC
100
AcDbEntity
8
0
62
0
6
CONTINUOUS
100
AcDbLine
10
15
20
-45.45
30
0
11
15
21
-65
31
0
1001
CONDUITCAD
1000
{"id":"master-vessel-8"}
0
ENDBLK
5
6D1
330
5DC
100
AcDbEntity
8
0
100
AcDbBlockEnd
0
BLOCK
5
6D2
330
5DD
100
AcDbEntity
8
0
100
AcDbBlockBegin
2
CC_MIXER
70
0
10
0
20
0
30
0
3
CC_MIXER
1

1001
CONDUITCAD
1000
{"ports":[{"name":"in","x":-45,"y":0,"dx":-1,"dy":0,"medium":"process","role":"connection"},{"name":"out","x":45,"y":0,"dx":1,"dy":0,"medium":"process","role":"connection"},{"name":"top","x":0,"y":83,
1000
"dx":0,"dy":1,"medium":"mechanical","role":"connection"},{"name":"bottom","x":0,"y":-55,"dx":0,"dy":-1,"medium":"process","role":"connection"}],"symbol":{"name":"Agitated vessel","category":"P&ID","la
1000
belOffset":77,"geometryRevision":3,"convention":"ISO-10628-2 family","conformity":"Original master; not standards-certified","standardRefs":["ISO-10628-2"],"normativeEntry":null,"review":{"level":"geo
1000
metry-and-convention","dimensionalConformance":"not-verified","note":"Domed process vessel and impeller; motor port moved to its actual exposed terminal."},"group":"Equipment & instruments","aliases":
1000
["mixer"],"defaultLayer":"Equipment","extents":{"minX":-45,"minY":-54.97116691854981,"maxX":45,"maxY":83}}}
0
LINE
5
175
330
5DD
100
AcDbEntity
8
0
62
0
6
CONTINUOUS
100
AcDbLine
10
-32
20
-23
30
0
11
-32
21
23
31
0
1001
CONDUITCAD
1000
{"id":"master-mixer-0"}
0
ARC
5
176
330
5DD
100
AcDbEntity
8
0
62
0
6
CONTINUOUS
100
AcDbCircle
10
0
20
23
30
0
40
32
100
AcDbArc
50
0
51
180
1001
CONDUITCAD
1000
{"id":"master-mixer-1"}
0
LINE
5
177
330
5DD
100
AcDbEntity
8
0
62
0
6
CONTINUOUS
100
AcDbLine
10
32
20
23
30
0
11
32
21
-23
31
0
1001
CONDUITCAD
1000
{"id":"master-mixer-2"}
0
ARC
5
178
330
5DD
100
AcDbEntity
8
0
62
0
6
CONTINUOUS
100
AcDbCircle
10
0
20
-23
30
0
40
32
100
AcDbArc
50
180
51
360
1001
CONDUITCAD
1000
{"id":"master-mixer-3"}
0
LINE
5
179
330
5DD
100
AcDbEntity
8
0
62
0
6
CONTINUOUS
100
AcDbLine
10
-45
20
0
30
0
11
-32
21
0
31
0
1001
CONDUITCAD
1000
{"id":"master-mixer-4"}
0
LINE
5
17A
330
5DD
100
AcDbEntity
8
0
62
0
6
CONTINUOUS
100
AcDbLine
10
32
20
0
30
0
11
45
21
0
31
0
1001
CONDUITCAD
1000
{"id":"master-mixer-5"}
0
LINE
5
17B
330
5DD
100
AcDbEntity
8
0
62
0
6
CONTINUOUS
100
AcDbLine
10
0
20
55
30
0
11
0
21
65
31
0
1001
CONDUITCAD
1000
{"id":"master-mixer-6"}
0
LWPOLYLINE
5
17C
330
5DD
100
AcDbEntity
8
0
62
0
6
CONTINUOUS
100
AcDbPolyline
90
4
70
1
10
-12
20
65
10
12
20
65
10
12
20
83
10
-12
20
83
1001
CONDUITCAD
1000
{"id":"master-mixer-7"}
0
LINE
5
17D
330
5DD
100
AcDbEntity
8
0
62
0
6
CONTINUOUS
100
AcDbLine
10
0
20
65
30
0
11
0
21
-25
31
0
1001
CONDUITCAD
1000
{"id":"master-mixer-8"}
0
LINE
5
17E
330
5DD
100
AcDbEntity
8
0
62
0
6
CONTINUOUS
100
AcDbLine
10
-24
20
-15
30
0
11
24
21
-25
31
0
1001
CONDUITCAD
1000
{"id":"master-mixer-9"}
0
ENDBLK
5
6D3
330
5DD
100
AcDbEntity
8
0
100
AcDbBlockEnd
0
BLOCK
5
6D4
330
5DE
100
AcDbEntity
8
0
100
AcDbBlockBegin
2
CC_PRESSURE_INDICATOR
70
0
10
0
20
0
30
0
3
CC_PRESSURE_INDICATOR
1

1001
CONDUITCAD
1000
{"ports":[{"name":"sense","x":0,"y":-45,"dx":0,"dy":-1,"medium":"signal","role":"connection"}],"symbol":{"name":"Pressure indicator","category":"P&ID","labelOffset":67,"geometryRevision":3,"convention
1000
":"ISA-5.1 family","conformity":"Original master; not standards-certified","standardRefs":["ISA-5.1"],"group":"Field & panel instruments","normativeEntry":null,"review":{"level":"geometry-and-conventi
1000
on","dimensionalConformance":"not-verified","note":"Reviewed: silhouette, terminal positions, normal state and distinct function retained."},"aliases":["pressure indicator"],"defaultLayer":"Equipment"
1000
,"extents":{"minX":-26,"minY":-45,"maxX":26,"maxY":25.970550818758205}}}
0
CIRCLE
5
17F
330
5DE
100
AcDbEntity
8
0
62
0
6
CONTINUOUS
100
AcDbCircle
10
0
20
0
30
0
40
26
1001
CONDUITCAD
1000
{"id":"master-pressure-indicator-0"}
0
TEXT
5
180
330
5DE
100
AcDbEntity
8
0
62
0
6
CONTINUOUS
100
AcDbText
10
0
20
-5
30
0
40
15
1
PI
50
0
41
1
7
STANDARD
72
1
11
0
21
-5
31
0
100
AcDbText
73
0
1001
CONDUITCAD
1000
{"id":"master-pressure-indicator-1"}
0
LINE
5
181
330
5DE
100
AcDbEntity
8
0
62
0
6
CONTINUOUS
100
AcDbLine
10
0
20
-26
30
0
11
0
21
-45
31
0
1001
CONDUITCAD
1000
{"id":"master-pressure-indicator-2"}
0
ENDBLK
5
6D5
330
5DE
100
AcDbEntity
8
0
100
AcDbBlockEnd
0
BLOCK
5
6D6
330
5DF
100
AcDbEntity
8
0
100
AcDbBlockBegin
2
CC_FLOW_TRANSMITTER
70
0
10
0
20
0
30
0
3
CC_FLOW_TRANSMITTER
1

1001
CONDUITCAD
1000
{"ports":[{"name":"sense","x":0,"y":-45,"dx":0,"dy":-1,"medium":"signal","role":"connection"}],"symbol":{"name":"Flow transmitter","category":"P&ID","labelOffset":67,"geometryRevision":3,"convention":
1000
"ISA-5.1 family","conformity":"Original master; not standards-certified","standardRefs":["ISA-5.1"],"group":"Field & panel instruments","normativeEntry":null,"review":{"level":"geometry-and-convention
1000
","dimensionalConformance":"not-verified","note":"Reviewed: silhouette, terminal positions, normal state and distinct function retained."},"aliases":["flow transmitter"],"defaultLayer":"Equipment","ex
1000
tents":{"minX":-26,"minY":-45,"maxX":26,"maxY":25.970550818758205}}}
0
CIRCLE
5
182
330
5DF
100
AcDbEntity
8
0
62
0
6
CONTINUOUS
100
AcDbCircle
10
0
20
0
30
0
40
26
1001
CONDUITCAD
1000
{"id":"master-flow-transmitter-0"}
0
TEXT
5
183
330
5DF
100
AcDbEntity
8
0
62
0
6
CONTINUOUS
100
AcDbText
10
0
20
-5
30
0
40
15
1
FT
50
0
41
1
7
STANDARD
72
1
11
0
21
-5
31
0
100
AcDbText
73
0
1001
CONDUITCAD
1000
{"id":"master-flow-transmitter-1"}
0
LINE
5
184
330
5DF
100
AcDbEntity
8
0
62
0
6
CONTINUOUS
100
AcDbLine
10
0
20
-26
30
0
11
0
21
-45
31
0
1001
CONDUITCAD
1000
{"id":"master-flow-transmitter-2"}
0
ENDBLK
5
6D7
330
5DF
100
AcDbEntity
8
0
100
AcDbBlockEnd
0
BLOCK
5
6D8
330
5E0
100
AcDbEntity
8
0
100
AcDbBlockBegin
2
CC_TEMPERATURE
70
0
10
0
20
0
30
0
3
CC_TEMPERATURE
1

1001
CONDUITCAD
1000
{"ports":[{"name":"sense","x":0,"y":-45,"dx":0,"dy":-1,"medium":"signal","role":"connection"}],"symbol":{"name":"Temperature sensor","category":"P&ID","labelOffset":67,"geometryRevision":3,"convention
1000
":"ISA-5.1 family","conformity":"Original master; not standards-certified","standardRefs":["ISA-5.1"],"group":"Field & panel instruments","normativeEntry":null,"review":{"level":"geometry-and-conventi
1000
on","dimensionalConformance":"not-verified","note":"Reviewed: silhouette, terminal positions, normal state and distinct function retained."},"aliases":["temperature"],"defaultLayer":"Equipment","exten
1000
ts":{"minX":-26,"minY":-45,"maxX":26,"maxY":25.970550818758205}}}
0
CIRCLE
5
185
330
5E0
100
AcDbEntity
8
0
62
0
6
CONTINUOUS
100
AcDbCircle
10
0
20
0
30
0
40
26
1001
CONDUITCAD
1000
{"id":"master-temperature-0"}
0
TEXT
5
186
330
5E0
100
AcDbEntity
8
0
62
0
6
CONTINUOUS
100
AcDbText
10
0
20
-5
30
0
40
15
1
TT
50
0
41
1
7
STANDARD
72
1
11
0
21
-5
31
0
100
AcDbText
73
0
1001
CONDUITCAD
1000
{"id":"master-temperature-1"}
0
LINE
5
187
330
5E0
100
AcDbEntity
8
0
62
0
6
CONTINUOUS
100
AcDbLine
10
0
20
-26
30
0
11
0
21
-45
31
0
1001
CONDUITCAD
1000
{"id":"master-temperature-2"}
0
ENDBLK
5
6D9
330
5E0
100
AcDbEntity
8
0
100
AcDbBlockEnd
0
BLOCK
5
6DA
330
5E1
100
AcDbEntity
8
0
100
AcDbBlockBegin
2
CC_LEVEL_TRANSMITTER
70
0
10
0
20
0
30
0
3
CC_LEVEL_TRANSMITTER
1

1001
CONDUITCAD
1000
{"ports":[{"name":"sense","x":-45,"y":0,"dx":-1,"dy":0,"medium":"signal","role":"connection"}],"symbol":{"name":"Level transmitter","category":"P&ID","labelOffset":48,"geometryRevision":3,"convention"
1000
:"ISA-5.1 family","conformity":"Original master; not standards-certified","standardRefs":["ISA-5.1"],"group":"Field & panel instruments","normativeEntry":null,"review":{"level":"geometry-and-conventio
1000
n","dimensionalConformance":"not-verified","note":"Reviewed: silhouette, terminal positions, normal state and distinct function retained."},"aliases":["level transmitter"],"defaultLayer":"Equipment","
1000
extents":{"minX":-45,"minY":-25.970550818758205,"maxX":26,"maxY":25.970550818758205}}}
0
CIRCLE
5
188
330
5E1
100
AcDbEntity
8
0
62
0
6
CONTINUOUS
100
AcDbCircle
10
0
20
0
30
0
40
26
1001
CONDUITCAD
1000
{"id":"master-level-transmitter-0"}
0
TEXT
5
189
330
5E1
100
AcDbEntity
8
0
62
0
6
CONTINUOUS
100
AcDbText
10
0
20
-5
30
0
40
15
1
LT
50
0
41
1
7
STANDARD
72
1
11
0
21
-5
31
0
100
AcDbText
73
0
1001
CONDUITCAD
1000
{"id":"master-level-transmitter-1"}
0
LINE
5
18A
330
5E1
100
AcDbEntity
8
0
62
0
6
CONTINUOUS
100
AcDbLine
10
-26
20
0
30
0
11
-45
21
0
31
0
1001
CONDUITCAD
1000
{"id":"master-level-transmitter-2"}
0
ENDBLK
5
6DB
330
5E1
100
AcDbEntity
8
0
100
AcDbBlockEnd
0
BLOCK
5
6DC
330
5E2
100
AcDbEntity
8
0
100
AcDbBlockBegin
2
CC_REDUCER
70
0
10
0
20
0
30
0
3
CC_REDUCER
1

1001
CONDUITCAD
1000
{"ports":[{"name":"in","x":-45,"y":0,"dx":-1,"dy":0,"medium":"process","role":"connection"},{"name":"out","x":45,"y":0,"dx":1,"dy":0,"medium":"process","role":"connection"}],"symbol":{"name":"Concentr
1000
ic reducer","category":"P&ID","labelOffset":48,"geometryRevision":3,"convention":"ISO-10628-2 family","conformity":"Original master; not standards-certified","standardRefs":["ISO-10628-2"],"normativeE
1000
ntry":null,"review":{"level":"geometry-and-convention","dimensionalConformance":"not-verified","note":"Reviewed: silhouette, terminal positions, normal state and distinct function retained."},"group":
1000
"Equipment & instruments","aliases":["reducer"],"defaultLayer":"Equipment","extents":{"minX":-45,"minY":-20,"maxX":45,"maxY":20}}}
0
LINE
5
18B
330
5E2
100
AcDbEntity
8
0
62
0
6
CONTINUOUS
100
AcDbLine
10
-45
20
0
30
0
11
-28
21
0
31
0
1001
CONDUITCAD
1000
{"id":"master-reducer-0"}
0
LWPOLYLINE
5
18C
330
5E2
100
AcDbEntity
8
0
62
0
6
CONTINUOUS
100
AcDbPolyline
90
4
70
1
10
-28
20
-20
10
25
20
-10
10
25
20
10
10
-28
20
20
1001
CONDUITCAD
1000
{"id":"master-reducer-1"}
0
LINE
5
18D
330
5E2
100
AcDbEntity
8
0
62
0
6
CONTINUOUS
100
AcDbLine
10
25
20
0
30
0
11
45
21
0
31
0
1001
CONDUITCAD
1000
{"id":"master-reducer-2"}
0
ENDBLK
5
6DD
330
5E2
100
AcDbEntity
8
0
100
AcDbBlockEnd
0
BLOCK
5
6DE
330
5E3
100
AcDbEntity
8
0
100
AcDbBlockBegin
2
CC_FLANGE
70
0
10
0
20
0
30
0
3
CC_FLANGE
1

1001
CONDUITCAD
1000
{"ports":[{"name":"in","x":-45,"y":0,"dx":-1,"dy":0,"medium":"process","role":"connection"},{"name":"out","x":45,"y":0,"dx":1,"dy":0,"medium":"process","role":"connection"}],"symbol":{"name":"Flanged 
1000
joint","category":"P&ID","labelOffset":48,"geometryRevision":3,"convention":"ISO-10628-2 family","conformity":"Original master; not standards-certified","standardRefs":["ISO-10628-2"],"normativeEntry"
1000
:null,"review":{"level":"geometry-and-convention","dimensionalConformance":"not-verified","note":"Reviewed: silhouette, terminal positions, normal state and distinct function retained."},"group":"Equi
1000
pment & instruments","aliases":["flange"],"defaultLayer":"Equipment","extents":{"minX":-45,"minY":-23,"maxX":45,"maxY":23}}}
0
LINE
5
18E
330
5E3
100
AcDbEntity
8
0
62
0
6
CONTINUOUS
100
AcDbLine
10
-45
20
0
30
0
11
-5
21
0
31
0
1001
CONDUITCAD
1000
{"id":"master-flange-0"}
0
LINE
5
18F
330
5E3
100
AcDbEntity
8
0
62
0
6
CONTINUOUS
100
AcDbLine
10
5
20
0
30
0
11
45
21
0
31
0
1001
CONDUITCAD
1000
{"id":"master-flange-1"}
0
LINE
5
190
330
5E3
100
AcDbEntity
8
0
62
0
6
CONTINUOUS
100
AcDbLine
10
-5
20
-23
30
0
11
-5
21
23
31
0
1001
CONDUITCAD
1000
{"id":"master-flange-2"}
0
LINE
5
191
330
5E3
100
AcDbEntity
8
0
62
0
6
CONTINUOUS
100
AcDbLine
10
5
20
-23
30
0
11
5
21
23
31
0
1001
CONDUITCAD
1000
{"id":"master-flange-3"}
0
ENDBLK
5
6DF
330
5E3
100
AcDbEntity
8
0
100
AcDbBlockEnd
0
BLOCK
5
6E0
330
5E4
100
AcDbEntity
8
0
100
AcDbBlockBegin
2
CC_OFFPAGE
70
0
10
0
20
0
30
0
3
CC_OFFPAGE
1

1001
CONDUITCAD
1000
{"ports":[{"name":"in","x":-45,"y":0,"dx":-1,"dy":0,"medium":"process","role":"connection"},{"name":"out","x":45,"y":0,"dx":1,"dy":0,"medium":"process","role":"connection"}],"symbol":{"name":"Off-page
1000
 connector","category":"P&ID","labelOffset":48,"geometryRevision":3,"convention":"ISO-10628-2 family","conformity":"Original master; not standards-certified","standardRefs":["ISO-10628-2"],"normativeE
1000
ntry":null,"review":{"level":"geometry-and-convention","dimensionalConformance":"not-verified","note":"Reviewed: silhouette, terminal positions, normal state and distinct function retained."},"group":
1000
"Equipment & instruments","aliases":["offpage"],"defaultLayer":"Equipment","extents":{"minX":-45,"minY":-17,"maxX":45,"maxY":17}}}
0
LWPOLYLINE
5
192
330
5E4
100
AcDbEntity
8
0
62
0
6
CONTINUOUS
100
AcDbPolyline
90
5
70
1
10
-40
20
-17
10
24
20
-17
10
44
20
0
10
24
20
17
10
-40
20
17
1001
CONDUITCAD
1000
{"id":"master-offpage-0"}
0
LINE
5
193
330
5E4
100
AcDbEntity
8
0
62
0
6
CONTINUOUS
100
AcDbLine
10
-45
20
0
30
0
11
-40
21
0
31
0
1001
CONDUITCAD
1000
{"id":"master-offpage-1"}
0
LINE
5
194
330
5E4
100
AcDbEntity
8
0
62
0
6
CONTINUOUS
100
AcDbLine
10
44
20
0
30
0
11
45
21
0
31
0
1001
CONDUITCAD
1000
{"id":"master-offpage-2"}
0
TEXT
5
195
330
5E4
100
AcDbEntity
8
0
62
0
6
CONTINUOUS
100
AcDbText
10
-4
20
-5
30
0
40
13
1
PW
50
0
41
1
7
STANDARD
72
1
11
-4
21
-5
31
0
100
AcDbText
73
0
1001
CONDUITCAD
1000
{"id":"master-offpage-3"}
0
ENDBLK
5
6E1
330
5E4
100
AcDbEntity
8
0
100
AcDbBlockEnd
0
BLOCK
5
6E2
330
5E5
100
AcDbEntity
8
0
100
AcDbBlockBegin
2
CC_RESISTOR
70
0
10
0
20
0
30
0
3
CC_RESISTOR
1

1001
CONDUITCAD
1000
{"ports":[{"name":"in","x":-45,"y":0,"dx":-1,"dy":0,"medium":"electrical","role":"connection"},{"name":"out","x":45,"y":0,"dx":1,"dy":0,"medium":"electrical","role":"connection"}],"symbol":{"name":"Re
1000
sistor \u00b7 zigzag alternative","category":"Electrical","labelOffset":48,"geometryRevision":3,"convention":"ANSI/IEEE-style zigzag alternative","conformity":"Original master; not standards-certified
1000
","standardRefs":["PROJECT"],"representation":"zigzag alternative","normativeEntry":null,"review":{"level":"geometry-and-convention","dimensionalConformance":"not-verified","note":"Zigzag alternative 
1000
explicitly separated from the IEC rectangular form."},"group":"Components","aliases":["resistor"],"defaultLayer":"Electrical","extents":{"minX":-45,"minY":-12,"maxX":45,"maxY":12}}}
0
LINE
5
196
330
5E5
100
AcDbEntity
8
0
62
0
6
CONTINUOUS
100
AcDbLine
10
-45
20
0
30
0
11
-25
21
0
31
0
1001
CONDUITCAD
1000
{"id":"master-resistor-0"}
0
LINE
5
197
330
5E5
100
AcDbEntity
8
0
62
0
6
CONTINUOUS
100
AcDbLine
10
25
20
0
30
0
11
45
21
0
31
0
1001
CONDUITCAD
1000
{"id":"master-resistor-1"}
0
LWPOLYLINE
5
198
330
5E5
100
AcDbEntity
8
0
62
0
6
CONTINUOUS
100
AcDbPolyline
90
7
70
0
10
-25
20
0
10
-19
20
12
10
-10
20
-12
10
0
20
12
10
10
20
-12
10
19
20
12
10
25
20
0
1001
CONDUITCAD
1000
{"id":"master-resistor-2"}
0
ENDBLK
5
6E3
330
5E5
100
AcDbEntity
8
0
100
AcDbBlockEnd
0
BLOCK
5
6E4
330
5E6
100
AcDbEntity
8
0
100
AcDbBlockBegin
2
CC_RESISTOR_IEC
70
0
10
0
20
0
30
0
3
CC_RESISTOR_IEC
1

1001
CONDUITCAD
1000
{"ports":[{"name":"in","x":-45,"y":0,"dx":-1,"dy":0,"medium":"electrical","role":"connection"},{"name":"out","x":45,"y":0,"dx":1,"dy":0,"medium":"electrical","role":"connection"}],"symbol":{"name":"Re
1000
sistor \u00b7 IEC rectangle","category":"Electrical","labelOffset":48,"geometryRevision":3,"convention":"IEC-60617 family","conformity":"Original master; not standards-certified","standardRefs":["IEC-
1000
60617"],"normativeEntry":null,"review":{"level":"geometry-and-convention","dimensionalConformance":"not-verified","note":"Reviewed: silhouette, terminal positions, normal state and distinct function r
1000
etained."},"group":"Components","aliases":["resistor iec"],"defaultLayer":"Electrical","extents":{"minX":-45,"minY":-11,"maxX":45,"maxY":11}}}
0
LINE
5
199
330
5E6
100
AcDbEntity
8
0
62
0
6
CONTINUOUS
100
AcDbLine
10
-45
20
0
30
0
11
-25
21
0
31
0
1001
CONDUITCAD
1000
{"id":"master-resistor-iec-0"}
0
LINE
5
19A
330
5E6
100
AcDbEntity
8
0
62
0
6
CONTINUOUS
100
AcDbLine
10
25
20
0
30
0
11
45
21
0
31
0
1001
CONDUITCAD
1000
{"id":"master-resistor-iec-1"}
0
LWPOLYLINE
5
19B
330
5E6
100
AcDbEntity
8
0
62
0
6
CONTINUOUS
100
AcDbPolyline
90
4
70
1
10
-25
20
-11
10
25
20
-11
10
25
20
11
10
-25
20
11
1001
CONDUITCAD
1000
{"id":"master-resistor-iec-2"}
0
ENDBLK
5
6E5
330
5E6
100
AcDbEntity
8
0
100
AcDbBlockEnd
0
BLOCK
5
6E6
330
5E7
100
AcDbEntity
8
0
100
AcDbBlockBegin
2
CC_CAPACITOR
70
0
10
0
20
0
30
0
3
CC_CAPACITOR
1

1001
CONDUITCAD
1000
{"ports":[{"name":"in","x":-45,"y":0,"dx":-1,"dy":0,"medium":"electrical","role":"connection"},{"name":"out","x":45,"y":0,"dx":1,"dy":0,"medium":"electrical","role":"connection"}],"symbol":{"name":"Ca
1000
pacitor","category":"Electrical","labelOffset":48,"geometryRevision":3,"convention":"IEC-60617 family","conformity":"Original master; not standards-certified","standardRefs":["IEC-60617"],"normativeEn
1000
try":null,"review":{"level":"geometry-and-convention","dimensionalConformance":"not-verified","note":"Reviewed: silhouette, terminal positions, normal state and distinct function retained."},"group":"
1000
Components","aliases":["capacitor"],"defaultLayer":"Electrical","extents":{"minX":-45,"minY":-25,"maxX":45,"maxY":25}}}
0
LINE
5
19C
330
5E7
100
AcDbEntity
8
0
62
0
6
CONTINUOUS
100
AcDbLine
10
-45
20
0
30
0
11
-6
21
0
31
0
1001
CONDUITCAD
1000
{"id":"master-capacitor-0"}
0
LINE
5
19D
330
5E7
100
AcDbEntity
8
0
62
0
6
CONTINUOUS
100
AcDbLine
10
6
20
0
30
0
11
45
21
0
31
0
1001
CONDUITCAD
1000
{"id":"master-capacitor-1"}
0
LINE
5
19E
330
5E7
100
AcDbEntity
8
0
62
0
6
CONTINUOUS
100
AcDbLine
10
-6
20
-25
30
0
11
-6
21
25
31
0
1001
CONDUITCAD
1000
{"id":"master-capacitor-2"}
0
LINE
5
19F
330
5E7
100
AcDbEntity
8
0
62
0
6
CONTINUOUS
100
AcDbLine
10
6
20
-25
30
0
11
6
21
25
31
0
1001
CONDUITCAD
1000
{"id":"master-capacitor-3"}
0
ENDBLK
5
6E7
330
5E7
100
AcDbEntity
8
0
100
AcDbBlockEnd
0
BLOCK
5
6E8
330
5E8
100
AcDbEntity
8
0
100
AcDbBlockBegin
2
CC_INDUCTOR
70
0
10
0
20
0
30
0
3
CC_INDUCTOR
1

1001
CONDUITCAD
1000
{"ports":[{"name":"in","x":-45,"y":0,"dx":-1,"dy":0,"medium":"electrical","role":"connection"},{"name":"out","x":45,"y":0,"dx":1,"dy":0,"medium":"electrical","role":"connection"}],"symbol":{"name":"In
1000
ductor","category":"Electrical","labelOffset":48,"geometryRevision":3,"convention":"IEC-60617 family","conformity":"Original master; not standards-certified","standardRefs":["IEC-60617"],"normativeEnt
1000
ry":null,"review":{"level":"geometry-and-convention","dimensionalConformance":"not-verified","note":"Coil turns are analytic arcs rather than pre-tessellated polylines."},"group":"Components","aliases
1000
":["inductor"],"defaultLayer":"Electrical","extents":{"minX":-45,"minY":0,"maxX":45,"maxY":7.5}}}
0
LINE
5
1A0
330
5E8
100
AcDbEntity
8
0
62
0
6
CONTINUOUS
100
AcDbLine
10
-45
20
0
30
0
11
-30
21
0
31
0
1001
CONDUITCAD
1000
{"id":"master-inductor-0"}
0
LINE
5
1A1
330
5E8
100
AcDbEntity
8
0
62
0
6
CONTINUOUS
100
AcDbLine
10
30
20
0
30
0
11
45
21
0
31
0
1001
CONDUITCAD
1000
{"id":"master-inductor-1"}
0
ARC
5
1A2
330
5E8
100
AcDbEntity
8
0
62
0
6
CONTINUOUS
100
AcDbCircle
10
-22.5
20
0
30
0
40
7.5
100
AcDbArc
50
0
51
180
1001
CONDUITCAD
1000
{"id":"master-inductor-2"}
0
ARC
5
1A3
330
5E8
100
AcDbEntity
8
0
62
0
6
CONTINUOUS
100
AcDbCircle
10
-7.5
20
0
30
0
40
7.5
100
AcDbArc
50
0
51
180
1001
CONDUITCAD
1000
{"id":"master-inductor-3"}
0
ARC
5
1A4
330
5E8
100
AcDbEntity
8
0
62
0
6
CONTINUOUS
100
AcDbCircle
10
7.5
20
0
30
0
40
7.5
100
AcDbArc
50
0
51
180
1001
CONDUITCAD
1000
{"id":"master-inductor-4"}
0
ARC
5
1A5
330
5E8
100
AcDbEntity
8
0
62
0
6
CONTINUOUS
100
AcDbCircle
10
22.5
20
0
30
0
40
7.5
100
AcDbArc
50
0
51
180
1001
CONDUITCAD
1000
{"id":"master-inductor-5"}
0
ENDBLK
5
6E9
330
5E8
100
AcDbEntity
8
0
100
AcDbBlockEnd
0
BLOCK
5
6EA
330
5E9
100
AcDbEntity
8
0
100
AcDbBlockBegin
2
CC_DIODE
70
0
10
0
20
0
30
0
3
CC_DIODE
1

1001
CONDUITCAD
1000
{"ports":[{"name":"in","x":-45,"y":0,"dx":-1,"dy":0,"medium":"electrical","role":"connection"},{"name":"out","x":45,"y":0,"dx":1,"dy":0,"medium":"electrical","role":"connection"}],"symbol":{"name":"Di
1000
ode","category":"Electrical","labelOffset":48,"geometryRevision":3,"convention":"IEC-60617 family","conformity":"Original master; not standards-certified","standardRefs":["IEC-60617"],"normativeEntry"
1000
:null,"review":{"level":"geometry-and-convention","dimensionalConformance":"not-verified","note":"Reviewed: silhouette, terminal positions, normal state and distinct function retained."},"group":"Comp
1000
onents","aliases":["diode"],"defaultLayer":"Electrical","extents":{"minX":-45,"minY":-24,"maxX":45,"maxY":24}}}
0
LINE
5
1A6
330
5E9
100
AcDbEntity
8
0
62
0
6
CONTINUOUS
100
AcDbLine
10
-45
20
0
30
0
11
-22
21
0
31
0
1001
CONDUITCAD
1000
{"id":"master-diode-0"}
0
LWPOLYLINE
5
1A7
330
5E9
100
AcDbEntity
8
0
62
0
6
CONTINUOUS
100
AcDbPolyline
90
3
70
1
10
-22
20
-22
10
22
20
0
10
-22
20
22
1001
CONDUITCAD
1000
{"id":"master-diode-1"}
0
LINE
5
1A8
330
5E9
100
AcDbEntity
8
0
62
0
6
CONTINUOUS
100
AcDbLine
10
22
20
-24
30
0
11
22
21
24
31
0
1001
CONDUITCAD
1000
{"id":"master-diode-2"}
0
LINE
5
1A9
330
5E9
100
AcDbEntity
8
0
62
0
6
CONTINUOUS
100
AcDbLine
10
22
20
0
30
0
11
45
21
0
31
0
1001
CONDUITCAD
1000
{"id":"master-diode-3"}
0
ENDBLK
5
6EB
330
5E9
100
AcDbEntity
8
0
100
AcDbBlockEnd
0
BLOCK
5
6EC
330
5EA
100
AcDbEntity
8
0
100
AcDbBlockBegin
2
CC_LED
70
0
10
0
20
0
30
0
3
CC_LED
1

1001
CONDUITCAD
1000
{"ports":[{"name":"in","x":-45,"y":0,"dx":-1,"dy":0,"medium":"electrical","role":"connection"},{"name":"out","x":45,"y":0,"dx":1,"dy":0,"medium":"electrical","role":"connection"}],"symbol":{"name":"LE
1000
D","category":"Electrical","labelOffset":48,"geometryRevision":3,"convention":"IEC-60617 family","conformity":"Original master; not standards-certified","standardRefs":["IEC-60617"],"normativeEntry":n
1000
ull,"review":{"level":"geometry-and-convention","dimensionalConformance":"not-verified","note":"Reviewed: silhouette, terminal positions, normal state and distinct function retained."},"group":"Compon
1000
ents","aliases":["led"],"defaultLayer":"Electrical","extents":{"minX":-45,"minY":-24,"maxX":45,"maxY":47}}}
0
LINE
5
1AA
330
5EA
100
AcDbEntity
8
0
62
0
6
CONTINUOUS
100
AcDbLine
10
-45
20
0
30
0
11
-22
21
0
31
0
1001
CONDUITCAD
1000
{"id":"master-led-0"}
0
LWPOLYLINE
5
1AB
330
5EA
100
AcDbEntity
8
0
62
0
6
CONTINUOUS
100
AcDbPolyline
90
3
70
1
10
-22
20
-22
10
22
20
0
10
-22
20
22
1001
CONDUITCAD
1000
{"id":"master-led-1"}
0
LINE
5
1AC
330
5EA
100
AcDbEntity
8
0
62
0
6
CONTINUOUS
100
AcDbLine
10
22
20
-24
30
0
11
22
21
24
31
0
1001
CONDUITCAD
1000
{"id":"master-led-2"}
0
LINE
5
1AD
330
5EA
100
AcDbEntity
8
0
62
0
6
CONTINUOUS
100
AcDbLine
10
22
20
0
30
0
11
45
21
0
31
0
1001
CONDUITCAD
1000
{"id":"master-led-3"}
0
LINE
5
1AE
330
5EA
100
AcDbEntity
8
0
62
0
6
CONTINUOUS
100
AcDbLine
10
4
20
27
30
0
11
24
21
47
31
0
1001
CONDUITCAD
1000
{"id":"master-led-4"}
0
LWPOLYLINE
5
1AF
330
5EA
100
AcDbEntity
8
0
62
0
6
CONTINUOUS
100
AcDbPolyline
90
3
70
0
10
15
20
45
10
24
20
47
10
22
20
38
1001
CONDUITCAD
1000
{"id":"master-led-5"}
0
LINE
5
1B0
330
5EA
100
AcDbEntity
8
0
62
0
6
CONTINUOUS
100
AcDbLine
10
18
20
22
30
0
11
38
21
42
31
0
1001
CONDUITCAD
1000
{"id":"master-led-6"}
0
LWPOLYLINE
5
1B1
330
5EA
100
AcDbEntity
8
0
62
0
6
CONTINUOUS
100
AcDbPolyline
90
3
70
0
10
29
20
40
10
38
20
42
10
36
20
33
1001
CONDUITCAD
1000
{"id":"master-led-7"}
0
ENDBLK
5
6ED
330
5EA
100
AcDbEntity
8
0
100
AcDbBlockEnd
0
BLOCK
5
6EE
330
5EB
100
AcDbEntity
8
0
100
AcDbBlockBegin
2
CC_SWITCH
70
0
10
0
20
0
30
0
3
CC_SWITCH
1

1001
CONDUITCAD
1000
{"ports":[{"name":"in","x":-45,"y":0,"dx":-1,"dy":0,"medium":"electrical","role":"connection"},{"name":"out","x":45,"y":0,"dx":1,"dy":0,"medium":"electrical","role":"connection"}],"symbol":{"name":"Sw
1000
itch \u00b7 normally open","category":"Electrical","labelOffset":48,"geometryRevision":3,"convention":"IEC-60617 family","conformity":"Original master; not standards-certified","standardRefs":["IEC-60
1000
617"],"normativeEntry":null,"review":{"level":"geometry-and-convention","dimensionalConformance":"not-verified","note":"Reviewed: silhouette, terminal positions, normal state and distinct function ret
1000
ained."},"group":"Components","aliases":["switch"],"defaultLayer":"Electrical","extents":{"minX":-45,"minY":-2.993006307571618,"maxX":45,"maxY":26}}}
0
LINE
5
1B2
330
5EB
100
AcDbEntity
8
0
62
0
6
CONTINUOUS
100
AcDbLine
10
-45
20
0
30
0
11
-23
21
0
31
0
1001
CONDUITCAD
1000
{"id":"master-switch-0"}
0
LINE
5
1B3
330
5EB
100
AcDbEntity
8
0
62
0
6
CONTINUOUS
100
AcDbLine
10
23
20
0
30
0
11
45
21
0
31
0
1001
CONDUITCAD
1000
{"id":"master-switch-1"}
0
CIRCLE
5
1B4
330
5EB
100
AcDbEntity
8
0
62
0
6
CONTINUOUS
100
AcDbCircle
10
-22
20
0
30
0
40
3
1001
CONDUITCAD
1000
{"id":"master-switch-2"}
0
CIRCLE
5
1B5
330
5EB
100
AcDbEntity
8
0
62
0
6
CONTINUOUS
100
AcDbCircle
10
22
20
0
30
0
40
3
1001
CONDUITCAD
1000
{"id":"master-switch-3"}
0
LINE
5
1B6
330
5EB
100
AcDbEntity
8
0
62
0
6
CONTINUOUS
100
AcDbLine
10
-20
20
2
30
0
11
19
21
26
31
0
1001
CONDUITCAD
1000
{"id":"master-switch-4"}
0
ENDBLK
5
6EF
330
5EB
100
AcDbEntity
8
0
100
AcDbBlockEnd
0
BLOCK
5
6F0
330
5EC
100
AcDbEntity
8
0
100
AcDbBlockBegin
2
CC_SWITCH_NC
70
0
10
0
20
0
30
0
3
CC_SWITCH_NC
1

1001
CONDUITCAD
1000
{"ports":[{"name":"in","x":-45,"y":0,"dx":-1,"dy":0,"medium":"electrical","role":"connection"},{"name":"out","x":45,"y":0,"dx":1,"dy":0,"medium":"electrical","role":"connection"}],"symbol":{"name":"Sw
1000
itch \u00b7 normally closed","category":"Electrical","labelOffset":48,"geometryRevision":3,"convention":"IEC-60617 family","conformity":"Original master; not standards-certified","standardRefs":["IEC-
1000
60617"],"normativeEntry":null,"review":{"level":"geometry-and-convention","dimensionalConformance":"not-verified","note":"Reviewed: silhouette, terminal positions, normal state and distinct function r
1000
etained."},"group":"Components","aliases":["switch nc"],"defaultLayer":"Electrical","extents":{"minX":-45,"minY":-2.993006307571618,"maxX":45,"maxY":23}}}
0
LINE
5
1B7
330
5EC
100
AcDbEntity
8
0
62
0
6
CONTINUOUS
100
AcDbLine
10
-45
20
0
30
0
11
-23
21
0
31
0
1001
CONDUITCAD
1000
{"id":"master-switch-nc-0"}
0
LINE
5
1B8
330
5EC
100
AcDbEntity
8
0
62
0
6
CONTINUOUS
100
AcDbLine
10
23
20
0
30
0
11
45
21
0
31
0
1001
CONDUITCAD
1000
{"id":"master-switch-nc-1"}
0
CIRCLE
5
1B9
330
5EC
100
AcDbEntity
8
0
62
0
6
CONTINUOUS
100
AcDbCircle
10
-22
20
0
30
0
40
3
1001
CONDUITCAD
1000
{"id":"master-switch-nc-2"}
0
CIRCLE
5
1BA
330
5EC
100
AcDbEntity
8
0
62
0
6
CONTINUOUS
100
AcDbCircle
10
22
20
0
30
0
40
3
1001
CONDUITCAD
1000
{"id":"master-switch-nc-3"}
0
LINE
5
1BB
330
5EC
100
AcDbEntity
8
0
62
0
6
CONTINUOUS
100
AcDbLine
10
-20
20
2
30
0
11
21
21
2
31
0
1001
CONDUITCAD
1000
{"id":"master-switch-nc-4"}
0
LINE
5
1BC
330
5EC
100
AcDbEntity
8
0
62
0
6
CONTINUOUS
100
AcDbLine
10
0
20
2
30
0
11
0
21
23
31
0
1001
CONDUITCAD
1000
{"id":"master-switch-nc-5"}
0
ENDBLK
5
6F1
330
5EC
100
AcDbEntity
8
0
100
AcDbBlockEnd
0
BLOCK
5
6F2
330
5ED
100
AcDbEntity
8
0
100
AcDbBlockBegin
2
CC_FUSE
70
0
10
0
20
0
30
0
3
CC_FUSE
1

1001
CONDUITCAD
1000
{"ports":[{"name":"in","x":-45,"y":0,"dx":-1,"dy":0,"medium":"electrical","role":"connection"},{"name":"out","x":45,"y":0,"dx":1,"dy":0,"medium":"electrical","role":"connection"}],"symbol":{"name":"Fu
1000
se","category":"Electrical","labelOffset":48,"geometryRevision":3,"convention":"IEC-60617 family","conformity":"Original master; not standards-certified","standardRefs":["IEC-60617"],"normativeEntry":
1000
null,"review":{"level":"geometry-and-convention","dimensionalConformance":"not-verified","note":"Reviewed: silhouette, terminal positions, normal state and distinct function retained."},"group":"Compo
1000
nents","aliases":["fuse"],"defaultLayer":"Electrical","extents":{"minX":-45,"minY":-10,"maxX":45,"maxY":10}}}
0
LINE
5
1BD
330
5ED
100
AcDbEntity
8
0
62
0
6
CONTINUOUS
100
AcDbLine
10
-45
20
0
30
0
11
45
21
0
31
0
1001
CONDUITCAD
1000
{"id":"master-fuse-0"}
0
LWPOLYLINE
5
1BE
330
5ED
100
AcDbEntity
8
0
62
0
6
CONTINUOUS
100
AcDbPolyline
90
4
70
1
10
-24
20
-10
10
24
20
-10
10
24
20
10
10
-24
20
10
1001
CONDUITCAD
1000
{"id":"master-fuse-1"}
0
ENDBLK
5
6F3
330
5ED
100
AcDbEntity
8
0
100
AcDbBlockEnd
0
BLOCK
5
6F4
330
5EE
100
AcDbEntity
8
0
100
AcDbBlockBegin
2
CC_RELAY
70
0
10
0
20
0
30
0
3
CC_RELAY
1

1001
CONDUITCAD
1000
{"ports":[{"name":"in","x":-45,"y":0,"dx":-1,"dy":0,"medium":"electrical","role":"connection"},{"name":"out","x":45,"y":0,"dx":1,"dy":0,"medium":"electrical","role":"connection"}],"symbol":{"name":"Re
1000
lay coil","category":"Electrical","labelOffset":48,"geometryRevision":3,"convention":"IEC-60617 family","conformity":"Original master; not standards-certified","standardRefs":["IEC-60617"],"normativeE
1000
ntry":null,"review":{"level":"geometry-and-convention","dimensionalConformance":"not-verified","note":"Plain coil rectangle; remove diagonal that implied a different actuator."},"group":"Components","
1000
aliases":["relay"],"defaultLayer":"Electrical","extents":{"minX":-45,"minY":-18,"maxX":45,"maxY":18}}}
0
LINE
5
1BF
330
5EE
100
AcDbEntity
8
0
62
0
6
CONTINUOUS
100
AcDbLine
10
-45
20
0
30
0
11
-25
21
0
31
0
1001
CONDUITCAD
1000
{"id":"master-relay-0"}
0
LINE
5
1C0
330
5EE
100
AcDbEntity
8
0
62
0
6
CONTINUOUS
100
AcDbLine
10
25
20
0
30
0
11
45
21
0
31
0
1001
CONDUITCAD
1000
{"id":"master-relay-1"}
0
LWPOLYLINE
5
1C1
330
5EE
100
AcDbEntity
8
0
62
0
6
CONTINUOUS
100
AcDbPolyline
90
4
70
1
10
-25
20
-18
10
25
20
-18
10
25
20
18
10
-25
20
18
1001
CONDUITCAD
1000
{"id":"master-relay-2"}
0
ENDBLK
5
6F5
330
5EE
100
AcDbEntity
8
0
100
AcDbBlockEnd
0
BLOCK
5
6F6
330
5EF
100
AcDbEntity
8
0
100
AcDbBlockBegin
2
CC_MOTOR
70
0
10
0
20
0
30
0
3
CC_MOTOR
1

1001
CONDUITCAD
1000
{"ports":[{"name":"in","x":-45,"y":0,"dx":-1,"dy":0,"medium":"electrical","role":"connection"},{"name":"out","x":45,"y":0,"dx":1,"dy":0,"medium":"electrical","role":"connection"},{"name":"top","x":0,"
1000
y":45,"dx":0,"dy":1,"medium":"electrical","role":"connection"},{"name":"bottom","x":0,"y":-45,"dx":0,"dy":-1,"medium":"electrical","role":"connection"}],"symbol":{"name":"Motor","category":"Electrical
1000
","labelOffset":67,"geometryRevision":3,"convention":"IEC-60617 family","conformity":"Original master; not standards-certified","standardRefs":["IEC-60617"],"normativeEntry":null,"review":{"level":"ge
1000
ometry-and-convention","dimensionalConformance":"not-verified","note":"Reviewed: silhouette, terminal positions, normal state and distinct function retained."},"group":"Components","aliases":["motor"]
1000
,"defaultLayer":"Electrical","extents":{"minX":-45,"minY":-45,"maxX":45,"maxY":45}}}
0
LINE
5
1C2
330
5EF
100
AcDbEntity
8
0
62
0
6
CONTINUOUS
100
AcDbLine
10
-45
20
0
30
0
11
-29
21
0
31
0
1001
CONDUITCAD
1000
{"id":"master-motor-0"}
0
LINE
5
1C3
330
5EF
100
AcDbEntity
8
0
62
0
6
CONTINUOUS
100
AcDbLine
10
29
20
0
30
0
11
45
21
0
31
0
1001
CONDUITCAD
1000
{"id":"master-motor-1"}
0
LINE
5
1C4
330
5EF
100
AcDbEntity
8
0
62
0
6
CONTINUOUS
100
AcDbLine
10
0
20
29
30
0
11
0
21
45
31
0
1001
CONDUITCAD
1000
{"id":"master-motor-2"}
0
LINE
5
1C5
330
5EF
100
AcDbEntity
8
0
62
0
6
CONTINUOUS
100
AcDbLine
10
0
20
-29
30
0
11
0
21
-45
31
0
1001
CONDUITCAD
1000
{"id":"master-motor-3"}
0
CIRCLE
5
1C6
330
5EF
100
AcDbEntity
8
0
62
0
6
CONTINUOUS
100
AcDbCircle
10
0
20
0
30
0
40
29
1001
CONDUITCAD
1000
{"id":"master-motor-4"}
0
TEXT
5
1C7
330
5EF
100
AcDbEntity
8
0
62
0
6
CONTINUOUS
100
AcDbText
10
0
20
-7
30
0
40
22
1
M
50
0
41
1
7
STANDARD
72
1
11
0
21
-7
31
0
100
AcDbText
73
0
1001
CONDUITCAD
1000
{"id":"master-motor-5"}
0
ENDBLK
5
6F7
330
5EF
100
AcDbEntity
8
0
100
AcDbBlockEnd
0
BLOCK
5
6F8
330
5F0
100
AcDbEntity
8
0
100
AcDbBlockBegin
2
CC_GENERATOR
70
0
10
0
20
0
30
0
3
CC_GENERATOR
1

1001
CONDUITCAD
1000
{"ports":[{"name":"in","x":-45,"y":0,"dx":-1,"dy":0,"medium":"electrical","role":"connection"},{"name":"out","x":45,"y":0,"dx":1,"dy":0,"medium":"electrical","role":"connection"},{"name":"top","x":0,"
1000
y":45,"dx":0,"dy":1,"medium":"electrical","role":"connection"},{"name":"bottom","x":0,"y":-45,"dx":0,"dy":-1,"medium":"electrical","role":"connection"}],"symbol":{"name":"Generator","category":"Electr
1000
ical","labelOffset":67,"geometryRevision":3,"convention":"IEC-60617 family","conformity":"Original master; not standards-certified","standardRefs":["IEC-60617"],"normativeEntry":null,"review":{"level"
1000
:"geometry-and-convention","dimensionalConformance":"not-verified","note":"Reviewed: silhouette, terminal positions, normal state and distinct function retained."},"group":"Components","aliases":["gen
1000
erator"],"defaultLayer":"Electrical","extents":{"minX":-45,"minY":-45,"maxX":45,"maxY":45}}}
0
LINE
5
1C8
330
5F0
100
AcDbEntity
8
0
62
0
6
CONTINUOUS
100
AcDbLine
10
-45
20
0
30
0
11
-29
21
0
31
0
1001
CONDUITCAD
1000
{"id":"master-generator-0"}
0
LINE
5
1C9
330
5F0
100
AcDbEntity
8
0
62
0
6
CONTINUOUS
100
AcDbLine
10
29
20
0
30
0
11
45
21
0
31
0
1001
CONDUITCAD
1000
{"id":"master-generator-1"}
0
LINE
5
1CA
330
5F0
100
AcDbEntity
8
0
62
0
6
CONTINUOUS
100
AcDbLine
10
0
20
29
30
0
11
0
21
45
31
0
1001
CONDUITCAD
1000
{"id":"master-generator-2"}
0
LINE
5
1CB
330
5F0
100
AcDbEntity
8
0
62
0
6
CONTINUOUS
100
AcDbLine
10
0
20
-29
30
0
11
0
21
-45
31
0
1001
CONDUITCAD
1000
{"id":"master-generator-3"}
0
CIRCLE
5
1CC
330
5F0
100
AcDbEntity
8
0
62
0
6
CONTINUOUS
100
AcDbCircle
10
0
20
0
30
0
40
29
1001
CONDUITCAD
1000
{"id":"master-generator-4"}
0
TEXT
5
1CD
330
5F0
100
AcDbEntity
8
0
62
0
6
CONTINUOUS
100
AcDbText
10
0
20
-7
30
0
40
22
1
G
50
0
41
1
7
STANDARD
72
1
11
0
21
-7
31
0
100
AcDbText
73
0
1001
CONDUITCAD
1000
{"id":"master-generator-5"}
0
ENDBLK
5
6F9
330
5F0
100
AcDbEntity
8
0
100
AcDbBlockEnd
0
BLOCK
5
6FA
330
5F1
100
AcDbEntity
8
0
100
AcDbBlockBegin
2
CC_TRANSFORMER
70
0
10
0
20
0
30
0
3
CC_TRANSFORMER
1

1001
CONDUITCAD
1000
{"ports":[{"name":"in","x":-45,"y":0,"dx":-1,"dy":0,"medium":"electrical","role":"connection"},{"name":"out","x":45,"y":0,"dx":1,"dy":0,"medium":"electrical","role":"connection"}],"symbol":{"name":"Tr
1000
ansformer","category":"Electrical","labelOffset":48,"geometryRevision":3,"convention":"IEC-60617 family","conformity":"Original master; not standards-certified","representation":"single-line","aliases
1000
":["single line transformer","power transformer","transformer"],"standardRefs":["IEC-60617"],"normativeEntry":null,"review":{"level":"geometry-and-convention","dimensionalConformance":"not-verified","
1000
note":"Single-line transformer form uses intersecting winding circles, not circles mixed with a two-winding core schematic."},"group":"Components","defaultLayer":"Electrical","extents":{"minX":-45,"mi
1000
nY":-17.992659470907405,"maxX":45,"maxY":17.992659470907405}}}
0
LINE
5
1CE
330
5F1
100
AcDbEntity
8
0
62
0
6
CONTINUOUS
100
AcDbLine
10
-45
20
0
30
0
11
-32
21
0
31
0
1001
CONDUITCAD
1000
{"id":"master-transformer-0"}
0
LINE
5
1CF
330
5F1
100
AcDbEntity
8
0
62
0
6
CONTINUOUS
100
AcDbLine
10
32
20
0
30
0
11
45
21
0
31
0
1001
CONDUITCAD
1000
{"id":"master-transformer-1"}
0
CIRCLE
5
1D0
330
5F1
100
AcDbEntity
8
0
62
0
6
CONTINUOUS
100
AcDbCircle
10
-14
20
0
30
0
40
18
1001
CONDUITCAD
1000
{"id":"master-transformer-2"}
0
CIRCLE
5
1D1
330
5F1
100
AcDbEntity
8
0
62
0
6
CONTINUOUS
100
AcDbCircle
10
14
20
0
30
0
40
18
1001
CONDUITCAD
1000
{"id":"master-transformer-3"}
0
ENDBLK
5
6FB
330
5F1
100
AcDbEntity
8
0
100
AcDbBlockEnd
0
BLOCK
5
6FC
330
5F2
100
AcDbEntity
8
0
100
AcDbBlockBegin
2
CC_GROUND
70
0
10
0
20
0
30
0
3
CC_GROUND
1

1001
CONDUITCAD
1000
{"ports":[{"name":"terminal","x":0,"y":40,"dx":0,"dy":1,"medium":"electrical","role":"connection"}],"symbol":{"name":"Protective earth","category":"Electrical","labelOffset":48,"geometryRevision":3,"c
1000
onvention":"IEC-60617 family","conformity":"Original master; not standards-certified","standardRefs":["IEC-60617"],"normativeEntry":null,"review":{"level":"geometry-and-convention","dimensionalConform
1000
ance":"not-verified","note":"Reviewed: silhouette, terminal positions, normal state and distinct function retained."},"group":"Components","aliases":["ground"],"defaultLayer":"Electrical","extents":{"
1000
minX":-26,"minY":-15,"maxX":26,"maxY":40}}}
0
LINE
5
1D2
330
5F2
100
AcDbEntity
8
0
62
0
6
CONTINUOUS
100
AcDbLine
10
0
20
40
30
0
11
0
21
5
31
0
1001
CONDUITCAD
1000
{"id":"master-ground-0"}
0
LINE
5
1D3
330
5F2
100
AcDbEntity
8
0
62
0
6
CONTINUOUS
100
AcDbLine
10
-26
20
5
30
0
11
26
21
5
31
0
1001
CONDUITCAD
1000
{"id":"master-ground-1"}
0
LINE
5
1D4
330
5F2
100
AcDbEntity
8
0
62
0
6
CONTINUOUS
100
AcDbLine
10
-17
20
-5
30
0
11
17
21
-5
31
0
1001
CONDUITCAD
1000
{"id":"master-ground-2"}
0
LINE
5
1D5
330
5F2
100
AcDbEntity
8
0
62
0
6
CONTINUOUS
100
AcDbLine
10
-8
20
-15
30
0
11
8
21
-15
31
0
1001
CONDUITCAD
1000
{"id":"master-ground-3"}
0
ENDBLK
5
6FD
330
5F2
100
AcDbEntity
8
0
100
AcDbBlockEnd
0
BLOCK
5
6FE
330
5F3
100
AcDbEntity
8
0
100
AcDbBlockBegin
2
CC_BATTERY
70
0
10
0
20
0
30
0
3
CC_BATTERY
1

1001
CONDUITCAD
1000
{"ports":[{"name":"in","x":-45,"y":0,"dx":-1,"dy":0,"medium":"electrical","role":"connection"},{"name":"out","x":45,"y":0,"dx":1,"dy":0,"medium":"electrical","role":"connection"}],"symbol":{"name":"Ba
1000
ttery","category":"Electrical","labelOffset":48,"geometryRevision":3,"convention":"IEC-60617 family","conformity":"Original master; not standards-certified","standardRefs":["IEC-60617"],"normativeEntr
1000
y":null,"review":{"level":"geometry-and-convention","dimensionalConformance":"not-verified","note":"Reviewed: silhouette, terminal positions, normal state and distinct function retained."},"group":"Co
1000
mponents","aliases":["battery"],"defaultLayer":"Electrical","extents":{"minX":-45,"minY":-24,"maxX":45,"maxY":24}}}
0
LINE
5
1D6
330
5F3
100
AcDbEntity
8
0
62
0
6
CONTINUOUS
100
AcDbLine
10
-45
20
0
30
0
11
-18
21
0
31
0
1001
CONDUITCAD
1000
{"id":"master-battery-0"}
0
LINE
5
1D7
330
5F3
100
AcDbEntity
8
0
62
0
6
CONTINUOUS
100
AcDbLine
10
18
20
0
30
0
11
45
21
0
31
0
1001
CONDUITCAD
1000
{"id":"master-battery-1"}
0
LINE
5
1D8
330
5F3
100
AcDbEntity
8
0
62
0
6
CONTINUOUS
100
AcDbLine
10
-18
20
-24
30
0
11
-18
21
24
31
0
1001
CONDUITCAD
1000
{"id":"master-battery-2"}
0
LINE
5
1D9
330
5F3
100
AcDbEntity
8
0
62
0
6
CONTINUOUS
100
AcDbLine
10
-6
20
-12
30
0
11
-6
21
12
31
0
1001
CONDUITCAD
1000
{"id":"master-battery-3"}
0
LINE
5
1DA
330
5F3
100
AcDbEntity
8
0
62
0
6
CONTINUOUS
100
AcDbLine
10
6
20
-24
30
0
11
6
21
24
31
0
1001
CONDUITCAD
1000
{"id":"master-battery-4"}
0
LINE
5
1DB
330
5F3
100
AcDbEntity
8
0
62
0
6
CONTINUOUS
100
AcDbLine
10
18
20
-12
30
0
11
18
21
12
31
0
1001
CONDUITCAD
1000
{"id":"master-battery-5"}
0
ENDBLK
5
6FF
330
5F3
100
AcDbEntity
8
0
100
AcDbBlockEnd
0
BLOCK
5
700
330
5F4
100
AcDbEntity
8
0
100
AcDbBlockBegin
2
CC_TERMINAL
70
0
10
0
20
0
30
0
3
CC_TERMINAL
1

1001
CONDUITCAD
1000
{"ports":[{"name":"in","x":-45,"y":0,"dx":-1,"dy":0,"medium":"electrical","role":"connection"},{"name":"out","x":45,"y":0,"dx":1,"dy":0,"medium":"electrical","role":"connection"}],"symbol":{"name":"Te
1000
rminal block","category":"Electrical","labelOffset":48,"geometryRevision":3,"convention":"IEC-60617 family","conformity":"Original master; not standards-certified","standardRefs":["IEC-60617"],"normat
1000
iveEntry":null,"review":{"level":"geometry-and-convention","dimensionalConformance":"not-verified","note":"Reviewed: silhouette, terminal positions, normal state and distinct function retained."},"gro
1000
up":"Components","aliases":["terminal"],"defaultLayer":"Electrical","extents":{"minX":-45,"minY":-25,"maxX":45,"maxY":25}}}
0
LINE
5
1DC
330
5F4
100
AcDbEntity
8
0
62
0
6
CONTINUOUS
100
AcDbLine
10
-45
20
0
30
0
11
45
21
0
31
0
1001
CONDUITCAD
1000
{"id":"master-terminal-0"}
0
CIRCLE
5
1DD
330
5F4
100
AcDbEntity
8
0
62
0
6
CONTINUOUS
100
AcDbCircle
10
0
20
0
30
0
40
12
1001
CONDUITCAD
1000
{"id":"master-terminal-1"}
0
LWPOLYLINE
5
1DE
330
5F4
100
AcDbEntity
8
0
62
0
6
CONTINUOUS
100
AcDbPolyline
90
4
70
1
10
-25
20
-25
10
25
20
-25
10
25
20
25
10
-25
20
25
1001
CONDUITCAD
1000
{"id":"master-terminal-2"}
0
ENDBLK
5
701
330
5F4
100
AcDbEntity
8
0
100
AcDbBlockEnd
0
BLOCK
5
702
330
5F5
100
AcDbEntity
8
0
100
AcDbBlockBegin
2
CC_OP_AMP
70
0
10
0
20
0
30
0
3
CC_OP_AMP
1

1001
CONDUITCAD
1000
{"ports":[{"name":"positive","x":-45,"y":18,"dx":-1,"dy":0,"medium":"electrical","role":"connection"},{"name":"negative","x":-45,"y":-18,"dx":-1,"dy":0,"medium":"electrical","role":"connection"},{"nam
1000
e":"out","x":45,"y":0,"dx":1,"dy":0,"medium":"electrical","role":"connection"}],"symbol":{"name":"Operational amplifier","category":"Electrical","labelOffset":57,"geometryRevision":3,"convention":"IEC
1000
-60617 family","conformity":"Original master; not standards-certified","standardRefs":["IEC-60617"],"normativeEntry":null,"review":{"level":"geometry-and-convention","dimensionalConformance":"not-veri
1000
fied","note":"Reviewed: silhouette, terminal positions, normal state and distinct function retained."},"group":"Components","aliases":["op amp"],"defaultLayer":"Electrical","extents":{"minX":-45,"minY
1000
":-35,"maxX":45,"maxY":35}}}
0
LWPOLYLINE
5
1DF
330
5F5
100
AcDbEntity
8
0
62
0
6
CONTINUOUS
100
AcDbPolyline
90
3
70
1
10
-30
20
-35
10
35
20
0
10
-30
20
35
1001
CONDUITCAD
1000
{"id":"master-op-amp-0"}
0
LINE
5
1E0
330
5F5
100
AcDbEntity
8
0
62
0
6
CONTINUOUS
100
AcDbLine
10
-45
20
18
30
0
11
-30
21
18
31
0
1001
CONDUITCAD
1000
{"id":"master-op-amp-1"}
0
LINE
5
1E1
330
5F5
100
AcDbEntity
8
0
62
0
6
CONTINUOUS
100
AcDbLine
10
-45
20
-18
30
0
11
-30
21
-18
31
0
1001
CONDUITCAD
1000
{"id":"master-op-amp-2"}
0
LINE
5
1E2
330
5F5
100
AcDbEntity
8
0
62
0
6
CONTINUOUS
100
AcDbLine
10
35
20
0
30
0
11
45
21
0
31
0
1001
CONDUITCAD
1000
{"id":"master-op-amp-3"}
0
TEXT
5
1E3
330
5F5
100
AcDbEntity
8
0
62
0
6
CONTINUOUS
100
AcDbText
10
-20
20
13
30
0
40
12
1
+
50
0
41
1
7
STANDARD
72
1
11
-20
21
13
31
0
100
AcDbText
73
0
1001
CONDUITCAD
1000
{"id":"master-op-amp-4"}
0
TEXT
5
1E4
330
5F5
100
AcDbEntity
8
0
62
0
6
CONTINUOUS
100
AcDbText
10
-20
20
-23
30
0
40
12
1
−
50
0
41
1
7
STANDARD
72
1
11
-20
21
-23
31
0
100
AcDbText
73
0
1001
CONDUITCAD
1000
{"id":"master-op-amp-5"}
0
ENDBLK
5
703
330
5F5
100
AcDbEntity
8
0
100
AcDbBlockEnd
0
BLOCK
5
704
330
5F6
100
AcDbEntity
8
0
100
AcDbBlockBegin
2
CC_LAMP
70
0
10
0
20
0
30
0
3
CC_LAMP
1

1001
CONDUITCAD
1000
{"ports":[{"name":"in","x":-45,"y":0,"dx":-1,"dy":0,"medium":"electrical","role":"connection"},{"name":"out","x":45,"y":0,"dx":1,"dy":0,"medium":"electrical","role":"connection"}],"symbol":{"name":"In
1000
dicator lamp","category":"Electrical","labelOffset":48,"geometryRevision":3,"convention":"IEC-60617 family","conformity":"Original master; not standards-certified","standardRefs":["IEC-60617"],"normat
1000
iveEntry":null,"review":{"level":"geometry-and-convention","dimensionalConformance":"not-verified","note":"Reviewed: silhouette, terminal positions, normal state and distinct function retained."},"gro
1000
up":"Components","aliases":["lamp"],"defaultLayer":"Electrical","extents":{"minX":-45,"minY":-23.99254036801959,"maxX":45,"maxY":23.99254036801959}}}
0
LINE
5
1E5
330
5F6
100
AcDbEntity
8
0
62
0
6
CONTINUOUS
100
AcDbLine
10
-45
20
0
30
0
11
-24
21
0
31
0
1001
CONDUITCAD
1000
{"id":"master-lamp-0"}
0
LINE
5
1E6
330
5F6
100
AcDbEntity
8
0
62
0
6
CONTINUOUS
100
AcDbLine
10
24
20
0
30
0
11
45
21
0
31
0
1001
CONDUITCAD
1000
{"id":"master-lamp-1"}
0
CIRCLE
5
1E7
330
5F6
100
AcDbEntity
8
0
62
0
6
CONTINUOUS
100
AcDbCircle
10
0
20
0
30
0
40
24
1001
CONDUITCAD
1000
{"id":"master-lamp-2"}
0
LINE
5
1E8
330
5F6
100
AcDbEntity
8
0
62
0
6
CONTINUOUS
100
AcDbLine
10
-17
20
-17
30
0
11
17
21
17
31
0
1001
CONDUITCAD
1000
{"id":"master-lamp-3"}
0
LINE
5
1E9
330
5F6
100
AcDbEntity
8
0
62
0
6
CONTINUOUS
100
AcDbLine
10
-17
20
17
30
0
11
17
21
-17
31
0
1001
CONDUITCAD
1000
{"id":"master-lamp-4"}
0
ENDBLK
5
705
330
5F6
100
AcDbEntity
8
0
100
AcDbBlockEnd
0
BLOCK
5
706
330
5F7
100
AcDbEntity
8
0
100
AcDbBlockBegin
2
CC_PROCESS
70
0
10
0
20
0
30
0
3
CC_PROCESS
1

1001
CONDUITCAD
1000
{"ports":[{"name":"in","x":0,"y":35,"dx":0,"dy":1,"medium":"logical","role":"connection"},{"name":"out","x":0,"y":-35,"dx":0,"dy":-1,"medium":"logical","role":"connection"},{"name":"left","x":-55,"y":
1000
0,"dx":-1,"dy":0,"medium":"logical","role":"connection"},{"name":"right","x":55,"y":0,"dx":1,"dy":0,"medium":"logical","role":"connection"}],"symbol":{"name":"Process","category":"Flow","labelOffset":
1000
57,"geometryRevision":3,"convention":"ISO-5807 family","conformity":"Original master; not standards-certified","standardRefs":["ISO-5807"],"normativeEntry":null,"review":{"level":"geometry-and-convent
1000
ion","dimensionalConformance":"not-verified","note":"Reviewed: silhouette, terminal positions, normal state and distinct function retained."},"group":"Components","aliases":["process"],"defaultLayer":
1000
"Process","extents":{"minX":-55,"minY":-35,"maxX":55,"maxY":35}}}
0
LWPOLYLINE
5
1EA
330
5F7
100
AcDbEntity
8
0
62
0
6
CONTINUOUS
100
AcDbPolyline
90
4
70
1
10
-55
20
-35
10
55
20
-35
10
55
20
35
10
-55
20
35
1001
CONDUITCAD
1000
{"id":"master-process-0"}
0
TEXT
5
1EB
330
5F7
100
AcDbEntity
8
0
62
0
6
CONTINUOUS
100
AcDbText
10
0
20
-5
30
0
40
14
1
Process
50
0
41
1
7
STANDARD
72
1
11
0
21
-5
31
0
100
AcDbText
73
0
1001
CONDUITCAD
1000
{"id":"master-process-1"}
0
ENDBLK
5
707
330
5F7
100
AcDbEntity
8
0
100
AcDbBlockEnd
0
BLOCK
5
708
330
5F8
100
AcDbEntity
8
0
100
AcDbBlockBegin
2
CC_DECISION
70
0
10
0
20
0
30
0
3
CC_DECISION
1

1001
CONDUITCAD
1000
{"ports":[{"name":"in","x":0,"y":42,"dx":0,"dy":1,"medium":"logical","role":"connection"},{"name":"out","x":0,"y":-42,"dx":0,"dy":-1,"medium":"logical","role":"connection"},{"name":"yes","x":60,"y":0,
1000
"dx":1,"dy":0,"medium":"logical","role":"connection"},{"name":"no","x":-60,"y":0,"dx":-1,"dy":0,"medium":"logical","role":"connection"}],"symbol":{"name":"Decision","category":"Flow","labelOffset":64,
1000
"geometryRevision":3,"convention":"ISO-5807 family","conformity":"Original master; not standards-certified","standardRefs":["ISO-5807"],"normativeEntry":null,"review":{"level":"geometry-and-convention
1000
","dimensionalConformance":"not-verified","note":"Reviewed: silhouette, terminal positions, normal state and distinct function retained."},"group":"Components","aliases":["decision"],"defaultLayer":"P
1000
rocess","extents":{"minX":-60,"minY":-42,"maxX":60,"maxY":42}}}
0
LWPOLYLINE
5
1EC
330
5F8
100
AcDbEntity
8
0
62
0
6
CONTINUOUS
100
AcDbPolyline
90
4
70
1
10
0
20
42
10
60
20
0
10
0
20
-42
10
-60
20
0
1001
CONDUITCAD
1000
{"id":"master-decision-0"}
0
TEXT
5
1ED
330
5F8
100
AcDbEntity
8
0
62
0
6
CONTINUOUS
100
AcDbText
10
0
20
-5
30
0
40
13
1
Decision
50
0
41
1
7
STANDARD
72
1
11
0
21
-5
31
0
100
AcDbText
73
0
1001
CONDUITCAD
1000
{"id":"master-decision-1"}
0
ENDBLK
5
709
330
5F8
100
AcDbEntity
8
0
100
AcDbBlockEnd
0
BLOCK
5
70A
330
5F9
100
AcDbEntity
8
0
100
AcDbBlockBegin
2
CC_TERMINATOR
70
0
10
0
20
0
30
0
3
CC_TERMINATOR
1

1001
CONDUITCAD
1000
{"ports":[{"name":"in","x":0,"y":30,"dx":0,"dy":1,"medium":"logical","role":"connection"},{"name":"out","x":0,"y":-30,"dx":0,"dy":-1,"medium":"logical","role":"connection"}],"symbol":{"name":"Start / 
1000
end","category":"Flow","labelOffset":52,"geometryRevision":3,"convention":"ISO-5807 family","conformity":"Original master; not standards-certified","standardRefs":["ISO-5807"],"normativeEntry":null,"r
1000
eview":{"level":"geometry-and-convention","dimensionalConformance":"not-verified","note":"Analytic semicircles preserve the capsule at arbitrary drawing scale."},"group":"Components","aliases":["termi
1000
nator"],"defaultLayer":"Process","extents":{"minX":-55,"minY":-30,"maxX":55,"maxY":30}}}
0
LINE
5
1EE
330
5F9
100
AcDbEntity
8
0
62
0
6
CONTINUOUS
100
AcDbLine
10
-25
20
-30
30
0
11
25
21
-30
31
0
1001
CONDUITCAD
1000
{"id":"master-terminator-0"}
0
ARC
5
1EF
330
5F9
100
AcDbEntity
8
0
62
0
6
CONTINUOUS
100
AcDbCircle
10
25
20
0
30
0
40
30
100
AcDbArc
50
-90
51
90
1001
CONDUITCAD
1000
{"id":"master-terminator-1"}
0
LINE
5
1F0
330
5F9
100
AcDbEntity
8
0
62
0
6
CONTINUOUS
100
AcDbLine
10
25
20
30
30
0
11
-25
21
30
31
0
1001
CONDUITCAD
1000
{"id":"master-terminator-2"}
0
ARC
5
1F1
330
5F9
100
AcDbEntity
8
0
62
0
6
CONTINUOUS
100
AcDbCircle
10
-25
20
0
30
0
40
30
100
AcDbArc
50
90
51
270
1001
CONDUITCAD
1000
{"id":"master-terminator-3"}
0
TEXT
5
1F2
330
5F9
100
AcDbEntity
8
0
62
0
6
CONTINUOUS
100
AcDbText
10
0
20
-5
30
0
40
13
1
Start / end
50
0
41
1
7
STANDARD
72
1
11
0
21
-5
31
0
100
AcDbText
73
0
1001
CONDUITCAD
1000
{"id":"master-terminator-4"}
0
ENDBLK
5
70B
330
5F9
100
AcDbEntity
8
0
100
AcDbBlockEnd
0
BLOCK
5
70C
330
5FA
100
AcDbEntity
8
0
100
AcDbBlockBegin
2
CC_DATA
70
0
10
0
20
0
30
0
3
CC_DATA
1

1001
CONDUITCAD
1000
{"ports":[{"name":"in","x":0,"y":35,"dx":0,"dy":1,"medium":"logical","role":"connection"},{"name":"out","x":0,"y":-35,"dx":0,"dy":-1,"medium":"logical","role":"connection"},{"name":"left","x":-53.5,"y
1000
":0,"dx":-1,"dy":0,"medium":"logical","role":"connection"},{"name":"right","x":53.5,"y":0,"dx":1,"dy":0,"medium":"logical","role":"connection"}],"symbol":{"name":"Data / input","category":"Flow","labe
1000
lOffset":57,"geometryRevision":3,"convention":"ISO-5807 family","conformity":"Original master; not standards-certified","standardRefs":["ISO-5807"],"normativeEntry":null,"review":{"level":"geometry-an
1000
d-convention","dimensionalConformance":"not-verified","note":"Reviewed: silhouette, terminal positions, normal state and distinct function retained."},"group":"Components","aliases":["data"],"defaultL
1000
ayer":"Process","extents":{"minX":-65,"minY":-35,"maxX":65,"maxY":35}}}
0
LWPOLYLINE
5
1F3
330
5FA
100
AcDbEntity
8
0
62
0
6
CONTINUOUS
100
AcDbPolyline
90
4
70
1
10
-42
20
-35
10
65
20
-35
10
42
20
35
10
-65
20
35
1001
CONDUITCAD
1000
{"id":"master-data-0"}
0
TEXT
5
1F4
330
5FA
100
AcDbEntity
8
0
62
0
6
CONTINUOUS
100
AcDbText
10
0
20
-5
30
0
40
14
1
Data
50
0
41
1
7
STANDARD
72
1
11
0
21
-5
31
0
100
AcDbText
73
0
1001
CONDUITCAD
1000
{"id":"master-data-1"}
0
ENDBLK
5
70D
330
5FA
100
AcDbEntity
8
0
100
AcDbBlockEnd
0
BLOCK
5
70E
330
5FB
100
AcDbEntity
8
0
100
AcDbBlockBegin
2
CC_DOCUMENT
70
0
10
0
20
0
30
0
3
CC_DOCUMENT
1

1001
CONDUITCAD
1000
{"ports":[{"name":"in","x":0,"y":35,"dx":0,"dy":1,"medium":"logical","role":"connection"},{"name":"out","x":0,"y":-24,"dx":0,"dy":-1,"medium":"logical","role":"connection"},{"name":"left","x":-55,"y":
1000
0,"dx":-1,"dy":0,"medium":"logical","role":"connection"},{"name":"right","x":55,"y":0,"dx":1,"dy":0,"medium":"logical","role":"connection"}],"symbol":{"name":"Document","category":"Flow","labelOffset"
1000
:55,"geometryRevision":3,"convention":"ISO-5807 family","conformity":"Original master; not standards-certified","standardRefs":["ISO-5807"],"normativeEntry":null,"review":{"level":"geometry-and-conven
1000
tion","dimensionalConformance":"not-verified","note":"Native cubic document wave replaces sharp zigzag bottom."},"group":"Components","aliases":["document"],"defaultLayer":"Process","extents":{"minX":
1000
-55,"minY":-32.94012451171875,"maxX":55,"maxY":35}}}
0
LINE
5
1F5
330
5FB
100
AcDbEntity
8
0
62
0
6
CONTINUOUS
100
AcDbLine
10
-55
20
-24
30
0
11
-55
21
35
31
0
1001
CONDUITCAD
1000
{"id":"master-document-0"}
0
LINE
5
1F6
330
5FB
100
AcDbEntity
8
0
62
0
6
CONTINUOUS
100
AcDbLine
10
-55
20
35
30
0
11
55
21
35
31
0
1001
CONDUITCAD
1000
{"id":"master-document-1"}
0
LINE
5
1F7
330
5FB
100
AcDbEntity
8
0
62
0
6
CONTINUOUS
100
AcDbLine
10
55
20
35
30
0
11
55
21
-24
31
0
1001
CONDUITCAD
1000
{"id":"master-document-2"}
0
SPLINE
5
1F8
330
5FB
100
AcDbEntity
8
0
62
0
6
CONTINUOUS
100
AcDbSpline
70
4
71
3
72
8
73
4
74
0
40
0
40
0
40
0
40
0
40
1
40
1
40
1
40
1
41
1
41
1
41
1
41
1
10
-55
20
-24
30
0
10
-20
20
-55
30
0
10
20
20
7
30
0
10
55
20
-24
30
0
1001
CONDUITCAD
1000
{"id":"master-document-3"}
0
TEXT
5
1F9
330
5FB
100
AcDbEntity
8
0
62
0
6
CONTINUOUS
100
AcDbText
10
0
20
-5
30
0
40
14
1
Document
50
0
41
1
7
STANDARD
72
1
11
0
21
-5
31
0
100
AcDbText
73
0
1001
CONDUITCAD
1000
{"id":"master-document-4"}
0
ENDBLK
5
70F
330
5FB
100
AcDbEntity
8
0
100
AcDbBlockEnd
0
BLOCK
5
710
330
5FC
100
AcDbEntity
8
0
100
AcDbBlockBegin
2
CC_DATABASE
70
0
10
0
20
0
30
0
3
CC_DATABASE
1

1001
CONDUITCAD
1000
{"ports":[{"name":"in","x":0,"y":40,"dx":0,"dy":1,"medium":"logical","role":"connection"},{"name":"out","x":0,"y":-40,"dx":0,"dy":-1,"medium":"logical","role":"connection"},{"name":"left","x":-45,"y":
1000
0,"dx":-1,"dy":0,"medium":"logical","role":"connection"},{"name":"right","x":45,"y":0,"dx":1,"dy":0,"medium":"logical","role":"connection"}],"symbol":{"name":"Database","category":"Flow","labelOffset"
1000
:62,"geometryRevision":3,"convention":"ISO-5807 family","conformity":"Original master; not standards-certified","standardRefs":["ISO-5807"],"normativeEntry":null,"review":{"level":"geometry-and-conven
1000
tion","dimensionalConformance":"not-verified","note":"Native elliptical storage cylinder; terminals coincide with silhouette extrema."},"group":"Components","aliases":["database"],"defaultLayer":"Proc
1000
ess","extents":{"minX":-45,"minY":-40,"maxX":45,"maxY":40}}}
0
LINE
5
1FA
330
5FC
100
AcDbEntity
8
0
62
0
6
CONTINUOUS
100
AcDbLine
10
-45
20
-25
30
0
11
-45
21
25
31
0
1001
CONDUITCAD
1000
{"id":"master-database-0"}
0
LINE
5
1FB
330
5FC
100
AcDbEntity
8
0
62
0
6
CONTINUOUS
100
AcDbLine
10
45
20
-25
30
0
11
45
21
25
31
0
1001
CONDUITCAD
1000
{"id":"master-database-1"}
0
ELLIPSE
5
1FC
330
5FC
100
AcDbEntity
8
0
62
0
6
CONTINUOUS
100
AcDbEllipse
10
0
20
25
30
0
11
45
21
0
31
0
40
0.3333333333333333
41
0
42
6.283185307179586
1001
CONDUITCAD
1000
{"id":"master-database-2"}
0
ELLIPSE
5
1FD
330
5FC
100
AcDbEntity
8
0
62
0
6
CONTINUOUS
100
AcDbEllipse
10
0
20
-25
30
0
11
45
21
0
31
0
40
0.3333333333333333
41
3.141592653589793
42
6.283185307179586
1001
CONDUITCAD
1000
{"id":"master-database-3"}
0
TEXT
5
1FE
330
5FC
100
AcDbEntity
8
0
62
0
6
CONTINUOUS
100
AcDbText
10
0
20
-5
30
0
40
13
1
Database
50
0
41
1
7
STANDARD
72
1
11
0
21
-5
31
0
100
AcDbText
73
0
1001
CONDUITCAD
1000
{"id":"master-database-4"}
0
ENDBLK
5
711
330
5FC
100
AcDbEntity
8
0
100
AcDbBlockEnd
0
BLOCK
5
712
330
5FD
100
AcDbEntity
8
0
100
AcDbBlockBegin
2
CC_SUBPROCESS
70
0
10
0
20
0
30
0
3
CC_SUBPROCESS
1

1001
CONDUITCAD
1000
{"ports":[{"name":"in","x":0,"y":35,"dx":0,"dy":1,"medium":"logical","role":"connection"},{"name":"out","x":0,"y":-35,"dx":0,"dy":-1,"medium":"logical","role":"connection"},{"name":"left","x":-55,"y":
1000
0,"dx":-1,"dy":0,"medium":"logical","role":"connection"},{"name":"right","x":55,"y":0,"dx":1,"dy":0,"medium":"logical","role":"connection"}],"symbol":{"name":"Subprocess","category":"Flow","labelOffse
1000
t":57,"geometryRevision":3,"convention":"ISO-5807 family","conformity":"Original master; not standards-certified","standardRefs":["ISO-5807"],"normativeEntry":null,"review":{"level":"geometry-and-conv
1000
ention","dimensionalConformance":"not-verified","note":"Reviewed: silhouette, terminal positions, normal state and distinct function retained."},"group":"Components","aliases":["subprocess"],"defaultL
1000
ayer":"Process","extents":{"minX":-55,"minY":-35,"maxX":55,"maxY":35}}}
0
LWPOLYLINE
5
1FF
330
5FD
100
AcDbEntity
8
0
62
0
6
CONTINUOUS
100
AcDbPolyline
90
4
70
1
10
-55
20
-35
10
55
20
-35
10
55
20
35
10
-55
20
35
1001
CONDUITCAD
1000
{"id":"master-subprocess-0"}
0
LINE
5
200
330
5FD
100
AcDbEntity
8
0
62
0
6
CONTINUOUS
100
AcDbLine
10
-43
20
-35
30
0
11
-43
21
35
31
0
1001
CONDUITCAD
1000
{"id":"master-subprocess-1"}
0
LINE
5
201
330
5FD
100
AcDbEntity
8
0
62
0
6
CONTINUOUS
100
AcDbLine
10
43
20
-35
30
0
11
43
21
35
31
0
1001
CONDUITCAD
1000
{"id":"master-subprocess-2"}
0
TEXT
5
202
330
5FD
100
AcDbEntity
8
0
62
0
6
CONTINUOUS
100
AcDbText
10
0
20
-5
30
0
40
12
1
Subprocess
50
0
41
1
7
STANDARD
72
1
11
0
21
-5
31
0
100
AcDbText
73
0
1001
CONDUITCAD
1000
{"id":"master-subprocess-3"}
0
ENDBLK
5
713
330
5FD
100
AcDbEntity
8
0
100
AcDbBlockEnd
0
BLOCK
5
714
330
5FE
100
AcDbEntity
8
0
100
AcDbBlockBegin
2
CC_MANUAL
70
0
10
0
20
0
30
0
3
CC_MANUAL
1

1001
CONDUITCAD
1000
{"ports":[{"name":"in","x":0,"y":32,"dx":0,"dy":1,"medium":"logical","role":"connection"},{"name":"out","x":0,"y":-35,"dx":0,"dy":-1,"medium":"logical","role":"connection"},{"name":"left","x":-55,"y":
1000
0,"dx":-1,"dy":0,"medium":"logical","role":"connection"},{"name":"right","x":55,"y":0,"dx":1,"dy":0,"medium":"logical","role":"connection"}],"symbol":{"name":"Manual input","category":"Flow","labelOff
1000
set":57,"geometryRevision":3,"convention":"ISO-5807 family","conformity":"Original master; not standards-certified","standardRefs":["ISO-5807"],"normativeEntry":null,"review":{"level":"geometry-and-co
1000
nvention","dimensionalConformance":"not-verified","note":"Reviewed: silhouette, terminal positions, normal state and distinct function retained."},"group":"Components","aliases":["manual"],"defaultLay
1000
er":"Process","extents":{"minX":-55,"minY":-35,"maxX":55,"maxY":42}}}
0
LWPOLYLINE
5
203
330
5FE
100
AcDbEntity
8
0
62
0
6
CONTINUOUS
100
AcDbPolyline
90
4
70
1
10
-55
20
-35
10
55
20
-35
10
55
20
42
10
-55
20
22
1001
CONDUITCAD
1000
{"id":"master-manual-0"}
0
TEXT
5
204
330
5FE
100
AcDbEntity
8
0
62
0
6
CONTINUOUS
100
AcDbText
10
0
20
-5
30
0
40
14
1
Input
50
0
41
1
7
STANDARD
72
1
11
0
21
-5
31
0
100
AcDbText
73
0
1001
CONDUITCAD
1000
{"id":"master-manual-1"}
0
ENDBLK
5
715
330
5FE
100
AcDbEntity
8
0
100
AcDbBlockEnd
0
BLOCK
5
716
330
5FF
100
AcDbEntity
8
0
100
AcDbBlockBegin
2
CC_PREPARATION
70
0
10
0
20
0
30
0
3
CC_PREPARATION
1

1001
CONDUITCAD
1000
{"ports":[{"name":"in","x":0,"y":35,"dx":0,"dy":1,"medium":"logical","role":"connection"},{"name":"out","x":0,"y":-35,"dx":0,"dy":-1,"medium":"logical","role":"connection"},{"name":"left","x":-60,"y":
1000
0,"dx":-1,"dy":0,"medium":"logical","role":"connection"},{"name":"right","x":60,"y":0,"dx":1,"dy":0,"medium":"logical","role":"connection"}],"symbol":{"name":"Preparation","category":"Flow","labelOffs
1000
et":57,"geometryRevision":3,"convention":"ISO-5807 family","conformity":"Original master; not standards-certified","standardRefs":["ISO-5807"],"normativeEntry":null,"review":{"level":"geometry-and-con
1000
vention","dimensionalConformance":"not-verified","note":"Reviewed: silhouette, terminal positions, normal state and distinct function retained."},"group":"Components","aliases":["preparation"],"defaul
1000
tLayer":"Process","extents":{"minX":-60,"minY":-35,"maxX":60,"maxY":35}}}
0
LWPOLYLINE
5
205
330
5FF
100
AcDbEntity
8
0
62
0
6
CONTINUOUS
100
AcDbPolyline
90
6
70
1
10
-40
20
-35
10
40
20
-35
10
60
20
0
10
40
20
35
10
-40
20
35
10
-60
20
0
1001
CONDUITCAD
1000
{"id":"master-preparation-0"}
0
TEXT
5
206
330
5FF
100
AcDbEntity
8
0
62
0
6
CONTINUOUS
100
AcDbText
10
0
20
-5
30
0
40
14
1
Prepare
50
0
41
1
7
STANDARD
72
1
11
0
21
-5
31
0
100
AcDbText
73
0
1001
CONDUITCAD
1000
{"id":"master-preparation-1"}
0
ENDBLK
5
717
330
5FF
100
AcDbEntity
8
0
100
AcDbBlockEnd
0
BLOCK
5
718
330
600
100
AcDbEntity
8
0
100
AcDbBlockBegin
2
CC_DELAY
70
0
10
0
20
0
30
0
3
CC_DELAY
1

1001
CONDUITCAD
1000
{"ports":[{"name":"in","x":0,"y":35,"dx":0,"dy":1,"medium":"logical","role":"connection"},{"name":"out","x":0,"y":-35,"dx":0,"dy":-1,"medium":"logical","role":"connection"},{"name":"left","x":-50,"y":
1000
0,"dx":-1,"dy":0,"medium":"logical","role":"connection"},{"name":"right","x":40,"y":0,"dx":1,"dy":0,"medium":"logical","role":"connection"}],"symbol":{"name":"Delay","category":"Flow","labelOffset":57
1000
,"geometryRevision":3,"convention":"ISO-5807 family","conformity":"Original master; not standards-certified","standardRefs":["ISO-5807"],"normativeEntry":null,"review":{"level":"geometry-and-conventio
1000
n","dimensionalConformance":"not-verified","note":"Delay D-form uses a native semicircle."},"group":"Components","aliases":["delay"],"defaultLayer":"Process","extents":{"minX":-50,"minY":-35,"maxX":40
1000
,"maxY":35}}}
0
LINE
5
207
330
600
100
AcDbEntity
8
0
62
0
6
CONTINUOUS
100
AcDbLine
10
-50
20
-35
30
0
11
5
21
-35
31
0
1001
CONDUITCAD
1000
{"id":"master-delay-0"}
0
ARC
5
208
330
600
100
AcDbEntity
8
0
62
0
6
CONTINUOUS
100
AcDbCircle
10
5
20
0
30
0
40
35
100
AcDbArc
50
-90
51
90
1001
CONDUITCAD
1000
{"id":"master-delay-1"}
0
LINE
5
209
330
600
100
AcDbEntity
8
0
62
0
6
CONTINUOUS
100
AcDbLine
10
5
20
35
30
0
11
-50
21
35
31
0
1001
CONDUITCAD
1000
{"id":"master-delay-2"}
0
LINE
5
20A
330
600
100
AcDbEntity
8
0
62
0
6
CONTINUOUS
100
AcDbLine
10
-50
20
35
30
0
11
-50
21
-35
31
0
1001
CONDUITCAD
1000
{"id":"master-delay-3"}
0
TEXT
5
20B
330
600
100
AcDbEntity
8
0
62
0
6
CONTINUOUS
100
AcDbText
10
-5
20
-5
30
0
40
14
1
Delay
50
0
41
1
7
STANDARD
72
1
11
-5
21
-5
31
0
100
AcDbText
73
0
1001
CONDUITCAD
1000
{"id":"master-delay-4"}
0
ENDBLK
5
719
330
600
100
AcDbEntity
8
0
100
AcDbBlockEnd
0
BLOCK
5
71A
330
601
100
AcDbEntity
8
0
100
AcDbBlockBegin
2
CC_JUNCTION
70
0
10
0
20
0
30
0
3
CC_JUNCTION
1

1001
CONDUITCAD
1000
{"ports":[{"name":"in","x":0,"y":16,"dx":0,"dy":1,"medium":"logical","role":"connection"},{"name":"out","x":0,"y":-16,"dx":0,"dy":-1,"medium":"logical","role":"connection"},{"name":"left","x":-16,"y":
1000
0,"dx":-1,"dy":0,"medium":"logical","role":"connection"},{"name":"right","x":16,"y":0,"dx":1,"dy":0,"medium":"logical","role":"connection"}],"symbol":{"name":"Junction","category":"Flow","labelOffset"
1000
:48,"geometryRevision":3,"convention":"ISO-5807 family","conformity":"Original master; not standards-certified","standardRefs":["ISO-5807"],"normativeEntry":null,"review":{"level":"geometry-and-conven
1000
tion","dimensionalConformance":"not-verified","note":"Reviewed: silhouette, terminal positions, normal state and distinct function retained."},"group":"Components","aliases":["junction"],"defaultLayer
1000
":"Process","extents":{"minX":-16,"minY":-16,"maxX":16,"maxY":16}}}
0
CIRCLE
5
20C
330
601
100
AcDbEntity
8
0
62
0
6
CONTINUOUS
100
AcDbCircle
10
0
20
0
30
0
40
16
1001
CONDUITCAD
1000
{"id":"master-junction-0"}
0
ENDBLK
5
71B
330
601
100
AcDbEntity
8
0
100
AcDbBlockEnd
0
BLOCK
5
71C
330
602
100
AcDbEntity
8
0
100
AcDbBlockBegin
2
CC_NOTE
70
0
10
0
20
0
30
0
3
CC_NOTE
1

1001
CONDUITCAD
1000
{"ports":[{"name":"left","x":-45,"y":0,"dx":-1,"dy":0,"medium":"logical","role":"connection"},{"name":"top","x":0,"y":35,"dx":0,"dy":1,"medium":"logical","role":"connection"},{"name":"bottom","x":0,"y
1000
":-35,"dx":0,"dy":-1,"medium":"logical","role":"connection"}],"symbol":{"name":"Annotation","category":"Flow","labelOffset":57,"geometryRevision":3,"convention":"ISO-5807 family","conformity":"Origina
1000
l master; not standards-certified","standardRefs":["ISO-5807"],"normativeEntry":null,"review":{"level":"geometry-and-convention","dimensionalConformance":"not-verified","note":"Reviewed: silhouette, t
1000
erminal positions, normal state and distinct function retained."},"group":"Components","aliases":["note"],"defaultLayer":"Process","extents":{"minX":-45,"minY":-35,"maxX":45,"maxY":35}}}
0
LWPOLYLINE
5
20D
330
602
100
AcDbEntity
8
0
62
0
6
CONTINUOUS
100
AcDbPolyline
90
4
70
0
10
45
20
35
10
-45
20
35
10
-45
20
-35
10
45
20
-35
1001
CONDUITCAD
1000
{"id":"master-note-0"}
0
TEXT
5
20E
330
602
100
AcDbEntity
8
0
62
0
6
CONTINUOUS
100
AcDbText
10
0
20
-5
30
0
40
14
1
Note
50
0
41
1
7
STANDARD
72
1
11
0
21
-5
31
0
100
AcDbText
73
0
1001
CONDUITCAD
1000
{"id":"master-note-1"}
0
ENDBLK
5
71D
330
602
100
AcDbEntity
8
0
100
AcDbBlockEnd
0
BLOCK
5
71E
330
603
100
AcDbEntity
8
0
100
AcDbBlockBegin
2
CC_PRESSURE_PANEL
70
0
10
0
20
0
30
0
3
CC_PRESSURE_PANEL
1

1001
CONDUITCAD
1000
{"ports":[{"name":"sense","x":0,"y":-45,"dx":0,"dy":-1,"medium":"signal","role":"connection"}],"symbol":{"name":"Pressure indicator \u00b7 panel","category":"P&ID","labelOffset":67,"geometryRevision":
1000
3,"convention":"ISA-5.1 family","conformity":"Original master; not standards-certified","instrumentLocation":"primary accessible panel","standardRefs":["ISA-5.1"],"group":"Field & panel instruments","
1000
normativeEntry":null,"review":{"level":"geometry-and-convention","dimensionalConformance":"not-verified","note":"Accessible panel location uses a solid horizontal divider."},"aliases":["pressure panel
1000
"],"defaultLayer":"Equipment","extents":{"minX":-26,"minY":-45,"maxX":26,"maxY":25.970550818758205}}}
0
CIRCLE
5
20F
330
603
100
AcDbEntity
8
0
62
0
6
CONTINUOUS
100
AcDbCircle
10
0
20
0
30
0
40
26
1001
CONDUITCAD
1000
{"id":"master-pressure-panel-0"}
0
LINE
5
210
330
603
100
AcDbEntity
8
0
62
0
6
CONTINUOUS
100
AcDbLine
10
-26
20
0
30
0
11
26
21
0
31
0
1001
CONDUITCAD
1000
{"id":"master-pressure-panel-1"}
0
TEXT
5
211
330
603
100
AcDbEntity
8
0
62
0
6
CONTINUOUS
100
AcDbText
10
0
20
7
30
0
40
12
1
PI
50
0
41
1
7
STANDARD
72
1
11
0
21
7
31
0
100
AcDbText
73
0
1001
CONDUITCAD
1000
{"id":"master-pressure-panel-2"}
0
LINE
5
212
330
603
100
AcDbEntity
8
0
62
0
6
CONTINUOUS
100
AcDbLine
10
0
20
-26
30
0
11
0
21
-45
31
0
1001
CONDUITCAD
1000
{"id":"master-pressure-panel-3"}
0
ENDBLK
5
71F
330
603
100
AcDbEntity
8
0
100
AcDbBlockEnd
0
BLOCK
5
720
330
604
100
AcDbEntity
8
0
100
AcDbBlockBegin
2
CC_PRESSURE_REAR
70
0
10
0
20
0
30
0
3
CC_PRESSURE_REAR
1

1001
CONDUITCAD
1000
{"ports":[{"name":"sense","x":0,"y":-45,"dx":0,"dy":-1,"medium":"signal","role":"connection"}],"symbol":{"name":"Pressure indicator \u00b7 rear panel","category":"P&ID","labelOffset":67,"geometryRevis
1000
ion":3,"convention":"ISA-5.1 family","conformity":"Original master; not standards-certified","instrumentLocation":"normally inaccessible","standardRefs":["ISA-5.1"],"group":"Field & panel instruments"
1000
,"normativeEntry":null,"review":{"level":"geometry-and-convention","dimensionalConformance":"not-verified","note":"Inaccessible location divider remains dashed in the catalogue preview and CAD."},"ali
1000
ases":["pressure rear"],"defaultLayer":"Equipment","extents":{"minX":-26,"minY":-45,"maxX":26,"maxY":25.970550818758205}}}
0
CIRCLE
5
213
330
604
100
AcDbEntity
8
0
62
0
6
CONTINUOUS
100
AcDbCircle
10
0
20
0
30
0
40
26
1001
CONDUITCAD
1000
{"id":"master-pressure-rear-0"}
0
LINE
5
214
330
604
100
AcDbEntity
8
0
62
0
6
CC_DASH_4_3
100
AcDbLine
10
-26
20
0
30
0
11
26
21
0
31
0
1001
CONDUITCAD
1000
{"id":"master-pressure-rear-1","dash":[4,3]}
0
TEXT
5
215
330
604
100
AcDbEntity
8
0
62
0
6
CONTINUOUS
100
AcDbText
10
0
20
7
30
0
40
12
1
PI
50
0
41
1
7
STANDARD
72
1
11
0
21
7
31
0
100
AcDbText
73
0
1001
CONDUITCAD
1000
{"id":"master-pressure-rear-2"}
0
LINE
5
216
330
604
100
AcDbEntity
8
0
62
0
6
CONTINUOUS
100
AcDbLine
10
0
20
-26
30
0
11
0
21
-45
31
0
1001
CONDUITCAD
1000
{"id":"master-pressure-rear-3"}
0
ENDBLK
5
721
330
604
100
AcDbEntity
8
0
100
AcDbBlockEnd
0
BLOCK
5
722
330
605
100
AcDbEntity
8
0
100
AcDbBlockBegin
2
CC_CAPACITOR_POLARIZED
70
0
10
0
20
0
30
0
3
CC_CAPACITOR_POLARIZED
1

1001
CONDUITCAD
1000
{"ports":[{"name":"in","x":-45,"y":0,"dx":-1,"dy":0,"medium":"electrical","role":"connection"},{"name":"out","x":45,"y":0,"dx":1,"dy":0,"medium":"electrical","role":"connection"}],"symbol":{"name":"Ca
1000
pacitor \u00b7 polarized","category":"Electrical","labelOffset":48,"geometryRevision":3,"convention":"Explicit project drafting convention","conformity":"Original master; not standards-certified","rep
1000
resentation":"curved-plate alternative","standardRefs":["PROJECT"],"normativeEntry":null,"review":{"level":"geometry-and-convention","dimensionalConformance":"not-verified","note":"Native curved negat
1000
ive plate, explicit positive marking and connected leads."},"group":"Components","aliases":["capacitor polarized"],"defaultLayer":"Electrical","extents":{"minX":-45,"minY":-25,"maxX":45,"maxY":26}}}
0
LINE
5
217
330
605
100
AcDbEntity
8
0
62
0
6
CONTINUOUS
100
AcDbLine
10
-45
20
0
30
0
11
-7
21
0
31
0
1001
CONDUITCAD
1000
{"id":"master-capacitor-polarized-0"}
0
LINE
5
218
330
605
100
AcDbEntity
8
0
62
0
6
CONTINUOUS
100
AcDbLine
10
0
20
0
30
0
11
45
21
0
31
0
1001
CONDUITCAD
1000
{"id":"master-capacitor-polarized-1"}
0
LINE
5
219
330
605
100
AcDbEntity
8
0
62
0
6
CONTINUOUS
100
AcDbLine
10
-7
20
-25
30
0
11
-7
21
25
31
0
1001
CONDUITCAD
1000
{"id":"master-capacitor-polarized-2"}
0
ARC
5
21A
330
605
100
AcDbEntity
8
0
62
0
6
CONTINUOUS
100
AcDbCircle
10
52
20
0
30
0
40
52
100
AcDbArc
50
153.64394142398214
51
206.35605857601786
1001
CONDUITCAD
1000
{"id":"master-capacitor-polarized-3"}
0
LINE
5
21B
330
605
100
AcDbEntity
8
0
62
0
6
CONTINUOUS
100
AcDbLine
10
-28
20
20
30
0
11
-16
21
20
31
0
1001
CONDUITCAD
1000
{"id":"master-capacitor-polarized-4"}
0
LINE
5
21C
330
605
100
AcDbEntity
8
0
62
0
6
CONTINUOUS
100
AcDbLine
10
-22
20
14
30
0
11
-22
21
26
31
0
1001
CONDUITCAD
1000
{"id":"master-capacitor-polarized-5"}
0
ENDBLK
5
723
330
605
100
AcDbEntity
8
0
100
AcDbBlockEnd
0
BLOCK
5
724
330
606
100
AcDbEntity
8
0
100
AcDbBlockBegin
2
CC_SIGNAL_GROUND
70
0
10
0
20
0
30
0
3
CC_SIGNAL_GROUND
1

1001
CONDUITCAD
1000
{"ports":[{"name":"terminal","x":0,"y":40,"dx":0,"dy":1,"medium":"electrical","role":"connection"}],"symbol":{"name":"Signal reference","category":"Electrical","labelOffset":48,"geometryRevision":3,"c
1000
onvention":"IEC-60617 family","conformity":"Original master; not standards-certified","standardRefs":["IEC-60617"],"normativeEntry":null,"review":{"level":"geometry-and-convention","dimensionalConform
1000
ance":"not-verified","note":"Reviewed: silhouette, terminal positions, normal state and distinct function retained."},"group":"Components","aliases":["signal ground"],"defaultLayer":"Electrical","exte
1000
nts":{"minX":-24,"minY":-22,"maxX":24,"maxY":40}}}
0
LINE
5
21D
330
606
100
AcDbEntity
8
0
62
0
6
CONTINUOUS
100
AcDbLine
10
0
20
40
30
0
11
0
21
10
31
0
1001
CONDUITCAD
1000
{"id":"master-signal-ground-0"}
0
LWPOLYLINE
5
21E
330
606
100
AcDbEntity
8
0
62
0
6
CONTINUOUS
100
AcDbPolyline
90
3
70
1
10
-24
20
10
10
24
20
10
10
0
20
-22
1001
CONDUITCAD
1000
{"id":"master-signal-ground-1"}
0
ENDBLK
5
725
330
606
100
AcDbEntity
8
0
100
AcDbBlockEnd
0
BLOCK
5
726
330
607
100
AcDbEntity
8
0
100
AcDbBlockBegin
2
CC_CHASSIS
70
0
10
0
20
0
30
0
3
CC_CHASSIS
1

1001
CONDUITCAD
1000
{"ports":[{"name":"terminal","x":0,"y":40,"dx":0,"dy":1,"medium":"electrical","role":"connection"}],"symbol":{"name":"Chassis connection","category":"Electrical","labelOffset":48,"geometryRevision":3,
1000
"convention":"IEC-60617 family","conformity":"Original master; not standards-certified","standardRefs":["IEC-60617"],"normativeEntry":null,"review":{"level":"geometry-and-convention","dimensionalConfo
1000
rmance":"not-verified","note":"Reviewed: silhouette, terminal positions, normal state and distinct function retained."},"group":"Components","aliases":["chassis"],"defaultLayer":"Electrical","extents"
1000
:{"minX":-35,"minY":-8,"maxX":24,"maxY":40}}}
0
LINE
5
21F
330
607
100
AcDbEntity
8
0
62
0
6
CONTINUOUS
100
AcDbLine
10
0
20
40
30
0
11
0
21
8
31
0
1001
CONDUITCAD
1000
{"id":"master-chassis-0"}
0
LINE
5
220
330
607
100
AcDbEntity
8
0
62
0
6
CONTINUOUS
100
AcDbLine
10
-24
20
8
30
0
11
24
21
8
31
0
1001
CONDUITCAD
1000
{"id":"master-chassis-1"}
0
LINE
5
221
330
607
100
AcDbEntity
8
0
62
0
6
CONTINUOUS
100
AcDbLine
10
-24
20
8
30
0
11
-35
21
-8
31
0
1001
CONDUITCAD
1000
{"id":"master-chassis-2"}
0
LINE
5
222
330
607
100
AcDbEntity
8
0
62
0
6
CONTINUOUS
100
AcDbLine
10
0
20
8
30
0
11
-11
21
-8
31
0
1001
CONDUITCAD
1000
{"id":"master-chassis-3"}
0
LINE
5
223
330
607
100
AcDbEntity
8
0
62
0
6
CONTINUOUS
100
AcDbLine
10
24
20
8
30
0
11
13
21
-8
31
0
1001
CONDUITCAD
1000
{"id":"master-chassis-4"}
0
ENDBLK
5
727
330
607
100
AcDbEntity
8
0
100
AcDbBlockEnd
0
BLOCK
5
728
330
608
100
AcDbEntity
8
0
100
AcDbBlockBegin
2
CC_CONTACT_NO
70
0
10
0
20
0
30
0
3
CC_CONTACT_NO
1

1001
CONDUITCAD
1000
{"ports":[{"name":"in","x":-45,"y":0,"dx":-1,"dy":0,"medium":"electrical","role":"connection"},{"name":"out","x":45,"y":0,"dx":1,"dy":0,"medium":"electrical","role":"connection"}],"symbol":{"name":"Co
1000
ntact \u00b7 normally open","category":"Electrical","labelOffset":48,"geometryRevision":3,"convention":"IEC-60617 family","conformity":"Original master; not standards-certified","standardRefs":["IEC-6
1000
0617"],"normativeEntry":null,"review":{"level":"geometry-and-convention","dimensionalConformance":"not-verified","note":"Reviewed: silhouette, terminal positions, normal state and distinct function re
1000
tained."},"group":"Components","aliases":["contact no"],"defaultLayer":"Electrical","extents":{"minX":-45,"minY":-23,"maxX":45,"maxY":23}}}
0
LINE
5
224
330
608
100
AcDbEntity
8
0
62
0
6
CONTINUOUS
100
AcDbLine
10
-45
20
0
30
0
11
-8
21
0
31
0
1001
CONDUITCAD
1000
{"id":"master-contact-no-0"}
0
LINE
5
225
330
608
100
AcDbEntity
8
0
62
0
6
CONTINUOUS
100
AcDbLine
10
8
20
0
30
0
11
45
21
0
31
0
1001
CONDUITCAD
1000
{"id":"master-contact-no-1"}
0
LINE
5
226
330
608
100
AcDbEntity
8
0
62
0
6
CONTINUOUS
100
AcDbLine
10
-8
20
-23
30
0
11
-8
21
23
31
0
1001
CONDUITCAD
1000
{"id":"master-contact-no-2"}
0
LINE
5
227
330
608
100
AcDbEntity
8
0
62
0
6
CONTINUOUS
100
AcDbLine
10
8
20
-23
30
0
11
8
21
23
31
0
1001
CONDUITCAD
1000
{"id":"master-contact-no-3"}
0
ENDBLK
5
729
330
608
100
AcDbEntity
8
0
100
AcDbBlockEnd
0
BLOCK
5
72A
330
609
100
AcDbEntity
8
0
100
AcDbBlockBegin
2
CC_CONTACT_NC
70
0
10
0
20
0
30
0
3
CC_CONTACT_NC
1

1001
CONDUITCAD
1000
{"ports":[{"name":"in","x":-45,"y":0,"dx":-1,"dy":0,"medium":"electrical","role":"connection"},{"name":"out","x":45,"y":0,"dx":1,"dy":0,"medium":"electrical","role":"connection"}],"symbol":{"name":"Co
1000
ntact \u00b7 normally closed","category":"Electrical","labelOffset":50,"geometryRevision":3,"convention":"IEC-60617 family","conformity":"Original master; not standards-certified","standardRefs":["IEC
1000
-60617"],"normativeEntry":null,"review":{"level":"geometry-and-convention","dimensionalConformance":"not-verified","note":"Reviewed: silhouette, terminal positions, normal state and distinct function 
1000
retained."},"group":"Components","aliases":["contact nc"],"defaultLayer":"Electrical","extents":{"minX":-45,"minY":-28,"maxX":45,"maxY":28}}}
0
LINE
5
228
330
609
100
AcDbEntity
8
0
62
0
6
CONTINUOUS
100
AcDbLine
10
-45
20
0
30
0
11
-8
21
0
31
0
1001
CONDUITCAD
1000
{"id":"master-contact-nc-0"}
0
LINE
5
229
330
609
100
AcDbEntity
8
0
62
0
6
CONTINUOUS
100
AcDbLine
10
8
20
0
30
0
11
45
21
0
31
0
1001
CONDUITCAD
1000
{"id":"master-contact-nc-1"}
0
LINE
5
22A
330
609
100
AcDbEntity
8
0
62
0
6
CONTINUOUS
100
AcDbLine
10
-8
20
-23
30
0
11
-8
21
23
31
0
1001
CONDUITCAD
1000
{"id":"master-contact-nc-2"}
0
LINE
5
22B
330
609
100
AcDbEntity
8
0
62
0
6
CONTINUOUS
100
AcDbLine
10
8
20
-23
30
0
11
8
21
23
31
0
1001
CONDUITCAD
1000
{"id":"master-contact-nc-3"}
0
LINE
5
22C
330
609
100
AcDbEntity
8
0
62
0
6
CONTINUOUS
100
AcDbLine
10
-19
20
-28
30
0
11
19
21
28
31
0
1001
CONDUITCAD
1000
{"id":"master-contact-nc-4"}
0
ENDBLK
5
72B
330
609
100
AcDbEntity
8
0
100
AcDbBlockEnd
0
BLOCK
5
72C
330
60A
100
AcDbEntity
8
0
100
AcDbBlockBegin
2
CC_POTENTIOMETER
70
0
10
0
20
0
30
0
3
CC_POTENTIOMETER
1

1001
CONDUITCAD
1000
{"ports":[{"name":"in","x":-45,"y":0,"dx":-1,"dy":0,"medium":"electrical","role":"connection"},{"name":"out","x":45,"y":0,"dx":1,"dy":0,"medium":"electrical","role":"connection"},{"name":"wiper","x":0
1000
,"y":45,"dx":0,"dy":1,"medium":"electrical","role":"connection"}],"symbol":{"name":"Potentiometer","category":"Electrical","labelOffset":48,"geometryRevision":3,"convention":"IEC-60617 family","confor
1000
mity":"Original master; not standards-certified","standardRefs":["IEC-60617"],"normativeEntry":null,"review":{"level":"geometry-and-convention","dimensionalConformance":"not-verified","note":"Reviewed
1000
: silhouette, terminal positions, normal state and distinct function retained."},"group":"Components","aliases":["potentiometer"],"defaultLayer":"Electrical","extents":{"minX":-45,"minY":-11,"maxX":45
1000
,"maxY":45}}}
0
LINE
5
22D
330
60A
100
AcDbEntity
8
0
62
0
6
CONTINUOUS
100
AcDbLine
10
-45
20
0
30
0
11
-25
21
0
31
0
1001
CONDUITCAD
1000
{"id":"master-potentiometer-0"}
0
LINE
5
22E
330
60A
100
AcDbEntity
8
0
62
0
6
CONTINUOUS
100
AcDbLine
10
25
20
0
30
0
11
45
21
0
31
0
1001
CONDUITCAD
1000
{"id":"master-potentiometer-1"}
0
LWPOLYLINE
5
22F
330
60A
100
AcDbEntity
8
0
62
0
6
CONTINUOUS
100
AcDbPolyline
90
4
70
1
10
-25
20
-11
10
25
20
-11
10
25
20
11
10
-25
20
11
1001
CONDUITCAD
1000
{"id":"master-potentiometer-2"}
0
LINE
5
230
330
60A
100
AcDbEntity
8
0
62
0
6
CONTINUOUS
100
AcDbLine
10
0
20
45
30
0
11
0
21
12
31
0
1001
CONDUITCAD
1000
{"id":"master-potentiometer-3"}
0
LWPOLYLINE
5
231
330
60A
100
AcDbEntity
8
0
62
0
6
CONTINUOUS
100
AcDbPolyline
90
3
70
0
10
-6
20
22
10
0
20
12
10
6
20
22
1001
CONDUITCAD
1000
{"id":"master-potentiometer-4"}
0
ENDBLK
5
72D
330
60A
100
AcDbEntity
8
0
100
AcDbBlockEnd
0
BLOCK
5
72E
330
60B
100
AcDbEntity
8
0
100
AcDbBlockBegin
2
CC_NEEDLE_VALVE
70
0
10
0
20
0
30
0
3
CC_NEEDLE_VALVE
1

1001
CONDUITCAD
1000
{"ports":[{"name":"in","x":-45,"y":0,"dx":-1,"dy":0,"medium":"process","role":"connection"},{"name":"out","x":45,"y":0,"dx":1,"dy":0,"medium":"process","role":"connection"}],"symbol":{"name":"Needle v
1000
alve","category":"P&ID","group":"Valves & actuators","geometryRevision":3,"standardRefs":["ISO-10628-2"],"convention":"ISO-10628-2 family","conformity":"Original master; not standards-certified","norm
1000
ativeEntry":null,"review":{"level":"geometry-and-convention","dimensionalConformance":"not-verified","note":"New independently constructed CAD master with explicit terminal topology."},"aliases":["nee
1000
dle valve"],"defaultLayer":"Equipment","labelOffset":48,"extents":{"minX":-45,"minY":-18,"maxX":45,"maxY":32}}}
0
LINE
5
232
330
60B
100
AcDbEntity
8
0
62
0
6
CONTINUOUS
100
AcDbLine
10
-45
20
0
30
0
11
-25
21
0
31
0
1001
CONDUITCAD
1000
{"id":"master-needle-valve-0"}
0
LINE
5
233
330
60B
100
AcDbEntity
8
0
62
0
6
CONTINUOUS
100
AcDbLine
10
25
20
0
30
0
11
45
21
0
31
0
1001
CONDUITCAD
1000
{"id":"master-needle-valve-1"}
0
LWPOLYLINE
5
234
330
60B
100
AcDbEntity
8
0
62
0
6
CONTINUOUS
100
AcDbPolyline
90
3
70
1
10
-25
20
-18
10
0
20
0
10
-25
20
18
1001
CONDUITCAD
1000
{"id":"master-needle-valve-2"}
0
LWPOLYLINE
5
235
330
60B
100
AcDbEntity
8
0
62
0
6
CONTINUOUS
100
AcDbPolyline
90
3
70
1
10
25
20
-18
10
0
20
0
10
25
20
18
1001
CONDUITCAD
1000
{"id":"master-needle-valve-3"}
0
LINE
5
236
330
60B
100
AcDbEntity
8
0
62
0
6
CONTINUOUS
100
AcDbLine
10
-16
20
32
30
0
11
8
21
-12
31
0
1001
CONDUITCAD
1000
{"id":"master-needle-valve-4"}
0
LWPOLYLINE
5
237
330
60B
100
AcDbEntity
8
0
62
0
6
CONTINUOUS
100
AcDbPolyline
90
3
70
0
10
2
20
-1
10
8
20
-12
10
9
20
1
1001
CONDUITCAD
1000
{"id":"master-needle-valve-5"}
0
ENDBLK
5
72F
330
60B
100
AcDbEntity
8
0
100
AcDbBlockEnd
0
BLOCK
5
730
330
60C
100
AcDbEntity
8
0
100
AcDbBlockBegin
2
CC_DIAPHRAGM_VALVE
70
0
10
0
20
0
30
0
3
CC_DIAPHRAGM_VALVE
1

1001
CONDUITCAD
1000
{"ports":[{"name":"in","x":-45,"y":0,"dx":-1,"dy":0,"medium":"process","role":"connection"},{"name":"out","x":45,"y":0,"dx":1,"dy":0,"medium":"process","role":"connection"}],"symbol":{"name":"Diaphrag
1000
m valve","category":"P&ID","group":"Valves & actuators","geometryRevision":3,"standardRefs":["ISO-10628-2"],"convention":"ISO-10628-2 family","conformity":"Original master; not standards-certified","n
1000
ormativeEntry":null,"review":{"level":"geometry-and-convention","dimensionalConformance":"not-verified","note":"New independently constructed CAD master with explicit terminal topology."},"aliases":["
1000
diaphragm valve"],"defaultLayer":"Equipment","labelOffset":48,"extents":{"minX":-45,"minY":-15,"maxX":45,"maxY":35}}}
0
LINE
5
238
330
60C
100
AcDbEntity
8
0
62
0
6
CONTINUOUS
100
AcDbLine
10
-45
20
0
30
0
11
-25
21
0
31
0
1001
CONDUITCAD
1000
{"id":"master-diaphragm-valve-0"}
0
LINE
5
239
330
60C
100
AcDbEntity
8
0
62
0
6
CONTINUOUS
100
AcDbLine
10
25
20
0
30
0
11
45
21
0
31
0
1001
CONDUITCAD
1000
{"id":"master-diaphragm-valve-1"}
0
LWPOLYLINE
5
23A
330
60C
100
AcDbEntity
8
0
62
0
6
CONTINUOUS
100
AcDbPolyline
90
4
70
0
10
-25
20
-15
10
-25
20
12
10
25
20
12
10
25
20
-15
1001
CONDUITCAD
1000
{"id":"master-diaphragm-valve-2"}
0
ELLIPSE
5
23B
330
60C
100
AcDbEntity
8
0
62
0
6
CONTINUOUS
100
AcDbEllipse
10
0
20
12
30
0
11
25
21
0
31
0
40
0.72
41
3.141592653589793
42
6.283185307179586
1001
CONDUITCAD
1000
{"id":"master-diaphragm-valve-3"}
0
LINE
5
23C
330
60C
100
AcDbEntity
8
0
62
0
6
CONTINUOUS
100
AcDbLine
10
0
20
12
30
0
11
0
21
35
31
0
1001
CONDUITCAD
1000
{"id":"master-diaphragm-valve-4"}
0
LINE
5
23D
330
60C
100
AcDbEntity
8
0
62
0
6
CONTINUOUS
100
AcDbLine
10
-12
20
35
30
0
11
12
21
35
31
0
1001
CONDUITCAD
1000
{"id":"master-diaphragm-valve-5"}
0
ENDBLK
5
731
330
60C
100
AcDbEntity
8
0
100
AcDbBlockEnd
0
BLOCK
5
732
330
60D
100
AcDbEntity
8
0
100
AcDbBlockBegin
2
CC_PLUG_VALVE
70
0
10
0
20
0
30
0
3
CC_PLUG_VALVE
1

1001
CONDUITCAD
1000
{"ports":[{"name":"in","x":-45,"y":0,"dx":-1,"dy":0,"medium":"process","role":"connection"},{"name":"out","x":45,"y":0,"dx":1,"dy":0,"medium":"process","role":"connection"}],"symbol":{"name":"Plug val
1000
ve","category":"P&ID","group":"Valves & actuators","geometryRevision":3,"standardRefs":["ISO-10628-2"],"convention":"ISO-10628-2 family","conformity":"Original master; not standards-certified","normat
1000
iveEntry":null,"review":{"level":"geometry-and-convention","dimensionalConformance":"not-verified","note":"New independently constructed CAD master with explicit terminal topology."},"aliases":["plug 
1000
valve"],"defaultLayer":"Equipment","labelOffset":48,"extents":{"minX":-45,"minY":-18,"maxX":45,"maxY":18}}}
0
LINE
5
23E
330
60D
100
AcDbEntity
8
0
62
0
6
CONTINUOUS
100
AcDbLine
10
-45
20
0
30
0
11
-25
21
0
31
0
1001
CONDUITCAD
1000
{"id":"master-plug-valve-0"}
0
LINE
5
23F
330
60D
100
AcDbEntity
8
0
62
0
6
CONTINUOUS
100
AcDbLine
10
25
20
0
30
0
11
45
21
0
31
0
1001
CONDUITCAD
1000
{"id":"master-plug-valve-1"}
0
LWPOLYLINE
5
240
330
60D
100
AcDbEntity
8
0
62
0
6
CONTINUOUS
100
AcDbPolyline
90
3
70
1
10
-25
20
-18
10
0
20
0
10
-25
20
18
1001
CONDUITCAD
1000
{"id":"master-plug-valve-2"}
0
LWPOLYLINE
5
241
330
60D
100
AcDbEntity
8
0
62
0
6
CONTINUOUS
100
AcDbPolyline
90
3
70
1
10
25
20
-18
10
0
20
0
10
25
20
18
1001
CONDUITCAD
1000
{"id":"master-plug-valve-3"}
0
LWPOLYLINE
5
242
330
60D
100
AcDbEntity
8
0
62
0
6
CONTINUOUS
100
AcDbPolyline
90
4
70
1
10
-5
20
-10
10
5
20
-10
10
5
20
10
10
-5
20
10
1001
CONDUITCAD
1000
{"id":"master-plug-valve-4"}
0
ENDBLK
5
733
330
60D
100
AcDbEntity
8
0
100
AcDbBlockEnd
0
BLOCK
5
734
330
60E
100
AcDbEntity
8
0
100
AcDbBlockBegin
2
CC_KNIFE_GATE_VALVE
70
0
10
0
20
0
30
0
3
CC_KNIFE_GATE_VALVE
1

1001
CONDUITCAD
1000
{"ports":[{"name":"in","x":-45,"y":0,"dx":-1,"dy":0,"medium":"process","role":"connection"},{"name":"out","x":45,"y":0,"dx":1,"dy":0,"medium":"process","role":"connection"}],"symbol":{"name":"Knife ga
1000
te valve","category":"P&ID","group":"Valves & actuators","geometryRevision":3,"standardRefs":["ISO-10628-2"],"convention":"ISO-10628-2 family","conformity":"Original master; not standards-certified","
1000
normativeEntry":null,"review":{"level":"geometry-and-convention","dimensionalConformance":"not-verified","note":"New independently constructed CAD master with explicit terminal topology."},"aliases":[
1000
"knife gate valve"],"defaultLayer":"Equipment","labelOffset":48,"extents":{"minX":-45,"minY":-23,"maxX":45,"maxY":44}}}
0
LINE
5
243
330
60E
100
AcDbEntity
8
0
62
0
6
CONTINUOUS
100
AcDbLine
10
-45
20
0
30
0
11
-25
21
0
31
0
1001
CONDUITCAD
1000
{"id":"master-knife-gate-valve-0"}
0
LINE
5
244
330
60E
100
AcDbEntity
8
0
62
0
6
CONTINUOUS
100
AcDbLine
10
25
20
0
30
0
11
45
21
0
31
0
1001
CONDUITCAD
1000
{"id":"master-knife-gate-valve-1"}
0
LWPOLYLINE
5
245
330
60E
100
AcDbEntity
8
0
62
0
6
CONTINUOUS
100
AcDbPolyline
90
3
70
1
10
-25
20
-18
10
0
20
0
10
-25
20
18
1001
CONDUITCAD
1000
{"id":"master-knife-gate-valve-2"}
0
LWPOLYLINE
5
246
330
60E
100
AcDbEntity
8
0
62
0
6
CONTINUOUS
100
AcDbPolyline
90
3
70
1
10
25
20
-18
10
0
20
0
10
25
20
18
1001
CONDUITCAD
1000
{"id":"master-knife-gate-valve-3"}
0
LINE
5
247
330
60E
100
AcDbEntity
8
0
62
0
6
CONTINUOUS
100
AcDbLine
10
0
20
-23
30
0
11
0
21
36
31
0
1001
CONDUITCAD
1000
{"id":"master-knife-gate-valve-4"}
0
LWPOLYLINE
5
248
330
60E
100
AcDbEntity
8
0
62
0
6
CONTINUOUS
100
AcDbPolyline
90
4
70
1
10
-10
20
36
10
10
20
36
10
10
20
44
10
-10
20
44
1001
CONDUITCAD
1000
{"id":"master-knife-gate-valve-5"}
0
ENDBLK
5
735
330
60E
100
AcDbEntity
8
0
100
AcDbBlockEnd
0
BLOCK
5
736
330
60F
100
AcDbEntity
8
0
100
AcDbBlockBegin
2
CC_MOTOR_VALVE
70
0
10
0
20
0
30
0
3
CC_MOTOR_VALVE
1

1001
CONDUITCAD
1000
{"ports":[{"name":"in","x":-45,"y":0,"dx":-1,"dy":0,"medium":"process","role":"connection"},{"name":"out","x":45,"y":0,"dx":1,"dy":0,"medium":"process","role":"connection"}],"symbol":{"name":"Motor-op
1000
erated valve","category":"P&ID","group":"Valves & actuators","geometryRevision":3,"standardRefs":["ISO-10628-2"],"convention":"ISO-10628-2 family","conformity":"Original master; not standards-certifie
1000
d","normativeEntry":null,"review":{"level":"geometry-and-convention","dimensionalConformance":"not-verified","note":"New independently constructed CAD master with explicit terminal topology."},"aliase
1000
s":["motor valve"],"defaultLayer":"Equipment","labelOffset":48,"extents":{"minX":-45,"minY":-18,"maxX":45,"maxY":56.99268992422915}}}
0
LINE
5
249
330
60F
100
AcDbEntity
8
0
62
0
6
CONTINUOUS
100
AcDbLine
10
-45
20
0
30
0
11
-25
21
0
31
0
1001
CONDUITCAD
1000
{"id":"master-motor-valve-0"}
0
LINE
5
24A
330
60F
100
AcDbEntity
8
0
62
0
6
CONTINUOUS
100
AcDbLine
10
25
20
0
30
0
11
45
21
0
31
0
1001
CONDUITCAD
1000
{"id":"master-motor-valve-1"}
0
LWPOLYLINE
5
24B
330
60F
100
AcDbEntity
8
0
62
0
6
CONTINUOUS
100
AcDbPolyline
90
3
70
1
10
-25
20
-18
10
0
20
0
10
-25
20
18
1001
CONDUITCAD
1000
{"id":"master-motor-valve-2"}
0
LWPOLYLINE
5
24C
330
60F
100
AcDbEntity
8
0
62
0
6
CONTINUOUS
100
AcDbPolyline
90
3
70
1
10
25
20
-18
10
0
20
0
10
25
20
18
1001
CONDUITCAD
1000
{"id":"master-motor-valve-3"}
0
LINE
5
24D
330
60F
100
AcDbEntity
8
0
62
0
6
CONTINUOUS
100
AcDbLine
10
0
20
0
30
0
11
0
21
33
31
0
1001
CONDUITCAD
1000
{"id":"master-motor-valve-4"}
0
CIRCLE
5
24E
330
60F
100
AcDbEntity
8
0
62
0
6
CONTINUOUS
100
AcDbCircle
10
0
20
45
30
0
40
12
1001
CONDUITCAD
1000
{"id":"master-motor-valve-5"}
0
TEXT
5
24F
330
60F
100
AcDbEntity
8
0
62
0
6
CONTINUOUS
100
AcDbText
10
0
20
41
30
0
40
11
1
M
50
0
41
1
7
STANDARD
72
1
11
0
21
41
31
0
100
AcDbText
73
0
1001
CONDUITCAD
1000
{"id":"master-motor-valve-6"}
0
ENDBLK
5
737
330
60F
100
AcDbEntity
8
0
100
AcDbBlockEnd
0
BLOCK
5
738
330
610
100
AcDbEntity
8
0
100
AcDbBlockBegin
2
CC_RUPTURE_DISC
70
0
10
0
20
0
30
0
3
CC_RUPTURE_DISC
1

1001
CONDUITCAD
1000
{"ports":[{"name":"in","x":-45,"y":0,"dx":-1,"dy":0,"medium":"process","role":"connection"},{"name":"out","x":45,"y":0,"dx":1,"dy":0,"medium":"process","role":"connection"}],"symbol":{"name":"Rupture 
1000
disc","category":"P&ID","group":"Fittings & connections","geometryRevision":3,"standardRefs":["ISO-10628-2"],"convention":"ISO-10628-2 family","conformity":"Original master; not standards-certified","
1000
normativeEntry":null,"review":{"level":"geometry-and-convention","dimensionalConformance":"not-verified","note":"New independently constructed CAD master with explicit terminal topology."},"aliases":[
1000
"rupture disc"],"defaultLayer":"Equipment","labelOffset":48,"extents":{"minX":-45,"minY":-23,"maxX":45,"maxY":23}}}
0
LINE
5
250
330
610
100
AcDbEntity
8
0
62
0
6
CONTINUOUS
100
AcDbLine
10
-45
20
0
30
0
11
-8
21
0
31
0
1001
CONDUITCAD
1000
{"id":"master-rupture-disc-0"}
0
LINE
5
251
330
610
100
AcDbEntity
8
0
62
0
6
CONTINUOUS
100
AcDbLine
10
8
20
0
30
0
11
45
21
0
31
0
1001
CONDUITCAD
1000
{"id":"master-rupture-disc-1"}
0
LINE
5
252
330
610
100
AcDbEntity
8
0
62
0
6
CONTINUOUS
100
AcDbLine
10
-8
20
-23
30
0
11
-8
21
23
31
0
1001
CONDUITCAD
1000
{"id":"master-rupture-disc-2"}
0
LINE
5
253
330
610
100
AcDbEntity
8
0
62
0
6
CONTINUOUS
100
AcDbLine
10
8
20
-23
30
0
11
8
21
23
31
0
1001
CONDUITCAD
1000
{"id":"master-rupture-disc-3"}
0
ELLIPSE
5
254
330
610
100
AcDbEntity
8
0
62
0
6
CONTINUOUS
100
AcDbEllipse
10
-10
20
0
30
0
11
0
21
21
31
0
40
0.47619047619047616
41
3.141592653589793
42
0
1001
CONDUITCAD
1000
{"id":"master-rupture-disc-4"}
0
ENDBLK
5
739
330
610
100
AcDbEntity
8
0
100
AcDbBlockEnd
0
BLOCK
5
73A
330
611
100
AcDbEntity
8
0
100
AcDbBlockBegin
2
CC_ORIFICE_PLATE
70
0
10
0
20
0
30
0
3
CC_ORIFICE_PLATE
1

1001
CONDUITCAD
1000
{"ports":[{"name":"in","x":-45,"y":0,"dx":-1,"dy":0,"medium":"process","role":"connection"},{"name":"out","x":45,"y":0,"dx":1,"dy":0,"medium":"process","role":"connection"}],"symbol":{"name":"Orifice 
1000
plate","category":"P&ID","group":"Fittings & connections","geometryRevision":3,"standardRefs":["ISO-10628-2"],"convention":"ISO-10628-2 family","conformity":"Original master; not standards-certified",
1000
"normativeEntry":null,"review":{"level":"geometry-and-convention","dimensionalConformance":"not-verified","note":"New independently constructed CAD master with explicit terminal topology."},"aliases":
1000
["orifice plate"],"defaultLayer":"Equipment","labelOffset":48,"extents":{"minX":-45,"minY":-23,"maxX":45,"maxY":23}}}
0
LINE
5
255
330
611
100
AcDbEntity
8
0
62
0
6
CONTINUOUS
100
AcDbLine
10
-45
20
0
30
0
11
45
21
0
31
0
1001
CONDUITCAD
1000
{"id":"master-orifice-plate-0"}
0
LINE
5
256
330
611
100
AcDbEntity
8
0
62
0
6
CONTINUOUS
100
AcDbLine
10
0
20
-23
30
0
11
0
21
-5
31
0
1001
CONDUITCAD
1000
{"id":"master-orifice-plate-1"}
0
LINE
5
257
330
611
100
AcDbEntity
8
0
62
0
6
CONTINUOUS
100
AcDbLine
10
0
20
5
30
0
11
0
21
23
31
0
1001
CONDUITCAD
1000
{"id":"master-orifice-plate-2"}
0
ENDBLK
5
73B
330
611
100
AcDbEntity
8
0
100
AcDbBlockEnd
0
BLOCK
5
73C
330
612
100
AcDbEntity
8
0
100
AcDbBlockBegin
2
CC_SPECTACLE_BLIND
70
0
10
0
20
0
30
0
3
CC_SPECTACLE_BLIND
1

1001
CONDUITCAD
1000
{"ports":[{"name":"in","x":-45,"y":0,"dx":-1,"dy":0,"medium":"process","role":"connection"},{"name":"out","x":45,"y":0,"dx":1,"dy":0,"medium":"process","role":"connection"}],"symbol":{"name":"Spectacl
1000
e blind","category":"P&ID","group":"Fittings & connections","geometryRevision":3,"standardRefs":["ISO-10628-2"],"convention":"ISO-10628-2 family","conformity":"Original master; not standards-certified
1000
","normativeEntry":null,"review":{"level":"geometry-and-convention","dimensionalConformance":"not-verified","note":"New independently constructed CAD master with explicit terminal topology."},"aliases
1000
":["spectacle blind"],"defaultLayer":"Equipment","labelOffset":48,"extents":{"minX":-45,"minY":-11.992689924229149,"maxX":45,"maxY":39.99268992422915}}}
0
LINE
5
258
330
612
100
AcDbEntity
8
0
62
0
6
CONTINUOUS
100
AcDbLine
10
-45
20
0
30
0
11
-12
21
0
31
0
1001
CONDUITCAD
1000
{"id":"master-spectacle-blind-0"}
0
LINE
5
259
330
612
100
AcDbEntity
8
0
62
0
6
CONTINUOUS
100
AcDbLine
10
12
20
0
30
0
11
45
21
0
31
0
1001
CONDUITCAD
1000
{"id":"master-spectacle-blind-1"}
0
CIRCLE
5
25A
330
612
100
AcDbEntity
8
0
62
0
6
CONTINUOUS
100
AcDbCircle
10
0
20
0
30
0
40
12
1001
CONDUITCAD
1000
{"id":"master-spectacle-blind-2"}
0
CIRCLE
5
25B
330
612
100
AcDbEntity
8
0
62
0
6
CONTINUOUS
100
AcDbCircle
10
0
20
28
30
0
40
12
1001
CONDUITCAD
1000
{"id":"master-spectacle-blind-3"}
0
LINE
5
25C
330
612
100
AcDbEntity
8
0
62
0
6
CONTINUOUS
100
AcDbLine
10
0
20
12
30
0
11
0
21
16
31
0
1001
CONDUITCAD
1000
{"id":"master-spectacle-blind-4"}
0
ENDBLK
5
73D
330
612
100
AcDbEntity
8
0
100
AcDbBlockEnd
0
BLOCK
5
73E
330
613
100
AcDbEntity
8
0
100
AcDbBlockBegin
2
CC_EXPANSION_JOINT
70
0
10
0
20
0
30
0
3
CC_EXPANSION_JOINT
1

1001
CONDUITCAD
1000
{"ports":[{"name":"in","x":-45,"y":0,"dx":-1,"dy":0,"medium":"process","role":"connection"},{"name":"out","x":45,"y":0,"dx":1,"dy":0,"medium":"process","role":"connection"}],"symbol":{"name":"Expansio
1000
n joint","category":"P&ID","group":"Fittings & connections","geometryRevision":3,"standardRefs":["ISO-10628-2"],"convention":"ISO-10628-2 family","conformity":"Original master; not standards-certified
1000
","normativeEntry":null,"review":{"level":"geometry-and-convention","dimensionalConformance":"not-verified","note":"New independently constructed CAD master with explicit terminal topology."},"aliases
1000
":["expansion joint"],"defaultLayer":"Equipment","labelOffset":48,"extents":{"minX":-45,"minY":-15,"maxX":45,"maxY":15}}}
0
LINE
5
25D
330
613
100
AcDbEntity
8
0
62
0
6
CONTINUOUS
100
AcDbLine
10
-45
20
0
30
0
11
-25
21
0
31
0
1001
CONDUITCAD
1000
{"id":"master-expansion-joint-0"}
0
LINE
5
25E
330
613
100
AcDbEntity
8
0
62
0
6
CONTINUOUS
100
AcDbLine
10
25
20
0
30
0
11
45
21
0
31
0
1001
CONDUITCAD
1000
{"id":"master-expansion-joint-1"}
0
LWPOLYLINE
5
25F
330
613
100
AcDbEntity
8
0
62
0
6
CONTINUOUS
100
AcDbPolyline
90
7
70
0
10
-25
20
0
10
-20
20
15
10
-10
20
-15
10
0
20
15
10
10
20
-15
10
20
20
15
10
25
20
0
1001
CONDUITCAD
1000
{"id":"master-expansion-joint-2"}
0
ENDBLK
5
73F
330
613
100
AcDbEntity
8
0
100
AcDbBlockEnd
0
BLOCK
5
740
330
614
100
AcDbEntity
8
0
100
AcDbBlockBegin
2
CC_STATIC_MIXER
70
0
10
0
20
0
30
0
3
CC_STATIC_MIXER
1

1001
CONDUITCAD
1000
{"ports":[{"name":"in","x":-45,"y":0,"dx":-1,"dy":0,"medium":"process","role":"connection"},{"name":"out","x":45,"y":0,"dx":1,"dy":0,"medium":"process","role":"connection"}],"symbol":{"name":"Static m
1000
ixer","category":"P&ID","group":"Equipment","geometryRevision":3,"standardRefs":["ISO-10628-2"],"convention":"ISO-10628-2 family","conformity":"Original master; not standards-certified","normativeEntr
1000
y":null,"review":{"level":"geometry-and-convention","dimensionalConformance":"not-verified","note":"New independently constructed CAD master with explicit terminal topology."},"aliases":["static mixer
1000
"],"defaultLayer":"Equipment","labelOffset":48,"extents":{"minX":-45,"minY":-18,"maxX":45,"maxY":18}}}
0
LINE
5
260
330
614
100
AcDbEntity
8
0
62
0
6
CONTINUOUS
100
AcDbLine
10
-45
20
0
30
0
11
-30
21
0
31
0
1001
CONDUITCAD
1000
{"id":"master-static-mixer-0"}
0
LINE
5
261
330
614
100
AcDbEntity
8
0
62
0
6
CONTINUOUS
100
AcDbLine
10
30
20
0
30
0
11
45
21
0
31
0
1001
CONDUITCAD
1000
{"id":"master-static-mixer-1"}
0
LWPOLYLINE
5
262
330
614
100
AcDbEntity
8
0
62
0
6
CONTINUOUS
100
AcDbPolyline
90
4
70
1
10
-30
20
-18
10
30
20
-18
10
30
20
18
10
-30
20
18
1001
CONDUITCAD
1000
{"id":"master-static-mixer-2"}
0
LINE
5
263
330
614
100
AcDbEntity
8
0
62
0
6
CONTINUOUS
100
AcDbLine
10
-28
20
-15
30
0
11
-12
21
15
31
0
1001
CONDUITCAD
1000
{"id":"master-static-mixer-3"}
0
LINE
5
264
330
614
100
AcDbEntity
8
0
62
0
6
CONTINUOUS
100
AcDbLine
10
-8
20
-15
30
0
11
8
21
15
31
0
1001
CONDUITCAD
1000
{"id":"master-static-mixer-4"}
0
LINE
5
265
330
614
100
AcDbEntity
8
0
62
0
6
CONTINUOUS
100
AcDbLine
10
12
20
-15
30
0
11
28
21
15
31
0
1001
CONDUITCAD
1000
{"id":"master-static-mixer-5"}
0
ENDBLK
5
741
330
614
100
AcDbEntity
8
0
100
AcDbBlockEnd
0
BLOCK
5
742
330
615
100
AcDbEntity
8
0
100
AcDbBlockBegin
2
CC_PLATE_EXCHANGER
70
0
10
0
20
0
30
0
3
CC_PLATE_EXCHANGER
1

1001
CONDUITCAD
1000
{"ports":[{"name":"in","x":-45,"y":0,"dx":-1,"dy":0,"medium":"process","role":"connection"},{"name":"out","x":45,"y":0,"dx":1,"dy":0,"medium":"process","role":"connection"},{"name":"top","x":0,"y":45,
1000
"dx":0,"dy":1,"medium":"process","role":"connection"},{"name":"bottom","x":0,"y":-45,"dx":0,"dy":-1,"medium":"process","role":"connection"}],"symbol":{"name":"Plate heat exchanger","category":"P&ID","
1000
group":"Equipment","geometryRevision":3,"standardRefs":["ISO-10628-2"],"convention":"ISO-10628-2 family","conformity":"Original master; not standards-certified","normativeEntry":null,"review":{"level"
1000
:"geometry-and-convention","dimensionalConformance":"not-verified","note":"New independently constructed CAD master with explicit terminal topology."},"aliases":["plate exchanger"],"defaultLayer":"Equ
1000
ipment","labelOffset":67,"extents":{"minX":-45,"minY":-45,"maxX":45,"maxY":45}}}
0
LWPOLYLINE
5
266
330
615
100
AcDbEntity
8
0
62
0
6
CONTINUOUS
100
AcDbPolyline
90
4
70
1
10
-30
20
-35
10
30
20
-35
10
30
20
35
10
-30
20
35
1001
CONDUITCAD
1000
{"id":"master-plate-exchanger-0"}
0
LINE
5
267
330
615
100
AcDbEntity
8
0
62
0
6
CONTINUOUS
100
AcDbLine
10
-45
20
0
30
0
11
-30
21
0
31
0
1001
CONDUITCAD
1000
{"id":"master-plate-exchanger-1"}
0
LINE
5
268
330
615
100
AcDbEntity
8
0
62
0
6
CONTINUOUS
100
AcDbLine
10
30
20
0
30
0
11
45
21
0
31
0
1001
CONDUITCAD
1000
{"id":"master-plate-exchanger-2"}
0
LINE
5
269
330
615
100
AcDbEntity
8
0
62
0
6
CONTINUOUS
100
AcDbLine
10
0
20
35
30
0
11
0
21
45
31
0
1001
CONDUITCAD
1000
{"id":"master-plate-exchanger-3"}
0
LINE
5
26A
330
615
100
AcDbEntity
8
0
62
0
6
CONTINUOUS
100
AcDbLine
10
0
20
-35
30
0
11
0
21
-45
31
0
1001
CONDUITCAD
1000
{"id":"master-plate-exchanger-4"}
0
LINE
5
26B
330
615
100
AcDbEntity
8
0
62
0
6
CONTINUOUS
100
AcDbLine
10
-25
20
-27
30
0
11
-11
21
27
31
0
1001
CONDUITCAD
1000
{"id":"master-plate-exchanger-5"}
0
LINE
5
26C
330
615
100
AcDbEntity
8
0
62
0
6
CONTINUOUS
100
AcDbLine
10
-13
20
-27
30
0
11
1
21
27
31
0
1001
CONDUITCAD
1000
{"id":"master-plate-exchanger-6"}
0
LINE
5
26D
330
615
100
AcDbEntity
8
0
62
0
6
CONTINUOUS
100
AcDbLine
10
-1
20
-27
30
0
11
13
21
27
31
0
1001
CONDUITCAD
1000
{"id":"master-plate-exchanger-7"}
0
LINE
5
26E
330
615
100
AcDbEntity
8
0
62
0
6
CONTINUOUS
100
AcDbLine
10
11
20
-27
30
0
11
25
21
27
31
0
1001
CONDUITCAD
1000
{"id":"master-plate-exchanger-8"}
0
ENDBLK
5
743
330
615
100
AcDbEntity
8
0
100
AcDbBlockEnd
0
BLOCK
5
744
330
616
100
AcDbEntity
8
0
100
AcDbBlockBegin
2
CC_COLUMN
70
0
10
0
20
0
30
0
3
CC_COLUMN
1

1001
CONDUITCAD
1000
{"ports":[{"name":"in","x":-45,"y":0,"dx":-1,"dy":0,"medium":"process","role":"connection"},{"name":"out","x":45,"y":0,"dx":1,"dy":0,"medium":"process","role":"connection"},{"name":"top","x":0,"y":75,
1000
"dx":0,"dy":1,"medium":"process","role":"connection"},{"name":"bottom","x":0,"y":-75,"dx":0,"dy":-1,"medium":"process","role":"connection"}],"symbol":{"name":"Trayed separation column","category":"P&I
1000
D","group":"Equipment","geometryRevision":3,"standardRefs":["ISO-10628-2"],"convention":"ISO-10628-2 family","conformity":"Original master; not standards-certified","normativeEntry":null,"review":{"le
1000
vel":"geometry-and-convention","dimensionalConformance":"not-verified","note":"New independently constructed CAD master with explicit terminal topology."},"aliases":["column"],"defaultLayer":"Equipmen
1000
t","labelOffset":97,"extents":{"minX":-45,"minY":-75,"maxX":45,"maxY":75}}}
0
LINE
5
26F
330
616
100
AcDbEntity
8
0
62
0
6
CONTINUOUS
100
AcDbLine
10
-24
20
-36
30
0
11
-24
21
36
31
0
1001
CONDUITCAD
1000
{"id":"master-column-0"}
0
ARC
5
270
330
616
100
AcDbEntity
8
0
62
0
6
CONTINUOUS
100
AcDbCircle
10
0
20
36
30
0
40
24
100
AcDbArc
50
0
51
180
1001
CONDUITCAD
1000
{"id":"master-column-1"}
0
LINE
5
271
330
616
100
AcDbEntity
8
0
62
0
6
CONTINUOUS
100
AcDbLine
10
24
20
36
30
0
11
24
21
-36
31
0
1001
CONDUITCAD
1000
{"id":"master-column-2"}
0
ARC
5
272
330
616
100
AcDbEntity
8
0
62
0
6
CONTINUOUS
100
AcDbCircle
10
0
20
-36
30
0
40
24
100
AcDbArc
50
180
51
360
1001
CONDUITCAD
1000
{"id":"master-column-3"}
0
LINE
5
273
330
616
100
AcDbEntity
8
0
62
0
6
CONTINUOUS
100
AcDbLine
10
-45
20
0
30
0
11
-24
21
0
31
0
1001
CONDUITCAD
1000
{"id":"master-column-4"}
0
LINE
5
274
330
616
100
AcDbEntity
8
0
62
0
6
CONTINUOUS
100
AcDbLine
10
24
20
0
30
0
11
45
21
0
31
0
1001
CONDUITCAD
1000
{"id":"master-column-5"}
0
LINE
5
275
330
616
100
AcDbEntity
8
0
62
0
6
CONTINUOUS
100
AcDbLine
10
0
20
60
30
0
11
0
21
75
31
0
1001
CONDUITCAD
1000
{"id":"master-column-6"}
0
LINE
5
276
330
616
100
AcDbEntity
8
0
62
0
6
CONTINUOUS
100
AcDbLine
10
0
20
-60
30
0
11
0
21
-75
31
0
1001
CONDUITCAD
1000
{"id":"master-column-7"}
0
LINE
5
277
330
616
100
AcDbEntity
8
0
62
0
6
CONTINUOUS
100
AcDbLine
10
-24
20
-24
30
0
11
24
21
-24
31
0
1001
CONDUITCAD
1000
{"id":"master-column-8"}
0
LINE
5
278
330
616
100
AcDbEntity
8
0
62
0
6
CONTINUOUS
100
AcDbLine
10
-24
20
-8
30
0
11
24
21
-8
31
0
1001
CONDUITCAD
1000
{"id":"master-column-9"}
0
LINE
5
279
330
616
100
AcDbEntity
8
0
62
0
6
CONTINUOUS
100
AcDbLine
10
-24
20
8
30
0
11
24
21
8
31
0
1001
CONDUITCAD
1000
{"id":"master-column-10"}
0
LINE
5
27A
330
616
100
AcDbEntity
8
0
62
0
6
CONTINUOUS
100
AcDbLine
10
-24
20
24
30
0
11
24
21
24
31
0
1001
CONDUITCAD
1000
{"id":"master-column-11"}
0
ENDBLK
5
745
330
616
100
AcDbEntity
8
0
100
AcDbBlockEnd
0
BLOCK
5
746
330
617
100
AcDbEntity
8
0
100
AcDbBlockBegin
2
CC_PACKED_COLUMN
70
0
10
0
20
0
30
0
3
CC_PACKED_COLUMN
1

1001
CONDUITCAD
1000
{"ports":[{"name":"in","x":-45,"y":0,"dx":-1,"dy":0,"medium":"process","role":"connection"},{"name":"out","x":45,"y":0,"dx":1,"dy":0,"medium":"process","role":"connection"},{"name":"top","x":0,"y":75,
1000
"dx":0,"dy":1,"medium":"process","role":"connection"},{"name":"bottom","x":0,"y":-75,"dx":0,"dy":-1,"medium":"process","role":"connection"}],"symbol":{"name":"Packed column","category":"P&ID","group":
1000
"Equipment","geometryRevision":3,"standardRefs":["ISO-10628-2"],"convention":"ISO-10628-2 family","conformity":"Original master; not standards-certified","normativeEntry":null,"review":{"level":"geome
1000
try-and-convention","dimensionalConformance":"not-verified","note":"New independently constructed CAD master with explicit terminal topology."},"aliases":["packed column"],"defaultLayer":"Equipment","
1000
labelOffset":97,"extents":{"minX":-45,"minY":-75,"maxX":45,"maxY":75}}}
0
LINE
5
27B
330
617
100
AcDbEntity
8
0
62
0
6
CONTINUOUS
100
AcDbLine
10
-24
20
-36
30
0
11
-24
21
36
31
0
1001
CONDUITCAD
1000
{"id":"master-packed-column-0"}
0
ARC
5
27C
330
617
100
AcDbEntity
8
0
62
0
6
CONTINUOUS
100
AcDbCircle
10
0
20
36
30
0
40
24
100
AcDbArc
50
0
51
180
1001
CONDUITCAD
1000
{"id":"master-packed-column-1"}
0
LINE
5
27D
330
617
100
AcDbEntity
8
0
62
0
6
CONTINUOUS
100
AcDbLine
10
24
20
36
30
0
11
24
21
-36
31
0
1001
CONDUITCAD
1000
{"id":"master-packed-column-2"}
0
ARC
5
27E
330
617
100
AcDbEntity
8
0
62
0
6
CONTINUOUS
100
AcDbCircle
10
0
20
-36
30
0
40
24
100
AcDbArc
50
180
51
360
1001
CONDUITCAD
1000
{"id":"master-packed-column-3"}
0
LINE
5
27F
330
617
100
AcDbEntity
8
0
62
0
6
CONTINUOUS
100
AcDbLine
10
-45
20
0
30
0
11
-24
21
0
31
0
1001
CONDUITCAD
1000
{"id":"master-packed-column-4"}
0
LINE
5
280
330
617
100
AcDbEntity
8
0
62
0
6
CONTINUOUS
100
AcDbLine
10
24
20
0
30
0
11
45
21
0
31
0
1001
CONDUITCAD
1000
{"id":"master-packed-column-5"}
0
LINE
5
281
330
617
100
AcDbEntity
8
0
62
0
6
CONTINUOUS
100
AcDbLine
10
0
20
60
30
0
11
0
21
75
31
0
1001
CONDUITCAD
1000
{"id":"master-packed-column-6"}
0
LINE
5
282
330
617
100
AcDbEntity
8
0
62
0
6
CONTINUOUS
100
AcDbLine
10
0
20
-60
30
0
11
0
21
-75
31
0
1001
CONDUITCAD
1000
{"id":"master-packed-column-7"}
0
LWPOLYLINE
5
283
330
617
100
AcDbEntity
8
0
62
0
6
CONTINUOUS
100
AcDbPolyline
90
4
70
1
10
-22
20
-27
10
22
20
-27
10
22
20
27
10
-22
20
27
1001
CONDUITCAD
1000
{"id":"master-packed-column-8"}
0
LINE
5
284
330
617
100
AcDbEntity
8
0
62
0
6
CONTINUOUS
100
AcDbLine
10
-22
20
-27
30
0
11
22
21
-9
31
0
1001
CONDUITCAD
1000
{"id":"master-packed-column-9"}
0
LINE
5
285
330
617
100
AcDbEntity
8
0
62
0
6
CONTINUOUS
100
AcDbLine
10
-22
20
-9
30
0
11
22
21
-27
31
0
1001
CONDUITCAD
1000
{"id":"master-packed-column-10"}
0
LINE
5
286
330
617
100
AcDbEntity
8
0
62
0
6
CONTINUOUS
100
AcDbLine
10
-22
20
-9
30
0
11
22
21
9
31
0
1001
CONDUITCAD
1000
{"id":"master-packed-column-11"}
0
LINE
5
287
330
617
100
AcDbEntity
8
0
62
0
6
CONTINUOUS
100
AcDbLine
10
-22
20
9
30
0
11
22
21
-9
31
0
1001
CONDUITCAD
1000
{"id":"master-packed-column-12"}
0
LINE
5
288
330
617
100
AcDbEntity
8
0
62
0
6
CONTINUOUS
100
AcDbLine
10
-22
20
9
30
0
11
22
21
27
31
0
1001
CONDUITCAD
1000
{"id":"master-packed-column-13"}
0
LINE
5
289
330
617
100
AcDbEntity
8
0
62
0
6
CONTINUOUS
100
AcDbLine
10
-22
20
27
30
0
11
22
21
9
31
0
1001
CONDUITCAD
1000
{"id":"master-packed-column-14"}
0
ENDBLK
5
747
330
617
100
AcDbEntity
8
0
100
AcDbBlockEnd
0
BLOCK
5
748
330
618
100
AcDbEntity
8
0
100
AcDbBlockBegin
2
CC_CYCLONE
70
0
10
0
20
0
30
0
3
CC_CYCLONE
1

1001
CONDUITCAD
1000
{"ports":[{"name":"in","x":-45,"y":0,"dx":-1,"dy":0,"medium":"process","role":"connection"},{"name":"out","x":45,"y":0,"dx":1,"dy":0,"medium":"process","role":"connection"},{"name":"top","x":0,"y":60,
1000
"dx":0,"dy":1,"medium":"process","role":"connection"},{"name":"bottom","x":0,"y":-60,"dx":0,"dy":-1,"medium":"process","role":"connection"}],"symbol":{"name":"Cyclone separator","category":"P&ID","gro
1000
up":"Equipment","geometryRevision":3,"standardRefs":["ISO-10628-2"],"convention":"ISO-10628-2 family","conformity":"Original master; not standards-certified","normativeEntry":null,"review":{"level":"g
1000
eometry-and-convention","dimensionalConformance":"not-verified","note":"New independently constructed CAD master with explicit terminal topology."},"aliases":["cyclone"],"defaultLayer":"Equipment","la
1000
belOffset":82,"extents":{"minX":-45,"minY":-60,"maxX":45,"maxY":60}}}
0
LWPOLYLINE
5
28A
330
618
100
AcDbEntity
8
0
62
0
6
CONTINUOUS
100
AcDbPolyline
90
4
70
1
10
-27
20
0
10
27
20
0
10
27
20
40
10
-27
20
40
1001
CONDUITCAD
1000
{"id":"master-cyclone-0"}
0
LWPOLYLINE
5
28B
330
618
100
AcDbEntity
8
0
62
0
6
CONTINUOUS
100
AcDbPolyline
90
3
70
0
10
-27
20
0
10
0
20
-45
10
27
20
0
1001
CONDUITCAD
1000
{"id":"master-cyclone-1"}
0
LINE
5
28C
330
618
100
AcDbEntity
8
0
62
0
6
CONTINUOUS
100
AcDbLine
10
-45
20
0
30
0
11
-27
21
0
31
0
1001
CONDUITCAD
1000
{"id":"master-cyclone-2"}
0
LINE
5
28D
330
618
100
AcDbEntity
8
0
62
0
6
CONTINUOUS
100
AcDbLine
10
27
20
0
30
0
11
45
21
0
31
0
1001
CONDUITCAD
1000
{"id":"master-cyclone-3"}
0
LINE
5
28E
330
618
100
AcDbEntity
8
0
62
0
6
CONTINUOUS
100
AcDbLine
10
0
20
40
30
0
11
0
21
60
31
0
1001
CONDUITCAD
1000
{"id":"master-cyclone-4"}
0
LINE
5
28F
330
618
100
AcDbEntity
8
0
62
0
6
CONTINUOUS
100
AcDbLine
10
0
20
-45
30
0
11
0
21
-60
31
0
1001
CONDUITCAD
1000
{"id":"master-cyclone-5"}
0
ENDBLK
5
749
330
618
100
AcDbEntity
8
0
100
AcDbBlockEnd
0
BLOCK
5
74A
330
619
100
AcDbEntity
8
0
100
AcDbBlockBegin
2
CC_STEAM_TRAP
70
0
10
0
20
0
30
0
3
CC_STEAM_TRAP
1

1001
CONDUITCAD
1000
{"ports":[{"name":"in","x":-45,"y":0,"dx":-1,"dy":0,"medium":"process","role":"connection"},{"name":"out","x":45,"y":0,"dx":1,"dy":0,"medium":"process","role":"connection"}],"symbol":{"name":"Steam tr
1000
ap \u00b7 functional","category":"P&ID","group":"Valves & actuators","standardRefs":["PROJECT"],"geometryRevision":3,"convention":"Explicit project drafting convention","conformity":"Original master; 
1000
not standards-certified","normativeEntry":null,"review":{"level":"geometry-and-convention","dimensionalConformance":"not-verified","note":"New independently constructed CAD master with explicit termin
1000
al topology."},"aliases":["steam trap"],"defaultLayer":"Equipment","labelOffset":48,"extents":{"minX":-45,"minY":-20,"maxX":45,"maxY":20}}}
0
LINE
5
290
330
619
100
AcDbEntity
8
0
62
0
6
CONTINUOUS
100
AcDbLine
10
-45
20
0
30
0
11
-25
21
0
31
0
1001
CONDUITCAD
1000
{"id":"master-steam-trap-0"}
0
LINE
5
291
330
619
100
AcDbEntity
8
0
62
0
6
CONTINUOUS
100
AcDbLine
10
25
20
0
30
0
11
45
21
0
31
0
1001
CONDUITCAD
1000
{"id":"master-steam-trap-1"}
0
LWPOLYLINE
5
292
330
619
100
AcDbEntity
8
0
62
0
6
CONTINUOUS
100
AcDbPolyline
90
4
70
1
10
-25
20
-20
10
25
20
-20
10
25
20
20
10
-25
20
20
1001
CONDUITCAD
1000
{"id":"master-steam-trap-2"}
0
TEXT
5
293
330
619
100
AcDbEntity
8
0
62
0
6
CONTINUOUS
100
AcDbText
10
0
20
-4
30
0
40
13
1
ST
50
0
41
1
7
STANDARD
72
1
11
0
21
-4
31
0
100
AcDbText
73
0
1001
CONDUITCAD
1000
{"id":"master-steam-trap-3"}
0
ENDBLK
5
74B
330
619
100
AcDbEntity
8
0
100
AcDbBlockEnd
0
BLOCK
5
74C
330
61A
100
AcDbEntity
8
0
100
AcDbBlockBegin
2
CC_SIGHT_GLASS
70
0
10
0
20
0
30
0
3
CC_SIGHT_GLASS
1

1001
CONDUITCAD
1000
{"ports":[{"name":"in","x":-45,"y":0,"dx":-1,"dy":0,"medium":"process","role":"connection"},{"name":"out","x":45,"y":0,"dx":1,"dy":0,"medium":"process","role":"connection"}],"symbol":{"name":"Sight gl
1000
ass","category":"P&ID","group":"Fittings & connections","geometryRevision":3,"standardRefs":["ISO-10628-2"],"convention":"ISO-10628-2 family","conformity":"Original master; not standards-certified","n
1000
ormativeEntry":null,"review":{"level":"geometry-and-convention","dimensionalConformance":"not-verified","note":"New independently constructed CAD master with explicit terminal topology."},"aliases":["
1000
sight glass"],"defaultLayer":"Equipment","labelOffset":48,"extents":{"minX":-45,"minY":-13,"maxX":45,"maxY":13}}}
0
LINE
5
294
330
61A
100
AcDbEntity
8
0
62
0
6
CONTINUOUS
100
AcDbLine
10
-45
20
0
30
0
11
-25
21
0
31
0
1001
CONDUITCAD
1000
{"id":"master-sight-glass-0"}
0
LINE
5
295
330
61A
100
AcDbEntity
8
0
62
0
6
CONTINUOUS
100
AcDbLine
10
25
20
0
30
0
11
45
21
0
31
0
1001
CONDUITCAD
1000
{"id":"master-sight-glass-1"}
0
LWPOLYLINE
5
296
330
61A
100
AcDbEntity
8
0
62
0
6
CONTINUOUS
100
AcDbPolyline
90
4
70
1
10
-25
20
-13
10
25
20
-13
10
25
20
13
10
-25
20
13
1001
CONDUITCAD
1000
{"id":"master-sight-glass-2"}
0
LINE
5
297
330
61A
100
AcDbEntity
8
0
62
0
6
CONTINUOUS
100
AcDbLine
10
-18
20
-13
30
0
11
-18
21
13
31
0
1001
CONDUITCAD
1000
{"id":"master-sight-glass-3"}
0
LINE
5
298
330
61A
100
AcDbEntity
8
0
62
0
6
CONTINUOUS
100
AcDbLine
10
18
20
-13
30
0
11
18
21
13
31
0
1001
CONDUITCAD
1000
{"id":"master-sight-glass-4"}
0
ENDBLK
5
74D
330
61A
100
AcDbEntity
8
0
100
AcDbBlockEnd
0
BLOCK
5
74E
330
61B
100
AcDbEntity
8
0
100
AcDbBlockBegin
2
CC_SAMPLING_POINT
70
0
10
0
20
0
30
0
3
CC_SAMPLING_POINT
1

1001
CONDUITCAD
1000
{"ports":[{"name":"in","x":-45,"y":0,"dx":-1,"dy":0,"medium":"process","role":"connection"},{"name":"out","x":45,"y":0,"dx":1,"dy":0,"medium":"process","role":"connection"},{"name":"sample","x":0,"y":
1000
-45,"dx":0,"dy":-1,"medium":"process","role":"connection"}],"symbol":{"name":"Sampling point","category":"P&ID","group":"Fittings & connections","geometryRevision":3,"standardRefs":["ISO-10628-2"],"co
1000
nvention":"ISO-10628-2 family","conformity":"Original master; not standards-certified","normativeEntry":null,"review":{"level":"geometry-and-convention","dimensionalConformance":"not-verified","note":
1000
"New independently constructed CAD master with explicit terminal topology."},"aliases":["sampling point"],"defaultLayer":"Equipment","labelOffset":67,"extents":{"minX":-45,"minY":-45,"maxX":45,"maxY":
1000
0}}}
0
LINE
5
299
330
61B
100
AcDbEntity
8
0
62
0
6
CONTINUOUS
100
AcDbLine
10
-45
20
0
30
0
11
45
21
0
31
0
1001
CONDUITCAD
1000
{"id":"master-sampling-point-0"}
0
LINE
5
29A
330
61B
100
AcDbEntity
8
0
62
0
6
CONTINUOUS
100
AcDbLine
10
0
20
0
30
0
11
0
21
-32
31
0
1001
CONDUITCAD
1000
{"id":"master-sampling-point-1"}
0
LWPOLYLINE
5
29B
330
61B
100
AcDbEntity
8
0
62
0
6
CONTINUOUS
100
AcDbPolyline
90
3
70
1
10
-8
20
-17
10
8
20
-17
10
0
20
-25
1001
CONDUITCAD
1000
{"id":"master-sampling-point-2"}
0
LWPOLYLINE
5
29C
330
61B
100
AcDbEntity
8
0
62
0
6
CONTINUOUS
100
AcDbPolyline
90
3
70
1
10
-8
20
-33
10
8
20
-33
10
0
20
-25
1001
CONDUITCAD
1000
{"id":"master-sampling-point-3"}
0
LINE
5
29D
330
61B
100
AcDbEntity
8
0
62
0
6
CONTINUOUS
100
AcDbLine
10
0
20
-33
30
0
11
0
21
-45
31
0
1001
CONDUITCAD
1000
{"id":"master-sampling-point-4"}
0
ENDBLK
5
74F
330
61B
100
AcDbEntity
8
0
100
AcDbBlockEnd
0
BLOCK
5
750
330
61C
100
AcDbEntity
8
0
100
AcDbBlockBegin
2
CC_VARIABLE_RESISTOR
70
0
10
0
20
0
30
0
3
CC_VARIABLE_RESISTOR
1

1001
CONDUITCAD
1000
{"ports":[{"name":"in","x":-45,"y":0,"dx":-1,"dy":0,"medium":"electrical","role":"connection"},{"name":"out","x":45,"y":0,"dx":1,"dy":0,"medium":"electrical","role":"connection"}],"symbol":{"name":"Va
1000
riable resistor \u00b7 IEC","category":"Electrical","group":"Passive components","geometryRevision":3,"standardRefs":["IEC-60617"],"convention":"IEC-60617 family","conformity":"Original master; not st
1000
andards-certified","normativeEntry":null,"review":{"level":"geometry-and-convention","dimensionalConformance":"not-verified","note":"New independently constructed CAD master with explicit terminal top
1000
ology."},"aliases":["variable resistor"],"defaultLayer":"Electrical","labelOffset":48,"extents":{"minX":-45,"minY":-25,"maxX":45,"maxY":27}}}
0
LINE
5
29E
330
61C
100
AcDbEntity
8
0
62
0
6
CONTINUOUS
100
AcDbLine
10
-45
20
0
30
0
11
-25
21
0
31
0
1001
CONDUITCAD
1000
{"id":"master-variable-resistor-0"}
0
LINE
5
29F
330
61C
100
AcDbEntity
8
0
62
0
6
CONTINUOUS
100
AcDbLine
10
25
20
0
30
0
11
45
21
0
31
0
1001
CONDUITCAD
1000
{"id":"master-variable-resistor-1"}
0
LWPOLYLINE
5
2A0
330
61C
100
AcDbEntity
8
0
62
0
6
CONTINUOUS
100
AcDbPolyline
90
4
70
1
10
-25
20
-11
10
25
20
-11
10
25
20
11
10
-25
20
11
1001
CONDUITCAD
1000
{"id":"master-variable-resistor-2"}
0
LINE
5
2A1
330
61C
100
AcDbEntity
8
0
62
0
6
CONTINUOUS
100
AcDbLine
10
-22
20
-25
30
0
11
25
21
27
31
0
1001
CONDUITCAD
1000
{"id":"master-variable-resistor-3"}
0
LWPOLYLINE
5
2A2
330
61C
100
AcDbEntity
8
0
62
0
6
CONTINUOUS
100
AcDbPolyline
90
3
70
1
10
25
20
27
10
17.96932023424089
20
23.919084221964933
10
22.64312439670575
20
19.69468430589092
1001
CONDUITCAD
1000
{"id":"master-variable-resistor-4"}
0
ENDBLK
5
751
330
61C
100
AcDbEntity
8
0
100
AcDbBlockEnd
0
BLOCK
5
752
330
61D
100
AcDbEntity
8
0
100
AcDbBlockBegin
2
CC_THERMISTOR
70
0
10
0
20
0
30
0
3
CC_THERMISTOR
1

1001
CONDUITCAD
1000
{"ports":[{"name":"in","x":-45,"y":0,"dx":-1,"dy":0,"medium":"electrical","role":"connection"},{"name":"out","x":45,"y":0,"dx":1,"dy":0,"medium":"electrical","role":"connection"}],"symbol":{"name":"Th
1000
ermistor","category":"Electrical","group":"Passive components","geometryRevision":3,"standardRefs":["IEC-60617"],"convention":"IEC-60617 family","conformity":"Original master; not standards-certified"
1000
,"normativeEntry":null,"review":{"level":"geometry-and-convention","dimensionalConformance":"not-verified","note":"New independently constructed CAD master with explicit terminal topology."},"aliases"
1000
:["thermistor"],"defaultLayer":"Electrical","labelOffset":48,"extents":{"minX":-45,"minY":-23,"maxX":45,"maxY":24}}}
0
LINE
5
2A3
330
61D
100
AcDbEntity
8
0
62
0
6
CONTINUOUS
100
AcDbLine
10
-45
20
0
30
0
11
-25
21
0
31
0
1001
CONDUITCAD
1000
{"id":"master-thermistor-0"}
0
LINE
5
2A4
330
61D
100
AcDbEntity
8
0
62
0
6
CONTINUOUS
100
AcDbLine
10
25
20
0
30
0
11
45
21
0
31
0
1001
CONDUITCAD
1000
{"id":"master-thermistor-1"}
0
LWPOLYLINE
5
2A5
330
61D
100
AcDbEntity
8
0
62
0
6
CONTINUOUS
100
AcDbPolyline
90
4
70
1
10
-25
20
-11
10
25
20
-11
10
25
20
11
10
-25
20
11
1001
CONDUITCAD
1000
{"id":"master-thermistor-2"}
0
LWPOLYLINE
5
2A6
330
61D
100
AcDbEntity
8
0
62
0
6
CONTINUOUS
100
AcDbPolyline
90
3
70
0
10
-22
20
-23
10
-9
20
-23
10
24
20
24
1001
CONDUITCAD
1000
{"id":"master-thermistor-3"}
0
TEXT
5
2A7
330
61D
100
AcDbEntity
8
0
62
0
6
CONTINUOUS
100
AcDbText
10
-24
20
25
30
0
40
10
1
ϑ
50
0
41
1
7
STANDARD
72
1
11
-24
21
25
31
0
100
AcDbText
73
0
1001
CONDUITCAD
1000
{"id":"master-thermistor-4"}
0
ENDBLK
5
753
330
61D
100
AcDbEntity
8
0
100
AcDbBlockEnd
0
BLOCK
5
754
330
61E
100
AcDbEntity
8
0
100
AcDbBlockBegin
2
CC_PHOTORESISTOR
70
0
10
0
20
0
30
0
3
CC_PHOTORESISTOR
1

1001
CONDUITCAD
1000
{"ports":[{"name":"in","x":-45,"y":0,"dx":-1,"dy":0,"medium":"electrical","role":"connection"},{"name":"out","x":45,"y":0,"dx":1,"dy":0,"medium":"electrical","role":"connection"}],"symbol":{"name":"Ph
1000
otoresistor","category":"Electrical","group":"Passive components","geometryRevision":3,"standardRefs":["IEC-60617"],"convention":"IEC-60617 family","conformity":"Original master; not standards-certifi
1000
ed","normativeEntry":null,"review":{"level":"geometry-and-convention","dimensionalConformance":"not-verified","note":"New independently constructed CAD master with explicit terminal topology."},"alias
1000
es":["photoresistor"],"defaultLayer":"Electrical","labelOffset":48,"extents":{"minX":-45,"minY":-11,"maxX":45,"maxY":42}}}
0
LINE
5
2A8
330
61E
100
AcDbEntity
8
0
62
0
6
CONTINUOUS
100
AcDbLine
10
-45
20
0
30
0
11
-25
21
0
31
0
1001
CONDUITCAD
1000
{"id":"master-photoresistor-0"}
0
LINE
5
2A9
330
61E
100
AcDbEntity
8
0
62
0
6
CONTINUOUS
100
AcDbLine
10
25
20
0
30
0
11
45
21
0
31
0
1001
CONDUITCAD
1000
{"id":"master-photoresistor-1"}
0
LWPOLYLINE
5
2AA
330
61E
100
AcDbEntity
8
0
62
0
6
CONTINUOUS
100
AcDbPolyline
90
4
70
1
10
-25
20
-11
10
25
20
-11
10
25
20
11
10
-25
20
11
1001
CONDUITCAD
1000
{"id":"master-photoresistor-2"}
0
LINE
5
2AB
330
61E
100
AcDbEntity
8
0
62
0
6
CONTINUOUS
100
AcDbLine
10
-8
20
40
30
0
11
4
21
21
31
0
1001
CONDUITCAD
1000
{"id":"master-photoresistor-3"}
0
LWPOLYLINE
5
2AC
330
61E
100
AcDbEntity
8
0
62
0
6
CONTINUOUS
100
AcDbPolyline
90
3
70
1
10
4
20
21
10
2.925339104831687
20
28.60050024408894
10
-2.401240984263431
20
25.236344398344656
1001
CONDUITCAD
1000
{"id":"master-photoresistor-4"}
0
LINE
5
2AD
330
61E
100
AcDbEntity
8
0
62
0
6
CONTINUOUS
100
AcDbLine
10
9
20
42
30
0
11
21
21
23
31
0
1001
CONDUITCAD
1000
{"id":"master-photoresistor-5"}
0
LWPOLYLINE
5
2AE
330
61E
100
AcDbEntity
8
0
62
0
6
CONTINUOUS
100
AcDbPolyline
90
3
70
1
10
21
20
23
10
19.925339104831686
20
30.60050024408894
10
14.598759015736569
20
27.236344398344656
1001
CONDUITCAD
1000
{"id":"master-photoresistor-6"}
0
ENDBLK
5
755
330
61E
100
AcDbEntity
8
0
100
AcDbBlockEnd
0
BLOCK
5
756
330
61F
100
AcDbEntity
8
0
100
AcDbBlockBegin
2
CC_ZENER_DIODE
70
0
10
0
20
0
30
0
3
CC_ZENER_DIODE
1

1001
CONDUITCAD
1000
{"ports":[{"name":"in","x":-45,"y":0,"dx":-1,"dy":0,"medium":"electrical","role":"connection"},{"name":"out","x":45,"y":0,"dx":1,"dy":0,"medium":"electrical","role":"connection"}],"symbol":{"name":"Ze
1000
ner diode","category":"Electrical","group":"Semiconductors","geometryRevision":3,"standardRefs":["IEC-60617"],"convention":"IEC-60617 family","conformity":"Original master; not standards-certified","n
1000
ormativeEntry":null,"review":{"level":"geometry-and-convention","dimensionalConformance":"not-verified","note":"New independently constructed CAD master with explicit terminal topology."},"aliases":["
1000
zener diode"],"defaultLayer":"Electrical","labelOffset":48,"extents":{"minX":-45,"minY":-24,"maxX":45,"maxY":24}}}
0
LINE
5
2AF
330
61F
100
AcDbEntity
8
0
62
0
6
CONTINUOUS
100
AcDbLine
10
-45
20
0
30
0
11
-22
21
0
31
0
1001
CONDUITCAD
1000
{"id":"master-zener-diode-0"}
0
LWPOLYLINE
5
2B0
330
61F
100
AcDbEntity
8
0
62
0
6
CONTINUOUS
100
AcDbPolyline
90
3
70
1
10
-22
20
-22
10
22
20
0
10
-22
20
22
1001
CONDUITCAD
1000
{"id":"master-zener-diode-1"}
0
LINE
5
2B1
330
61F
100
AcDbEntity
8
0
62
0
6
CONTINUOUS
100
AcDbLine
10
22
20
0
30
0
11
45
21
0
31
0
1001
CONDUITCAD
1000
{"id":"master-zener-diode-2"}
0
LWPOLYLINE
5
2B2
330
61F
100
AcDbEntity
8
0
62
0
6
CONTINUOUS
100
AcDbPolyline
90
4
70
0
10
15
20
24
10
22
20
24
10
22
20
-24
10
29
20
-24
1001
CONDUITCAD
1000
{"id":"master-zener-diode-3"}
0
ENDBLK
5
757
330
61F
100
AcDbEntity
8
0
100
AcDbBlockEnd
0
BLOCK
5
758
330
620
100
AcDbEntity
8
0
100
AcDbBlockBegin
2
CC_PHOTODIODE
70
0
10
0
20
0
30
0
3
CC_PHOTODIODE
1

1001
CONDUITCAD
1000
{"ports":[{"name":"in","x":-45,"y":0,"dx":-1,"dy":0,"medium":"electrical","role":"connection"},{"name":"out","x":45,"y":0,"dx":1,"dy":0,"medium":"electrical","role":"connection"}],"symbol":{"name":"Ph
1000
otodiode","category":"Electrical","group":"Semiconductors","geometryRevision":3,"standardRefs":["IEC-60617"],"convention":"IEC-60617 family","conformity":"Original master; not standards-certified","no
1000
rmativeEntry":null,"review":{"level":"geometry-and-convention","dimensionalConformance":"not-verified","note":"New independently constructed CAD master with explicit terminal topology."},"aliases":["p
1000
hotodiode"],"defaultLayer":"Electrical","labelOffset":48,"extents":{"minX":-45,"minY":-24,"maxX":45,"maxY":49}}}
0
LINE
5
2B3
330
620
100
AcDbEntity
8
0
62
0
6
CONTINUOUS
100
AcDbLine
10
-45
20
0
30
0
11
-22
21
0
31
0
1001
CONDUITCAD
1000
{"id":"master-photodiode-0"}
0
LWPOLYLINE
5
2B4
330
620
100
AcDbEntity
8
0
62
0
6
CONTINUOUS
100
AcDbPolyline
90
3
70
1
10
-22
20
-22
10
22
20
0
10
-22
20
22
1001
CONDUITCAD
1000
{"id":"master-photodiode-1"}
0
LINE
5
2B5
330
620
100
AcDbEntity
8
0
62
0
6
CONTINUOUS
100
AcDbLine
10
22
20
-24
30
0
11
22
21
24
31
0
1001
CONDUITCAD
1000
{"id":"master-photodiode-2"}
0
LINE
5
2B6
330
620
100
AcDbEntity
8
0
62
0
6
CONTINUOUS
100
AcDbLine
10
22
20
0
30
0
11
45
21
0
31
0
1001
CONDUITCAD
1000
{"id":"master-photodiode-3"}
0
LINE
5
2B7
330
620
100
AcDbEntity
8
0
62
0
6
CONTINUOUS
100
AcDbLine
10
0
20
49
30
0
11
14
21
29
31
0
1001
CONDUITCAD
1000
{"id":"master-photodiode-4"}
0
LWPOLYLINE
5
2B8
330
620
100
AcDbEntity
8
0
62
0
6
CONTINUOUS
100
AcDbPolyline
90
3
70
1
10
14
20
29
10
12.56634413909168
20
36.541029828377766
10
7.4051830398217255
20
32.9282170588888
1001
CONDUITCAD
1000
{"id":"master-photodiode-5"}
0
LINE
5
2B9
330
620
100
AcDbEntity
8
0
62
0
6
CONTINUOUS
100
AcDbLine
10
17
20
49
30
0
11
31
21
29
31
0
1001
CONDUITCAD
1000
{"id":"master-photodiode-6"}
0
LWPOLYLINE
5
2BA
330
620
100
AcDbEntity
8
0
62
0
6
CONTINUOUS
100
AcDbPolyline
90
3
70
1
10
31
20
29
10
29.56634413909168
20
36.541029828377766
10
24.405183039821726
20
32.9282170588888
1001
CONDUITCAD
1000
{"id":"master-photodiode-7"}
0
ENDBLK
5
759
330
620
100
AcDbEntity
8
0
100
AcDbBlockEnd
0
BLOCK
5
75A
330
621
100
AcDbEntity
8
0
100
AcDbBlockBegin
2
CC_TRANSISTOR_NPN
70
0
10
0
20
0
30
0
3
CC_TRANSISTOR_NPN
1

1001
CONDUITCAD
1000
{"ports":[{"name":"base","x":-45,"y":0,"dx":-1,"dy":0,"medium":"electrical","role":"connection"},{"name":"collector","x":22,"y":45,"dx":0,"dy":1,"medium":"electrical","role":"connection"},{"name":"emi
1000
tter","x":22,"y":-45,"dx":0,"dy":-1,"medium":"electrical","role":"connection"}],"symbol":{"name":"BJT \u00b7 NPN","category":"Electrical","group":"Semiconductors","geometryRevision":3,"standardRefs":[
1000
"IEC-60617"],"convention":"IEC-60617 family","conformity":"Original master; not standards-certified","normativeEntry":null,"review":{"level":"geometry-and-convention","dimensionalConformance":"not-ver
1000
ified","note":"New independently constructed CAD master with explicit terminal topology."},"aliases":["transistor npn"],"defaultLayer":"Electrical","labelOffset":67,"extents":{"minX":-45,"minY":-45,"m
1000
axX":22,"maxY":45}}}
0
LINE
5
2BB
330
621
100
AcDbEntity
8
0
62
0
6
CONTINUOUS
100
AcDbLine
10
-45
20
0
30
0
11
-14
21
0
31
0
1001
CONDUITCAD
1000
{"id":"master-transistor-npn-0"}
0
LINE
5
2BC
330
621
100
AcDbEntity
8
0
62
0
6
CONTINUOUS
100
AcDbLine
10
-14
20
-24
30
0
11
-14
21
24
31
0
1001
CONDUITCAD
1000
{"id":"master-transistor-npn-1"}
0
LINE
5
2BD
330
621
100
AcDbEntity
8
0
62
0
6
CONTINUOUS
100
AcDbLine
10
-14
20
12
30
0
11
22
21
32
31
0
1001
CONDUITCAD
1000
{"id":"master-transistor-npn-2"}
0
LINE
5
2BE
330
621
100
AcDbEntity
8
0
62
0
6
CONTINUOUS
100
AcDbLine
10
22
20
32
30
0
11
22
21
45
31
0
1001
CONDUITCAD
1000
{"id":"master-transistor-npn-3"}
0
LINE
5
2BF
330
621
100
AcDbEntity
8
0
62
0
6
CONTINUOUS
100
AcDbLine
10
-14
20
-12
30
0
11
22
21
-32
31
0
1001
CONDUITCAD
1000
{"id":"master-transistor-npn-4"}
0
LINE
5
2C0
330
621
100
AcDbEntity
8
0
62
0
6
CONTINUOUS
100
AcDbLine
10
22
20
-32
30
0
11
22
21
-45
31
0
1001
CONDUITCAD
1000
{"id":"master-transistor-npn-5"}
0
LINE
5
2C1
330
621
100
AcDbEntity
8
0
62
0
6
CONTINUOUS
100
AcDbLine
10
-4
20
-17.55
30
0
11
14
21
-27.55
31
0
1001
CONDUITCAD
1000
{"id":"master-transistor-npn-6"}
0
SOLID
5
2C2
330
621
100
AcDbEntity
8
0
62
0
6
CONTINUOUS
100
AcDbTrace
10
14
20
-27.55
30
0
11
9.410674300361928
21
-21.396904061966733
31
0
12
6.351123833936545
22
-26.90409490153242
32
0
13
6.351123833936545
23
-26.90409490153242
33
0
1001
CONDUITCAD
1000
{"id":"master-transistor-npn-7"}
0
ENDBLK
5
75B
330
621
100
AcDbEntity
8
0
100
AcDbBlockEnd
0
BLOCK
5
75C
330
622
100
AcDbEntity
8
0
100
AcDbBlockBegin
2
CC_TRANSISTOR_PNP
70
0
10
0
20
0
30
0
3
CC_TRANSISTOR_PNP
1

1001
CONDUITCAD
1000
{"ports":[{"name":"base","x":-45,"y":0,"dx":-1,"dy":0,"medium":"electrical","role":"connection"},{"name":"collector","x":22,"y":45,"dx":0,"dy":1,"medium":"electrical","role":"connection"},{"name":"emi
1000
tter","x":22,"y":-45,"dx":0,"dy":-1,"medium":"electrical","role":"connection"}],"symbol":{"name":"BJT \u00b7 PNP","category":"Electrical","group":"Semiconductors","geometryRevision":3,"standardRefs":[
1000
"IEC-60617"],"convention":"IEC-60617 family","conformity":"Original master; not standards-certified","normativeEntry":null,"review":{"level":"geometry-and-convention","dimensionalConformance":"not-ver
1000
ified","note":"New independently constructed CAD master with explicit terminal topology."},"aliases":["transistor pnp"],"defaultLayer":"Electrical","labelOffset":67,"extents":{"minX":-45,"minY":-45,"m
1000
axX":22,"maxY":45}}}
0
LINE
5
2C3
330
622
100
AcDbEntity
8
0
62
0
6
CONTINUOUS
100
AcDbLine
10
-45
20
0
30
0
11
-14
21
0
31
0
1001
CONDUITCAD
1000
{"id":"master-transistor-pnp-0"}
0
LINE
5
2C4
330
622
100
AcDbEntity
8
0
62
0
6
CONTINUOUS
100
AcDbLine
10
-14
20
-24
30
0
11
-14
21
24
31
0
1001
CONDUITCAD
1000
{"id":"master-transistor-pnp-1"}
0
LINE
5
2C5
330
622
100
AcDbEntity
8
0
62
0
6
CONTINUOUS
100
AcDbLine
10
-14
20
12
30
0
11
22
21
32
31
0
1001
CONDUITCAD
1000
{"id":"master-transistor-pnp-2"}
0
LINE
5
2C6
330
622
100
AcDbEntity
8
0
62
0
6
CONTINUOUS
100
AcDbLine
10
22
20
32
30
0
11
22
21
45
31
0
1001
CONDUITCAD
1000
{"id":"master-transistor-pnp-3"}
0
LINE
5
2C7
330
622
100
AcDbEntity
8
0
62
0
6
CONTINUOUS
100
AcDbLine
10
-14
20
-12
30
0
11
22
21
-32
31
0
1001
CONDUITCAD
1000
{"id":"master-transistor-pnp-4"}
0
LINE
5
2C8
330
622
100
AcDbEntity
8
0
62
0
6
CONTINUOUS
100
AcDbLine
10
22
20
-32
30
0
11
22
21
-45
31
0
1001
CONDUITCAD
1000
{"id":"master-transistor-pnp-5"}
0
LINE
5
2C9
330
622
100
AcDbEntity
8
0
62
0
6
CONTINUOUS
100
AcDbLine
10
14
20
-27.55
30
0
11
-4
21
-17.55
31
0
1001
CONDUITCAD
1000
{"id":"master-transistor-pnp-6"}
0
SOLID
5
2CA
330
622
100
AcDbEntity
8
0
62
0
6
CONTINUOUS
100
AcDbTrace
10
-4
20
-17.55
30
0
11
0.5893256996380731
21
-23.703095938033268
31
0
12
3.648876166063455
22
-18.19590509846758
32
0
13
3.648876166063455
23
-18.19590509846758
33
0
1001
CONDUITCAD
1000
{"id":"master-transistor-pnp-7"}
0
ENDBLK
5
75D
330
622
100
AcDbEntity
8
0
100
AcDbBlockEnd
0
BLOCK
5
75E
330
623
100
AcDbEntity
8
0
100
AcDbBlockBegin
2
CC_TRANSFORMER_WINDINGS
70
0
10
0
20
0
30
0
3
CC_TRANSFORMER_WINDINGS
1

1001
CONDUITCAD
1000
{"ports":[{"name":"primary-1","x":-45,"y":25,"dx":-1,"dy":0,"medium":"electrical","role":"connection"},{"name":"primary-2","x":-45,"y":-25,"dx":-1,"dy":0,"medium":"electrical","role":"connection"},{"n
1000
ame":"secondary-1","x":45,"y":25,"dx":1,"dy":0,"medium":"electrical","role":"connection"},{"name":"secondary-2","x":45,"y":-25,"dx":1,"dy":0,"medium":"electrical","role":"connection"}],"symbol":{"name
1000
":"Transformer \u00b7 two windings","category":"Electrical","group":"Power & protection","geometryRevision":3,"standardRefs":["IEC-60617"],"convention":"IEC-60617 family","conformity":"Original master
1000
; not standards-certified","normativeEntry":null,"review":{"level":"geometry-and-convention","dimensionalConformance":"not-verified","note":"New independently constructed CAD master with explicit term
1000
inal topology."},"aliases":["transformer windings"],"defaultLayer":"Electrical","labelOffset":52,"extents":{"minX":-45,"minY":-30,"maxX":45,"maxY":30}}}
0
LINE
5
2CB
330
623
100
AcDbEntity
8
0
62
0
6
CONTINUOUS
100
AcDbLine
10
-45
20
25
30
0
11
-22
21
25
31
0
1001
CONDUITCAD
1000
{"id":"master-transformer-windings-0"}
0
LINE
5
2CC
330
623
100
AcDbEntity
8
0
62
0
6
CONTINUOUS
100
AcDbLine
10
-45
20
-25
30
0
11
-22
21
-25
31
0
1001
CONDUITCAD
1000
{"id":"master-transformer-windings-1"}
0
LINE
5
2CD
330
623
100
AcDbEntity
8
0
62
0
6
CONTINUOUS
100
AcDbLine
10
22
20
25
30
0
11
45
21
25
31
0
1001
CONDUITCAD
1000
{"id":"master-transformer-windings-2"}
0
LINE
5
2CE
330
623
100
AcDbEntity
8
0
62
0
6
CONTINUOUS
100
AcDbLine
10
22
20
-25
30
0
11
45
21
-25
31
0
1001
CONDUITCAD
1000
{"id":"master-transformer-windings-3"}
0
ARC
5
2CF
330
623
100
AcDbEntity
8
0
62
0
6
CONTINUOUS
100
AcDbCircle
10
-22
20
-18.75
30
0
40
6.25
100
AcDbArc
50
-90
51
90
1001
CONDUITCAD
1000
{"id":"master-transformer-windings-4"}
0
ARC
5
2D0
330
623
100
AcDbEntity
8
0
62
0
6
CONTINUOUS
100
AcDbCircle
10
22
20
-18.75
30
0
40
6.25
100
AcDbArc
50
90
51
270
1001
CONDUITCAD
1000
{"id":"master-transformer-windings-5"}
0
ARC
5
2D1
330
623
100
AcDbEntity
8
0
62
0
6
CONTINUOUS
100
AcDbCircle
10
-22
20
-6.25
30
0
40
6.25
100
AcDbArc
50
-90
51
90
1001
CONDUITCAD
1000
{"id":"master-transformer-windings-6"}
0
ARC
5
2D2
330
623
100
AcDbEntity
8
0
62
0
6
CONTINUOUS
100
AcDbCircle
10
22
20
-6.25
30
0
40
6.25
100
AcDbArc
50
90
51
270
1001
CONDUITCAD
1000
{"id":"master-transformer-windings-7"}
0
ARC
5
2D3
330
623
100
AcDbEntity
8
0
62
0
6
CONTINUOUS
100
AcDbCircle
10
-22
20
6.25
30
0
40
6.25
100
AcDbArc
50
-90
51
90
1001
CONDUITCAD
1000
{"id":"master-transformer-windings-8"}
0
ARC
5
2D4
330
623
100
AcDbEntity
8
0
62
0
6
CONTINUOUS
100
AcDbCircle
10
22
20
6.25
30
0
40
6.25
100
AcDbArc
50
90
51
270
1001
CONDUITCAD
1000
{"id":"master-transformer-windings-9"}
0
ARC
5
2D5
330
623
100
AcDbEntity
8
0
62
0
6
CONTINUOUS
100
AcDbCircle
10
-22
20
18.75
30
0
40
6.25
100
AcDbArc
50
-90
51
90
1001
CONDUITCAD
1000
{"id":"master-transformer-windings-10"}
0
ARC
5
2D6
330
623
100
AcDbEntity
8
0
62
0
6
CONTINUOUS
100
AcDbCircle
10
22
20
18.75
30
0
40
6.25
100
AcDbArc
50
90
51
270
1001
CONDUITCAD
1000
{"id":"master-transformer-windings-11"}
0
LINE
5
2D7
330
623
100
AcDbEntity
8
0
62
0
6
CONTINUOUS
100
AcDbLine
10
-5
20
-30
30
0
11
-5
21
30
31
0
1001
CONDUITCAD
1000
{"id":"master-transformer-windings-12"}
0
LINE
5
2D8
330
623
100
AcDbEntity
8
0
62
0
6
CONTINUOUS
100
AcDbLine
10
5
20
-30
30
0
11
5
21
30
31
0
1001
CONDUITCAD
1000
{"id":"master-transformer-windings-13"}
0
ENDBLK
5
75F
330
623
100
AcDbEntity
8
0
100
AcDbBlockEnd
0
BLOCK
5
760
330
624
100
AcDbEntity
8
0
100
AcDbBlockBegin
2
CC_CIRCUIT_BREAKER
70
0
10
0
20
0
30
0
3
CC_CIRCUIT_BREAKER
1

1001
CONDUITCAD
1000
{"ports":[{"name":"in","x":-45,"y":0,"dx":-1,"dy":0,"medium":"electrical","role":"connection"},{"name":"out","x":45,"y":0,"dx":1,"dy":0,"medium":"electrical","role":"connection"}],"symbol":{"name":"Ci
1000
rcuit breaker \u00b7 single-line","category":"Electrical","group":"Power & protection","geometryRevision":3,"standardRefs":["IEC-60617"],"convention":"IEC-60617 family","conformity":"Original master; 
1000
not standards-certified","normativeEntry":null,"review":{"level":"geometry-and-convention","dimensionalConformance":"not-verified","note":"New independently constructed CAD master with explicit termin
1000
al topology."},"aliases":["circuit breaker"],"defaultLayer":"Electrical","labelOffset":48,"extents":{"minX":-45,"minY":-17,"maxX":45,"maxY":20}}}
0
LINE
5
2D9
330
624
100
AcDbEntity
8
0
62
0
6
CONTINUOUS
100
AcDbLine
10
-45
20
0
30
0
11
-18
21
0
31
0
1001
CONDUITCAD
1000
{"id":"master-circuit-breaker-0"}
0
LINE
5
2DA
330
624
100
AcDbEntity
8
0
62
0
6
CONTINUOUS
100
AcDbLine
10
18
20
0
30
0
11
45
21
0
31
0
1001
CONDUITCAD
1000
{"id":"master-circuit-breaker-1"}
0
CIRCLE
5
2DB
330
624
100
AcDbEntity
8
0
62
0
6
CONTINUOUS
100
AcDbCircle
10
-18
20
0
30
0
40
2
1001
CONDUITCAD
1000
{"id":"master-circuit-breaker-2"}
0
CIRCLE
5
2DC
330
624
100
AcDbEntity
8
0
62
0
6
CONTINUOUS
100
AcDbCircle
10
18
20
0
30
0
40
2
1001
CONDUITCAD
1000
{"id":"master-circuit-breaker-3"}
0
LINE
5
2DD
330
624
100
AcDbEntity
8
0
62
0
6
CONTINUOUS
100
AcDbLine
10
-18
20
0
30
0
11
13
21
20
31
0
1001
CONDUITCAD
1000
{"id":"master-circuit-breaker-4"}
0
LWPOLYLINE
5
2DE
330
624
100
AcDbEntity
8
0
62
0
6
CONTINUOUS
100
AcDbPolyline
90
4
70
0
10
-7
20
-8
10
-7
20
-17
10
8
20
-17
10
8
20
-8
1001
CONDUITCAD
1000
{"id":"master-circuit-breaker-5"}
0
ENDBLK
5
761
330
624
100
AcDbEntity
8
0
100
AcDbBlockEnd
0
BLOCK
5
762
330
625
100
AcDbEntity
8
0
100
AcDbBlockBegin
2
CC_DISCONNECT
70
0
10
0
20
0
30
0
3
CC_DISCONNECT
1

1001
CONDUITCAD
1000
{"ports":[{"name":"in","x":-45,"y":0,"dx":-1,"dy":0,"medium":"electrical","role":"connection"},{"name":"out","x":45,"y":0,"dx":1,"dy":0,"medium":"electrical","role":"connection"}],"symbol":{"name":"Di
1000
sconnector","category":"Electrical","group":"Power & protection","geometryRevision":3,"standardRefs":["IEC-60617"],"convention":"IEC-60617 family","conformity":"Original master; not standards-certifie
1000
d","normativeEntry":null,"review":{"level":"geometry-and-convention","dimensionalConformance":"not-verified","note":"New independently constructed CAD master with explicit terminal topology."},"aliase
1000
s":["disconnect"],"defaultLayer":"Electrical","labelOffset":48,"extents":{"minX":-45,"minY":-6,"maxX":45,"maxY":24}}}
0
LINE
5
2DF
330
625
100
AcDbEntity
8
0
62
0
6
CONTINUOUS
100
AcDbLine
10
-45
20
0
30
0
11
-20
21
0
31
0
1001
CONDUITCAD
1000
{"id":"master-disconnect-0"}
0
LINE
5
2E0
330
625
100
AcDbEntity
8
0
62
0
6
CONTINUOUS
100
AcDbLine
10
20
20
0
30
0
11
45
21
0
31
0
1001
CONDUITCAD
1000
{"id":"master-disconnect-1"}
0
CIRCLE
5
2E1
330
625
100
AcDbEntity
8
0
62
0
6
CONTINUOUS
100
AcDbCircle
10
-20
20
0
30
0
40
2
1001
CONDUITCAD
1000
{"id":"master-disconnect-2"}
0
LINE
5
2E2
330
625
100
AcDbEntity
8
0
62
0
6
CONTINUOUS
100
AcDbLine
10
-20
20
0
30
0
11
15
21
24
31
0
1001
CONDUITCAD
1000
{"id":"master-disconnect-3"}
0
LINE
5
2E3
330
625
100
AcDbEntity
8
0
62
0
6
CONTINUOUS
100
AcDbLine
10
20
20
-6
30
0
11
20
21
6
31
0
1001
CONDUITCAD
1000
{"id":"master-disconnect-4"}
0
ENDBLK
5
763
330
625
100
AcDbEntity
8
0
100
AcDbBlockEnd
0
BLOCK
5
764
330
626
100
AcDbEntity
8
0
100
AcDbBlockBegin
2
CC_VOLTMETER
70
0
10
0
20
0
30
0
3
CC_VOLTMETER
1

1001
CONDUITCAD
1000
{"ports":[{"name":"in","x":-45,"y":0,"dx":-1,"dy":0,"medium":"electrical","role":"connection"},{"name":"out","x":45,"y":0,"dx":1,"dy":0,"medium":"electrical","role":"connection"}],"symbol":{"name":"Vo
1000
ltmeter","category":"Electrical","group":"Meters","geometryRevision":3,"standardRefs":["IEC-60617"],"convention":"IEC-60617 family","conformity":"Original master; not standards-certified","normativeEn
1000
try":null,"review":{"level":"geometry-and-convention","dimensionalConformance":"not-verified","note":"New independently constructed CAD master with explicit terminal topology."},"aliases":["voltmeter"
1000
],"defaultLayer":"Electrical","labelOffset":48,"extents":{"minX":-45,"minY":-25.970550818758205,"maxX":45,"maxY":25.970550818758205}}}
0
LINE
5
2E4
330
626
100
AcDbEntity
8
0
62
0
6
CONTINUOUS
100
AcDbLine
10
-45
20
0
30
0
11
-26
21
0
31
0
1001
CONDUITCAD
1000
{"id":"master-voltmeter-0"}
0
LINE
5
2E5
330
626
100
AcDbEntity
8
0
62
0
6
CONTINUOUS
100
AcDbLine
10
26
20
0
30
0
11
45
21
0
31
0
1001
CONDUITCAD
1000
{"id":"master-voltmeter-1"}
0
CIRCLE
5
2E6
330
626
100
AcDbEntity
8
0
62
0
6
CONTINUOUS
100
AcDbCircle
10
0
20
0
30
0
40
26
1001
CONDUITCAD
1000
{"id":"master-voltmeter-2"}
0
TEXT
5
2E7
330
626
100
AcDbEntity
8
0
62
0
6
CONTINUOUS
100
AcDbText
10
0
20
-7
30
0
40
20
1
V
50
0
41
1
7
STANDARD
72
1
11
0
21
-7
31
0
100
AcDbText
73
0
1001
CONDUITCAD
1000
{"id":"master-voltmeter-3"}
0
ENDBLK
5
765
330
626
100
AcDbEntity
8
0
100
AcDbBlockEnd
0
BLOCK
5
766
330
627
100
AcDbEntity
8
0
100
AcDbBlockBegin
2
CC_AMMETER
70
0
10
0
20
0
30
0
3
CC_AMMETER
1

1001
CONDUITCAD
1000
{"ports":[{"name":"in","x":-45,"y":0,"dx":-1,"dy":0,"medium":"electrical","role":"connection"},{"name":"out","x":45,"y":0,"dx":1,"dy":0,"medium":"electrical","role":"connection"}],"symbol":{"name":"Am
1000
meter","category":"Electrical","group":"Meters","geometryRevision":3,"standardRefs":["IEC-60617"],"convention":"IEC-60617 family","conformity":"Original master; not standards-certified","normativeEntr
1000
y":null,"review":{"level":"geometry-and-convention","dimensionalConformance":"not-verified","note":"New independently constructed CAD master with explicit terminal topology."},"aliases":["ammeter"],"d
1000
efaultLayer":"Electrical","labelOffset":48,"extents":{"minX":-45,"minY":-25.970550818758205,"maxX":45,"maxY":25.970550818758205}}}
0
LINE
5
2E8
330
627
100
AcDbEntity
8
0
62
0
6
CONTINUOUS
100
AcDbLine
10
-45
20
0
30
0
11
-26
21
0
31
0
1001
CONDUITCAD
1000
{"id":"master-ammeter-0"}
0
LINE
5
2E9
330
627
100
AcDbEntity
8
0
62
0
6
CONTINUOUS
100
AcDbLine
10
26
20
0
30
0
11
45
21
0
31
0
1001
CONDUITCAD
1000
{"id":"master-ammeter-1"}
0
CIRCLE
5
2EA
330
627
100
AcDbEntity
8
0
62
0
6
CONTINUOUS
100
AcDbCircle
10
0
20
0
30
0
40
26
1001
CONDUITCAD
1000
{"id":"master-ammeter-2"}
0
TEXT
5
2EB
330
627
100
AcDbEntity
8
0
62
0
6
CONTINUOUS
100
AcDbText
10
0
20
-7
30
0
40
20
1
A
50
0
41
1
7
STANDARD
72
1
11
0
21
-7
31
0
100
AcDbText
73
0
1001
CONDUITCAD
1000
{"id":"master-ammeter-3"}
0
ENDBLK
5
767
330
627
100
AcDbEntity
8
0
100
AcDbBlockEnd
0
BLOCK
5
768
330
628
100
AcDbEntity
8
0
100
AcDbBlockBegin
2
CC_AC_SOURCE
70
0
10
0
20
0
30
0
3
CC_AC_SOURCE
1

1001
CONDUITCAD
1000
{"ports":[{"name":"in","x":-45,"y":0,"dx":-1,"dy":0,"medium":"electrical","role":"connection"},{"name":"out","x":45,"y":0,"dx":1,"dy":0,"medium":"electrical","role":"connection"}],"symbol":{"name":"AC
1000
 voltage source","category":"Electrical","group":"Sources","geometryRevision":3,"standardRefs":["IEC-60617"],"convention":"IEC-60617 family","conformity":"Original master; not standards-certified","no
1000
rmativeEntry":null,"review":{"level":"geometry-and-convention","dimensionalConformance":"not-verified","note":"New independently constructed CAD master with explicit terminal topology."},"aliases":["a
1000
c source"],"defaultLayer":"Electrical","labelOffset":48,"extents":{"minX":-45,"minY":-25.970550818758205,"maxX":45,"maxY":25.970550818758205}}}
0
LINE
5
2EC
330
628
100
AcDbEntity
8
0
62
0
6
CONTINUOUS
100
AcDbLine
10
-45
20
0
30
0
11
-26
21
0
31
0
1001
CONDUITCAD
1000
{"id":"master-ac-source-0"}
0
LINE
5
2ED
330
628
100
AcDbEntity
8
0
62
0
6
CONTINUOUS
100
AcDbLine
10
26
20
0
30
0
11
45
21
0
31
0
1001
CONDUITCAD
1000
{"id":"master-ac-source-1"}
0
CIRCLE
5
2EE
330
628
100
AcDbEntity
8
0
62
0
6
CONTINUOUS
100
AcDbCircle
10
0
20
0
30
0
40
26
1001
CONDUITCAD
1000
{"id":"master-ac-source-2"}
0
SPLINE
5
2EF
330
628
100
AcDbEntity
8
0
62
0
6
CONTINUOUS
100
AcDbSpline
70
4
71
3
72
8
73
4
74
0
40
0
40
0
40
0
40
0
40
1
40
1
40
1
40
1
41
1
41
1
41
1
41
1
10
-17
20
0
30
0
10
-10
20
30
30
0
10
10
20
-30
30
0
10
17
20
0
30
0
1001
CONDUITCAD
1000
{"id":"master-ac-source-3"}
0
ENDBLK
5
769
330
628
100
AcDbEntity
8
0
100
AcDbBlockEnd
0
BLOCK
5
76A
330
629
100
AcDbEntity
8
0
100
AcDbBlockBegin
2
CC_DC_SOURCE
70
0
10
0
20
0
30
0
3
CC_DC_SOURCE
1

1001
CONDUITCAD
1000
{"ports":[{"name":"in","x":-45,"y":0,"dx":-1,"dy":0,"medium":"electrical","role":"connection"},{"name":"out","x":45,"y":0,"dx":1,"dy":0,"medium":"electrical","role":"connection"}],"symbol":{"name":"DC
1000
 voltage source","category":"Electrical","group":"Sources","geometryRevision":3,"standardRefs":["IEC-60617"],"convention":"IEC-60617 family","conformity":"Original master; not standards-certified","no
1000
rmativeEntry":null,"review":{"level":"geometry-and-convention","dimensionalConformance":"not-verified","note":"New independently constructed CAD master with explicit terminal topology."},"aliases":["d
1000
c source"],"defaultLayer":"Electrical","labelOffset":48,"extents":{"minX":-45,"minY":-25.970550818758205,"maxX":45,"maxY":25.970550818758205}}}
0
LINE
5
2F0
330
629
100
AcDbEntity
8
0
62
0
6
CONTINUOUS
100
AcDbLine
10
-45
20
0
30
0
11
-26
21
0
31
0
1001
CONDUITCAD
1000
{"id":"master-dc-source-0"}
0
LINE
5
2F1
330
629
100
AcDbEntity
8
0
62
0
6
CONTINUOUS
100
AcDbLine
10
26
20
0
30
0
11
45
21
0
31
0
1001
CONDUITCAD
1000
{"id":"master-dc-source-1"}
0
CIRCLE
5
2F2
330
629
100
AcDbEntity
8
0
62
0
6
CONTINUOUS
100
AcDbCircle
10
0
20
0
30
0
40
26
1001
CONDUITCAD
1000
{"id":"master-dc-source-2"}
0
LINE
5
2F3
330
629
100
AcDbEntity
8
0
62
0
6
CONTINUOUS
100
AcDbLine
10
-15
20
-5
30
0
11
-15
21
5
31
0
1001
CONDUITCAD
1000
{"id":"master-dc-source-3"}
0
LINE
5
2F4
330
629
100
AcDbEntity
8
0
62
0
6
CONTINUOUS
100
AcDbLine
10
-20
20
0
30
0
11
-10
21
0
31
0
1001
CONDUITCAD
1000
{"id":"master-dc-source-4"}
0
LINE
5
2F5
330
629
100
AcDbEntity
8
0
62
0
6
CONTINUOUS
100
AcDbLine
10
10
20
0
30
0
11
20
21
0
31
0
1001
CONDUITCAD
1000
{"id":"master-dc-source-5"}
0
ENDBLK
5
76B
330
629
100
AcDbEntity
8
0
100
AcDbBlockEnd
0
BLOCK
5
76C
330
62A
100
AcDbEntity
8
0
100
AcDbBlockBegin
2
CC_JUNCTION_DOT
70
0
10
0
20
0
30
0
3
CC_JUNCTION_DOT
1

1001
CONDUITCAD
1000
{"ports":[{"name":"in","x":-45,"y":0,"dx":-1,"dy":0,"medium":"electrical","role":"connection"},{"name":"out","x":45,"y":0,"dx":1,"dy":0,"medium":"electrical","role":"connection"},{"name":"top","x":0,"
1000
y":45,"dx":0,"dy":1,"medium":"electrical","role":"connection"},{"name":"bottom","x":0,"y":-45,"dx":0,"dy":-1,"medium":"electrical","role":"connection"}],"symbol":{"name":"Connected wire junction","cat
1000
egory":"Electrical","group":"Connections","connectivity":"All terminals connected","geometryRevision":3,"standardRefs":["IEC-60617"],"convention":"IEC-60617 family","conformity":"Original master; not 
1000
standards-certified","normativeEntry":null,"review":{"level":"geometry-and-convention","dimensionalConformance":"not-verified","note":"New independently constructed CAD master with explicit terminal t
1000
opology."},"aliases":["junction dot"],"defaultLayer":"Electrical","labelOffset":67,"extents":{"minX":-45,"minY":-45,"maxX":45,"maxY":45}}}
0
LINE
5
2F6
330
62A
100
AcDbEntity
8
0
62
0
6
CONTINUOUS
100
AcDbLine
10
-45
20
0
30
0
11
45
21
0
31
0
1001
CONDUITCAD
1000
{"id":"master-junction-dot-0"}
0
LINE
5
2F7
330
62A
100
AcDbEntity
8
0
62
0
6
CONTINUOUS
100
AcDbLine
10
0
20
-45
30
0
11
0
21
45
31
0
1001
CONDUITCAD
1000
{"id":"master-junction-dot-1"}
0
CIRCLE
5
2F8
330
62A
100
AcDbEntity
8
0
62
0
6
CONTINUOUS
100
AcDbCircle
10
0
20
0
30
0
40
3.5
1001
CONDUITCAD
1000
{"id":"master-junction-dot-2","fill":"BYBLOCK"}
0
ENDBLK
5
76D
330
62A
100
AcDbEntity
8
0
100
AcDbBlockEnd
0
BLOCK
5
76E
330
62B
100
AcDbEntity
8
0
100
AcDbBlockBegin
2
CC_WIRE_CROSSING
70
0
10
0
20
0
30
0
3
CC_WIRE_CROSSING
1

1001
CONDUITCAD
1000
{"ports":[{"name":"in","x":-45,"y":0,"dx":-1,"dy":0,"medium":"electrical","role":"connection"},{"name":"out","x":45,"y":0,"dx":1,"dy":0,"medium":"electrical","role":"connection"},{"name":"top","x":0,"
1000
y":45,"dx":0,"dy":1,"medium":"electrical","role":"connection"},{"name":"bottom","x":0,"y":-45,"dx":0,"dy":-1,"medium":"electrical","role":"connection"}],"symbol":{"name":"Wire crossing \u00b7 no conne
1000
ction","category":"Electrical","group":"Connections","connectivity":"in/out and top/bottom remain separate circuits","geometryRevision":3,"standardRefs":["IEC-60617"],"convention":"IEC-60617 family","
1000
conformity":"Original master; not standards-certified","normativeEntry":null,"review":{"level":"geometry-and-convention","dimensionalConformance":"not-verified","note":"New independently constructed C
1000
AD master with explicit terminal topology."},"aliases":["wire crossing"],"defaultLayer":"Electrical","labelOffset":67,"extents":{"minX":-45,"minY":-45,"maxX":45,"maxY":45}}}
0
LINE
5
2F9
330
62B
100
AcDbEntity
8
0
62
0
6
CONTINUOUS
100
AcDbLine
10
-45
20
0
30
0
11
-7
21
0
31
0
1001
CONDUITCAD
1000
{"id":"master-wire-crossing-0"}
0
ARC
5
2FA
330
62B
100
AcDbEntity
8
0
62
0
6
CONTINUOUS
100
AcDbCircle
10
0
20
0
30
0
40
7
100
AcDbArc
50
0
51
180
1001
CONDUITCAD
1000
{"id":"master-wire-crossing-1"}
0
LINE
5
2FB
330
62B
100
AcDbEntity
8
0
62
0
6
CONTINUOUS
100
AcDbLine
10
7
20
0
30
0
11
45
21
0
31
0
1001
CONDUITCAD
1000
{"id":"master-wire-crossing-2"}
0
LINE
5
2FC
330
62B
100
AcDbEntity
8
0
62
0
6
CONTINUOUS
100
AcDbLine
10
0
20
-45
30
0
11
0
21
-9
31
0
1001
CONDUITCAD
1000
{"id":"master-wire-crossing-3"}
0
LINE
5
2FD
330
62B
100
AcDbEntity
8
0
62
0
6
CONTINUOUS
100
AcDbLine
10
0
20
9
30
0
11
0
21
45
31
0
1001
CONDUITCAD
1000
{"id":"master-wire-crossing-4"}
0
ENDBLK
5
76F
330
62B
100
AcDbEntity
8
0
100
AcDbBlockEnd
0
BLOCK
5
770
330
62C
100
AcDbEntity
8
0
100
AcDbBlockBegin
2
CC_INVERTER
70
0
10
0
20
0
30
0
3
CC_INVERTER
1

1001
CONDUITCAD
1000
{"ports":[{"name":"in","x":-45,"y":0,"dx":-1,"dy":0,"medium":"electrical","role":"connection"},{"name":"out","x":45,"y":0,"dx":1,"dy":0,"medium":"electrical","role":"connection"}],"symbol":{"name":"DC
1000
 / AC inverter","category":"Electrical","group":"Power & protection","geometryRevision":3,"standardRefs":["IEC-60617"],"convention":"IEC-60617 family","conformity":"Original master; not standards-cert
1000
ified","normativeEntry":null,"review":{"level":"geometry-and-convention","dimensionalConformance":"not-verified","note":"New independently constructed CAD master with explicit terminal topology."},"al
1000
iases":["inverter"],"defaultLayer":"Electrical","labelOffset":48,"extents":{"minX":-45,"minY":-25,"maxX":45,"maxY":25}}}
0
LWPOLYLINE
5
2FE
330
62C
100
AcDbEntity
8
0
62
0
6
CONTINUOUS
100
AcDbPolyline
90
4
70
1
10
-30
20
-25
10
30
20
-25
10
30
20
25
10
-30
20
25
1001
CONDUITCAD
1000
{"id":"master-inverter-0"}
0
LINE
5
2FF
330
62C
100
AcDbEntity
8
0
62
0
6
CONTINUOUS
100
AcDbLine
10
-45
20
0
30
0
11
-30
21
0
31
0
1001
CONDUITCAD
1000
{"id":"master-inverter-1"}
0
LINE
5
300
330
62C
100
AcDbEntity
8
0
62
0
6
CONTINUOUS
100
AcDbLine
10
30
20
0
30
0
11
45
21
0
31
0
1001
CONDUITCAD
1000
{"id":"master-inverter-2"}
0
LINE
5
301
330
62C
100
AcDbEntity
8
0
62
0
6
CONTINUOUS
100
AcDbLine
10
-30
20
-25
30
0
11
30
21
25
31
0
1001
CONDUITCAD
1000
{"id":"master-inverter-3"}
0
TEXT
5
302
330
62C
100
AcDbEntity
8
0
62
0
6
CONTINUOUS
100
AcDbText
10
-14
20
10
30
0
40
14
1
=
50
0
41
1
7
STANDARD
72
1
11
-14
21
10
31
0
100
AcDbText
73
0
1001
CONDUITCAD
1000
{"id":"master-inverter-4"}
0
TEXT
5
303
330
62C
100
AcDbEntity
8
0
62
0
6
CONTINUOUS
100
AcDbText
10
14
20
-18
30
0
40
18
1
~
50
0
41
1
7
STANDARD
72
1
11
14
21
-18
31
0
100
AcDbText
73
0
1001
CONDUITCAD
1000
{"id":"master-inverter-5"}
0
ENDBLK
5
771
330
62C
100
AcDbEntity
8
0
100
AcDbBlockEnd
0
BLOCK
5
772
330
62D
100
AcDbEntity
8
0
100
AcDbBlockBegin
2
CC_PV_MODULE
70
0
10
0
20
0
30
0
3
CC_PV_MODULE
1

1001
CONDUITCAD
1000
{"ports":[{"name":"in","x":-45,"y":0,"dx":-1,"dy":0,"medium":"electrical","role":"connection"},{"name":"out","x":45,"y":0,"dx":1,"dy":0,"medium":"electrical","role":"connection"}],"symbol":{"name":"Ph
1000
otovoltaic module","category":"Electrical","group":"Sources","standardRefs":["PROJECT"],"geometryRevision":3,"convention":"Explicit project drafting convention","conformity":"Original master; not stan
1000
dards-certified","normativeEntry":null,"review":{"level":"geometry-and-convention","dimensionalConformance":"not-verified","note":"New independently constructed CAD master with explicit terminal topol
1000
ogy."},"aliases":["pv module"],"defaultLayer":"Electrical","labelOffset":48,"extents":{"minX":-45,"minY":-20,"maxX":45,"maxY":46}}}
0
LINE
5
304
330
62D
100
AcDbEntity
8
0
62
0
6
CONTINUOUS
100
AcDbLine
10
-45
20
0
30
0
11
-30
21
0
31
0
1001
CONDUITCAD
1000
{"id":"master-pv-module-0"}
0
LINE
5
305
330
62D
100
AcDbEntity
8
0
62
0
6
CONTINUOUS
100
AcDbLine
10
30
20
0
30
0
11
45
21
0
31
0
1001
CONDUITCAD
1000
{"id":"master-pv-module-1"}
0
LWPOLYLINE
5
306
330
62D
100
AcDbEntity
8
0
62
0
6
CONTINUOUS
100
AcDbPolyline
90
4
70
1
10
-30
20
-20
10
30
20
-20
10
30
20
20
10
-30
20
20
1001
CONDUITCAD
1000
{"id":"master-pv-module-2"}
0
LINE
5
307
330
62D
100
AcDbEntity
8
0
62
0
6
CONTINUOUS
100
AcDbLine
10
-10
20
-20
30
0
11
-10
21
20
31
0
1001
CONDUITCAD
1000
{"id":"master-pv-module-3"}
0
LINE
5
308
330
62D
100
AcDbEntity
8
0
62
0
6
CONTINUOUS
100
AcDbLine
10
10
20
-20
30
0
11
10
21
20
31
0
1001
CONDUITCAD
1000
{"id":"master-pv-module-4"}
0
LINE
5
309
330
62D
100
AcDbEntity
8
0
62
0
6
CONTINUOUS
100
AcDbLine
10
-30
20
0
30
0
11
30
21
0
31
0
1001
CONDUITCAD
1000
{"id":"master-pv-module-5"}
0
LINE
5
30A
330
62D
100
AcDbEntity
8
0
62
0
6
CONTINUOUS
100
AcDbLine
10
-22
20
46
30
0
11
-8
21
28
31
0
1001
CONDUITCAD
1000
{"id":"master-pv-module-6"}
0
LWPOLYLINE
5
30B
330
62D
100
AcDbEntity
8
0
62
0
6
CONTINUOUS
100
AcDbPolyline
90
3
70
1
10
-8
20
28
10
-9.811124809869016
20
35.45937845420629
10
-14.784043779339873
20
31.59155258906229
1001
CONDUITCAD
1000
{"id":"master-pv-module-7"}
0
LINE
5
30C
330
62D
100
AcDbEntity
8
0
62
0
6
CONTINUOUS
100
AcDbLine
10
-4
20
46
30
0
11
10
21
28
31
0
1001
CONDUITCAD
1000
{"id":"master-pv-module-8"}
0
LWPOLYLINE
5
30D
330
62D
100
AcDbEntity
8
0
62
0
6
CONTINUOUS
100
AcDbPolyline
90
3
70
1
10
10
20
28
10
8.188875190130984
20
35.45937845420629
10
3.215956220660128
20
31.59155258906229
1001
CONDUITCAD
1000
{"id":"master-pv-module-9"}
0
ENDBLK
5
773
330
62D
100
AcDbEntity
8
0
100
AcDbBlockEnd
0
BLOCK
5
774
330
62E
100
AcDbEntity
8
0
100
AcDbBlockBegin
2
CC_THREE_PHASE_MOTOR
70
0
10
0
20
0
30
0
3
CC_THREE_PHASE_MOTOR
1

1001
CONDUITCAD
1000
{"ports":[{"name":"in","x":-45,"y":0,"dx":-1,"dy":0,"medium":"electrical","role":"connection"},{"name":"out","x":45,"y":0,"dx":1,"dy":0,"medium":"electrical","role":"connection"},{"name":"top","x":0,"
1000
y":45,"dx":0,"dy":1,"medium":"electrical","role":"connection"},{"name":"bottom","x":0,"y":-45,"dx":0,"dy":-1,"medium":"electrical","role":"connection"}],"symbol":{"name":"Motor \u00b7 three-phase","ca
1000
tegory":"Electrical","group":"Power & protection","geometryRevision":3,"standardRefs":["IEC-60617"],"convention":"IEC-60617 family","conformity":"Original master; not standards-certified","normativeEn
1000
try":null,"review":{"level":"geometry-and-convention","dimensionalConformance":"not-verified","note":"New independently constructed CAD master with explicit terminal topology."},"aliases":["three phas
1000
e motor"],"defaultLayer":"Electrical","labelOffset":67,"extents":{"minX":-45,"minY":-45,"maxX":45,"maxY":45}}}
0
LINE
5
30E
330
62E
100
AcDbEntity
8
0
62
0
6
CONTINUOUS
100
AcDbLine
10
-45
20
0
30
0
11
-29
21
0
31
0
1001
CONDUITCAD
1000
{"id":"master-three-phase-motor-0"}
0
LINE
5
30F
330
62E
100
AcDbEntity
8
0
62
0
6
CONTINUOUS
100
AcDbLine
10
29
20
0
30
0
11
45
21
0
31
0
1001
CONDUITCAD
1000
{"id":"master-three-phase-motor-1"}
0
LINE
5
310
330
62E
100
AcDbEntity
8
0
62
0
6
CONTINUOUS
100
AcDbLine
10
0
20
29
30
0
11
0
21
45
31
0
1001
CONDUITCAD
1000
{"id":"master-three-phase-motor-2"}
0
LINE
5
311
330
62E
100
AcDbEntity
8
0
62
0
6
CONTINUOUS
100
AcDbLine
10
0
20
-29
30
0
11
0
21
-45
31
0
1001
CONDUITCAD
1000
{"id":"master-three-phase-motor-3"}
0
CIRCLE
5
312
330
62E
100
AcDbEntity
8
0
62
0
6
CONTINUOUS
100
AcDbCircle
10
0
20
0
30
0
40
29
1001
CONDUITCAD
1000
{"id":"master-three-phase-motor-4"}
0
TEXT
5
313
330
62E
100
AcDbEntity
8
0
62
0
6
CONTINUOUS
100
AcDbText
10
0
20
0
30
0
40
19
1
M
50
0
41
1
7
STANDARD
72
1
11
0
21
0
31
0
100
AcDbText
73
0
1001
CONDUITCAD
1000
{"id":"master-three-phase-motor-5"}
0
TEXT
5
314
330
62E
100
AcDbEntity
8
0
62
0
6
CONTINUOUS
100
AcDbText
10
0
20
-17
30
0
40
11
1
3~
50
0
41
1
7
STANDARD
72
1
11
0
21
-17
31
0
100
AcDbText
73
0
1001
CONDUITCAD
1000
{"id":"master-three-phase-motor-6"}
0
ENDBLK
5
775
330
62E
100
AcDbEntity
8
0
100
AcDbBlockEnd
0
BLOCK
5
776
330
62F
100
AcDbEntity
8
0
100
AcDbBlockBegin
2
CC_CELL
70
0
10
0
20
0
30
0
3
CC_CELL
1

1001
CONDUITCAD
1000
{"ports":[{"name":"in","x":-45,"y":0,"dx":-1,"dy":0,"medium":"electrical","role":"connection"},{"name":"out","x":45,"y":0,"dx":1,"dy":0,"medium":"electrical","role":"connection"}],"symbol":{"name":"Ce
1000
ll","category":"Electrical","group":"Sources","geometryRevision":3,"standardRefs":["IEC-60617"],"convention":"IEC-60617 family","conformity":"Original master; not standards-certified","normativeEntry"
1000
:null,"review":{"level":"geometry-and-convention","dimensionalConformance":"not-verified","note":"New independently constructed CAD master with explicit terminal topology."},"aliases":["cell"],"defaul
1000
tLayer":"Electrical","labelOffset":48,"extents":{"minX":-45,"minY":-24,"maxX":45,"maxY":24}}}
0
LINE
5
315
330
62F
100
AcDbEntity
8
0
62
0
6
CONTINUOUS
100
AcDbLine
10
-45
20
0
30
0
11
-6
21
0
31
0
1001
CONDUITCAD
1000
{"id":"master-cell-0"}
0
LINE
5
316
330
62F
100
AcDbEntity
8
0
62
0
6
CONTINUOUS
100
AcDbLine
10
6
20
0
30
0
11
45
21
0
31
0
1001
CONDUITCAD
1000
{"id":"master-cell-1"}
0
LINE
5
317
330
62F
100
AcDbEntity
8
0
62
0
6
CONTINUOUS
100
AcDbLine
10
-6
20
-24
30
0
11
-6
21
24
31
0
1001
CONDUITCAD
1000
{"id":"master-cell-2"}
0
LINE
5
318
330
62F
100
AcDbEntity
8
0
62
0
6
CONTINUOUS
100
AcDbLine
10
6
20
-12
30
0
11
6
21
12
31
0
1001
CONDUITCAD
1000
{"id":"master-cell-3"}
0
ENDBLK
5
777
330
62F
100
AcDbEntity
8
0
100
AcDbBlockEnd
0
BLOCK
5
778
330
630
100
AcDbEntity
8
0
100
AcDbBlockBegin
2
CC_MANUAL_OPERATION
70
0
10
0
20
0
30
0
3
CC_MANUAL_OPERATION
1

1001
CONDUITCAD
1000
{"ports":[{"name":"in","x":0,"y":35,"dx":0,"dy":1,"medium":"logical","role":"connection"},{"name":"out","x":0,"y":-35,"dx":0,"dy":-1,"medium":"logical","role":"connection"},{"name":"left","x":-45,"y":
1000
0,"dx":-1,"dy":0,"medium":"logical","role":"connection"},{"name":"right","x":45,"y":0,"dx":1,"dy":0,"medium":"logical","role":"connection"}],"symbol":{"name":"Manual operation","category":"Flow","grou
1000
p":"Information flow","geometryRevision":3,"standardRefs":["ISO-5807"],"convention":"ISO-5807 family","conformity":"Original master; not standards-certified","normativeEntry":null,"review":{"level":"g
1000
eometry-and-convention","dimensionalConformance":"not-verified","note":"New independently constructed CAD master with explicit terminal topology."},"aliases":["manual operation"],"defaultLayer":"Proce
1000
ss","labelOffset":57,"extents":{"minX":-55,"minY":-35,"maxX":55,"maxY":35}}}
0
LWPOLYLINE
5
319
330
630
100
AcDbEntity
8
0
62
0
6
CONTINUOUS
100
AcDbPolyline
90
4
70
1
10
-55
20
35
10
55
20
35
10
35
20
-35
10
-35
20
-35
1001
CONDUITCAD
1000
{"id":"master-manual-operation-0"}
0
TEXT
5
31A
330
630
100
AcDbEntity
8
0
62
0
6
CONTINUOUS
100
AcDbText
10
0
20
-5
30
0
40
14
1
Manual
50
0
41
1
7
STANDARD
72
1
11
0
21
-5
31
0
100
AcDbText
73
0
1001
CONDUITCAD
1000
{"id":"master-manual-operation-1"}
0
ENDBLK
5
779
330
630
100
AcDbEntity
8
0
100
AcDbBlockEnd
0
BLOCK
5
77A
330
631
100
AcDbEntity
8
0
100
AcDbBlockBegin
2
CC_OFFPAGE_FLOW
70
0
10
0
20
0
30
0
3
CC_OFFPAGE_FLOW
1

1001
CONDUITCAD
1000
{"ports":[{"name":"in","x":0,"y":35,"dx":0,"dy":1,"medium":"logical","role":"connection"},{"name":"out","x":0,"y":-40,"dx":0,"dy":-1,"medium":"logical","role":"connection"}],"symbol":{"name":"Off-page
1000
 flow reference","category":"Flow","group":"Information flow","geometryRevision":3,"standardRefs":["ISO-5807"],"convention":"ISO-5807 family","conformity":"Original master; not standards-certified","n
1000
ormativeEntry":null,"review":{"level":"geometry-and-convention","dimensionalConformance":"not-verified","note":"New independently constructed CAD master with explicit terminal topology."},"aliases":["
1000
offpage flow"],"defaultLayer":"Process","labelOffset":62,"extents":{"minX":-40,"minY":-40,"maxX":40,"maxY":35}}}
0
LWPOLYLINE
5
31B
330
631
100
AcDbEntity
8
0
62
0
6
CONTINUOUS
100
AcDbPolyline
90
5
70
1
10
-40
20
35
10
40
20
35
10
40
20
-10
10
0
20
-40
10
-40
20
-10
1001
CONDUITCAD
1000
{"id":"master-offpage-flow-0"}
0
TEXT
5
31C
330
631
100
AcDbEntity
8
0
62
0
6
CONTINUOUS
100
AcDbText
10
0
20
-1
30
0
40
15
1
A
50
0
41
1
7
STANDARD
72
1
11
0
21
-1
31
0
100
AcDbText
73
0
1001
CONDUITCAD
1000
{"id":"master-offpage-flow-1"}
0
ENDBLK
5
77B
330
631
100
AcDbEntity
8
0
100
AcDbBlockEnd
0
BLOCK
5
77C
330
632
100
AcDbEntity
8
0
100
AcDbBlockBegin
2
CC_INTERNAL_STORAGE
70
0
10
0
20
0
30
0
3
CC_INTERNAL_STORAGE
1

1001
CONDUITCAD
1000
{"ports":[{"name":"in","x":0,"y":35,"dx":0,"dy":1,"medium":"logical","role":"connection"},{"name":"out","x":0,"y":-35,"dx":0,"dy":-1,"medium":"logical","role":"connection"},{"name":"left","x":-55,"y":
1000
0,"dx":-1,"dy":0,"medium":"logical","role":"connection"},{"name":"right","x":55,"y":0,"dx":1,"dy":0,"medium":"logical","role":"connection"}],"symbol":{"name":"Internal storage","category":"Flow","grou
1000
p":"Information flow","geometryRevision":3,"standardRefs":["ISO-5807"],"convention":"ISO-5807 family","conformity":"Original master; not standards-certified","normativeEntry":null,"review":{"level":"g
1000
eometry-and-convention","dimensionalConformance":"not-verified","note":"New independently constructed CAD master with explicit terminal topology."},"aliases":["internal storage"],"defaultLayer":"Proce
1000
ss","labelOffset":57,"extents":{"minX":-55,"minY":-35,"maxX":55,"maxY":35}}}
0
LWPOLYLINE
5
31D
330
632
100
AcDbEntity
8
0
62
0
6
CONTINUOUS
100
AcDbPolyline
90
4
70
1
10
-55
20
-35
10
55
20
-35
10
55
20
35
10
-55
20
35
1001
CONDUITCAD
1000
{"id":"master-internal-storage-0"}
0
LINE
5
31E
330
632
100
AcDbEntity
8
0
62
0
6
CONTINUOUS
100
AcDbLine
10
-40
20
-35
30
0
11
-40
21
35
31
0
1001
CONDUITCAD
1000
{"id":"master-internal-storage-1"}
0
LINE
5
31F
330
632
100
AcDbEntity
8
0
62
0
6
CONTINUOUS
100
AcDbLine
10
-55
20
22
30
0
11
55
21
22
31
0
1001
CONDUITCAD
1000
{"id":"master-internal-storage-2"}
0
TEXT
5
320
330
632
100
AcDbEntity
8
0
62
0
6
CONTINUOUS
100
AcDbText
10
5
20
-7
30
0
40
13
1
Storage
50
0
41
1
7
STANDARD
72
1
11
5
21
-7
31
0
100
AcDbText
73
0
1001
CONDUITCAD
1000
{"id":"master-internal-storage-3"}
0
ENDBLK
5
77D
330
632
100
AcDbEntity
8
0
100
AcDbBlockEnd
0
BLOCK
5
77E
330
633
100
AcDbEntity
8
0
100
AcDbBlockBegin
2
CC_DISPLAY
70
0
10
0
20
0
30
0
3
CC_DISPLAY
1

1001
CONDUITCAD
1000
{"ports":[{"name":"in","x":0,"y":30,"dx":0,"dy":1,"medium":"logical","role":"connection"},{"name":"out","x":0,"y":-30,"dx":0,"dy":-1,"medium":"logical","role":"connection"},{"name":"left","x":-60,"y":
1000
0,"dx":-1,"dy":0,"medium":"logical","role":"connection"},{"name":"right","x":60,"y":0,"dx":1,"dy":0,"medium":"logical","role":"connection"}],"symbol":{"name":"Display","category":"Flow","group":"Infor
1000
mation flow","geometryRevision":3,"standardRefs":["ISO-5807"],"convention":"ISO-5807 family","conformity":"Original master; not standards-certified","normativeEntry":null,"review":{"level":"geometry-a
1000
nd-convention","dimensionalConformance":"not-verified","note":"New independently constructed CAD master with explicit terminal topology."},"aliases":["display"],"defaultLayer":"Process","labelOffset":
1000
52,"extents":{"minX":-60,"minY":-30,"maxX":60,"maxY":30}}}
0
LWPOLYLINE
5
321
330
633
100
AcDbEntity
8
0
62
0
6
CONTINUOUS
100
AcDbPolyline
90
2
70
0
10
-40
20
-30
10
30
20
-30
1001
CONDUITCAD
1000
{"id":"master-display-0"}
0
ARC
5
322
330
633
100
AcDbEntity
8
0
62
0
6
CONTINUOUS
100
AcDbCircle
10
30
20
0
30
0
40
30
100
AcDbArc
50
-90
51
90
1001
CONDUITCAD
1000
{"id":"master-display-1"}
0
LWPOLYLINE
5
323
330
633
100
AcDbEntity
8
0
62
0
6
CONTINUOUS
100
AcDbPolyline
90
4
70
0
10
30
20
30
10
-40
20
30
10
-60
20
0
10
-40
20
-30
1001
CONDUITCAD
1000
{"id":"master-display-2"}
0
TEXT
5
324
330
633
100
AcDbEntity
8
0
62
0
6
CONTINUOUS
100
AcDbText
10
0
20
-5
30
0
40
13
1
Display
50
0
41
1
7
STANDARD
72
1
11
0
21
-5
31
0
100
AcDbText
73
0
1001
CONDUITCAD
1000
{"id":"master-display-3"}
0
ENDBLK
5
77F
330
633
100
AcDbEntity
8
0
100
AcDbBlockEnd
0
BLOCK
5
780
330
634
100
AcDbEntity
8
0
100
AcDbBlockBegin
2
CC_STORED_DATA
70
0
10
0
20
0
30
0
3
CC_STORED_DATA
1

1001
CONDUITCAD
1000
{"ports":[{"name":"in","x":0,"y":35,"dx":0,"dy":1,"medium":"logical","role":"connection"},{"name":"out","x":0,"y":-35,"dx":0,"dy":-1,"medium":"logical","role":"connection"},{"name":"left","x":-50,"y":
1000
0,"dx":-1,"dy":0,"medium":"logical","role":"connection"},{"name":"right","x":36,"y":0,"dx":1,"dy":0,"medium":"logical","role":"connection"}],"symbol":{"name":"Stored data","category":"Flow","group":"I
1000
nformation flow","geometryRevision":3,"standardRefs":["ISO-5807"],"convention":"ISO-5807 family","conformity":"Original master; not standards-certified","normativeEntry":null,"review":{"level":"geomet
1000
ry-and-convention","dimensionalConformance":"not-verified","note":"New independently constructed CAD master with explicit terminal topology."},"aliases":["stored data"],"defaultLayer":"Process","label
1000
Offset":57,"extents":{"minX":-50,"minY":-35,"maxX":48,"maxY":35}}}
0
LINE
5
325
330
634
100
AcDbEntity
8
0
62
0
6
CONTINUOUS
100
AcDbLine
10
-38
20
-35
30
0
11
48
21
-35
31
0
1001
CONDUITCAD
1000
{"id":"master-stored-data-0"}
0
ELLIPSE
5
326
330
634
100
AcDbEntity
8
0
62
0
6
CONTINUOUS
100
AcDbEllipse
10
48
20
0
30
0
11
0
21
35
31
0
40
0.34285714285714286
41
0
42
3.141592653589793
1001
CONDUITCAD
1000
{"id":"master-stored-data-1"}
0
LINE
5
327
330
634
100
AcDbEntity
8
0
62
0
6
CONTINUOUS
100
AcDbLine
10
48
20
35
30
0
11
-38
21
35
31
0
1001
CONDUITCAD
1000
{"id":"master-stored-data-2"}
0
ELLIPSE
5
328
330
634
100
AcDbEntity
8
0
62
0
6
CONTINUOUS
100
AcDbEllipse
10
-38
20
0
30
0
11
0
21
35
31
0
40
0.34285714285714286
41
0
42
3.141592653589793
1001
CONDUITCAD
1000
{"id":"master-stored-data-3"}
0
TEXT
5
329
330
634
100
AcDbEntity
8
0
62
0
6
CONTINUOUS
100
AcDbText
10
0
20
-5
30
0
40
12
1
Stored data
50
0
41
1
7
STANDARD
72
1
11
0
21
-5
31
0
100
AcDbText
73
0
1001
CONDUITCAD
1000
{"id":"master-stored-data-4"}
0
ENDBLK
5
781
330
634
100
AcDbEntity
8
0
100
AcDbBlockEnd
0
BLOCK
5
782
330
635
100
AcDbEntity
8
0
100
AcDbBlockBegin
2
CC_MERGE
70
0
10
0
20
0
30
0
3
CC_MERGE
1

1001
CONDUITCAD
1000
{"ports":[{"name":"in","x":0,"y":35,"dx":0,"dy":1,"medium":"logical","role":"connection"},{"name":"left","x":-26,"y":0,"dx":-1,"dy":0,"medium":"logical","role":"connection"},{"name":"right","x":26,"y"
1000
:0,"dx":1,"dy":0,"medium":"logical","role":"connection"},{"name":"out","x":0,"y":-35,"dx":0,"dy":-1,"medium":"logical","role":"connection"}],"symbol":{"name":"Merge","category":"Flow","group":"Informa
1000
tion flow","standardRefs":["PROJECT"],"geometryRevision":3,"convention":"Explicit project drafting convention","conformity":"Original master; not standards-certified","normativeEntry":null,"review":{"
1000
level":"geometry-and-convention","dimensionalConformance":"not-verified","note":"New independently constructed CAD master with explicit terminal topology."},"aliases":["merge"],"defaultLayer":"Process
1000
","labelOffset":57,"extents":{"minX":-52,"minY":-35,"maxX":52,"maxY":35}}}
0
LWPOLYLINE
5
32A
330
635
100
AcDbEntity
8
0
62
0
6
CONTINUOUS
100
AcDbPolyline
90
3
70
1
10
-52
20
35
10
52
20
35
10
0
20
-35
1001
CONDUITCAD
1000
{"id":"master-merge-0"}
0
TEXT
5
32B
330
635
100
AcDbEntity
8
0
62
0
6
CONTINUOUS
100
AcDbText
10
0
20
5
30
0
40
12
1
Merge
50
0
41
1
7
STANDARD
72
1
11
0
21
5
31
0
100
AcDbText
73
0
1001
CONDUITCAD
1000
{"id":"master-merge-1"}
0
ENDBLK
5
783
330
635
100
AcDbEntity
8
0
100
AcDbBlockEnd
0
BLOCK
5
784
330
636
100
AcDbEntity
8
0
100
AcDbBlockBegin
2
CC_EXTRACT
70
0
10
0
20
0
30
0
3
CC_EXTRACT
1

1001
CONDUITCAD
1000
{"ports":[{"name":"in","x":0,"y":35,"dx":0,"dy":1,"medium":"logical","role":"connection"},{"name":"out","x":0,"y":-35,"dx":0,"dy":-1,"medium":"logical","role":"connection"},{"name":"left","x":-26,"y":
1000
0,"dx":-1,"dy":0,"medium":"logical","role":"connection"},{"name":"right","x":26,"y":0,"dx":1,"dy":0,"medium":"logical","role":"connection"}],"symbol":{"name":"Extract","category":"Flow","group":"Infor
1000
mation flow","standardRefs":["PROJECT"],"geometryRevision":3,"convention":"Explicit project drafting convention","conformity":"Original master; not standards-certified","normativeEntry":null,"review":
1000
{"level":"geometry-and-convention","dimensionalConformance":"not-verified","note":"New independently constructed CAD master with explicit terminal topology."},"aliases":["extract"],"defaultLayer":"Pro
1000
cess","labelOffset":57,"extents":{"minX":-52,"minY":-35,"maxX":52,"maxY":35}}}
0
LWPOLYLINE
5
32C
330
636
100
AcDbEntity
8
0
62
0
6
CONTINUOUS
100
AcDbPolyline
90
3
70
1
10
-52
20
-35
10
52
20
-35
10
0
20
35
1001
CONDUITCAD
1000
{"id":"master-extract-0"}
0
TEXT
5
32D
330
636
100
AcDbEntity
8
0
62
0
6
CONTINUOUS
100
AcDbText
10
0
20
-19
30
0
40
12
1
Extract
50
0
41
1
7
STANDARD
72
1
11
0
21
-19
31
0
100
AcDbText
73
0
1001
CONDUITCAD
1000
{"id":"master-extract-1"}
0
ENDBLK
5
785
330
636
100
AcDbEntity
8
0
100
AcDbBlockEnd
0
BLOCK
5
786
330
637
100
AcDbEntity
8
0
100
AcDbBlockBegin
2
CC_COLLATE
70
0
10
0
20
0
30
0
3
CC_COLLATE
1

1001
CONDUITCAD
1000
{"ports":[{"name":"in","x":0,"y":35,"dx":0,"dy":1,"medium":"logical","role":"connection"},{"name":"out","x":0,"y":-35,"dx":0,"dy":-1,"medium":"logical","role":"connection"}],"symbol":{"name":"Collate"
1000
,"category":"Flow","group":"Information flow","standardRefs":["PROJECT"],"geometryRevision":3,"convention":"Explicit project drafting convention","conformity":"Original master; not standards-certified
1000
","normativeEntry":null,"review":{"level":"geometry-and-convention","dimensionalConformance":"not-verified","note":"New independently constructed CAD master with explicit terminal topology."},"aliases
1000
":["collate"],"defaultLayer":"Process","labelOffset":57,"extents":{"minX":-45,"minY":-35,"maxX":45,"maxY":35}}}
0
LWPOLYLINE
5
32E
330
637
100
AcDbEntity
8
0
62
0
6
CONTINUOUS
100
AcDbPolyline
90
3
70
1
10
-45
20
35
10
45
20
35
10
0
20
0
1001
CONDUITCAD
1000
{"id":"master-collate-0"}
0
LWPOLYLINE
5
32F
330
637
100
AcDbEntity
8
0
62
0
6
CONTINUOUS
100
AcDbPolyline
90
3
70
1
10
0
20
0
10
-45
20
-35
10
45
20
-35
1001
CONDUITCAD
1000
{"id":"master-collate-1"}
0
ENDBLK
5
787
330
637
100
AcDbEntity
8
0
100
AcDbBlockEnd
0
BLOCK
5
788
330
638
100
AcDbEntity
8
0
100
AcDbBlockBegin
2
CC_SORT
70
0
10
0
20
0
30
0
3
CC_SORT
1

1001
CONDUITCAD
1000
{"ports":[{"name":"in","x":0,"y":40,"dx":0,"dy":1,"medium":"logical","role":"connection"},{"name":"out","x":0,"y":-40,"dx":0,"dy":-1,"medium":"logical","role":"connection"},{"name":"left","x":-55,"y":
1000
0,"dx":-1,"dy":0,"medium":"logical","role":"connection"},{"name":"right","x":55,"y":0,"dx":1,"dy":0,"medium":"logical","role":"connection"}],"symbol":{"name":"Sort","category":"Flow","group":"Informat
1000
ion flow","standardRefs":["PROJECT"],"geometryRevision":3,"convention":"Explicit project drafting convention","conformity":"Original master; not standards-certified","normativeEntry":null,"review":{"l
1000
evel":"geometry-and-convention","dimensionalConformance":"not-verified","note":"New independently constructed CAD master with explicit terminal topology."},"aliases":["sort"],"defaultLayer":"Process",
1000
"labelOffset":62,"extents":{"minX":-55,"minY":-40,"maxX":55,"maxY":40}}}
0
LWPOLYLINE
5
330
330
638
100
AcDbEntity
8
0
62
0
6
CONTINUOUS
100
AcDbPolyline
90
4
70
1
10
-55
20
0
10
0
20
40
10
55
20
0
10
0
20
-40
1001
CONDUITCAD
1000
{"id":"master-sort-0"}
0
LINE
5
331
330
638
100
AcDbEntity
8
0
62
0
6
CONTINUOUS
100
AcDbLine
10
-55
20
0
30
0
11
55
21
0
31
0
1001
CONDUITCAD
1000
{"id":"master-sort-1"}
0
TEXT
5
332
330
638
100
AcDbEntity
8
0
62
0
6
CONTINUOUS
100
AcDbText
10
0
20
11
30
0
40
12
1
Sort
50
0
41
1
7
STANDARD
72
1
11
0
21
11
31
0
100
AcDbText
73
0
1001
CONDUITCAD
1000
{"id":"master-sort-2"}
0
ENDBLK
5
789
330
638
100
AcDbEntity
8
0
100
AcDbBlockEnd
0
BLOCK
5
78A
330
639
100
AcDbEntity
8
0
100
AcDbBlockBegin
2
CC_PARALLEL
70
0
10
0
20
0
30
0
3
CC_PARALLEL
1

1001
CONDUITCAD
1000
{"ports":[{"name":"in","x":0,"y":10,"dx":0,"dy":1,"medium":"logical","role":"connection"},{"name":"out","x":0,"y":-10,"dx":0,"dy":-1,"medium":"logical","role":"connection"}],"symbol":{"name":"Parallel
1000
 processing","category":"Flow","group":"Information flow","standardRefs":["PROJECT"],"geometryRevision":3,"convention":"Explicit project drafting convention","conformity":"Original master; not standar
1000
ds-certified","normativeEntry":null,"review":{"level":"geometry-and-convention","dimensionalConformance":"not-verified","note":"New independently constructed CAD master with explicit terminal topology
1000
."},"aliases":["parallel"],"defaultLayer":"Process","labelOffset":48,"extents":{"minX":-55,"minY":-10,"maxX":55,"maxY":10}}}
0
LINE
5
333
330
639
100
AcDbEntity
8
0
62
0
6
CONTINUOUS
100
AcDbLine
10
-55
20
-10
30
0
11
55
21
-10
31
0
1001
CONDUITCAD
1000
{"id":"master-parallel-0"}
0
LINE
5
334
330
639
100
AcDbEntity
8
0
62
0
6
CONTINUOUS
100
AcDbLine
10
-55
20
10
30
0
11
55
21
10
31
0
1001
CONDUITCAD
1000
{"id":"master-parallel-1"}
0
ENDBLK
5
78B
330
639
100
AcDbEntity
8
0
100
AcDbBlockEnd
0
BLOCK
5
78C
330
63A
100
AcDbEntity
8
0
100
AcDbBlockBegin
2
CC_PRESSURE_TRANSMITTER
70
0
10
0
20
0
30
0
3
CC_PRESSURE_TRANSMITTER
1

1001
CONDUITCAD
1000
{"ports":[{"name":"sense","x":0,"y":-45,"dx":0,"dy":-1,"medium":"signal","role":"connection"}],"symbol":{"name":"Pressure transmitter","category":"Instrumentation","group":"Field instruments","functio
1000
nCode":"PT","instrumentLocation":"field","aliases":["PT","pressure transmitter"],"geometryRevision":3,"standardRefs":["ISA-5.1"],"convention":"ISA-5.1 family","conformity":"Original master; not standa
1000
rds-certified","normativeEntry":null,"review":{"level":"geometry-and-convention","dimensionalConformance":"not-verified","note":"New independently constructed CAD master with explicit terminal topolog
1000
y."},"defaultLayer":"Instruments","labelOffset":67,"extents":{"minX":-26,"minY":-45,"maxX":26,"maxY":25.970550818758205}}}
0
CIRCLE
5
335
330
63A
100
AcDbEntity
8
0
62
0
6
CONTINUOUS
100
AcDbCircle
10
0
20
0
30
0
40
26
1001
CONDUITCAD
1000
{"id":"master-pressure-transmitter-0"}
0
TEXT
5
336
330
63A
100
AcDbEntity
8
0
62
0
6
CONTINUOUS
100
AcDbText
10
0
20
-5
30
0
40
12
1
PT
50
0
41
1
7
STANDARD
72
1
11
0
21
-5
31
0
100
AcDbText
73
0
1001
CONDUITCAD
1000
{"id":"master-pressure-transmitter-1"}
0
LINE
5
337
330
63A
100
AcDbEntity
8
0
62
0
6
CONTINUOUS
100
AcDbLine
10
0
20
-26
30
0
11
0
21
-45
31
0
1001
CONDUITCAD
1000
{"id":"master-pressure-transmitter-2"}
0
ENDBLK
5
78D
330
63A
100
AcDbEntity
8
0
100
AcDbBlockEnd
0
BLOCK
5
78E
330
63B
100
AcDbEntity
8
0
100
AcDbBlockBegin
2
CC_DIFFERENTIAL_PRESSURE
70
0
10
0
20
0
30
0
3
CC_DIFFERENTIAL_PRESSURE
1

1001
CONDUITCAD
1000
{"ports":[{"name":"sense","x":0,"y":-45,"dx":0,"dy":-1,"medium":"signal","role":"connection"}],"symbol":{"name":"Differential pressure transmitter","category":"Instrumentation","group":"Field instrume
1000
nts","functionCode":"PDT","instrumentLocation":"field","aliases":["PDT","differential pressure"],"geometryRevision":3,"standardRefs":["ISA-5.1"],"convention":"ISA-5.1 family","conformity":"Original ma
1000
ster; not standards-certified","normativeEntry":null,"review":{"level":"geometry-and-convention","dimensionalConformance":"not-verified","note":"New independently constructed CAD master with explicit 
1000
terminal topology."},"defaultLayer":"Instruments","labelOffset":67,"extents":{"minX":-26,"minY":-45,"maxX":26,"maxY":25.970550818758205}}}
0
CIRCLE
5
338
330
63B
100
AcDbEntity
8
0
62
0
6
CONTINUOUS
100
AcDbCircle
10
0
20
0
30
0
40
26
1001
CONDUITCAD
1000
{"id":"master-differential-pressure-0"}
0
TEXT
5
339
330
63B
100
AcDbEntity
8
0
62
0
6
CONTINUOUS
100
AcDbText
10
0
20
-5
30
0
40
12
1
PDT
50
0
41
1
7
STANDARD
72
1
11
0
21
-5
31
0
100
AcDbText
73
0
1001
CONDUITCAD
1000
{"id":"master-differential-pressure-1"}
0
LINE
5
33A
330
63B
100
AcDbEntity
8
0
62
0
6
CONTINUOUS
100
AcDbLine
10
0
20
-26
30
0
11
0
21
-45
31
0
1001
CONDUITCAD
1000
{"id":"master-differential-pressure-2"}
0
ENDBLK
5
78F
330
63B
100
AcDbEntity
8
0
100
AcDbBlockEnd
0
BLOCK
5
790
330
63C
100
AcDbEntity
8
0
100
AcDbBlockBegin
2
CC_TEMPERATURE_INDICATOR
70
0
10
0
20
0
30
0
3
CC_TEMPERATURE_INDICATOR
1

1001
CONDUITCAD
1000
{"ports":[{"name":"sense","x":0,"y":-45,"dx":0,"dy":-1,"medium":"signal","role":"connection"}],"symbol":{"name":"Temperature indicator","category":"Instrumentation","group":"Field instruments","functi
1000
onCode":"TI","instrumentLocation":"field","aliases":["TI","temperature indicator"],"geometryRevision":3,"standardRefs":["ISA-5.1"],"convention":"ISA-5.1 family","conformity":"Original master; not stan
1000
dards-certified","normativeEntry":null,"review":{"level":"geometry-and-convention","dimensionalConformance":"not-verified","note":"New independently constructed CAD master with explicit terminal topol
1000
ogy."},"defaultLayer":"Instruments","labelOffset":67,"extents":{"minX":-26,"minY":-45,"maxX":26,"maxY":25.970550818758205}}}
0
CIRCLE
5
33B
330
63C
100
AcDbEntity
8
0
62
0
6
CONTINUOUS
100
AcDbCircle
10
0
20
0
30
0
40
26
1001
CONDUITCAD
1000
{"id":"master-temperature-indicator-0"}
0
TEXT
5
33C
330
63C
100
AcDbEntity
8
0
62
0
6
CONTINUOUS
100
AcDbText
10
0
20
-5
30
0
40
12
1
TI
50
0
41
1
7
STANDARD
72
1
11
0
21
-5
31
0
100
AcDbText
73
0
1001
CONDUITCAD
1000
{"id":"master-temperature-indicator-1"}
0
LINE
5
33D
330
63C
100
AcDbEntity
8
0
62
0
6
CONTINUOUS
100
AcDbLine
10
0
20
-26
30
0
11
0
21
-45
31
0
1001
CONDUITCAD
1000
{"id":"master-temperature-indicator-2"}
0
ENDBLK
5
791
330
63C
100
AcDbEntity
8
0
100
AcDbBlockEnd
0
BLOCK
5
792
330
63D
100
AcDbEntity
8
0
100
AcDbBlockBegin
2
CC_FLOW_INDICATOR
70
0
10
0
20
0
30
0
3
CC_FLOW_INDICATOR
1

1001
CONDUITCAD
1000
{"ports":[{"name":"sense","x":0,"y":-45,"dx":0,"dy":-1,"medium":"signal","role":"connection"}],"symbol":{"name":"Flow indicator","category":"Instrumentation","group":"Field instruments","functionCode"
1000
:"FI","instrumentLocation":"field","aliases":["FI","flow indicator"],"geometryRevision":3,"standardRefs":["ISA-5.1"],"convention":"ISA-5.1 family","conformity":"Original master; not standards-certifie
1000
d","normativeEntry":null,"review":{"level":"geometry-and-convention","dimensionalConformance":"not-verified","note":"New independently constructed CAD master with explicit terminal topology."},"defaul
1000
tLayer":"Instruments","labelOffset":67,"extents":{"minX":-26,"minY":-45,"maxX":26,"maxY":25.970550818758205}}}
0
CIRCLE
5
33E
330
63D
100
AcDbEntity
8
0
62
0
6
CONTINUOUS
100
AcDbCircle
10
0
20
0
30
0
40
26
1001
CONDUITCAD
1000
{"id":"master-flow-indicator-0"}
0
TEXT
5
33F
330
63D
100
AcDbEntity
8
0
62
0
6
CONTINUOUS
100
AcDbText
10
0
20
-5
30
0
40
12
1
FI
50
0
41
1
7
STANDARD
72
1
11
0
21
-5
31
0
100
AcDbText
73
0
1001
CONDUITCAD
1000
{"id":"master-flow-indicator-1"}
0
LINE
5
340
330
63D
100
AcDbEntity
8
0
62
0
6
CONTINUOUS
100
AcDbLine
10
0
20
-26
30
0
11
0
21
-45
31
0
1001
CONDUITCAD
1000
{"id":"master-flow-indicator-2"}
0
ENDBLK
5
793
330
63D
100
AcDbEntity
8
0
100
AcDbBlockEnd
0
BLOCK
5
794
330
63E
100
AcDbEntity
8
0
100
AcDbBlockBegin
2
CC_LEVEL_INDICATOR
70
0
10
0
20
0
30
0
3
CC_LEVEL_INDICATOR
1

1001
CONDUITCAD
1000
{"ports":[{"name":"sense","x":0,"y":-45,"dx":0,"dy":-1,"medium":"signal","role":"connection"}],"symbol":{"name":"Level indicator","category":"Instrumentation","group":"Field instruments","functionCode
1000
":"LI","instrumentLocation":"field","aliases":["LI","level indicator"],"geometryRevision":3,"standardRefs":["ISA-5.1"],"convention":"ISA-5.1 family","conformity":"Original master; not standards-certif
1000
ied","normativeEntry":null,"review":{"level":"geometry-and-convention","dimensionalConformance":"not-verified","note":"New independently constructed CAD master with explicit terminal topology."},"defa
1000
ultLayer":"Instruments","labelOffset":67,"extents":{"minX":-26,"minY":-45,"maxX":26,"maxY":25.970550818758205}}}
0
CIRCLE
5
341
330
63E
100
AcDbEntity
8
0
62
0
6
CONTINUOUS
100
AcDbCircle
10
0
20
0
30
0
40
26
1001
CONDUITCAD
1000
{"id":"master-level-indicator-0"}
0
TEXT
5
342
330
63E
100
AcDbEntity
8
0
62
0
6
CONTINUOUS
100
AcDbText
10
0
20
-5
30
0
40
12
1
LI
50
0
41
1
7
STANDARD
72
1
11
0
21
-5
31
0
100
AcDbText
73
0
1001
CONDUITCAD
1000
{"id":"master-level-indicator-1"}
0
LINE
5
343
330
63E
100
AcDbEntity
8
0
62
0
6
CONTINUOUS
100
AcDbLine
10
0
20
-26
30
0
11
0
21
-45
31
0
1001
CONDUITCAD
1000
{"id":"master-level-indicator-2"}
0
ENDBLK
5
795
330
63E
100
AcDbEntity
8
0
100
AcDbBlockEnd
0
BLOCK
5
796
330
63F
100
AcDbEntity
8
0
100
AcDbBlockBegin
2
CC_PRESSURE_SWITCH
70
0
10
0
20
0
30
0
3
CC_PRESSURE_SWITCH
1

1001
CONDUITCAD
1000
{"ports":[{"name":"sense","x":0,"y":-45,"dx":0,"dy":-1,"medium":"signal","role":"connection"}],"symbol":{"name":"Pressure switch","category":"Instrumentation","group":"Field instruments","functionCode
1000
":"PS","instrumentLocation":"field","aliases":["PS","pressure switch"],"geometryRevision":3,"standardRefs":["ISA-5.1"],"convention":"ISA-5.1 family","conformity":"Original master; not standards-certif
1000
ied","normativeEntry":null,"review":{"level":"geometry-and-convention","dimensionalConformance":"not-verified","note":"New independently constructed CAD master with explicit terminal topology."},"defa
1000
ultLayer":"Instruments","labelOffset":67,"extents":{"minX":-26,"minY":-45,"maxX":26,"maxY":25.970550818758205}}}
0
CIRCLE
5
344
330
63F
100
AcDbEntity
8
0
62
0
6
CONTINUOUS
100
AcDbCircle
10
0
20
0
30
0
40
26
1001
CONDUITCAD
1000
{"id":"master-pressure-switch-0"}
0
TEXT
5
345
330
63F
100
AcDbEntity
8
0
62
0
6
CONTINUOUS
100
AcDbText
10
0
20
-5
30
0
40
12
1
PS
50
0
41
1
7
STANDARD
72
1
11
0
21
-5
31
0
100
AcDbText
73
0
1001
CONDUITCAD
1000
{"id":"master-pressure-switch-1"}
0
LINE
5
346
330
63F
100
AcDbEntity
8
0
62
0
6
CONTINUOUS
100
AcDbLine
10
0
20
-26
30
0
11
0
21
-45
31
0
1001
CONDUITCAD
1000
{"id":"master-pressure-switch-2"}
0
ENDBLK
5
797
330
63F
100
AcDbEntity
8
0
100
AcDbBlockEnd
0
BLOCK
5
798
330
640
100
AcDbEntity
8
0
100
AcDbBlockBegin
2
CC_LEVEL_SWITCH
70
0
10
0
20
0
30
0
3
CC_LEVEL_SWITCH
1

1001
CONDUITCAD
1000
{"ports":[{"name":"sense","x":0,"y":-45,"dx":0,"dy":-1,"medium":"signal","role":"connection"}],"symbol":{"name":"Level switch","category":"Instrumentation","group":"Field instruments","functionCode":"
1000
LS","instrumentLocation":"field","aliases":["LS","level switch"],"geometryRevision":3,"standardRefs":["ISA-5.1"],"convention":"ISA-5.1 family","conformity":"Original master; not standards-certified","
1000
normativeEntry":null,"review":{"level":"geometry-and-convention","dimensionalConformance":"not-verified","note":"New independently constructed CAD master with explicit terminal topology."},"defaultLay
1000
er":"Instruments","labelOffset":67,"extents":{"minX":-26,"minY":-45,"maxX":26,"maxY":25.970550818758205}}}
0
CIRCLE
5
347
330
640
100
AcDbEntity
8
0
62
0
6
CONTINUOUS
100
AcDbCircle
10
0
20
0
30
0
40
26
1001
CONDUITCAD
1000
{"id":"master-level-switch-0"}
0
TEXT
5
348
330
640
100
AcDbEntity
8
0
62
0
6
CONTINUOUS
100
AcDbText
10
0
20
-5
30
0
40
12
1
LS
50
0
41
1
7
STANDARD
72
1
11
0
21
-5
31
0
100
AcDbText
73
0
1001
CONDUITCAD
1000
{"id":"master-level-switch-1"}
0
LINE
5
349
330
640
100
AcDbEntity
8
0
62
0
6
CONTINUOUS
100
AcDbLine
10
0
20
-26
30
0
11
0
21
-45
31
0
1001
CONDUITCAD
1000
{"id":"master-level-switch-2"}
0
ENDBLK
5
799
330
640
100
AcDbEntity
8
0
100
AcDbBlockEnd
0
BLOCK
5
79A
330
641
100
AcDbEntity
8
0
100
AcDbBlockBegin
2
CC_TEMPERATURE_SWITCH
70
0
10
0
20
0
30
0
3
CC_TEMPERATURE_SWITCH
1

1001
CONDUITCAD
1000
{"ports":[{"name":"sense","x":0,"y":-45,"dx":0,"dy":-1,"medium":"signal","role":"connection"}],"symbol":{"name":"Temperature switch","category":"Instrumentation","group":"Field instruments","functionC
1000
ode":"TS","instrumentLocation":"field","aliases":["TS","temperature switch"],"geometryRevision":3,"standardRefs":["ISA-5.1"],"convention":"ISA-5.1 family","conformity":"Original master; not standards-
1000
certified","normativeEntry":null,"review":{"level":"geometry-and-convention","dimensionalConformance":"not-verified","note":"New independently constructed CAD master with explicit terminal topology."}
1000
,"defaultLayer":"Instruments","labelOffset":67,"extents":{"minX":-26,"minY":-45,"maxX":26,"maxY":25.970550818758205}}}
0
CIRCLE
5
34A
330
641
100
AcDbEntity
8
0
62
0
6
CONTINUOUS
100
AcDbCircle
10
0
20
0
30
0
40
26
1001
CONDUITCAD
1000
{"id":"master-temperature-switch-0"}
0
TEXT
5
34B
330
641
100
AcDbEntity
8
0
62
0
6
CONTINUOUS
100
AcDbText
10
0
20
-5
30
0
40
12
1
TS
50
0
41
1
7
STANDARD
72
1
11
0
21
-5
31
0
100
AcDbText
73
0
1001
CONDUITCAD
1000
{"id":"master-temperature-switch-1"}
0
LINE
5
34C
330
641
100
AcDbEntity
8
0
62
0
6
CONTINUOUS
100
AcDbLine
10
0
20
-26
30
0
11
0
21
-45
31
0
1001
CONDUITCAD
1000
{"id":"master-temperature-switch-2"}
0
ENDBLK
5
79B
330
641
100
AcDbEntity
8
0
100
AcDbBlockEnd
0
BLOCK
5
79C
330
642
100
AcDbEntity
8
0
100
AcDbBlockBegin
2
CC_ANALYSER
70
0
10
0
20
0
30
0
3
CC_ANALYSER
1

1001
CONDUITCAD
1000
{"ports":[{"name":"sense","x":0,"y":-45,"dx":0,"dy":-1,"medium":"signal","role":"connection"}],"symbol":{"name":"Analytical transmitter","category":"Instrumentation","group":"Field instruments","funct
1000
ionCode":"AT","instrumentLocation":"field","aliases":["AT","analyser"],"geometryRevision":3,"standardRefs":["ISA-5.1"],"convention":"ISA-5.1 family","conformity":"Original master; not standards-certif
1000
ied","normativeEntry":null,"review":{"level":"geometry-and-convention","dimensionalConformance":"not-verified","note":"New independently constructed CAD master with explicit terminal topology."},"defa
1000
ultLayer":"Instruments","labelOffset":67,"extents":{"minX":-26,"minY":-45,"maxX":26,"maxY":25.970550818758205}}}
0
CIRCLE
5
34D
330
642
100
AcDbEntity
8
0
62
0
6
CONTINUOUS
100
AcDbCircle
10
0
20
0
30
0
40
26
1001
CONDUITCAD
1000
{"id":"master-analyser-0"}
0
TEXT
5
34E
330
642
100
AcDbEntity
8
0
62
0
6
CONTINUOUS
100
AcDbText
10
0
20
-5
30
0
40
12
1
AT
50
0
41
1
7
STANDARD
72
1
11
0
21
-5
31
0
100
AcDbText
73
0
1001
CONDUITCAD
1000
{"id":"master-analyser-1"}
0
LINE
5
34F
330
642
100
AcDbEntity
8
0
62
0
6
CONTINUOUS
100
AcDbLine
10
0
20
-26
30
0
11
0
21
-45
31
0
1001
CONDUITCAD
1000
{"id":"master-analyser-2"}
0
ENDBLK
5
79D
330
642
100
AcDbEntity
8
0
100
AcDbBlockEnd
0
BLOCK
5
79E
330
643
100
AcDbEntity
8
0
100
AcDbBlockBegin
2
CC_FLOW_CONTROLLER
70
0
10
0
20
0
30
0
3
CC_FLOW_CONTROLLER
1

1001
CONDUITCAD
1000
{"ports":[{"name":"sense","x":0,"y":-45,"dx":0,"dy":-1,"medium":"signal","role":"connection"}],"symbol":{"name":"Flow indicating controller","category":"Instrumentation","group":"Control functions","f
1000
unctionCode":"FIC","instrumentLocation":"field","aliases":["FIC","flow controller"],"geometryRevision":3,"standardRefs":["ISA-5.1"],"convention":"ISA-5.1 family","conformity":"Original master; not sta
1000
ndards-certified","normativeEntry":null,"review":{"level":"geometry-and-convention","dimensionalConformance":"not-verified","note":"New independently constructed CAD master with explicit terminal topo
1000
logy."},"defaultLayer":"Instruments","labelOffset":67,"extents":{"minX":-26,"minY":-45,"maxX":26,"maxY":25.970550818758205}}}
0
CIRCLE
5
350
330
643
100
AcDbEntity
8
0
62
0
6
CONTINUOUS
100
AcDbCircle
10
0
20
0
30
0
40
26
1001
CONDUITCAD
1000
{"id":"master-flow-controller-0"}
0
TEXT
5
351
330
643
100
AcDbEntity
8
0
62
0
6
CONTINUOUS
100
AcDbText
10
0
20
-5
30
0
40
12
1
FIC
50
0
41
1
7
STANDARD
72
1
11
0
21
-5
31
0
100
AcDbText
73
0
1001
CONDUITCAD
1000
{"id":"master-flow-controller-1"}
0
LINE
5
352
330
643
100
AcDbEntity
8
0
62
0
6
CONTINUOUS
100
AcDbLine
10
0
20
-26
30
0
11
0
21
-45
31
0
1001
CONDUITCAD
1000
{"id":"master-flow-controller-2"}
0
ENDBLK
5
79F
330
643
100
AcDbEntity
8
0
100
AcDbBlockEnd
0
BLOCK
5
7A0
330
644
100
AcDbEntity
8
0
100
AcDbBlockBegin
2
CC_PRESSURE_CONTROLLER
70
0
10
0
20
0
30
0
3
CC_PRESSURE_CONTROLLER
1

1001
CONDUITCAD
1000
{"ports":[{"name":"sense","x":0,"y":-45,"dx":0,"dy":-1,"medium":"signal","role":"connection"}],"symbol":{"name":"Pressure indicating controller","category":"Instrumentation","group":"Control functions
1000
","functionCode":"PIC","instrumentLocation":"field","aliases":["PIC","pressure controller"],"geometryRevision":3,"standardRefs":["ISA-5.1"],"convention":"ISA-5.1 family","conformity":"Original master;
1000
 not standards-certified","normativeEntry":null,"review":{"level":"geometry-and-convention","dimensionalConformance":"not-verified","note":"New independently constructed CAD master with explicit termi
1000
nal topology."},"defaultLayer":"Instruments","labelOffset":67,"extents":{"minX":-26,"minY":-45,"maxX":26,"maxY":25.970550818758205}}}
0
CIRCLE
5
353
330
644
100
AcDbEntity
8
0
62
0
6
CONTINUOUS
100
AcDbCircle
10
0
20
0
30
0
40
26
1001
CONDUITCAD
1000
{"id":"master-pressure-controller-0"}
0
TEXT
5
354
330
644
100
AcDbEntity
8
0
62
0
6
CONTINUOUS
100
AcDbText
10
0
20
-5
30
0
40
12
1
PIC
50
0
41
1
7
STANDARD
72
1
11
0
21
-5
31
0
100
AcDbText
73
0
1001
CONDUITCAD
1000
{"id":"master-pressure-controller-1"}
0
LINE
5
355
330
644
100
AcDbEntity
8
0
62
0
6
CONTINUOUS
100
AcDbLine
10
0
20
-26
30
0
11
0
21
-45
31
0
1001
CONDUITCAD
1000
{"id":"master-pressure-controller-2"}
0
ENDBLK
5
7A1
330
644
100
AcDbEntity
8
0
100
AcDbBlockEnd
0
BLOCK
5
7A2
330
645
100
AcDbEntity
8
0
100
AcDbBlockBegin
2
CC_TEMPERATURE_CONTROLLER
70
0
10
0
20
0
30
0
3
CC_TEMPERATURE_CONTROLLER
1

1001
CONDUITCAD
1000
{"ports":[{"name":"sense","x":0,"y":-45,"dx":0,"dy":-1,"medium":"signal","role":"connection"}],"symbol":{"name":"Temperature indicating controller","category":"Instrumentation","group":"Control functi
1000
ons","functionCode":"TIC","instrumentLocation":"field","aliases":["TIC","temperature controller"],"geometryRevision":3,"standardRefs":["ISA-5.1"],"convention":"ISA-5.1 family","conformity":"Original m
1000
aster; not standards-certified","normativeEntry":null,"review":{"level":"geometry-and-convention","dimensionalConformance":"not-verified","note":"New independently constructed CAD master with explicit
1000
 terminal topology."},"defaultLayer":"Instruments","labelOffset":67,"extents":{"minX":-26,"minY":-45,"maxX":26,"maxY":25.970550818758205}}}
0
CIRCLE
5
356
330
645
100
AcDbEntity
8
0
62
0
6
CONTINUOUS
100
AcDbCircle
10
0
20
0
30
0
40
26
1001
CONDUITCAD
1000
{"id":"master-temperature-controller-0"}
0
TEXT
5
357
330
645
100
AcDbEntity
8
0
62
0
6
CONTINUOUS
100
AcDbText
10
0
20
-5
30
0
40
12
1
TIC
50
0
41
1
7
STANDARD
72
1
11
0
21
-5
31
0
100
AcDbText
73
0
1001
CONDUITCAD
1000
{"id":"master-temperature-controller-1"}
0
LINE
5
358
330
645
100
AcDbEntity
8
0
62
0
6
CONTINUOUS
100
AcDbLine
10
0
20
-26
30
0
11
0
21
-45
31
0
1001
CONDUITCAD
1000
{"id":"master-temperature-controller-2"}
0
ENDBLK
5
7A3
330
645
100
AcDbEntity
8
0
100
AcDbBlockEnd
0
BLOCK
5
7A4
330
646
100
AcDbEntity
8
0
100
AcDbBlockBegin
2
CC_LEVEL_CONTROLLER
70
0
10
0
20
0
30
0
3
CC_LEVEL_CONTROLLER
1

1001
CONDUITCAD
1000
{"ports":[{"name":"sense","x":0,"y":-45,"dx":0,"dy":-1,"medium":"signal","role":"connection"}],"symbol":{"name":"Level indicating controller","category":"Instrumentation","group":"Control functions","
1000
functionCode":"LIC","instrumentLocation":"field","aliases":["LIC","level controller"],"geometryRevision":3,"standardRefs":["ISA-5.1"],"convention":"ISA-5.1 family","conformity":"Original master; not s
1000
tandards-certified","normativeEntry":null,"review":{"level":"geometry-and-convention","dimensionalConformance":"not-verified","note":"New independently constructed CAD master with explicit terminal to
1000
pology."},"defaultLayer":"Instruments","labelOffset":67,"extents":{"minX":-26,"minY":-45,"maxX":26,"maxY":25.970550818758205}}}
0
CIRCLE
5
359
330
646
100
AcDbEntity
8
0
62
0
6
CONTINUOUS
100
AcDbCircle
10
0
20
0
30
0
40
26
1001
CONDUITCAD
1000
{"id":"master-level-controller-0"}
0
TEXT
5
35A
330
646
100
AcDbEntity
8
0
62
0
6
CONTINUOUS
100
AcDbText
10
0
20
-5
30
0
40
12
1
LIC
50
0
41
1
7
STANDARD
72
1
11
0
21
-5
31
0
100
AcDbText
73
0
1001
CONDUITCAD
1000
{"id":"master-level-controller-1"}
0
LINE
5
35B
330
646
100
AcDbEntity
8
0
62
0
6
CONTINUOUS
100
AcDbLine
10
0
20
-26
30
0
11
0
21
-45
31
0
1001
CONDUITCAD
1000
{"id":"master-level-controller-2"}
0
ENDBLK
5
7A5
330
646
100
AcDbEntity
8
0
100
AcDbBlockEnd
0
BLOCK
5
7A6
330
647
100
AcDbEntity
8
0
100
AcDbBlockBegin
2
CC_FLOW_CONTROLLER_PANEL
70
0
10
0
20
0
30
0
3
CC_FLOW_CONTROLLER_PANEL
1

1001
CONDUITCAD
1000
{"ports":[{"name":"sense","x":0,"y":-45,"dx":0,"dy":-1,"medium":"signal","role":"connection"}],"symbol":{"name":"Flow controller \u00b7 accessible panel","category":"Instrumentation","group":"Location
1000
 variants","functionCode":"FIC","instrumentLocation":"primary accessible panel","geometryRevision":3,"standardRefs":["ISA-5.1"],"convention":"ISA-5.1 family","conformity":"Original master; not standar
1000
ds-certified","normativeEntry":null,"review":{"level":"geometry-and-convention","dimensionalConformance":"not-verified","note":"New independently constructed CAD master with explicit terminal topology
1000
."},"aliases":["flow controller panel"],"defaultLayer":"Instruments","labelOffset":67,"extents":{"minX":-26,"minY":-45,"maxX":26,"maxY":25.970550818758205}}}
0
CIRCLE
5
35C
330
647
100
AcDbEntity
8
0
62
0
6
CONTINUOUS
100
AcDbCircle
10
0
20
0
30
0
40
26
1001
CONDUITCAD
1000
{"id":"master-flow-controller-panel-0"}
0
LINE
5
35D
330
647
100
AcDbEntity
8
0
62
0
6
CONTINUOUS
100
AcDbLine
10
-26
20
0
30
0
11
26
21
0
31
0
1001
CONDUITCAD
1000
{"id":"master-flow-controller-panel-1"}
0
TEXT
5
35E
330
647
100
AcDbEntity
8
0
62
0
6
CONTINUOUS
100
AcDbText
10
0
20
7
30
0
40
12
1
FIC
50
0
41
1
7
STANDARD
72
1
11
0
21
7
31
0
100
AcDbText
73
0
1001
CONDUITCAD
1000
{"id":"master-flow-controller-panel-2"}
0
LINE
5
35F
330
647
100
AcDbEntity
8
0
62
0
6
CONTINUOUS
100
AcDbLine
10
0
20
-26
30
0
11
0
21
-45
31
0
1001
CONDUITCAD
1000
{"id":"master-flow-controller-panel-3"}
0
ENDBLK
5
7A7
330
647
100
AcDbEntity
8
0
100
AcDbBlockEnd
0
BLOCK
5
7A8
330
648
100
AcDbEntity
8
0
100
AcDbBlockBegin
2
CC_FLOW_CONTROLLER_REAR
70
0
10
0
20
0
30
0
3
CC_FLOW_CONTROLLER_REAR
1

1001
CONDUITCAD
1000
{"ports":[{"name":"sense","x":0,"y":-45,"dx":0,"dy":-1,"medium":"signal","role":"connection"}],"symbol":{"name":"Flow controller \u00b7 inaccessible panel","category":"Instrumentation","group":"Locati
1000
on variants","functionCode":"FIC","instrumentLocation":"normally inaccessible","geometryRevision":3,"standardRefs":["ISA-5.1"],"convention":"ISA-5.1 family","conformity":"Original master; not standard
1000
s-certified","normativeEntry":null,"review":{"level":"geometry-and-convention","dimensionalConformance":"not-verified","note":"New independently constructed CAD master with explicit terminal topology.
1000
"},"aliases":["flow controller rear"],"defaultLayer":"Instruments","labelOffset":67,"extents":{"minX":-26,"minY":-45,"maxX":26,"maxY":25.970550818758205}}}
0
CIRCLE
5
360
330
648
100
AcDbEntity
8
0
62
0
6
CONTINUOUS
100
AcDbCircle
10
0
20
0
30
0
40
26
1001
CONDUITCAD
1000
{"id":"master-flow-controller-rear-0"}
0
LINE
5
361
330
648
100
AcDbEntity
8
0
62
0
6
CC_DASH_4_3
100
AcDbLine
10
-26
20
0
30
0
11
26
21
0
31
0
1001
CONDUITCAD
1000
{"id":"master-flow-controller-rear-1","dash":[4,3]}
0
TEXT
5
362
330
648
100
AcDbEntity
8
0
62
0
6
CONTINUOUS
100
AcDbText
10
0
20
7
30
0
40
12
1
FIC
50
0
41
1
7
STANDARD
72
1
11
0
21
7
31
0
100
AcDbText
73
0
1001
CONDUITCAD
1000
{"id":"master-flow-controller-rear-2"}
0
LINE
5
363
330
648
100
AcDbEntity
8
0
62
0
6
CONTINUOUS
100
AcDbLine
10
0
20
-26
30
0
11
0
21
-45
31
0
1001
CONDUITCAD
1000
{"id":"master-flow-controller-rear-3"}
0
ENDBLK
5
7A9
330
648
100
AcDbEntity
8
0
100
AcDbBlockEnd
0
BLOCK
5
7AA
330
649
100
AcDbEntity
8
0
100
AcDbBlockBegin
2
CC_IP_CONVERTER
70
0
10
0
20
0
30
0
3
CC_IP_CONVERTER
1

1001
CONDUITCAD
1000
{"ports":[{"name":"in","x":-45,"y":0,"dx":-1,"dy":0,"medium":"signal","role":"connection"},{"name":"out","x":45,"y":0,"dx":1,"dy":0,"medium":"pneumatic","role":"connection"}],"symbol":{"name":"Current
1000
 / pressure converter","category":"Instrumentation","group":"Control functions","standardRefs":["PROJECT"],"aliases":["I/P","electropneumatic","ip converter"],"geometryRevision":3,"convention":"Explic
1000
it project drafting convention","conformity":"Original master; not standards-certified","normativeEntry":null,"review":{"level":"geometry-and-convention","dimensionalConformance":"not-verified","note"
1000
:"New independently constructed CAD master with explicit terminal topology."},"defaultLayer":"Instruments","labelOffset":48,"extents":{"minX":-45,"minY":-24,"maxX":45,"maxY":24}}}
0
LWPOLYLINE
5
364
330
649
100
AcDbEntity
8
0
62
0
6
CONTINUOUS
100
AcDbPolyline
90
4
70
1
10
-26
20
-24
10
26
20
-24
10
26
20
24
10
-26
20
24
1001
CONDUITCAD
1000
{"id":"master-ip-converter-0"}
0
LINE
5
365
330
649
100
AcDbEntity
8
0
62
0
6
CONTINUOUS
100
AcDbLine
10
-45
20
0
30
0
11
-26
21
0
31
0
1001
CONDUITCAD
1000
{"id":"master-ip-converter-1"}
0
LINE
5
366
330
649
100
AcDbEntity
8
0
62
0
6
CONTINUOUS
100
AcDbLine
10
26
20
0
30
0
11
45
21
0
31
0
1001
CONDUITCAD
1000
{"id":"master-ip-converter-2"}
0
LINE
5
367
330
649
100
AcDbEntity
8
0
62
0
6
CONTINUOUS
100
AcDbLine
10
-26
20
-24
30
0
11
26
21
24
31
0
1001
CONDUITCAD
1000
{"id":"master-ip-converter-3"}
0
TEXT
5
368
330
649
100
AcDbEntity
8
0
62
0
6
CONTINUOUS
100
AcDbText
10
-13
20
8
30
0
40
14
1
I
50
0
41
1
7
STANDARD
72
1
11
-13
21
8
31
0
100
AcDbText
73
0
1001
CONDUITCAD
1000
{"id":"master-ip-converter-4"}
0
TEXT
5
369
330
649
100
AcDbEntity
8
0
62
0
6
CONTINUOUS
100
AcDbText
10
13
20
-17
30
0
40
14
1
P
50
0
41
1
7
STANDARD
72
1
11
13
21
-17
31
0
100
AcDbText
73
0
1001
CONDUITCAD
1000
{"id":"master-ip-converter-5"}
0
ENDBLK
5
7AB
330
649
100
AcDbEntity
8
0
100
AcDbBlockEnd
0
BLOCK
5
7AC
330
64A
100
AcDbEntity
8
0
100
AcDbBlockBegin
2
CC_THERMOWELL
70
0
10
0
20
0
30
0
3
CC_THERMOWELL
1

1001
CONDUITCAD
1000
{"ports":[{"name":"sense","x":0,"y":45,"dx":0,"dy":1,"medium":"signal","role":"connection"}],"symbol":{"name":"Thermowell","category":"Instrumentation","group":"Field instruments","standardRefs":["PRO
1000
JECT"],"geometryRevision":3,"convention":"Explicit project drafting convention","conformity":"Original master; not standards-certified","normativeEntry":null,"review":{"level":"geometry-and-convention
1000
","dimensionalConformance":"not-verified","note":"New independently constructed CAD master with explicit terminal topology."},"aliases":["thermowell"],"defaultLayer":"Instruments","labelOffset":52,"ex
1000
tents":{"minX":-13,"minY":-29.970139234065243,"maxX":13,"maxY":45}}}
0
LINE
5
36A
330
64A
100
AcDbEntity
8
0
62
0
6
CONTINUOUS
100
AcDbLine
10
0
20
45
30
0
11
0
21
-23
31
0
1001
CONDUITCAD
1000
{"id":"master-thermowell-0"}
0
LINE
5
36B
330
64A
100
AcDbEntity
8
0
62
0
6
CONTINUOUS
100
AcDbLine
10
-13
20
23
30
0
11
13
21
23
31
0
1001
CONDUITCAD
1000
{"id":"master-thermowell-1"}
0
LINE
5
36C
330
64A
100
AcDbEntity
8
0
62
0
6
CONTINUOUS
100
AcDbLine
10
-7
20
23
30
0
11
-7
21
-23
31
0
1001
CONDUITCAD
1000
{"id":"master-thermowell-2"}
0
ARC
5
36D
330
64A
100
AcDbEntity
8
0
62
0
6
CONTINUOUS
100
AcDbCircle
10
0
20
-23
30
0
40
7
100
AcDbArc
50
180
51
360
1001
CONDUITCAD
1000
{"id":"master-thermowell-3"}
0
LINE
5
36E
330
64A
100
AcDbEntity
8
0
62
0
6
CONTINUOUS
100
AcDbLine
10
7
20
-23
30
0
11
7
21
23
31
0
1001
CONDUITCAD
1000
{"id":"master-thermowell-4"}
0
ENDBLK
5
7AD
330
64A
100
AcDbEntity
8
0
100
AcDbBlockEnd
0
BLOCK
5
7AE
330
64B
100
AcDbEntity
8
0
100
AcDbBlockBegin
2
CC_HYD_PUMP
70
0
10
0
20
0
30
0
3
CC_HYD_PUMP
1

1001
CONDUITCAD
1000
{"ports":[{"name":"in","x":-45,"y":0,"dx":-1,"dy":0,"medium":"hydraulic","role":"connection"},{"name":"out","x":45,"y":0,"dx":1,"dy":0,"medium":"hydraulic","role":"connection"}],"symbol":{"name":"Fixe
1000
d-displacement pump","category":"Hydraulics","group":"Sources & drives","energy":"liquid/filled triangle","geometryRevision":3,"standardRefs":["ISO-1219-1","NFPC-FLUID"],"convention":"ISO-1219-1 / NFP
1000
C-FLUID family","conformity":"Original master; not standards-certified","normativeEntry":null,"review":{"level":"geometry-and-convention","dimensionalConformance":"not-verified","note":"New independen
1000
tly constructed CAD master with explicit terminal topology."},"aliases":["hyd pump"],"defaultLayer":"Hydraulics","labelOffset":48,"extents":{"minX":-45,"minY":-25.970550818758205,"maxX":45,"maxY":25.9
1000
70550818758205}}}
0
CIRCLE
5
36F
330
64B
100
AcDbEntity
8
0
62
0
6
CONTINUOUS
100
AcDbCircle
10
0
20
0
30
0
40
26
1001
CONDUITCAD
1000
{"id":"master-hyd-pump-0"}
0
LINE
5
370
330
64B
100
AcDbEntity
8
0
62
0
6
CONTINUOUS
100
AcDbLine
10
-45
20
0
30
0
11
-26
21
0
31
0
1001
CONDUITCAD
1000
{"id":"master-hyd-pump-1"}
0
LINE
5
371
330
64B
100
AcDbEntity
8
0
62
0
6
CONTINUOUS
100
AcDbLine
10
26
20
0
30
0
11
45
21
0
31
0
1001
CONDUITCAD
1000
{"id":"master-hyd-pump-2"}
0
SOLID
5
372
330
64B
100
AcDbEntity
8
0
62
0
6
CONTINUOUS
100
AcDbTrace
10
10
20
-8
30
0
11
10
21
8
31
0
12
24
22
0
32
0
13
24
23
0
33
0
1001
CONDUITCAD
1000
{"id":"master-hyd-pump-3"}
0
ENDBLK
5
7AF
330
64B
100
AcDbEntity
8
0
100
AcDbBlockEnd
0
BLOCK
5
7B0
330
64C
100
AcDbEntity
8
0
100
AcDbBlockBegin
2
CC_HYD_MOTOR
70
0
10
0
20
0
30
0
3
CC_HYD_MOTOR
1

1001
CONDUITCAD
1000
{"ports":[{"name":"in","x":-45,"y":0,"dx":-1,"dy":0,"medium":"hydraulic","role":"connection"},{"name":"out","x":45,"y":0,"dx":1,"dy":0,"medium":"hydraulic","role":"connection"}],"symbol":{"name":"Hydr
1000
aulic motor","category":"Hydraulics","group":"Sources & drives","energy":"liquid/filled triangle","geometryRevision":3,"standardRefs":["ISO-1219-1","NFPC-FLUID"],"convention":"ISO-1219-1 / NFPC-FLUID 
1000
family","conformity":"Original master; not standards-certified","normativeEntry":null,"review":{"level":"geometry-and-convention","dimensionalConformance":"not-verified","note":"New independently cons
1000
tructed CAD master with explicit terminal topology."},"aliases":["hyd motor"],"defaultLayer":"Hydraulics","labelOffset":48,"extents":{"minX":-45,"minY":-25.970550818758205,"maxX":45,"maxY":25.97055081
1000
8758205}}}
0
CIRCLE
5
373
330
64C
100
AcDbEntity
8
0
62
0
6
CONTINUOUS
100
AcDbCircle
10
0
20
0
30
0
40
26
1001
CONDUITCAD
1000
{"id":"master-hyd-motor-0"}
0
LINE
5
374
330
64C
100
AcDbEntity
8
0
62
0
6
CONTINUOUS
100
AcDbLine
10
-45
20
0
30
0
11
-26
21
0
31
0
1001
CONDUITCAD
1000
{"id":"master-hyd-motor-1"}
0
LINE
5
375
330
64C
100
AcDbEntity
8
0
62
0
6
CONTINUOUS
100
AcDbLine
10
26
20
0
30
0
11
45
21
0
31
0
1001
CONDUITCAD
1000
{"id":"master-hyd-motor-2"}
0
SOLID
5
376
330
64C
100
AcDbEntity
8
0
62
0
6
CONTINUOUS
100
AcDbTrace
10
-24
20
-8
30
0
11
-24
21
8
31
0
12
-9
22
0
32
0
13
-9
23
0
33
0
1001
CONDUITCAD
1000
{"id":"master-hyd-motor-3"}
0
ENDBLK
5
7B1
330
64C
100
AcDbEntity
8
0
100
AcDbBlockEnd
0
BLOCK
5
7B2
330
64D
100
AcDbEntity
8
0
100
AcDbBlockBegin
2
CC_HYD_VARIABLE_PUMP
70
0
10
0
20
0
30
0
3
CC_HYD_VARIABLE_PUMP
1

1001
CONDUITCAD
1000
{"ports":[{"name":"in","x":-45,"y":0,"dx":-1,"dy":0,"medium":"hydraulic","role":"connection"},{"name":"out","x":45,"y":0,"dx":1,"dy":0,"medium":"hydraulic","role":"connection"}],"symbol":{"name":"Vari
1000
able-displacement pump","category":"Hydraulics","group":"Sources & drives","geometryRevision":3,"standardRefs":["ISO-1219-1","NFPC-FLUID"],"convention":"ISO-1219-1 / NFPC-FLUID family","conformity":"O
1000
riginal master; not standards-certified","normativeEntry":null,"review":{"level":"geometry-and-convention","dimensionalConformance":"not-verified","note":"New independently constructed CAD master with
1000
 explicit terminal topology."},"aliases":["hyd variable pump"],"defaultLayer":"Hydraulics","labelOffset":54,"extents":{"minX":-45,"minY":-32,"maxX":45,"maxY":32}}}
0
CIRCLE
5
377
330
64D
100
AcDbEntity
8
0
62
0
6
CONTINUOUS
100
AcDbCircle
10
0
20
0
30
0
40
26
1001
CONDUITCAD
1000
{"id":"master-hyd-variable-pump-0"}
0
LINE
5
378
330
64D
100
AcDbEntity
8
0
62
0
6
CONTINUOUS
100
AcDbLine
10
-45
20
0
30
0
11
-26
21
0
31
0
1001
CONDUITCAD
1000
{"id":"master-hyd-variable-pump-1"}
0
LINE
5
379
330
64D
100
AcDbEntity
8
0
62
0
6
CONTINUOUS
100
AcDbLine
10
26
20
0
30
0
11
45
21
0
31
0
1001
CONDUITCAD
1000
{"id":"master-hyd-variable-pump-2"}
0
SOLID
5
37A
330
64D
100
AcDbEntity
8
0
62
0
6
CONTINUOUS
100
AcDbTrace
10
10
20
-8
30
0
11
10
21
8
31
0
12
24
22
0
32
0
13
24
23
0
33
0
1001
CONDUITCAD
1000
{"id":"master-hyd-variable-pump-3"}
0
LINE
5
37B
330
64D
100
AcDbEntity
8
0
62
0
6
CONTINUOUS
100
AcDbLine
10
-29
20
-32
30
0
11
31
21
32
31
0
1001
CONDUITCAD
1000
{"id":"master-hyd-variable-pump-4"}
0
LWPOLYLINE
5
37C
330
64D
100
AcDbEntity
8
0
62
0
6
CONTINUOUS
100
AcDbPolyline
90
3
70
1
10
31
20
32
10
22.902137034045058
20
28.62589043085211
10
28.15480490385367
20
23.70151430290653
1001
CONDUITCAD
1000
{"id":"master-hyd-variable-pump-5"}
0
ENDBLK
5
7B3
330
64D
100
AcDbEntity
8
0
100
AcDbBlockEnd
0
BLOCK
5
7B4
330
64E
100
AcDbEntity
8
0
100
AcDbBlockBegin
2
CC_HYD_FILTER
70
0
10
0
20
0
30
0
3
CC_HYD_FILTER
1

1001
CONDUITCAD
1000
{"ports":[{"name":"in","x":-45,"y":0,"dx":-1,"dy":0,"medium":"hydraulic","role":"connection"},{"name":"out","x":45,"y":0,"dx":1,"dy":0,"medium":"hydraulic","role":"connection"}],"symbol":{"name":"Hydr
1000
aulic filter","category":"Hydraulics","group":"Conditioning","geometryRevision":3,"standardRefs":["ISO-1219-1","NFPC-FLUID"],"convention":"ISO-1219-1 / NFPC-FLUID family","conformity":"Original master
1000
; not standards-certified","normativeEntry":null,"review":{"level":"geometry-and-convention","dimensionalConformance":"not-verified","note":"New independently constructed CAD master with explicit term
1000
inal topology."},"aliases":["hyd filter"],"defaultLayer":"Hydraulics","labelOffset":50,"extents":{"minX":-45,"minY":-28,"maxX":45,"maxY":28}}}
0
LWPOLYLINE
5
37D
330
64E
100
AcDbEntity
8
0
62
0
6
CONTINUOUS
100
AcDbPolyline
90
4
70
1
10
-28
20
0
10
0
20
28
10
28
20
0
10
0
20
-28
1001
CONDUITCAD
1000
{"id":"master-hyd-filter-0"}
0
LINE
5
37E
330
64E
100
AcDbEntity
8
0
62
0
6
CONTINUOUS
100
AcDbLine
10
-45
20
0
30
0
11
-28
21
0
31
0
1001
CONDUITCAD
1000
{"id":"master-hyd-filter-1"}
0
LINE
5
37F
330
64E
100
AcDbEntity
8
0
62
0
6
CONTINUOUS
100
AcDbLine
10
28
20
0
30
0
11
45
21
0
31
0
1001
CONDUITCAD
1000
{"id":"master-hyd-filter-2"}
0
LINE
5
380
330
64E
100
AcDbEntity
8
0
62
0
6
CC_DASH_4_3
100
AcDbLine
10
0
20
-28
30
0
11
0
21
28
31
0
1001
CONDUITCAD
1000
{"id":"master-hyd-filter-3","dash":[4,3]}
0
ENDBLK
5
7B5
330
64E
100
AcDbEntity
8
0
100
AcDbBlockEnd
0
BLOCK
5
7B6
330
64F
100
AcDbEntity
8
0
100
AcDbBlockBegin
2
CC_HYD_THROTTLE
70
0
10
0
20
0
30
0
3
CC_HYD_THROTTLE
1

1001
CONDUITCAD
1000
{"ports":[{"name":"in","x":-45,"y":0,"dx":-1,"dy":0,"medium":"hydraulic","role":"connection"},{"name":"out","x":45,"y":0,"dx":1,"dy":0,"medium":"hydraulic","role":"connection"}],"symbol":{"name":"Fixe
1000
d flow restriction","category":"Hydraulics","group":"Flow & pressure","geometryRevision":3,"standardRefs":["ISO-1219-1","NFPC-FLUID"],"convention":"ISO-1219-1 / NFPC-FLUID family","conformity":"Origin
1000
al master; not standards-certified","normativeEntry":null,"review":{"level":"geometry-and-convention","dimensionalConformance":"not-verified","note":"New independently constructed CAD master with expl
1000
icit terminal topology."},"aliases":["hyd throttle"],"defaultLayer":"Hydraulics","labelOffset":48,"extents":{"minX":-45,"minY":-14,"maxX":45,"maxY":14}}}
0
LINE
5
381
330
64F
100
AcDbEntity
8
0
62
0
6
CONTINUOUS
100
AcDbLine
10
-45
20
0
30
0
11
45
21
0
31
0
1001
CONDUITCAD
1000
{"id":"master-hyd-throttle-0"}
0
ELLIPSE
5
382
330
64F
100
AcDbEntity
8
0
62
0
6
CONTINUOUS
100
AcDbEllipse
10
-8
20
0
30
0
11
0
21
14
31
0
40
0.5
41
3.141592653589793
42
0
1001
CONDUITCAD
1000
{"id":"master-hyd-throttle-1"}
0
ELLIPSE
5
383
330
64F
100
AcDbEntity
8
0
62
0
6
CONTINUOUS
100
AcDbEllipse
10
8
20
0
30
0
11
0
21
14
31
0
40
0.5
41
0
42
3.141592653589793
1001
CONDUITCAD
1000
{"id":"master-hyd-throttle-2"}
0
ENDBLK
5
7B7
330
64F
100
AcDbEntity
8
0
100
AcDbBlockEnd
0
BLOCK
5
7B8
330
650
100
AcDbEntity
8
0
100
AcDbBlockBegin
2
CC_HYD_FLOW_CONTROL
70
0
10
0
20
0
30
0
3
CC_HYD_FLOW_CONTROL
1

1001
CONDUITCAD
1000
{"ports":[{"name":"in","x":-45,"y":0,"dx":-1,"dy":0,"medium":"hydraulic","role":"connection"},{"name":"out","x":45,"y":0,"dx":1,"dy":0,"medium":"hydraulic","role":"connection"}],"symbol":{"name":"Adju
1000
stable flow control","category":"Hydraulics","group":"Flow & pressure","geometryRevision":3,"standardRefs":["ISO-1219-1","NFPC-FLUID"],"convention":"ISO-1219-1 / NFPC-FLUID family","conformity":"Origi
1000
nal master; not standards-certified","normativeEntry":null,"review":{"level":"geometry-and-convention","dimensionalConformance":"not-verified","note":"New independently constructed CAD master with exp
1000
licit terminal topology."},"aliases":["hyd flow control"],"defaultLayer":"Hydraulics","labelOffset":49,"extents":{"minX":-45,"minY":-27,"maxX":45,"maxY":27}}}
0
LINE
5
384
330
650
100
AcDbEntity
8
0
62
0
6
CONTINUOUS
100
AcDbLine
10
-45
20
0
30
0
11
45
21
0
31
0
1001
CONDUITCAD
1000
{"id":"master-hyd-flow-control-0"}
0
ELLIPSE
5
385
330
650
100
AcDbEntity
8
0
62
0
6
CONTINUOUS
100
AcDbEllipse
10
-8
20
0
30
0
11
0
21
14
31
0
40
0.5
41
3.141592653589793
42
0
1001
CONDUITCAD
1000
{"id":"master-hyd-flow-control-1"}
0
ELLIPSE
5
386
330
650
100
AcDbEntity
8
0
62
0
6
CONTINUOUS
100
AcDbEllipse
10
8
20
0
30
0
11
0
21
14
31
0
40
0.5
41
0
42
3.141592653589793
1001
CONDUITCAD
1000
{"id":"master-hyd-flow-control-2"}
0
LINE
5
387
330
650
100
AcDbEntity
8
0
62
0
6
CONTINUOUS
100
AcDbLine
10
-20
20
-27
30
0
11
23
21
27
31
0
1001
CONDUITCAD
1000
{"id":"master-hyd-flow-control-3"}
0
LWPOLYLINE
5
388
330
650
100
AcDbEntity
8
0
62
0
6
CONTINUOUS
100
AcDbPolyline
90
3
70
1
10
23
20
27
10
16.175330072285874
20
23.48625835073857
10
21.103694982938272
20
19.561819625589433
1001
CONDUITCAD
1000
{"id":"master-hyd-flow-control-4"}
0
ENDBLK
5
7B9
330
650
100
AcDbEntity
8
0
100
AcDbBlockEnd
0
BLOCK
5
7BA
330
651
100
AcDbEntity
8
0
100
AcDbBlockBegin
2
CC_HYD_CHECK
70
0
10
0
20
0
30
0
3
CC_HYD_CHECK
1

1001
CONDUITCAD
1000
{"ports":[{"name":"in","x":-45,"y":0,"dx":-1,"dy":0,"medium":"hydraulic","role":"connection"},{"name":"out","x":45,"y":0,"dx":1,"dy":0,"medium":"hydraulic","role":"connection"}],"symbol":{"name":"Non-
1000
return valve","category":"Hydraulics","group":"Flow & pressure","geometryRevision":3,"standardRefs":["ISO-1219-1","NFPC-FLUID"],"convention":"ISO-1219-1 / NFPC-FLUID family","conformity":"Original mas
1000
ter; not standards-certified","normativeEntry":null,"review":{"level":"geometry-and-convention","dimensionalConformance":"not-verified","note":"New independently constructed CAD master with explicit t
1000
erminal topology."},"aliases":["hyd check"],"defaultLayer":"Hydraulics","labelOffset":48,"extents":{"minX":-45,"minY":-15,"maxX":45,"maxY":15}}}
0
LINE
5
389
330
651
100
AcDbEntity
8
0
62
0
6
CONTINUOUS
100
AcDbLine
10
-45
20
0
30
0
11
-12
21
0
31
0
1001
CONDUITCAD
1000
{"id":"master-hyd-check-0"}
0
LINE
5
38A
330
651
100
AcDbEntity
8
0
62
0
6
CONTINUOUS
100
AcDbLine
10
12
20
0
30
0
11
45
21
0
31
0
1001
CONDUITCAD
1000
{"id":"master-hyd-check-1"}
0
CIRCLE
5
38B
330
651
100
AcDbEntity
8
0
62
0
6
CONTINUOUS
100
AcDbCircle
10
0
20
0
30
0
40
10
1001
CONDUITCAD
1000
{"id":"master-hyd-check-2"}
0
LWPOLYLINE
5
38C
330
651
100
AcDbEntity
8
0
62
0
6
CONTINUOUS
100
AcDbPolyline
90
3
70
0
10
-12
20
-15
10
0
20
0
10
-12
20
15
1001
CONDUITCAD
1000
{"id":"master-hyd-check-3"}
0
ENDBLK
5
7BB
330
651
100
AcDbEntity
8
0
100
AcDbBlockEnd
0
BLOCK
5
7BC
330
652
100
AcDbEntity
8
0
100
AcDbBlockBegin
2
CC_HYD_GAUGE
70
0
10
0
20
0
30
0
3
CC_HYD_GAUGE
1

1001
CONDUITCAD
1000
{"ports":[{"name":"sense","x":0,"y":-45,"dx":0,"dy":-1,"medium":"hydraulic","role":"connection"}],"symbol":{"name":"Pressure gauge","category":"Hydraulics","group":"Measurement","geometryRevision":3,"
1000
standardRefs":["ISO-1219-1","NFPC-FLUID"],"convention":"ISO-1219-1 / NFPC-FLUID family","conformity":"Original master; not standards-certified","normativeEntry":null,"review":{"level":"geometry-and-co
1000
nvention","dimensionalConformance":"not-verified","note":"New independently constructed CAD master with explicit terminal topology."},"aliases":["hyd gauge"],"defaultLayer":"Hydraulics","labelOffset":
1000
67,"extents":{"minX":-23.970166109254137,"minY":-45,"maxX":24,"maxY":23.99254036801959}}}
0
CIRCLE
5
38D
330
652
100
AcDbEntity
8
0
62
0
6
CONTINUOUS
100
AcDbCircle
10
0
20
0
30
0
40
24
1001
CONDUITCAD
1000
{"id":"master-hyd-gauge-0"}
0
LINE
5
38E
330
652
100
AcDbEntity
8
0
62
0
6
CONTINUOUS
100
AcDbLine
10
0
20
-24
30
0
11
0
21
-45
31
0
1001
CONDUITCAD
1000
{"id":"master-hyd-gauge-1"}
0
LINE
5
38F
330
652
100
AcDbEntity
8
0
62
0
6
CONTINUOUS
100
AcDbLine
10
8
20
-8
30
0
11
-12
21
13
31
0
1001
CONDUITCAD
1000
{"id":"master-hyd-gauge-2"}
0
SOLID
5
390
330
652
100
AcDbEntity
8
0
62
0
6
CONTINUOUS
100
AcDbTrace
10
-12
20
13
30
0
11
-9.817241379310344
21
6.793103448275861
31
0
12
-5.906896551724137
22
10.517241379310345
32
0
13
-5.906896551724137
23
10.517241379310345
33
0
1001
CONDUITCAD
1000
{"id":"master-hyd-gauge-3"}
0
ENDBLK
5
7BD
330
652
100
AcDbEntity
8
0
100
AcDbBlockEnd
0
BLOCK
5
7BE
330
653
100
AcDbEntity
8
0
100
AcDbBlockBegin
2
CC_HYD_CYLINDER
70
0
10
0
20
0
30
0
3
CC_HYD_CYLINDER
1

1001
CONDUITCAD
1000
{"ports":[{"name":"A","x":-23,"y":-45,"dx":0,"dy":-1,"medium":"hydraulic","role":"connection"},{"name":"B","x":23,"y":-45,"dx":0,"dy":-1,"medium":"hydraulic","role":"connection"}],"symbol":{"name":"Do
1000
uble-acting cylinder","category":"Hydraulics","group":"Actuators","geometryRevision":3,"standardRefs":["ISO-1219-1","NFPC-FLUID"],"convention":"ISO-1219-1 / NFPC-FLUID family","conformity":"Original m
1000
aster; not standards-certified","normativeEntry":null,"review":{"level":"geometry-and-convention","dimensionalConformance":"not-verified","note":"New independently constructed CAD master with explicit
1000
 terminal topology."},"aliases":["hyd cylinder"],"defaultLayer":"Hydraulics","labelOffset":67,"extents":{"minX":-34,"minY":-45,"maxX":49,"maxY":22}}}
0
LWPOLYLINE
5
391
330
653
100
AcDbEntity
8
0
62
0
6
CONTINUOUS
100
AcDbPolyline
90
4
70
1
10
-34
20
-22
10
34
20
-22
10
34
20
22
10
-34
20
22
1001
CONDUITCAD
1000
{"id":"master-hyd-cylinder-0"}
0
LINE
5
392
330
653
100
AcDbEntity
8
0
62
0
6
CONTINUOUS
100
AcDbLine
10
-8
20
-22
30
0
11
-8
21
22
31
0
1001
CONDUITCAD
1000
{"id":"master-hyd-cylinder-1"}
0
LINE
5
393
330
653
100
AcDbEntity
8
0
62
0
6
CONTINUOUS
100
AcDbLine
10
-8
20
-5
30
0
11
49
21
-5
31
0
1001
CONDUITCAD
1000
{"id":"master-hyd-cylinder-2"}
0
LINE
5
394
330
653
100
AcDbEntity
8
0
62
0
6
CONTINUOUS
100
AcDbLine
10
49
20
-5
30
0
11
49
21
5
31
0
1001
CONDUITCAD
1000
{"id":"master-hyd-cylinder-3"}
0
LINE
5
395
330
653
100
AcDbEntity
8
0
62
0
6
CONTINUOUS
100
AcDbLine
10
49
20
5
30
0
11
-8
21
5
31
0
1001
CONDUITCAD
1000
{"id":"master-hyd-cylinder-4"}
0
LINE
5
396
330
653
100
AcDbEntity
8
0
62
0
6
CONTINUOUS
100
AcDbLine
10
-23
20
-22
30
0
11
-23
21
-45
31
0
1001
CONDUITCAD
1000
{"id":"master-hyd-cylinder-5"}
0
LINE
5
397
330
653
100
AcDbEntity
8
0
62
0
6
CONTINUOUS
100
AcDbLine
10
23
20
-22
30
0
11
23
21
-45
31
0
1001
CONDUITCAD
1000
{"id":"master-hyd-cylinder-6"}
0
ENDBLK
5
7BF
330
653
100
AcDbEntity
8
0
100
AcDbBlockEnd
0
BLOCK
5
7C0
330
654
100
AcDbEntity
8
0
100
AcDbBlockBegin
2
CC_HYD_CYLINDER_SPRING
70
0
10
0
20
0
30
0
3
CC_HYD_CYLINDER_SPRING
1

1001
CONDUITCAD
1000
{"ports":[{"name":"A","x":-23,"y":-45,"dx":0,"dy":-1,"medium":"hydraulic","role":"connection"}],"symbol":{"name":"Single-acting spring-return cylinder","category":"Hydraulics","group":"Actuators","geo
1000
metryRevision":3,"standardRefs":["ISO-1219-1","NFPC-FLUID"],"convention":"ISO-1219-1 / NFPC-FLUID family","conformity":"Original master; not standards-certified","normativeEntry":null,"review":{"level
1000
":"geometry-and-convention","dimensionalConformance":"not-verified","note":"New independently constructed CAD master with explicit terminal topology."},"aliases":["hyd cylinder spring"],"defaultLayer"
1000
:"Hydraulics","labelOffset":67,"extents":{"minX":-34,"minY":-45,"maxX":49,"maxY":22}}}
0
LWPOLYLINE
5
398
330
654
100
AcDbEntity
8
0
62
0
6
CONTINUOUS
100
AcDbPolyline
90
4
70
1
10
-34
20
-22
10
34
20
-22
10
34
20
22
10
-34
20
22
1001
CONDUITCAD
1000
{"id":"master-hyd-cylinder-spring-0"}
0
LINE
5
399
330
654
100
AcDbEntity
8
0
62
0
6
CONTINUOUS
100
AcDbLine
10
-8
20
-22
30
0
11
-8
21
22
31
0
1001
CONDUITCAD
1000
{"id":"master-hyd-cylinder-spring-1"}
0
LINE
5
39A
330
654
100
AcDbEntity
8
0
62
0
6
CONTINUOUS
100
AcDbLine
10
-8
20
-5
30
0
11
49
21
-5
31
0
1001
CONDUITCAD
1000
{"id":"master-hyd-cylinder-spring-2"}
0
LINE
5
39B
330
654
100
AcDbEntity
8
0
62
0
6
CONTINUOUS
100
AcDbLine
10
49
20
-5
30
0
11
49
21
5
31
0
1001
CONDUITCAD
1000
{"id":"master-hyd-cylinder-spring-3"}
0
LINE
5
39C
330
654
100
AcDbEntity
8
0
62
0
6
CONTINUOUS
100
AcDbLine
10
49
20
5
30
0
11
-8
21
5
31
0
1001
CONDUITCAD
1000
{"id":"master-hyd-cylinder-spring-4"}
0
LINE
5
39D
330
654
100
AcDbEntity
8
0
62
0
6
CONTINUOUS
100
AcDbLine
10
-23
20
-22
30
0
11
-23
21
-45
31
0
1001
CONDUITCAD
1000
{"id":"master-hyd-cylinder-spring-5"}
0
LWPOLYLINE
5
39E
330
654
100
AcDbEntity
8
0
62
0
6
CONTINUOUS
100
AcDbPolyline
90
10
70
0
10
0
20
0
10
2.8000000000000003
20
0
10
5.880000000000001
20
8
10
8.96
20
-8
10
12.040000000000001
20
8
10
15.120000000000001
20
-8
10
18.2
20
8
10
21.28
20
-8
10
25.2
20
0
10
28
20
0
1001
CONDUITCAD
1000
{"id":"master-hyd-cylinder-spring-6"}
0
ENDBLK
5
7C1
330
654
100
AcDbEntity
8
0
100
AcDbBlockEnd
0
BLOCK
5
7C2
330
655
100
AcDbEntity
8
0
100
AcDbBlockBegin
2
CC_HYD_CYLINDER_CUSHIONED
70
0
10
0
20
0
30
0
3
CC_HYD_CYLINDER_CUSHIONED
1

1001
CONDUITCAD
1000
{"ports":[{"name":"A","x":-23,"y":-45,"dx":0,"dy":-1,"medium":"hydraulic","role":"connection"},{"name":"B","x":23,"y":-45,"dx":0,"dy":-1,"medium":"hydraulic","role":"connection"}],"symbol":{"name":"Do
1000
uble-acting cushioned cylinder","category":"Hydraulics","group":"Actuators","geometryRevision":3,"standardRefs":["ISO-1219-1","NFPC-FLUID"],"convention":"ISO-1219-1 / NFPC-FLUID family","conformity":"
1000
Original master; not standards-certified","normativeEntry":null,"review":{"level":"geometry-and-convention","dimensionalConformance":"not-verified","note":"New independently constructed CAD master wit
1000
h explicit terminal topology."},"aliases":["hyd cylinder cushioned"],"defaultLayer":"Hydraulics","labelOffset":67,"extents":{"minX":-34,"minY":-45,"maxX":49,"maxY":22}}}
0
LWPOLYLINE
5
39F
330
655
100
AcDbEntity
8
0
62
0
6
CONTINUOUS
100
AcDbPolyline
90
4
70
1
10
-34
20
-22
10
34
20
-22
10
34
20
22
10
-34
20
22
1001
CONDUITCAD
1000
{"id":"master-hyd-cylinder-cushioned-0"}
0
LINE
5
3A0
330
655
100
AcDbEntity
8
0
62
0
6
CONTINUOUS
100
AcDbLine
10
-8
20
-22
30
0
11
-8
21
22
31
0
1001
CONDUITCAD
1000
{"id":"master-hyd-cylinder-cushioned-1"}
0
LINE
5
3A1
330
655
100
AcDbEntity
8
0
62
0
6
CONTINUOUS
100
AcDbLine
10
-8
20
-5
30
0
11
49
21
-5
31
0
1001
CONDUITCAD
1000
{"id":"master-hyd-cylinder-cushioned-2"}
0
LINE
5
3A2
330
655
100
AcDbEntity
8
0
62
0
6
CONTINUOUS
100
AcDbLine
10
49
20
-5
30
0
11
49
21
5
31
0
1001
CONDUITCAD
1000
{"id":"master-hyd-cylinder-cushioned-3"}
0
LINE
5
3A3
330
655
100
AcDbEntity
8
0
62
0
6
CONTINUOUS
100
AcDbLine
10
49
20
5
30
0
11
-8
21
5
31
0
1001
CONDUITCAD
1000
{"id":"master-hyd-cylinder-cushioned-4"}
0
LINE
5
3A4
330
655
100
AcDbEntity
8
0
62
0
6
CONTINUOUS
100
AcDbLine
10
-23
20
-22
30
0
11
-23
21
-45
31
0
1001
CONDUITCAD
1000
{"id":"master-hyd-cylinder-cushioned-5"}
0
LINE
5
3A5
330
655
100
AcDbEntity
8
0
62
0
6
CONTINUOUS
100
AcDbLine
10
23
20
-22
30
0
11
23
21
-45
31
0
1001
CONDUITCAD
1000
{"id":"master-hyd-cylinder-cushioned-6"}
0
LINE
5
3A6
330
655
100
AcDbEntity
8
0
62
0
6
CONTINUOUS
100
AcDbLine
10
-27
20
-22
30
0
11
-27
21
22
31
0
1001
CONDUITCAD
1000
{"id":"master-hyd-cylinder-cushioned-7"}
0
LINE
5
3A7
330
655
100
AcDbEntity
8
0
62
0
6
CONTINUOUS
100
AcDbLine
10
27
20
-22
30
0
11
27
21
-7
31
0
1001
CONDUITCAD
1000
{"id":"master-hyd-cylinder-cushioned-8"}
0
LINE
5
3A8
330
655
100
AcDbEntity
8
0
62
0
6
CONTINUOUS
100
AcDbLine
10
27
20
7
30
0
11
27
21
22
31
0
1001
CONDUITCAD
1000
{"id":"master-hyd-cylinder-cushioned-9"}
0
ENDBLK
5
7C3
330
655
100
AcDbEntity
8
0
100
AcDbBlockEnd
0
BLOCK
5
7C4
330
656
100
AcDbEntity
8
0
100
AcDbBlockBegin
2
CC_HYD_VALVE_22_NC
70
0
10
0
20
0
30
0
3
CC_HYD_VALVE_22_NC
1

1001
CONDUITCAD
1000
{"ports":[{"name":"A","x":12,"y":45,"dx":0,"dy":1,"medium":"hydraulic","role":"connection"},{"name":"P","x":12,"y":-45,"dx":0,"dy":-1,"medium":"hydraulic","role":"connection"}],"symbol":{"name":"2/2 v
1000
alve \u00b7 normally closed","category":"Hydraulics","group":"Directional valves","positions":2,"workingPorts":2,"normalState":"closed","geometryRevision":3,"standardRefs":["ISO-1219-1","NFPC-FLUID"],
1000
"convention":"ISO-1219-1 / NFPC-FLUID family","conformity":"Original master; not standards-certified","normativeEntry":null,"review":{"level":"geometry-and-convention","dimensionalConformance":"not-ve
1000
rified","note":"New independently constructed CAD master with explicit terminal topology."},"aliases":["hyd valve 22 nc"],"defaultLayer":"Hydraulics","labelOffset":67,"extents":{"minX":-68,"minY":-45,
1000
"maxX":74,"maxY":45}}}
0
LWPOLYLINE
5
3A9
330
656
100
AcDbEntity
8
0
62
0
6
CONTINUOUS
100
AcDbPolyline
90
4
70
1
10
-48
20
-22
10
0
20
-22
10
0
20
22
10
-48
20
22
1001
CONDUITCAD
1000
{"id":"master-hyd-valve-22-nc-0"}
0
LWPOLYLINE
5
3AA
330
656
100
AcDbEntity
8
0
62
0
6
CONTINUOUS
100
AcDbPolyline
90
4
70
1
10
0
20
-22
10
48
20
-22
10
48
20
22
10
0
20
22
1001
CONDUITCAD
1000
{"id":"master-hyd-valve-22-nc-1"}
0
LWPOLYLINE
5
3AB
330
656
100
AcDbEntity
8
0
62
0
6
CONTINUOUS
100
AcDbPolyline
90
4
70
1
10
-68
20
-18
10
-48
20
-18
10
-48
20
2
10
-68
20
2
1001
CONDUITCAD
1000
{"id":"master-hyd-valve-22-nc-2"}
0
LINE
5
3AC
330
656
100
AcDbEntity
8
0
62
0
6
CONTINUOUS
100
AcDbLine
10
-68
20
-18
30
0
11
-48
21
2
31
0
1001
CONDUITCAD
1000
{"id":"master-hyd-valve-22-nc-3"}
0
LWPOLYLINE
5
3AD
330
656
100
AcDbEntity
8
0
62
0
6
CONTINUOUS
100
AcDbPolyline
90
10
70
0
10
48
20
0
10
50.6
20
0
10
53.46
20
7
10
56.32
20
-7
10
59.18
20
7
10
62.04
20
-7
10
64.9
20
7
10
67.76
20
-7
10
71.4
20
0
10
74
20
0
1001
CONDUITCAD
1000
{"id":"master-hyd-valve-22-nc-4"}
0
LINE
5
3AE
330
656
100
AcDbEntity
8
0
62
0
6
CONTINUOUS
100
AcDbLine
10
12
20
22
30
0
11
12
21
45
31
0
1001
CONDUITCAD
1000
{"id":"master-hyd-valve-22-nc-5"}
0
LINE
5
3AF
330
656
100
AcDbEntity
8
0
62
0
6
CONTINUOUS
100
AcDbLine
10
12
20
-22
30
0
11
12
21
-45
31
0
1001
CONDUITCAD
1000
{"id":"master-hyd-valve-22-nc-6"}
0
LINE
5
3B0
330
656
100
AcDbEntity
8
0
62
0
6
CONTINUOUS
100
AcDbLine
10
-36
20
-16
30
0
11
-36
21
16
31
0
1001
CONDUITCAD
1000
{"id":"master-hyd-valve-22-nc-7"}
0
LWPOLYLINE
5
3B1
330
656
100
AcDbEntity
8
0
62
0
6
CONTINUOUS
100
AcDbPolyline
90
3
70
1
10
-36
20
16
10
-39.15
20
9
10
-32.85
20
9
1001
CONDUITCAD
1000
{"id":"master-hyd-valve-22-nc-8"}
0
LINE
5
3B2
330
656
100
AcDbEntity
8
0
62
0
6
CONTINUOUS
100
AcDbLine
10
12
20
-22
30
0
11
12
21
-12
31
0
1001
CONDUITCAD
1000
{"id":"master-hyd-valve-22-nc-9"}
0
LINE
5
3B3
330
656
100
AcDbEntity
8
0
62
0
6
CONTINUOUS
100
AcDbLine
10
7
20
-12
30
0
11
17
21
-12
31
0
1001
CONDUITCAD
1000
{"id":"master-hyd-valve-22-nc-10"}
0
LINE
5
3B4
330
656
100
AcDbEntity
8
0
62
0
6
CONTINUOUS
100
AcDbLine
10
12
20
22
30
0
11
12
21
12
31
0
1001
CONDUITCAD
1000
{"id":"master-hyd-valve-22-nc-11"}
0
LINE
5
3B5
330
656
100
AcDbEntity
8
0
62
0
6
CONTINUOUS
100
AcDbLine
10
7
20
12
30
0
11
17
21
12
31
0
1001
CONDUITCAD
1000
{"id":"master-hyd-valve-22-nc-12"}
0
ENDBLK
5
7C5
330
656
100
AcDbEntity
8
0
100
AcDbBlockEnd
0
BLOCK
5
7C6
330
657
100
AcDbEntity
8
0
100
AcDbBlockBegin
2
CC_HYD_VALVE_32
70
0
10
0
20
0
30
0
3
CC_HYD_VALVE_32
1

1001
CONDUITCAD
1000
{"ports":[{"name":"A","x":12,"y":45,"dx":0,"dy":1,"medium":"hydraulic","role":"connection"},{"name":"P","x":12,"y":-45,"dx":0,"dy":-1,"medium":"hydraulic","role":"connection"},{"name":"R","x":36,"y":-
1000
45,"dx":0,"dy":-1,"medium":"hydraulic","role":"connection"}],"symbol":{"name":"3/2 valve \u00b7 spring-rest exhaust","category":"Hydraulics","group":"Directional valves","positions":2,"workingPorts":3
1000
,"normalState":"P blocked; A to R","geometryRevision":3,"standardRefs":["ISO-1219-1","NFPC-FLUID"],"convention":"ISO-1219-1 / NFPC-FLUID family","conformity":"Original master; not standards-certified"
1000
,"normativeEntry":null,"review":{"level":"geometry-and-convention","dimensionalConformance":"not-verified","note":"New independently constructed CAD master with explicit terminal topology."},"aliases"
1000
:["hyd valve 32"],"defaultLayer":"Hydraulics","labelOffset":67,"extents":{"minX":-68,"minY":-45,"maxX":74,"maxY":45}}}
0
LWPOLYLINE
5
3B6
330
657
100
AcDbEntity
8
0
62
0
6
CONTINUOUS
100
AcDbPolyline
90
4
70
1
10
-48
20
-22
10
0
20
-22
10
0
20
22
10
-48
20
22
1001
CONDUITCAD
1000
{"id":"master-hyd-valve-32-0"}
0
LWPOLYLINE
5
3B7
330
657
100
AcDbEntity
8
0
62
0
6
CONTINUOUS
100
AcDbPolyline
90
4
70
1
10
0
20
-22
10
48
20
-22
10
48
20
22
10
0
20
22
1001
CONDUITCAD
1000
{"id":"master-hyd-valve-32-1"}
0
LWPOLYLINE
5
3B8
330
657
100
AcDbEntity
8
0
62
0
6
CONTINUOUS
100
AcDbPolyline
90
4
70
1
10
-68
20
-18
10
-48
20
-18
10
-48
20
2
10
-68
20
2
1001
CONDUITCAD
1000
{"id":"master-hyd-valve-32-2"}
0
LINE
5
3B9
330
657
100
AcDbEntity
8
0
62
0
6
CONTINUOUS
100
AcDbLine
10
-68
20
-18
30
0
11
-48
21
2
31
0
1001
CONDUITCAD
1000
{"id":"master-hyd-valve-32-3"}
0
LWPOLYLINE
5
3BA
330
657
100
AcDbEntity
8
0
62
0
6
CONTINUOUS
100
AcDbPolyline
90
10
70
0
10
48
20
0
10
50.6
20
0
10
53.46
20
7
10
56.32
20
-7
10
59.18
20
7
10
62.04
20
-7
10
64.9
20
7
10
67.76
20
-7
10
71.4
20
0
10
74
20
0
1001
CONDUITCAD
1000
{"id":"master-hyd-valve-32-4"}
0
LINE
5
3BB
330
657
100
AcDbEntity
8
0
62
0
6
CONTINUOUS
100
AcDbLine
10
12
20
22
30
0
11
12
21
45
31
0
1001
CONDUITCAD
1000
{"id":"master-hyd-valve-32-5"}
0
LINE
5
3BC
330
657
100
AcDbEntity
8
0
62
0
6
CONTINUOUS
100
AcDbLine
10
12
20
-22
30
0
11
12
21
-45
31
0
1001
CONDUITCAD
1000
{"id":"master-hyd-valve-32-6"}
0
LINE
5
3BD
330
657
100
AcDbEntity
8
0
62
0
6
CONTINUOUS
100
AcDbLine
10
36
20
-22
30
0
11
36
21
-45
31
0
1001
CONDUITCAD
1000
{"id":"master-hyd-valve-32-7"}
0
LINE
5
3BE
330
657
100
AcDbEntity
8
0
62
0
6
CONTINUOUS
100
AcDbLine
10
-36
20
-16
30
0
11
-36
21
16
31
0
1001
CONDUITCAD
1000
{"id":"master-hyd-valve-32-8"}
0
LWPOLYLINE
5
3BF
330
657
100
AcDbEntity
8
0
62
0
6
CONTINUOUS
100
AcDbPolyline
90
3
70
1
10
-36
20
16
10
-39.15
20
9
10
-32.85
20
9
1001
CONDUITCAD
1000
{"id":"master-hyd-valve-32-9"}
0
LINE
5
3C0
330
657
100
AcDbEntity
8
0
62
0
6
CONTINUOUS
100
AcDbLine
10
-12
20
-22
30
0
11
-12
21
-10
31
0
1001
CONDUITCAD
1000
{"id":"master-hyd-valve-32-10"}
0
LINE
5
3C1
330
657
100
AcDbEntity
8
0
62
0
6
CONTINUOUS
100
AcDbLine
10
-17
20
-10
30
0
11
-7
21
-10
31
0
1001
CONDUITCAD
1000
{"id":"master-hyd-valve-32-11"}
0
LINE
5
3C2
330
657
100
AcDbEntity
8
0
62
0
6
CONTINUOUS
100
AcDbLine
10
12
20
-22
30
0
11
12
21
-12
31
0
1001
CONDUITCAD
1000
{"id":"master-hyd-valve-32-12"}
0
LINE
5
3C3
330
657
100
AcDbEntity
8
0
62
0
6
CONTINUOUS
100
AcDbLine
10
7
20
-12
30
0
11
17
21
-12
31
0
1001
CONDUITCAD
1000
{"id":"master-hyd-valve-32-13"}
0
LINE
5
3C4
330
657
100
AcDbEntity
8
0
62
0
6
CONTINUOUS
100
AcDbLine
10
12
20
17
30
0
11
36
21
-17
31
0
1001
CONDUITCAD
1000
{"id":"master-hyd-valve-32-14"}
0
LWPOLYLINE
5
3C5
330
657
100
AcDbEntity
8
0
62
0
6
CONTINUOUS
100
AcDbPolyline
90
3
70
1
10
36
20
-17
10
34.53666638609341
20
-9.464672884710906
10
29.389768847525414
20
-13.097777029582433
1001
CONDUITCAD
1000
{"id":"master-hyd-valve-32-15"}
0
ENDBLK
5
7C7
330
657
100
AcDbEntity
8
0
100
AcDbBlockEnd
0
BLOCK
5
7C8
330
658
100
AcDbEntity
8
0
100
AcDbBlockBegin
2
CC_HYD_SHUTTLE
70
0
10
0
20
0
30
0
3
CC_HYD_SHUTTLE
1

1001
CONDUITCAD
1000
{"ports":[{"name":"in","x":-45,"y":0,"dx":-1,"dy":0,"medium":"hydraulic","role":"connection"},{"name":"out","x":45,"y":0,"dx":1,"dy":0,"medium":"hydraulic","role":"connection"},{"name":"A","x":0,"y":4
1000
5,"dx":0,"dy":1,"medium":"hydraulic","role":"connection"}],"symbol":{"name":"Shuttle valve","category":"Hydraulics","group":"Flow & pressure","geometryRevision":3,"standardRefs":["ISO-1219-1","NFPC-FL
1000
UID"],"convention":"ISO-1219-1 / NFPC-FLUID family","conformity":"Original master; not standards-certified","normativeEntry":null,"review":{"level":"geometry-and-convention","dimensionalConformance":"
1000
not-verified","note":"New independently constructed CAD master with explicit terminal topology."},"aliases":["hyd shuttle"],"defaultLayer":"Hydraulics","labelOffset":48,"extents":{"minX":-45,"minY":-2
1000
0,"maxX":45,"maxY":45}}}
0
LWPOLYLINE
5
3C6
330
658
100
AcDbEntity
8
0
62
0
6
CONTINUOUS
100
AcDbPolyline
90
4
70
1
10
-25
20
-20
10
25
20
-20
10
25
20
20
10
-25
20
20
1001
CONDUITCAD
1000
{"id":"master-hyd-shuttle-0"}
0
LINE
5
3C7
330
658
100
AcDbEntity
8
0
62
0
6
CONTINUOUS
100
AcDbLine
10
-45
20
0
30
0
11
-25
21
0
31
0
1001
CONDUITCAD
1000
{"id":"master-hyd-shuttle-1"}
0
LINE
5
3C8
330
658
100
AcDbEntity
8
0
62
0
6
CONTINUOUS
100
AcDbLine
10
25
20
0
30
0
11
45
21
0
31
0
1001
CONDUITCAD
1000
{"id":"master-hyd-shuttle-2"}
0
CIRCLE
5
3C9
330
658
100
AcDbEntity
8
0
62
0
6
CONTINUOUS
100
AcDbCircle
10
8
20
0
30
0
40
8
1001
CONDUITCAD
1000
{"id":"master-hyd-shuttle-3"}
0
LWPOLYLINE
5
3CA
330
658
100
AcDbEntity
8
0
62
0
6
CONTINUOUS
100
AcDbPolyline
90
3
70
0
10
-20
20
-12
10
-8
20
0
10
-20
20
12
1001
CONDUITCAD
1000
{"id":"master-hyd-shuttle-4"}
0
LINE
5
3CB
330
658
100
AcDbEntity
8
0
62
0
6
CONTINUOUS
100
AcDbLine
10
0
20
20
30
0
11
0
21
45
31
0
1001
CONDUITCAD
1000
{"id":"master-hyd-shuttle-5"}
0
ENDBLK
5
7C9
330
658
100
AcDbEntity
8
0
100
AcDbBlockEnd
0
BLOCK
5
7CA
330
659
100
AcDbEntity
8
0
100
AcDbBlockBegin
2
CC_HYD_PLUG
70
0
10
0
20
0
30
0
3
CC_HYD_PLUG
1

1001
CONDUITCAD
1000
{"ports":[{"name":"terminal","x":0,"y":-45,"dx":0,"dy":-1,"medium":"hydraulic","role":"connection"}],"symbol":{"name":"Plugged port","category":"Hydraulics","group":"Connections","geometryRevision":3,
1000
"standardRefs":["ISO-1219-1","NFPC-FLUID"],"convention":"ISO-1219-1 / NFPC-FLUID family","conformity":"Original master; not standards-certified","normativeEntry":null,"review":{"level":"geometry-and-c
1000
onvention","dimensionalConformance":"not-verified","note":"New independently constructed CAD master with explicit terminal topology."},"aliases":["hyd plug"],"defaultLayer":"Hydraulics","labelOffset":
1000
67,"extents":{"minX":-12,"minY":-45,"maxX":12,"maxY":0}}}
0
LINE
5
3CC
330
659
100
AcDbEntity
8
0
62
0
6
CONTINUOUS
100
AcDbLine
10
0
20
-45
30
0
11
0
21
0
31
0
1001
CONDUITCAD
1000
{"id":"master-hyd-plug-0"}
0
LINE
5
3CD
330
659
100
AcDbEntity
8
0
62
0
6
CONTINUOUS
100
AcDbLine
10
-12
20
0
30
0
11
12
21
0
31
0
1001
CONDUITCAD
1000
{"id":"master-hyd-plug-1"}
0
ENDBLK
5
7CB
330
659
100
AcDbEntity
8
0
100
AcDbBlockEnd
0
BLOCK
5
7CC
330
65A
100
AcDbEntity
8
0
100
AcDbBlockBegin
2
CC_PNEU_COMPRESSOR
70
0
10
0
20
0
30
0
3
CC_PNEU_COMPRESSOR
1

1001
CONDUITCAD
1000
{"ports":[{"name":"in","x":-45,"y":0,"dx":-1,"dy":0,"medium":"pneumatic","role":"connection"},{"name":"out","x":45,"y":0,"dx":1,"dy":0,"medium":"pneumatic","role":"connection"}],"symbol":{"name":"Air 
1000
compressor","category":"Pneumatics","group":"Sources & drives","energy":"gas/open triangle","geometryRevision":3,"standardRefs":["ISO-1219-1","NFPC-FLUID"],"convention":"ISO-1219-1 / NFPC-FLUID family
1000
","conformity":"Original master; not standards-certified","normativeEntry":null,"review":{"level":"geometry-and-convention","dimensionalConformance":"not-verified","note":"New independently constructe
1000
d CAD master with explicit terminal topology."},"aliases":["pneu compressor"],"defaultLayer":"Pneumatics","labelOffset":48,"extents":{"minX":-45,"minY":-25.970550818758205,"maxX":45,"maxY":25.97055081
1000
8758205}}}
0
CIRCLE
5
3CE
330
65A
100
AcDbEntity
8
0
62
0
6
CONTINUOUS
100
AcDbCircle
10
0
20
0
30
0
40
26
1001
CONDUITCAD
1000
{"id":"master-pneu-compressor-0"}
0
LINE
5
3CF
330
65A
100
AcDbEntity
8
0
62
0
6
CONTINUOUS
100
AcDbLine
10
-45
20
0
30
0
11
-26
21
0
31
0
1001
CONDUITCAD
1000
{"id":"master-pneu-compressor-1"}
0
LINE
5
3D0
330
65A
100
AcDbEntity
8
0
62
0
6
CONTINUOUS
100
AcDbLine
10
26
20
0
30
0
11
45
21
0
31
0
1001
CONDUITCAD
1000
{"id":"master-pneu-compressor-2"}
0
LWPOLYLINE
5
3D1
330
65A
100
AcDbEntity
8
0
62
0
6
CONTINUOUS
100
AcDbPolyline
90
3
70
1
10
10
20
-8
10
10
20
8
10
24
20
0
1001
CONDUITCAD
1000
{"id":"master-pneu-compressor-3"}
0
ENDBLK
5
7CD
330
65A
100
AcDbEntity
8
0
100
AcDbBlockEnd
0
BLOCK
5
7CE
330
65B
100
AcDbEntity
8
0
100
AcDbBlockBegin
2
CC_PNEU_MOTOR
70
0
10
0
20
0
30
0
3
CC_PNEU_MOTOR
1

1001
CONDUITCAD
1000
{"ports":[{"name":"in","x":-45,"y":0,"dx":-1,"dy":0,"medium":"pneumatic","role":"connection"},{"name":"out","x":45,"y":0,"dx":1,"dy":0,"medium":"pneumatic","role":"connection"}],"symbol":{"name":"Air 
1000
motor","category":"Pneumatics","group":"Sources & drives","energy":"gas/open triangle","geometryRevision":3,"standardRefs":["ISO-1219-1","NFPC-FLUID"],"convention":"ISO-1219-1 / NFPC-FLUID family","co
1000
nformity":"Original master; not standards-certified","normativeEntry":null,"review":{"level":"geometry-and-convention","dimensionalConformance":"not-verified","note":"New independently constructed CAD
1000
 master with explicit terminal topology."},"aliases":["pneu motor"],"defaultLayer":"Pneumatics","labelOffset":48,"extents":{"minX":-45,"minY":-25.970550818758205,"maxX":45,"maxY":25.970550818758205}}}
0
CIRCLE
5
3D2
330
65B
100
AcDbEntity
8
0
62
0
6
CONTINUOUS
100
AcDbCircle
10
0
20
0
30
0
40
26
1001
CONDUITCAD
1000
{"id":"master-pneu-motor-0"}
0
LINE
5
3D3
330
65B
100
AcDbEntity
8
0
62
0
6
CONTINUOUS
100
AcDbLine
10
-45
20
0
30
0
11
-26
21
0
31
0
1001
CONDUITCAD
1000
{"id":"master-pneu-motor-1"}
0
LINE
5
3D4
330
65B
100
AcDbEntity
8
0
62
0
6
CONTINUOUS
100
AcDbLine
10
26
20
0
30
0
11
45
21
0
31
0
1001
CONDUITCAD
1000
{"id":"master-pneu-motor-2"}
0
LWPOLYLINE
5
3D5
330
65B
100
AcDbEntity
8
0
62
0
6
CONTINUOUS
100
AcDbPolyline
90
3
70
1
10
-24
20
-8
10
-24
20
8
10
-9
20
0
1001
CONDUITCAD
1000
{"id":"master-pneu-motor-3"}
0
ENDBLK
5
7CF
330
65B
100
AcDbEntity
8
0
100
AcDbBlockEnd
0
BLOCK
5
7D0
330
65C
100
AcDbEntity
8
0
100
AcDbBlockBegin
2
CC_PNEU_FILTER
70
0
10
0
20
0
30
0
3
CC_PNEU_FILTER
1

1001
CONDUITCAD
1000
{"ports":[{"name":"in","x":-45,"y":0,"dx":-1,"dy":0,"medium":"pneumatic","role":"connection"},{"name":"out","x":45,"y":0,"dx":1,"dy":0,"medium":"pneumatic","role":"connection"}],"symbol":{"name":"Air 
1000
filter","category":"Pneumatics","group":"Conditioning","geometryRevision":3,"standardRefs":["ISO-1219-1","NFPC-FLUID"],"convention":"ISO-1219-1 / NFPC-FLUID family","conformity":"Original master; not 
1000
standards-certified","normativeEntry":null,"review":{"level":"geometry-and-convention","dimensionalConformance":"not-verified","note":"New independently constructed CAD master with explicit terminal t
1000
opology."},"aliases":["pneu filter"],"defaultLayer":"Pneumatics","labelOffset":50,"extents":{"minX":-45,"minY":-28,"maxX":45,"maxY":28}}}
0
LWPOLYLINE
5
3D6
330
65C
100
AcDbEntity
8
0
62
0
6
CONTINUOUS
100
AcDbPolyline
90
4
70
1
10
-28
20
0
10
0
20
28
10
28
20
0
10
0
20
-28
1001
CONDUITCAD
1000
{"id":"master-pneu-filter-0"}
0
LINE
5
3D7
330
65C
100
AcDbEntity
8
0
62
0
6
CONTINUOUS
100
AcDbLine
10
-45
20
0
30
0
11
-28
21
0
31
0
1001
CONDUITCAD
1000
{"id":"master-pneu-filter-1"}
0
LINE
5
3D8
330
65C
100
AcDbEntity
8
0
62
0
6
CONTINUOUS
100
AcDbLine
10
28
20
0
30
0
11
45
21
0
31
0
1001
CONDUITCAD
1000
{"id":"master-pneu-filter-2"}
0
LINE
5
3D9
330
65C
100
AcDbEntity
8
0
62
0
6
CC_DASH_4_3
100
AcDbLine
10
0
20
-28
30
0
11
0
21
28
31
0
1001
CONDUITCAD
1000
{"id":"master-pneu-filter-3","dash":[4,3]}
0
ENDBLK
5
7D1
330
65C
100
AcDbEntity
8
0
100
AcDbBlockEnd
0
BLOCK
5
7D2
330
65D
100
AcDbEntity
8
0
100
AcDbBlockBegin
2
CC_PNEU_THROTTLE
70
0
10
0
20
0
30
0
3
CC_PNEU_THROTTLE
1

1001
CONDUITCAD
1000
{"ports":[{"name":"in","x":-45,"y":0,"dx":-1,"dy":0,"medium":"pneumatic","role":"connection"},{"name":"out","x":45,"y":0,"dx":1,"dy":0,"medium":"pneumatic","role":"connection"}],"symbol":{"name":"Fixe
1000
d flow restriction","category":"Pneumatics","group":"Flow & pressure","geometryRevision":3,"standardRefs":["ISO-1219-1","NFPC-FLUID"],"convention":"ISO-1219-1 / NFPC-FLUID family","conformity":"Origin
1000
al master; not standards-certified","normativeEntry":null,"review":{"level":"geometry-and-convention","dimensionalConformance":"not-verified","note":"New independently constructed CAD master with expl
1000
icit terminal topology."},"aliases":["pneu throttle"],"defaultLayer":"Pneumatics","labelOffset":48,"extents":{"minX":-45,"minY":-14,"maxX":45,"maxY":14}}}
0
LINE
5
3DA
330
65D
100
AcDbEntity
8
0
62
0
6
CONTINUOUS
100
AcDbLine
10
-45
20
0
30
0
11
45
21
0
31
0
1001
CONDUITCAD
1000
{"id":"master-pneu-throttle-0"}
0
ELLIPSE
5
3DB
330
65D
100
AcDbEntity
8
0
62
0
6
CONTINUOUS
100
AcDbEllipse
10
-8
20
0
30
0
11
0
21
14
31
0
40
0.5
41
3.141592653589793
42
0
1001
CONDUITCAD
1000
{"id":"master-pneu-throttle-1"}
0
ELLIPSE
5
3DC
330
65D
100
AcDbEntity
8
0
62
0
6
CONTINUOUS
100
AcDbEllipse
10
8
20
0
30
0
11
0
21
14
31
0
40
0.5
41
0
42
3.141592653589793
1001
CONDUITCAD
1000
{"id":"master-pneu-throttle-2"}
0
ENDBLK
5
7D3
330
65D
100
AcDbEntity
8
0
100
AcDbBlockEnd
0
BLOCK
5
7D4
330
65E
100
AcDbEntity
8
0
100
AcDbBlockBegin
2
CC_PNEU_FLOW_CONTROL
70
0
10
0
20
0
30
0
3
CC_PNEU_FLOW_CONTROL
1

1001
CONDUITCAD
1000
{"ports":[{"name":"in","x":-45,"y":0,"dx":-1,"dy":0,"medium":"pneumatic","role":"connection"},{"name":"out","x":45,"y":0,"dx":1,"dy":0,"medium":"pneumatic","role":"connection"}],"symbol":{"name":"Adju
1000
stable flow control","category":"Pneumatics","group":"Flow & pressure","geometryRevision":3,"standardRefs":["ISO-1219-1","NFPC-FLUID"],"convention":"ISO-1219-1 / NFPC-FLUID family","conformity":"Origi
1000
nal master; not standards-certified","normativeEntry":null,"review":{"level":"geometry-and-convention","dimensionalConformance":"not-verified","note":"New independently constructed CAD master with exp
1000
licit terminal topology."},"aliases":["pneu flow control"],"defaultLayer":"Pneumatics","labelOffset":49,"extents":{"minX":-45,"minY":-27,"maxX":45,"maxY":27}}}
0
LINE
5
3DD
330
65E
100
AcDbEntity
8
0
62
0
6
CONTINUOUS
100
AcDbLine
10
-45
20
0
30
0
11
45
21
0
31
0
1001
CONDUITCAD
1000
{"id":"master-pneu-flow-control-0"}
0
ELLIPSE
5
3DE
330
65E
100
AcDbEntity
8
0
62
0
6
CONTINUOUS
100
AcDbEllipse
10
-8
20
0
30
0
11
0
21
14
31
0
40
0.5
41
3.141592653589793
42
0
1001
CONDUITCAD
1000
{"id":"master-pneu-flow-control-1"}
0
ELLIPSE
5
3DF
330
65E
100
AcDbEntity
8
0
62
0
6
CONTINUOUS
100
AcDbEllipse
10
8
20
0
30
0
11
0
21
14
31
0
40
0.5
41
0
42
3.141592653589793
1001
CONDUITCAD
1000
{"id":"master-pneu-flow-control-2"}
0
LINE
5
3E0
330
65E
100
AcDbEntity
8
0
62
0
6
CONTINUOUS
100
AcDbLine
10
-20
20
-27
30
0
11
23
21
27
31
0
1001
CONDUITCAD
1000
{"id":"master-pneu-flow-control-3"}
0
LWPOLYLINE
5
3E1
330
65E
100
AcDbEntity
8
0
62
0
6
CONTINUOUS
100
AcDbPolyline
90
3
70
1
10
23
20
27
10
16.175330072285874
20
23.48625835073857
10
21.103694982938272
20
19.561819625589433
1001
CONDUITCAD
1000
{"id":"master-pneu-flow-control-4"}
0
ENDBLK
5
7D5
330
65E
100
AcDbEntity
8
0
100
AcDbBlockEnd
0
BLOCK
5
7D6
330
65F
100
AcDbEntity
8
0
100
AcDbBlockBegin
2
CC_PNEU_CHECK
70
0
10
0
20
0
30
0
3
CC_PNEU_CHECK
1

1001
CONDUITCAD
1000
{"ports":[{"name":"in","x":-45,"y":0,"dx":-1,"dy":0,"medium":"pneumatic","role":"connection"},{"name":"out","x":45,"y":0,"dx":1,"dy":0,"medium":"pneumatic","role":"connection"}],"symbol":{"name":"Non-
1000
return valve","category":"Pneumatics","group":"Flow & pressure","geometryRevision":3,"standardRefs":["ISO-1219-1","NFPC-FLUID"],"convention":"ISO-1219-1 / NFPC-FLUID family","conformity":"Original mas
1000
ter; not standards-certified","normativeEntry":null,"review":{"level":"geometry-and-convention","dimensionalConformance":"not-verified","note":"New independently constructed CAD master with explicit t
1000
erminal topology."},"aliases":["pneu check"],"defaultLayer":"Pneumatics","labelOffset":48,"extents":{"minX":-45,"minY":-15,"maxX":45,"maxY":15}}}
0
LINE
5
3E2
330
65F
100
AcDbEntity
8
0
62
0
6
CONTINUOUS
100
AcDbLine
10
-45
20
0
30
0
11
-12
21
0
31
0
1001
CONDUITCAD
1000
{"id":"master-pneu-check-0"}
0
LINE
5
3E3
330
65F
100
AcDbEntity
8
0
62
0
6
CONTINUOUS
100
AcDbLine
10
12
20
0
30
0
11
45
21
0
31
0
1001
CONDUITCAD
1000
{"id":"master-pneu-check-1"}
0
CIRCLE
5
3E4
330
65F
100
AcDbEntity
8
0
62
0
6
CONTINUOUS
100
AcDbCircle
10
0
20
0
30
0
40
10
1001
CONDUITCAD
1000
{"id":"master-pneu-check-2"}
0
LWPOLYLINE
5
3E5
330
65F
100
AcDbEntity
8
0
62
0
6
CONTINUOUS
100
AcDbPolyline
90
3
70
0
10
-12
20
-15
10
0
20
0
10
-12
20
15
1001
CONDUITCAD
1000
{"id":"master-pneu-check-3"}
0
ENDBLK
5
7D7
330
65F
100
AcDbEntity
8
0
100
AcDbBlockEnd
0
BLOCK
5
7D8
330
660
100
AcDbEntity
8
0
100
AcDbBlockBegin
2
CC_PNEU_GAUGE
70
0
10
0
20
0
30
0
3
CC_PNEU_GAUGE
1

1001
CONDUITCAD
1000
{"ports":[{"name":"sense","x":0,"y":-45,"dx":0,"dy":-1,"medium":"pneumatic","role":"connection"}],"symbol":{"name":"Pressure gauge","category":"Pneumatics","group":"Measurement","geometryRevision":3,"
1000
standardRefs":["ISO-1219-1","NFPC-FLUID"],"convention":"ISO-1219-1 / NFPC-FLUID family","conformity":"Original master; not standards-certified","normativeEntry":null,"review":{"level":"geometry-and-co
1000
nvention","dimensionalConformance":"not-verified","note":"New independently constructed CAD master with explicit terminal topology."},"aliases":["pneu gauge"],"defaultLayer":"Pneumatics","labelOffset"
1000
:67,"extents":{"minX":-23.970166109254137,"minY":-45,"maxX":24,"maxY":23.99254036801959}}}
0
CIRCLE
5
3E6
330
660
100
AcDbEntity
8
0
62
0
6
CONTINUOUS
100
AcDbCircle
10
0
20
0
30
0
40
24
1001
CONDUITCAD
1000
{"id":"master-pneu-gauge-0"}
0
LINE
5
3E7
330
660
100
AcDbEntity
8
0
62
0
6
CONTINUOUS
100
AcDbLine
10
0
20
-24
30
0
11
0
21
-45
31
0
1001
CONDUITCAD
1000
{"id":"master-pneu-gauge-1"}
0
LINE
5
3E8
330
660
100
AcDbEntity
8
0
62
0
6
CONTINUOUS
100
AcDbLine
10
8
20
-8
30
0
11
-12
21
13
31
0
1001
CONDUITCAD
1000
{"id":"master-pneu-gauge-2"}
0
SOLID
5
3E9
330
660
100
AcDbEntity
8
0
62
0
6
CONTINUOUS
100
AcDbTrace
10
-12
20
13
30
0
11
-9.817241379310344
21
6.793103448275861
31
0
12
-5.906896551724137
22
10.517241379310345
32
0
13
-5.906896551724137
23
10.517241379310345
33
0
1001
CONDUITCAD
1000
{"id":"master-pneu-gauge-3"}
0
ENDBLK
5
7D9
330
660
100
AcDbEntity
8
0
100
AcDbBlockEnd
0
BLOCK
5
7DA
330
661
100
AcDbEntity
8
0
100
AcDbBlockBegin
2
CC_PNEU_CYLINDER
70
0
10
0
20
0
30
0
3
CC_PNEU_CYLINDER
1

1001
CONDUITCAD
1000
{"ports":[{"name":"A","x":-23,"y":-45,"dx":0,"dy":-1,"medium":"pneumatic","role":"connection"},{"name":"B","x":23,"y":-45,"dx":0,"dy":-1,"medium":"pneumatic","role":"connection"}],"symbol":{"name":"Do
1000
uble-acting cylinder","category":"Pneumatics","group":"Actuators","geometryRevision":3,"standardRefs":["ISO-1219-1","NFPC-FLUID"],"convention":"ISO-1219-1 / NFPC-FLUID family","conformity":"Original m
1000
aster; not standards-certified","normativeEntry":null,"review":{"level":"geometry-and-convention","dimensionalConformance":"not-verified","note":"New independently constructed CAD master with explicit
1000
 terminal topology."},"aliases":["pneu cylinder"],"defaultLayer":"Pneumatics","labelOffset":67,"extents":{"minX":-34,"minY":-45,"maxX":49,"maxY":22}}}
0
LWPOLYLINE
5
3EA
330
661
100
AcDbEntity
8
0
62
0
6
CONTINUOUS
100
AcDbPolyline
90
4
70
1
10
-34
20
-22
10
34
20
-22
10
34
20
22
10
-34
20
22
1001
CONDUITCAD
1000
{"id":"master-pneu-cylinder-0"}
0
LINE
5
3EB
330
661
100
AcDbEntity
8
0
62
0
6
CONTINUOUS
100
AcDbLine
10
-8
20
-22
30
0
11
-8
21
22
31
0
1001
CONDUITCAD
1000
{"id":"master-pneu-cylinder-1"}
0
LINE
5
3EC
330
661
100
AcDbEntity
8
0
62
0
6
CONTINUOUS
100
AcDbLine
10
-8
20
-5
30
0
11
49
21
-5
31
0
1001
CONDUITCAD
1000
{"id":"master-pneu-cylinder-2"}
0
LINE
5
3ED
330
661
100
AcDbEntity
8
0
62
0
6
CONTINUOUS
100
AcDbLine
10
49
20
-5
30
0
11
49
21
5
31
0
1001
CONDUITCAD
1000
{"id":"master-pneu-cylinder-3"}
0
LINE
5
3EE
330
661
100
AcDbEntity
8
0
62
0
6
CONTINUOUS
100
AcDbLine
10
49
20
5
30
0
11
-8
21
5
31
0
1001
CONDUITCAD
1000
{"id":"master-pneu-cylinder-4"}
0
LINE
5
3EF
330
661
100
AcDbEntity
8
0
62
0
6
CONTINUOUS
100
AcDbLine
10
-23
20
-22
30
0
11
-23
21
-45
31
0
1001
CONDUITCAD
1000
{"id":"master-pneu-cylinder-5"}
0
LINE
5
3F0
330
661
100
AcDbEntity
8
0
62
0
6
CONTINUOUS
100
AcDbLine
10
23
20
-22
30
0
11
23
21
-45
31
0
1001
CONDUITCAD
1000
{"id":"master-pneu-cylinder-6"}
0
ENDBLK
5
7DB
330
661
100
AcDbEntity
8
0
100
AcDbBlockEnd
0
BLOCK
5
7DC
330
662
100
AcDbEntity
8
0
100
AcDbBlockBegin
2
CC_PNEU_CYLINDER_SPRING
70
0
10
0
20
0
30
0
3
CC_PNEU_CYLINDER_SPRING
1

1001
CONDUITCAD
1000
{"ports":[{"name":"A","x":-23,"y":-45,"dx":0,"dy":-1,"medium":"pneumatic","role":"connection"}],"symbol":{"name":"Single-acting spring-return cylinder","category":"Pneumatics","group":"Actuators","geo
1000
metryRevision":3,"standardRefs":["ISO-1219-1","NFPC-FLUID"],"convention":"ISO-1219-1 / NFPC-FLUID family","conformity":"Original master; not standards-certified","normativeEntry":null,"review":{"level
1000
":"geometry-and-convention","dimensionalConformance":"not-verified","note":"New independently constructed CAD master with explicit terminal topology."},"aliases":["pneu cylinder spring"],"defaultLayer
1000
":"Pneumatics","labelOffset":67,"extents":{"minX":-34,"minY":-45,"maxX":49,"maxY":22}}}
0
LWPOLYLINE
5
3F1
330
662
100
AcDbEntity
8
0
62
0
6
CONTINUOUS
100
AcDbPolyline
90
4
70
1
10
-34
20
-22
10
34
20
-22
10
34
20
22
10
-34
20
22
1001
CONDUITCAD
1000
{"id":"master-pneu-cylinder-spring-0"}
0
LINE
5
3F2
330
662
100
AcDbEntity
8
0
62
0
6
CONTINUOUS
100
AcDbLine
10
-8
20
-22
30
0
11
-8
21
22
31
0
1001
CONDUITCAD
1000
{"id":"master-pneu-cylinder-spring-1"}
0
LINE
5
3F3
330
662
100
AcDbEntity
8
0
62
0
6
CONTINUOUS
100
AcDbLine
10
-8
20
-5
30
0
11
49
21
-5
31
0
1001
CONDUITCAD
1000
{"id":"master-pneu-cylinder-spring-2"}
0
LINE
5
3F4
330
662
100
AcDbEntity
8
0
62
0
6
CONTINUOUS
100
AcDbLine
10
49
20
-5
30
0
11
49
21
5
31
0
1001
CONDUITCAD
1000
{"id":"master-pneu-cylinder-spring-3"}
0
LINE
5
3F5
330
662
100
AcDbEntity
8
0
62
0
6
CONTINUOUS
100
AcDbLine
10
49
20
5
30
0
11
-8
21
5
31
0
1001
CONDUITCAD
1000
{"id":"master-pneu-cylinder-spring-4"}
0
LINE
5
3F6
330
662
100
AcDbEntity
8
0
62
0
6
CONTINUOUS
100
AcDbLine
10
-23
20
-22
30
0
11
-23
21
-45
31
0
1001
CONDUITCAD
1000
{"id":"master-pneu-cylinder-spring-5"}
0
LWPOLYLINE
5
3F7
330
662
100
AcDbEntity
8
0
62
0
6
CONTINUOUS
100
AcDbPolyline
90
10
70
0
10
0
20
0
10
2.8000000000000003
20
0
10
5.880000000000001
20
8
10
8.96
20
-8
10
12.040000000000001
20
8
10
15.120000000000001
20
-8
10
18.2
20
8
10
21.28
20
-8
10
25.2
20
0
10
28
20
0
1001
CONDUITCAD
1000
{"id":"master-pneu-cylinder-spring-6"}
0
ENDBLK
5
7DD
330
662
100
AcDbEntity
8
0
100
AcDbBlockEnd
0
BLOCK
5
7DE
330
663
100
AcDbEntity
8
0
100
AcDbBlockBegin
2
CC_PNEU_CYLINDER_CUSHIONED
70
0
10
0
20
0
30
0
3
CC_PNEU_CYLINDER_CUSHIONED
1

1001
CONDUITCAD
1000
{"ports":[{"name":"A","x":-23,"y":-45,"dx":0,"dy":-1,"medium":"pneumatic","role":"connection"},{"name":"B","x":23,"y":-45,"dx":0,"dy":-1,"medium":"pneumatic","role":"connection"}],"symbol":{"name":"Do
1000
uble-acting cushioned cylinder","category":"Pneumatics","group":"Actuators","geometryRevision":3,"standardRefs":["ISO-1219-1","NFPC-FLUID"],"convention":"ISO-1219-1 / NFPC-FLUID family","conformity":"
1000
Original master; not standards-certified","normativeEntry":null,"review":{"level":"geometry-and-convention","dimensionalConformance":"not-verified","note":"New independently constructed CAD master wit
1000
h explicit terminal topology."},"aliases":["pneu cylinder cushioned"],"defaultLayer":"Pneumatics","labelOffset":67,"extents":{"minX":-34,"minY":-45,"maxX":49,"maxY":22}}}
0
LWPOLYLINE
5
3F8
330
663
100
AcDbEntity
8
0
62
0
6
CONTINUOUS
100
AcDbPolyline
90
4
70
1
10
-34
20
-22
10
34
20
-22
10
34
20
22
10
-34
20
22
1001
CONDUITCAD
1000
{"id":"master-pneu-cylinder-cushioned-0"}
0
LINE
5
3F9
330
663
100
AcDbEntity
8
0
62
0
6
CONTINUOUS
100
AcDbLine
10
-8
20
-22
30
0
11
-8
21
22
31
0
1001
CONDUITCAD
1000
{"id":"master-pneu-cylinder-cushioned-1"}
0
LINE
5
3FA
330
663
100
AcDbEntity
8
0
62
0
6
CONTINUOUS
100
AcDbLine
10
-8
20
-5
30
0
11
49
21
-5
31
0
1001
CONDUITCAD
1000
{"id":"master-pneu-cylinder-cushioned-2"}
0
LINE
5
3FB
330
663
100
AcDbEntity
8
0
62
0
6
CONTINUOUS
100
AcDbLine
10
49
20
-5
30
0
11
49
21
5
31
0
1001
CONDUITCAD
1000
{"id":"master-pneu-cylinder-cushioned-3"}
0
LINE
5
3FC
330
663
100
AcDbEntity
8
0
62
0
6
CONTINUOUS
100
AcDbLine
10
49
20
5
30
0
11
-8
21
5
31
0
1001
CONDUITCAD
1000
{"id":"master-pneu-cylinder-cushioned-4"}
0
LINE
5
3FD
330
663
100
AcDbEntity
8
0
62
0
6
CONTINUOUS
100
AcDbLine
10
-23
20
-22
30
0
11
-23
21
-45
31
0
1001
CONDUITCAD
1000
{"id":"master-pneu-cylinder-cushioned-5"}
0
LINE
5
3FE
330
663
100
AcDbEntity
8
0
62
0
6
CONTINUOUS
100
AcDbLine
10
23
20
-22
30
0
11
23
21
-45
31
0
1001
CONDUITCAD
1000
{"id":"master-pneu-cylinder-cushioned-6"}
0
LINE
5
3FF
330
663
100
AcDbEntity
8
0
62
0
6
CONTINUOUS
100
AcDbLine
10
-27
20
-22
30
0
11
-27
21
22
31
0
1001
CONDUITCAD
1000
{"id":"master-pneu-cylinder-cushioned-7"}
0
LINE
5
400
330
663
100
AcDbEntity
8
0
62
0
6
CONTINUOUS
100
AcDbLine
10
27
20
-22
30
0
11
27
21
-7
31
0
1001
CONDUITCAD
1000
{"id":"master-pneu-cylinder-cushioned-8"}
0
LINE
5
401
330
663
100
AcDbEntity
8
0
62
0
6
CONTINUOUS
100
AcDbLine
10
27
20
7
30
0
11
27
21
22
31
0
1001
CONDUITCAD
1000
{"id":"master-pneu-cylinder-cushioned-9"}
0
ENDBLK
5
7DF
330
663
100
AcDbEntity
8
0
100
AcDbBlockEnd
0
BLOCK
5
7E0
330
664
100
AcDbEntity
8
0
100
AcDbBlockBegin
2
CC_PNEU_VALVE_22_NC
70
0
10
0
20
0
30
0
3
CC_PNEU_VALVE_22_NC
1

1001
CONDUITCAD
1000
{"ports":[{"name":"A","x":12,"y":45,"dx":0,"dy":1,"medium":"pneumatic","role":"connection"},{"name":"P","x":12,"y":-45,"dx":0,"dy":-1,"medium":"pneumatic","role":"connection"}],"symbol":{"name":"2/2 v
1000
alve \u00b7 normally closed","category":"Pneumatics","group":"Directional valves","positions":2,"workingPorts":2,"normalState":"closed","geometryRevision":3,"standardRefs":["ISO-1219-1","NFPC-FLUID"],
1000
"convention":"ISO-1219-1 / NFPC-FLUID family","conformity":"Original master; not standards-certified","normativeEntry":null,"review":{"level":"geometry-and-convention","dimensionalConformance":"not-ve
1000
rified","note":"New independently constructed CAD master with explicit terminal topology."},"aliases":["pneu valve 22 nc"],"defaultLayer":"Pneumatics","labelOffset":67,"extents":{"minX":-68,"minY":-45
1000
,"maxX":74,"maxY":45}}}
0
LWPOLYLINE
5
402
330
664
100
AcDbEntity
8
0
62
0
6
CONTINUOUS
100
AcDbPolyline
90
4
70
1
10
-48
20
-22
10
0
20
-22
10
0
20
22
10
-48
20
22
1001
CONDUITCAD
1000
{"id":"master-pneu-valve-22-nc-0"}
0
LWPOLYLINE
5
403
330
664
100
AcDbEntity
8
0
62
0
6
CONTINUOUS
100
AcDbPolyline
90
4
70
1
10
0
20
-22
10
48
20
-22
10
48
20
22
10
0
20
22
1001
CONDUITCAD
1000
{"id":"master-pneu-valve-22-nc-1"}
0
LWPOLYLINE
5
404
330
664
100
AcDbEntity
8
0
62
0
6
CONTINUOUS
100
AcDbPolyline
90
4
70
1
10
-68
20
-18
10
-48
20
-18
10
-48
20
2
10
-68
20
2
1001
CONDUITCAD
1000
{"id":"master-pneu-valve-22-nc-2"}
0
LINE
5
405
330
664
100
AcDbEntity
8
0
62
0
6
CONTINUOUS
100
AcDbLine
10
-68
20
-18
30
0
11
-48
21
2
31
0
1001
CONDUITCAD
1000
{"id":"master-pneu-valve-22-nc-3"}
0
LWPOLYLINE
5
406
330
664
100
AcDbEntity
8
0
62
0
6
CONTINUOUS
100
AcDbPolyline
90
10
70
0
10
48
20
0
10
50.6
20
0
10
53.46
20
7
10
56.32
20
-7
10
59.18
20
7
10
62.04
20
-7
10
64.9
20
7
10
67.76
20
-7
10
71.4
20
0
10
74
20
0
1001
CONDUITCAD
1000
{"id":"master-pneu-valve-22-nc-4"}
0
LINE
5
407
330
664
100
AcDbEntity
8
0
62
0
6
CONTINUOUS
100
AcDbLine
10
12
20
22
30
0
11
12
21
45
31
0
1001
CONDUITCAD
1000
{"id":"master-pneu-valve-22-nc-5"}
0
LINE
5
408
330
664
100
AcDbEntity
8
0
62
0
6
CONTINUOUS
100
AcDbLine
10
12
20
-22
30
0
11
12
21
-45
31
0
1001
CONDUITCAD
1000
{"id":"master-pneu-valve-22-nc-6"}
0
LINE
5
409
330
664
100
AcDbEntity
8
0
62
0
6
CONTINUOUS
100
AcDbLine
10
-36
20
-16
30
0
11
-36
21
16
31
0
1001
CONDUITCAD
1000
{"id":"master-pneu-valve-22-nc-7"}
0
LWPOLYLINE
5
40A
330
664
100
AcDbEntity
8
0
62
0
6
CONTINUOUS
100
AcDbPolyline
90
3
70
1
10
-36
20
16
10
-39.15
20
9
10
-32.85
20
9
1001
CONDUITCAD
1000
{"id":"master-pneu-valve-22-nc-8"}
0
LINE
5
40B
330
664
100
AcDbEntity
8
0
62
0
6
CONTINUOUS
100
AcDbLine
10
12
20
-22
30
0
11
12
21
-12
31
0
1001
CONDUITCAD
1000
{"id":"master-pneu-valve-22-nc-9"}
0
LINE
5
40C
330
664
100
AcDbEntity
8
0
62
0
6
CONTINUOUS
100
AcDbLine
10
7
20
-12
30
0
11
17
21
-12
31
0
1001
CONDUITCAD
1000
{"id":"master-pneu-valve-22-nc-10"}
0
LINE
5
40D
330
664
100
AcDbEntity
8
0
62
0
6
CONTINUOUS
100
AcDbLine
10
12
20
22
30
0
11
12
21
12
31
0
1001
CONDUITCAD
1000
{"id":"master-pneu-valve-22-nc-11"}
0
LINE
5
40E
330
664
100
AcDbEntity
8
0
62
0
6
CONTINUOUS
100
AcDbLine
10
7
20
12
30
0
11
17
21
12
31
0
1001
CONDUITCAD
1000
{"id":"master-pneu-valve-22-nc-12"}
0
ENDBLK
5
7E1
330
664
100
AcDbEntity
8
0
100
AcDbBlockEnd
0
BLOCK
5
7E2
330
665
100
AcDbEntity
8
0
100
AcDbBlockBegin
2
CC_PNEU_VALVE_32
70
0
10
0
20
0
30
0
3
CC_PNEU_VALVE_32
1

1001
CONDUITCAD
1000
{"ports":[{"name":"A","x":12,"y":45,"dx":0,"dy":1,"medium":"pneumatic","role":"connection"},{"name":"P","x":12,"y":-45,"dx":0,"dy":-1,"medium":"pneumatic","role":"connection"},{"name":"R","x":36,"y":-
1000
45,"dx":0,"dy":-1,"medium":"pneumatic","role":"connection"}],"symbol":{"name":"3/2 valve \u00b7 spring-rest exhaust","category":"Pneumatics","group":"Directional valves","positions":2,"workingPorts":3
1000
,"normalState":"P blocked; A to R","geometryRevision":3,"standardRefs":["ISO-1219-1","NFPC-FLUID"],"convention":"ISO-1219-1 / NFPC-FLUID family","conformity":"Original master; not standards-certified"
1000
,"normativeEntry":null,"review":{"level":"geometry-and-convention","dimensionalConformance":"not-verified","note":"New independently constructed CAD master with explicit terminal topology."},"aliases"
1000
:["pneu valve 32"],"defaultLayer":"Pneumatics","labelOffset":67,"extents":{"minX":-68,"minY":-45,"maxX":74,"maxY":45}}}
0
LWPOLYLINE
5
40F
330
665
100
AcDbEntity
8
0
62
0
6
CONTINUOUS
100
AcDbPolyline
90
4
70
1
10
-48
20
-22
10
0
20
-22
10
0
20
22
10
-48
20
22
1001
CONDUITCAD
1000
{"id":"master-pneu-valve-32-0"}
0
LWPOLYLINE
5
410
330
665
100
AcDbEntity
8
0
62
0
6
CONTINUOUS
100
AcDbPolyline
90
4
70
1
10
0
20
-22
10
48
20
-22
10
48
20
22
10
0
20
22
1001
CONDUITCAD
1000
{"id":"master-pneu-valve-32-1"}
0
LWPOLYLINE
5
411
330
665
100
AcDbEntity
8
0
62
0
6
CONTINUOUS
100
AcDbPolyline
90
4
70
1
10
-68
20
-18
10
-48
20
-18
10
-48
20
2
10
-68
20
2
1001
CONDUITCAD
1000
{"id":"master-pneu-valve-32-2"}
0
LINE
5
412
330
665
100
AcDbEntity
8
0
62
0
6
CONTINUOUS
100
AcDbLine
10
-68
20
-18
30
0
11
-48
21
2
31
0
1001
CONDUITCAD
1000
{"id":"master-pneu-valve-32-3"}
0
LWPOLYLINE
5
413
330
665
100
AcDbEntity
8
0
62
0
6
CONTINUOUS
100
AcDbPolyline
90
10
70
0
10
48
20
0
10
50.6
20
0
10
53.46
20
7
10
56.32
20
-7
10
59.18
20
7
10
62.04
20
-7
10
64.9
20
7
10
67.76
20
-7
10
71.4
20
0
10
74
20
0
1001
CONDUITCAD
1000
{"id":"master-pneu-valve-32-4"}
0
LINE
5
414
330
665
100
AcDbEntity
8
0
62
0
6
CONTINUOUS
100
AcDbLine
10
12
20
22
30
0
11
12
21
45
31
0
1001
CONDUITCAD
1000
{"id":"master-pneu-valve-32-5"}
0
LINE
5
415
330
665
100
AcDbEntity
8
0
62
0
6
CONTINUOUS
100
AcDbLine
10
12
20
-22
30
0
11
12
21
-45
31
0
1001
CONDUITCAD
1000
{"id":"master-pneu-valve-32-6"}
0
LINE
5
416
330
665
100
AcDbEntity
8
0
62
0
6
CONTINUOUS
100
AcDbLine
10
36
20
-22
30
0
11
36
21
-45
31
0
1001
CONDUITCAD
1000
{"id":"master-pneu-valve-32-7"}
0
LINE
5
417
330
665
100
AcDbEntity
8
0
62
0
6
CONTINUOUS
100
AcDbLine
10
-36
20
-16
30
0
11
-36
21
16
31
0
1001
CONDUITCAD
1000
{"id":"master-pneu-valve-32-8"}
0
LWPOLYLINE
5
418
330
665
100
AcDbEntity
8
0
62
0
6
CONTINUOUS
100
AcDbPolyline
90
3
70
1
10
-36
20
16
10
-39.15
20
9
10
-32.85
20
9
1001
CONDUITCAD
1000
{"id":"master-pneu-valve-32-9"}
0
LINE
5
419
330
665
100
AcDbEntity
8
0
62
0
6
CONTINUOUS
100
AcDbLine
10
-12
20
-22
30
0
11
-12
21
-10
31
0
1001
CONDUITCAD
1000
{"id":"master-pneu-valve-32-10"}
0
LINE
5
41A
330
665
100
AcDbEntity
8
0
62
0
6
CONTINUOUS
100
AcDbLine
10
-17
20
-10
30
0
11
-7
21
-10
31
0
1001
CONDUITCAD
1000
{"id":"master-pneu-valve-32-11"}
0
LINE
5
41B
330
665
100
AcDbEntity
8
0
62
0
6
CONTINUOUS
100
AcDbLine
10
12
20
-22
30
0
11
12
21
-12
31
0
1001
CONDUITCAD
1000
{"id":"master-pneu-valve-32-12"}
0
LINE
5
41C
330
665
100
AcDbEntity
8
0
62
0
6
CONTINUOUS
100
AcDbLine
10
7
20
-12
30
0
11
17
21
-12
31
0
1001
CONDUITCAD
1000
{"id":"master-pneu-valve-32-13"}
0
LINE
5
41D
330
665
100
AcDbEntity
8
0
62
0
6
CONTINUOUS
100
AcDbLine
10
12
20
17
30
0
11
36
21
-17
31
0
1001
CONDUITCAD
1000
{"id":"master-pneu-valve-32-14"}
0
LWPOLYLINE
5
41E
330
665
100
AcDbEntity
8
0
62
0
6
CONTINUOUS
100
AcDbPolyline
90
3
70
1
10
36
20
-17
10
34.53666638609341
20
-9.464672884710906
10
29.389768847525414
20
-13.097777029582433
1001
CONDUITCAD
1000
{"id":"master-pneu-valve-32-15"}
0
ENDBLK
5
7E3
330
665
100
AcDbEntity
8
0
100
AcDbBlockEnd
0
BLOCK
5
7E4
330
666
100
AcDbEntity
8
0
100
AcDbBlockBegin
2
CC_PNEU_SHUTTLE
70
0
10
0
20
0
30
0
3
CC_PNEU_SHUTTLE
1

1001
CONDUITCAD
1000
{"ports":[{"name":"in","x":-45,"y":0,"dx":-1,"dy":0,"medium":"pneumatic","role":"connection"},{"name":"out","x":45,"y":0,"dx":1,"dy":0,"medium":"pneumatic","role":"connection"},{"name":"A","x":0,"y":4
1000
5,"dx":0,"dy":1,"medium":"pneumatic","role":"connection"}],"symbol":{"name":"Shuttle valve","category":"Pneumatics","group":"Flow & pressure","geometryRevision":3,"standardRefs":["ISO-1219-1","NFPC-FL
1000
UID"],"convention":"ISO-1219-1 / NFPC-FLUID family","conformity":"Original master; not standards-certified","normativeEntry":null,"review":{"level":"geometry-and-convention","dimensionalConformance":"
1000
not-verified","note":"New independently constructed CAD master with explicit terminal topology."},"aliases":["pneu shuttle"],"defaultLayer":"Pneumatics","labelOffset":48,"extents":{"minX":-45,"minY":-
1000
20,"maxX":45,"maxY":45}}}
0
LWPOLYLINE
5
41F
330
666
100
AcDbEntity
8
0
62
0
6
CONTINUOUS
100
AcDbPolyline
90
4
70
1
10
-25
20
-20
10
25
20
-20
10
25
20
20
10
-25
20
20
1001
CONDUITCAD
1000
{"id":"master-pneu-shuttle-0"}
0
LINE
5
420
330
666
100
AcDbEntity
8
0
62
0
6
CONTINUOUS
100
AcDbLine
10
-45
20
0
30
0
11
-25
21
0
31
0
1001
CONDUITCAD
1000
{"id":"master-pneu-shuttle-1"}
0
LINE
5
421
330
666
100
AcDbEntity
8
0
62
0
6
CONTINUOUS
100
AcDbLine
10
25
20
0
30
0
11
45
21
0
31
0
1001
CONDUITCAD
1000
{"id":"master-pneu-shuttle-2"}
0
CIRCLE
5
422
330
666
100
AcDbEntity
8
0
62
0
6
CONTINUOUS
100
AcDbCircle
10
8
20
0
30
0
40
8
1001
CONDUITCAD
1000
{"id":"master-pneu-shuttle-3"}
0
LWPOLYLINE
5
423
330
666
100
AcDbEntity
8
0
62
0
6
CONTINUOUS
100
AcDbPolyline
90
3
70
0
10
-20
20
-12
10
-8
20
0
10
-20
20
12
1001
CONDUITCAD
1000
{"id":"master-pneu-shuttle-4"}
0
LINE
5
424
330
666
100
AcDbEntity
8
0
62
0
6
CONTINUOUS
100
AcDbLine
10
0
20
20
30
0
11
0
21
45
31
0
1001
CONDUITCAD
1000
{"id":"master-pneu-shuttle-5"}
0
ENDBLK
5
7E5
330
666
100
AcDbEntity
8
0
100
AcDbBlockEnd
0
BLOCK
5
7E6
330
667
100
AcDbEntity
8
0
100
AcDbBlockBegin
2
CC_PNEU_PLUG
70
0
10
0
20
0
30
0
3
CC_PNEU_PLUG
1

1001
CONDUITCAD
1000
{"ports":[{"name":"terminal","x":0,"y":-45,"dx":0,"dy":-1,"medium":"pneumatic","role":"connection"}],"symbol":{"name":"Plugged port","category":"Pneumatics","group":"Connections","geometryRevision":3,
1000
"standardRefs":["ISO-1219-1","NFPC-FLUID"],"convention":"ISO-1219-1 / NFPC-FLUID family","conformity":"Original master; not standards-certified","normativeEntry":null,"review":{"level":"geometry-and-c
1000
onvention","dimensionalConformance":"not-verified","note":"New independently constructed CAD master with explicit terminal topology."},"aliases":["pneu plug"],"defaultLayer":"Pneumatics","labelOffset"
1000
:67,"extents":{"minX":-12,"minY":-45,"maxX":12,"maxY":0}}}
0
LINE
5
425
330
667
100
AcDbEntity
8
0
62
0
6
CONTINUOUS
100
AcDbLine
10
0
20
-45
30
0
11
0
21
0
31
0
1001
CONDUITCAD
1000
{"id":"master-pneu-plug-0"}
0
LINE
5
426
330
667
100
AcDbEntity
8
0
62
0
6
CONTINUOUS
100
AcDbLine
10
-12
20
0
30
0
11
12
21
0
31
0
1001
CONDUITCAD
1000
{"id":"master-pneu-plug-1"}
0
ENDBLK
5
7E7
330
667
100
AcDbEntity
8
0
100
AcDbBlockEnd
0
BLOCK
5
7E8
330
668
100
AcDbEntity
8
0
100
AcDbBlockBegin
2
CC_HYD_VALVE_43
70
0
10
0
20
0
30
0
3
CC_HYD_VALVE_43
1

1001
CONDUITCAD
1000
{"ports":[{"name":"A","x":-11,"y":45,"dx":0,"dy":1,"medium":"hydraulic","role":"connection"},{"name":"B","x":11,"y":45,"dx":0,"dy":1,"medium":"hydraulic","role":"connection"},{"name":"P","x":-11,"y":-
1000
45,"dx":0,"dy":-1,"medium":"hydraulic","role":"connection"},{"name":"T","x":11,"y":-45,"dx":0,"dy":-1,"medium":"hydraulic","role":"connection"}],"symbol":{"name":"4/3 valve \u00b7 closed centre","cate
1000
gory":"Hydraulics","group":"Directional valves","positions":3,"workingPorts":4,"normalState":"all ports closed","geometryRevision":3,"standardRefs":["ISO-1219-1","NFPC-FLUID"],"convention":"ISO-1219-1
1000
 / NFPC-FLUID family","conformity":"Original master; not standards-certified","normativeEntry":null,"review":{"level":"geometry-and-convention","dimensionalConformance":"not-verified","note":"New inde
1000
pendently constructed CAD master with explicit terminal topology."},"aliases":["hyd valve 43"],"defaultLayer":"Hydraulics","labelOffset":67,"extents":{"minX":-88,"minY":-45,"maxX":88,"maxY":45}}}
0
LWPOLYLINE
5
427
330
668
100
AcDbEntity
8
0
62
0
6
CONTINUOUS
100
AcDbPolyline
90
4
70
1
10
-66
20
-22
10
-22
20
-22
10
-22
20
22
10
-66
20
22
1001
CONDUITCAD
1000
{"id":"master-hyd-valve-43-0"}
0
LWPOLYLINE
5
428
330
668
100
AcDbEntity
8
0
62
0
6
CONTINUOUS
100
AcDbPolyline
90
4
70
1
10
-22
20
-22
10
22
20
-22
10
22
20
22
10
-22
20
22
1001
CONDUITCAD
1000
{"id":"master-hyd-valve-43-1"}
0
LWPOLYLINE
5
429
330
668
100
AcDbEntity
8
0
62
0
6
CONTINUOUS
100
AcDbPolyline
90
4
70
1
10
22
20
-22
10
66
20
-22
10
66
20
22
10
22
20
22
1001
CONDUITCAD
1000
{"id":"master-hyd-valve-43-2"}
0
LWPOLYLINE
5
42A
330
668
100
AcDbEntity
8
0
62
0
6
CONTINUOUS
100
AcDbPolyline
90
10
70
0
10
-88
20
0
10
-85.8
20
0
10
-83.38
20
6
10
-80.96
20
-6
10
-78.53999999999999
20
6
10
-76.12
20
-6
10
-73.7
20
6
10
-71.28
20
-6
10
-68.2
20
0
10
-66
20
0
1001
CONDUITCAD
1000
{"id":"master-hyd-valve-43-3"}
0
LWPOLYLINE
5
42B
330
668
100
AcDbEntity
8
0
62
0
6
CONTINUOUS
100
AcDbPolyline
90
10
70
0
10
66
20
0
10
68.2
20
0
10
70.62
20
6
10
73.04
20
-6
10
75.46000000000001
20
6
10
77.88
20
-6
10
80.3
20
6
10
82.72
20
-6
10
85.8
20
0
10
88
20
0
1001
CONDUITCAD
1000
{"id":"master-hyd-valve-43-4"}
0
LINE
5
42C
330
668
100
AcDbEntity
8
0
62
0
6
CONTINUOUS
100
AcDbLine
10
-11
20
22
30
0
11
-11
21
45
31
0
1001
CONDUITCAD
1000
{"id":"master-hyd-valve-43-5"}
0
LINE
5
42D
330
668
100
AcDbEntity
8
0
62
0
6
CONTINUOUS
100
AcDbLine
10
-11
20
-22
30
0
11
-11
21
-45
31
0
1001
CONDUITCAD
1000
{"id":"master-hyd-valve-43-6"}
0
LINE
5
42E
330
668
100
AcDbEntity
8
0
62
0
6
CONTINUOUS
100
AcDbLine
10
-11
20
22
30
0
11
-11
21
10
31
0
1001
CONDUITCAD
1000
{"id":"master-hyd-valve-43-7"}
0
LINE
5
42F
330
668
100
AcDbEntity
8
0
62
0
6
CONTINUOUS
100
AcDbLine
10
-16
20
10
30
0
11
-6
21
10
31
0
1001
CONDUITCAD
1000
{"id":"master-hyd-valve-43-8"}
0
LINE
5
430
330
668
100
AcDbEntity
8
0
62
0
6
CONTINUOUS
100
AcDbLine
10
11
20
22
30
0
11
11
21
45
31
0
1001
CONDUITCAD
1000
{"id":"master-hyd-valve-43-9"}
0
LINE
5
431
330
668
100
AcDbEntity
8
0
62
0
6
CONTINUOUS
100
AcDbLine
10
11
20
-22
30
0
11
11
21
-45
31
0
1001
CONDUITCAD
1000
{"id":"master-hyd-valve-43-10"}
0
LINE
5
432
330
668
100
AcDbEntity
8
0
62
0
6
CONTINUOUS
100
AcDbLine
10
11
20
22
30
0
11
11
21
10
31
0
1001
CONDUITCAD
1000
{"id":"master-hyd-valve-43-11"}
0
LINE
5
433
330
668
100
AcDbEntity
8
0
62
0
6
CONTINUOUS
100
AcDbLine
10
6
20
10
30
0
11
16
21
10
31
0
1001
CONDUITCAD
1000
{"id":"master-hyd-valve-43-12"}
0
LINE
5
434
330
668
100
AcDbEntity
8
0
62
0
6
CONTINUOUS
100
AcDbLine
10
-11
20
-22
30
0
11
-11
21
-10
31
0
1001
CONDUITCAD
1000
{"id":"master-hyd-valve-43-13"}
0
LINE
5
435
330
668
100
AcDbEntity
8
0
62
0
6
CONTINUOUS
100
AcDbLine
10
-16
20
-10
30
0
11
-6
21
-10
31
0
1001
CONDUITCAD
1000
{"id":"master-hyd-valve-43-14"}
0
LINE
5
436
330
668
100
AcDbEntity
8
0
62
0
6
CONTINUOUS
100
AcDbLine
10
11
20
-22
30
0
11
11
21
-10
31
0
1001
CONDUITCAD
1000
{"id":"master-hyd-valve-43-15"}
0
LINE
5
437
330
668
100
AcDbEntity
8
0
62
0
6
CONTINUOUS
100
AcDbLine
10
6
20
-10
30
0
11
16
21
-10
31
0
1001
CONDUITCAD
1000
{"id":"master-hyd-valve-43-16"}
0
LINE
5
438
330
668
100
AcDbEntity
8
0
62
0
6
CONTINUOUS
100
AcDbLine
10
-55
20
-16
30
0
11
-33
21
16
31
0
1001
CONDUITCAD
1000
{"id":"master-hyd-valve-43-17"}
0
LWPOLYLINE
5
439
330
668
100
AcDbEntity
8
0
62
0
6
CONTINUOUS
100
AcDbPolyline
90
3
70
1
10
-33
20
16
10
-39.56143382143746
20
12.016272322698683
10
-34.36996969898145
20
8.447140738510171
1001
CONDUITCAD
1000
{"id":"master-hyd-valve-43-18"}
0
LINE
5
43A
330
668
100
AcDbEntity
8
0
62
0
6
CONTINUOUS
100
AcDbLine
10
-55
20
16
30
0
11
-33
21
-16
31
0
1001
CONDUITCAD
1000
{"id":"master-hyd-valve-43-19"}
0
LWPOLYLINE
5
43B
330
668
100
AcDbEntity
8
0
62
0
6
CONTINUOUS
100
AcDbPolyline
90
3
70
1
10
-33
20
-16
10
-34.36996969898145
20
-8.447140738510171
10
-39.56143382143746
20
-12.016272322698683
1001
CONDUITCAD
1000
{"id":"master-hyd-valve-43-20"}
0
LINE
5
43C
330
668
100
AcDbEntity
8
0
62
0
6
CONTINUOUS
100
AcDbLine
10
33
20
-16
30
0
11
33
21
16
31
0
1001
CONDUITCAD
1000
{"id":"master-hyd-valve-43-21"}
0
LWPOLYLINE
5
43D
330
668
100
AcDbEntity
8
0
62
0
6
CONTINUOUS
100
AcDbPolyline
90
3
70
1
10
33
20
16
10
29.85
20
9
10
36.15
20
9
1001
CONDUITCAD
1000
{"id":"master-hyd-valve-43-22"}
0
LINE
5
43E
330
668
100
AcDbEntity
8
0
62
0
6
CONTINUOUS
100
AcDbLine
10
55
20
16
30
0
11
55
21
-16
31
0
1001
CONDUITCAD
1000
{"id":"master-hyd-valve-43-23"}
0
LWPOLYLINE
5
43F
330
668
100
AcDbEntity
8
0
62
0
6
CONTINUOUS
100
AcDbPolyline
90
3
70
1
10
55
20
-16
10
58.15
20
-9
10
51.85
20
-9
1001
CONDUITCAD
1000
{"id":"master-hyd-valve-43-24"}
0
ENDBLK
5
7E9
330
668
100
AcDbEntity
8
0
100
AcDbBlockEnd
0
BLOCK
5
7EA
330
669
100
AcDbEntity
8
0
100
AcDbBlockBegin
2
CC_HYD_VALVE_43_TANDEM
70
0
10
0
20
0
30
0
3
CC_HYD_VALVE_43_TANDEM
1

1001
CONDUITCAD
1000
{"ports":[{"name":"A","x":-11,"y":45,"dx":0,"dy":1,"medium":"hydraulic","role":"connection"},{"name":"B","x":11,"y":45,"dx":0,"dy":1,"medium":"hydraulic","role":"connection"},{"name":"P","x":-11,"y":-
1000
45,"dx":0,"dy":-1,"medium":"hydraulic","role":"connection"},{"name":"T","x":11,"y":-45,"dx":0,"dy":-1,"medium":"hydraulic","role":"connection"}],"symbol":{"name":"4/3 valve \u00b7 tandem centre","cate
1000
gory":"Hydraulics","group":"Directional valves","positions":3,"workingPorts":4,"normalState":"P to T; A/B blocked","geometryRevision":3,"standardRefs":["ISO-1219-1","NFPC-FLUID"],"convention":"ISO-121
1000
9-1 / NFPC-FLUID family","conformity":"Original master; not standards-certified","normativeEntry":null,"review":{"level":"geometry-and-convention","dimensionalConformance":"not-verified","note":"New i
1000
ndependently constructed CAD master with explicit terminal topology."},"aliases":["hyd valve 43 tandem"],"defaultLayer":"Hydraulics","labelOffset":67,"extents":{"minX":-88,"minY":-45,"maxX":88,"maxY":
1000
45}}}
0
LWPOLYLINE
5
440
330
669
100
AcDbEntity
8
0
62
0
6
CONTINUOUS
100
AcDbPolyline
90
4
70
1
10
-66
20
-22
10
-22
20
-22
10
-22
20
22
10
-66
20
22
1001
CONDUITCAD
1000
{"id":"master-hyd-valve-43-tandem-0"}
0
LWPOLYLINE
5
441
330
669
100
AcDbEntity
8
0
62
0
6
CONTINUOUS
100
AcDbPolyline
90
4
70
1
10
-22
20
-22
10
22
20
-22
10
22
20
22
10
-22
20
22
1001
CONDUITCAD
1000
{"id":"master-hyd-valve-43-tandem-1"}
0
LWPOLYLINE
5
442
330
669
100
AcDbEntity
8
0
62
0
6
CONTINUOUS
100
AcDbPolyline
90
4
70
1
10
22
20
-22
10
66
20
-22
10
66
20
22
10
22
20
22
1001
CONDUITCAD
1000
{"id":"master-hyd-valve-43-tandem-2"}
0
LWPOLYLINE
5
443
330
669
100
AcDbEntity
8
0
62
0
6
CONTINUOUS
100
AcDbPolyline
90
10
70
0
10
-88
20
0
10
-85.8
20
0
10
-83.38
20
6
10
-80.96
20
-6
10
-78.53999999999999
20
6
10
-76.12
20
-6
10
-73.7
20
6
10
-71.28
20
-6
10
-68.2
20
0
10
-66
20
0
1001
CONDUITCAD
1000
{"id":"master-hyd-valve-43-tandem-3"}
0
LWPOLYLINE
5
444
330
669
100
AcDbEntity
8
0
62
0
6
CONTINUOUS
100
AcDbPolyline
90
10
70
0
10
66
20
0
10
68.2
20
0
10
70.62
20
6
10
73.04
20
-6
10
75.46000000000001
20
6
10
77.88
20
-6
10
80.3
20
6
10
82.72
20
-6
10
85.8
20
0
10
88
20
0
1001
CONDUITCAD
1000
{"id":"master-hyd-valve-43-tandem-4"}
0
LINE
5
445
330
669
100
AcDbEntity
8
0
62
0
6
CONTINUOUS
100
AcDbLine
10
-11
20
22
30
0
11
-11
21
45
31
0
1001
CONDUITCAD
1000
{"id":"master-hyd-valve-43-tandem-5"}
0
LINE
5
446
330
669
100
AcDbEntity
8
0
62
0
6
CONTINUOUS
100
AcDbLine
10
-11
20
-22
30
0
11
-11
21
-45
31
0
1001
CONDUITCAD
1000
{"id":"master-hyd-valve-43-tandem-6"}
0
LINE
5
447
330
669
100
AcDbEntity
8
0
62
0
6
CONTINUOUS
100
AcDbLine
10
-11
20
22
30
0
11
-11
21
10
31
0
1001
CONDUITCAD
1000
{"id":"master-hyd-valve-43-tandem-7"}
0
LINE
5
448
330
669
100
AcDbEntity
8
0
62
0
6
CONTINUOUS
100
AcDbLine
10
-16
20
10
30
0
11
-6
21
10
31
0
1001
CONDUITCAD
1000
{"id":"master-hyd-valve-43-tandem-8"}
0
LINE
5
449
330
669
100
AcDbEntity
8
0
62
0
6
CONTINUOUS
100
AcDbLine
10
11
20
22
30
0
11
11
21
45
31
0
1001
CONDUITCAD
1000
{"id":"master-hyd-valve-43-tandem-9"}
0
LINE
5
44A
330
669
100
AcDbEntity
8
0
62
0
6
CONTINUOUS
100
AcDbLine
10
11
20
-22
30
0
11
11
21
-45
31
0
1001
CONDUITCAD
1000
{"id":"master-hyd-valve-43-tandem-10"}
0
LINE
5
44B
330
669
100
AcDbEntity
8
0
62
0
6
CONTINUOUS
100
AcDbLine
10
11
20
22
30
0
11
11
21
10
31
0
1001
CONDUITCAD
1000
{"id":"master-hyd-valve-43-tandem-11"}
0
LINE
5
44C
330
669
100
AcDbEntity
8
0
62
0
6
CONTINUOUS
100
AcDbLine
10
6
20
10
30
0
11
16
21
10
31
0
1001
CONDUITCAD
1000
{"id":"master-hyd-valve-43-tandem-12"}
0
LWPOLYLINE
5
44D
330
669
100
AcDbEntity
8
0
62
0
6
CONTINUOUS
100
AcDbPolyline
90
4
70
0
10
-11
20
-22
10
-11
20
-5
10
11
20
-5
10
11
20
-22
1001
CONDUITCAD
1000
{"id":"master-hyd-valve-43-tandem-13"}
0
LINE
5
44E
330
669
100
AcDbEntity
8
0
62
0
6
CONTINUOUS
100
AcDbLine
10
-55
20
-16
30
0
11
-33
21
16
31
0
1001
CONDUITCAD
1000
{"id":"master-hyd-valve-43-tandem-14"}
0
LWPOLYLINE
5
44F
330
669
100
AcDbEntity
8
0
62
0
6
CONTINUOUS
100
AcDbPolyline
90
3
70
1
10
-33
20
16
10
-39.56143382143746
20
12.016272322698683
10
-34.36996969898145
20
8.447140738510171
1001
CONDUITCAD
1000
{"id":"master-hyd-valve-43-tandem-15"}
0
LINE
5
450
330
669
100
AcDbEntity
8
0
62
0
6
CONTINUOUS
100
AcDbLine
10
-55
20
16
30
0
11
-33
21
-16
31
0
1001
CONDUITCAD
1000
{"id":"master-hyd-valve-43-tandem-16"}
0
LWPOLYLINE
5
451
330
669
100
AcDbEntity
8
0
62
0
6
CONTINUOUS
100
AcDbPolyline
90
3
70
1
10
-33
20
-16
10
-34.36996969898145
20
-8.447140738510171
10
-39.56143382143746
20
-12.016272322698683
1001
CONDUITCAD
1000
{"id":"master-hyd-valve-43-tandem-17"}
0
LINE
5
452
330
669
100
AcDbEntity
8
0
62
0
6
CONTINUOUS
100
AcDbLine
10
33
20
-16
30
0
11
33
21
16
31
0
1001
CONDUITCAD
1000
{"id":"master-hyd-valve-43-tandem-18"}
0
LWPOLYLINE
5
453
330
669
100
AcDbEntity
8
0
62
0
6
CONTINUOUS
100
AcDbPolyline
90
3
70
1
10
33
20
16
10
29.85
20
9
10
36.15
20
9
1001
CONDUITCAD
1000
{"id":"master-hyd-valve-43-tandem-19"}
0
LINE
5
454
330
669
100
AcDbEntity
8
0
62
0
6
CONTINUOUS
100
AcDbLine
10
55
20
16
30
0
11
55
21
-16
31
0
1001
CONDUITCAD
1000
{"id":"master-hyd-valve-43-tandem-20"}
0
LWPOLYLINE
5
455
330
669
100
AcDbEntity
8
0
62
0
6
CONTINUOUS
100
AcDbPolyline
90
3
70
1
10
55
20
-16
10
58.15
20
-9
10
51.85
20
-9
1001
CONDUITCAD
1000
{"id":"master-hyd-valve-43-tandem-21"}
0
ENDBLK
5
7EB
330
669
100
AcDbEntity
8
0
100
AcDbBlockEnd
0
BLOCK
5
7EC
330
66A
100
AcDbEntity
8
0
100
AcDbBlockBegin
2
CC_HYD_RESERVOIR
70
0
10
0
20
0
30
0
3
CC_HYD_RESERVOIR
1

1001
CONDUITCAD
1000
{"ports":[{"name":"suction","x":-11,"y":45,"dx":0,"dy":1,"medium":"hydraulic","role":"connection"},{"name":"return","x":11,"y":45,"dx":0,"dy":1,"medium":"hydraulic","role":"connection"}],"symbol":{"na
1000
me":"Vented hydraulic reservoir","category":"Hydraulics","group":"Sources & drives","geometryRevision":3,"standardRefs":["ISO-1219-1","NFPC-FLUID"],"convention":"ISO-1219-1 / NFPC-FLUID family","confo
1000
rmity":"Original master; not standards-certified","normativeEntry":null,"review":{"level":"geometry-and-convention","dimensionalConformance":"not-verified","note":"New independently constructed CAD ma
1000
ster with explicit terminal topology."},"aliases":["hyd reservoir"],"defaultLayer":"Hydraulics","labelOffset":48,"extents":{"minX":-30,"minY":-22,"maxX":30,"maxY":45}}}
0
LWPOLYLINE
5
456
330
66A
100
AcDbEntity
8
0
62
0
6
CONTINUOUS
100
AcDbPolyline
90
4
70
0
10
-30
20
20
10
-30
20
-22
10
30
20
-22
10
30
20
20
1001
CONDUITCAD
1000
{"id":"master-hyd-reservoir-0"}
0
LINE
5
457
330
66A
100
AcDbEntity
8
0
62
0
6
CONTINUOUS
100
AcDbLine
10
-11
20
45
30
0
11
-11
21
-8
31
0
1001
CONDUITCAD
1000
{"id":"master-hyd-reservoir-1"}
0
LINE
5
458
330
66A
100
AcDbEntity
8
0
62
0
6
CONTINUOUS
100
AcDbLine
10
11
20
45
30
0
11
11
21
-8
31
0
1001
CONDUITCAD
1000
{"id":"master-hyd-reservoir-2"}
0
LINE
5
459
330
66A
100
AcDbEntity
8
0
62
0
6
CONTINUOUS
100
AcDbLine
10
-25
20
0
30
0
11
25
21
0
31
0
1001
CONDUITCAD
1000
{"id":"master-hyd-reservoir-3"}
0
ENDBLK
5
7ED
330
66A
100
AcDbEntity
8
0
100
AcDbBlockEnd
0
BLOCK
5
7EE
330
66B
100
AcDbEntity
8
0
100
AcDbBlockBegin
2
CC_HYD_ACCUMULATOR
70
0
10
0
20
0
30
0
3
CC_HYD_ACCUMULATOR
1

1001
CONDUITCAD
1000
{"ports":[{"name":"fluid","x":0,"y":-60,"dx":0,"dy":-1,"medium":"hydraulic","role":"connection"}],"symbol":{"name":"Bladder accumulator","category":"Hydraulics","group":"Sources & drives","geometryRev
1000
ision":3,"standardRefs":["ISO-1219-1","NFPC-FLUID"],"convention":"ISO-1219-1 / NFPC-FLUID family","conformity":"Original master; not standards-certified","normativeEntry":null,"review":{"level":"geome
1000
try-and-convention","dimensionalConformance":"not-verified","note":"New independently constructed CAD master with explicit terminal topology."},"aliases":["hyd accumulator"],"defaultLayer":"Hydraulics
1000
","labelOffset":82,"extents":{"minX":-21,"minY":-60,"maxX":21,"maxY":45}}}
0
LINE
5
45A
330
66B
100
AcDbEntity
8
0
62
0
6
CONTINUOUS
100
AcDbLine
10
-21
20
-24
30
0
11
-21
21
24
31
0
1001
CONDUITCAD
1000
{"id":"master-hyd-accumulator-0"}
0
ARC
5
45B
330
66B
100
AcDbEntity
8
0
62
0
6
CONTINUOUS
100
AcDbCircle
10
0
20
24
30
0
40
21
100
AcDbArc
50
0
51
180
1001
CONDUITCAD
1000
{"id":"master-hyd-accumulator-1"}
0
LINE
5
45C
330
66B
100
AcDbEntity
8
0
62
0
6
CONTINUOUS
100
AcDbLine
10
21
20
24
30
0
11
21
21
-24
31
0
1001
CONDUITCAD
1000
{"id":"master-hyd-accumulator-2"}
0
ARC
5
45D
330
66B
100
AcDbEntity
8
0
62
0
6
CONTINUOUS
100
AcDbCircle
10
0
20
-24
30
0
40
21
100
AcDbArc
50
180
51
360
1001
CONDUITCAD
1000
{"id":"master-hyd-accumulator-3"}
0
LINE
5
45E
330
66B
100
AcDbEntity
8
0
62
0
6
CONTINUOUS
100
AcDbLine
10
0
20
-45
30
0
11
0
21
-60
31
0
1001
CONDUITCAD
1000
{"id":"master-hyd-accumulator-4"}
0
ELLIPSE
5
45F
330
66B
100
AcDbEntity
8
0
62
0
6
CONTINUOUS
100
AcDbEllipse
10
0
20
3
30
0
11
21
21
0
31
0
40
0.5714285714285714
41
3.141592653589793
42
6.283185307179586
1001
CONDUITCAD
1000
{"id":"master-hyd-accumulator-5"}
0
LWPOLYLINE
5
460
330
66B
100
AcDbEntity
8
0
62
0
6
CONTINUOUS
100
AcDbPolyline
90
3
70
1
10
-6
20
17
10
6
20
17
10
0
20
7
1001
CONDUITCAD
1000
{"id":"master-hyd-accumulator-6"}
0
ENDBLK
5
7EF
330
66B
100
AcDbEntity
8
0
100
AcDbBlockEnd
0
BLOCK
5
7F0
330
66C
100
AcDbEntity
8
0
100
AcDbBlockBegin
2
CC_HYD_RELIEF
70
0
10
0
20
0
30
0
3
CC_HYD_RELIEF
1

1001
CONDUITCAD
1000
{"ports":[{"name":"in","x":-45,"y":0,"dx":-1,"dy":0,"medium":"hydraulic","role":"connection"},{"name":"out","x":45,"y":0,"dx":1,"dy":0,"medium":"hydraulic","role":"connection"}],"symbol":{"name":"Pres
1000
sure relief valve","category":"Hydraulics","group":"Flow & pressure","geometryRevision":3,"standardRefs":["ISO-1219-1","NFPC-FLUID"],"convention":"ISO-1219-1 / NFPC-FLUID family","conformity":"Origina
1000
l master; not standards-certified","normativeEntry":null,"review":{"level":"geometry-and-convention","dimensionalConformance":"not-verified","note":"New independently constructed CAD master with expli
1000
cit terminal topology."},"aliases":["hyd relief"],"defaultLayer":"Hydraulics","labelOffset":56,"extents":{"minX":-45,"minY":-34,"maxX":45,"maxY":48}}}
0
LWPOLYLINE
5
461
330
66C
100
AcDbEntity
8
0
62
0
6
CONTINUOUS
100
AcDbPolyline
90
4
70
1
10
-22
20
-22
10
22
20
-22
10
22
20
22
10
-22
20
22
1001
CONDUITCAD
1000
{"id":"master-hyd-relief-0"}
0
LINE
5
462
330
66C
100
AcDbEntity
8
0
62
0
6
CONTINUOUS
100
AcDbLine
10
-45
20
0
30
0
11
-22
21
0
31
0
1001
CONDUITCAD
1000
{"id":"master-hyd-relief-1"}
0
LINE
5
463
330
66C
100
AcDbEntity
8
0
62
0
6
CONTINUOUS
100
AcDbLine
10
22
20
0
30
0
11
45
21
0
31
0
1001
CONDUITCAD
1000
{"id":"master-hyd-relief-2"}
0
LINE
5
464
330
66C
100
AcDbEntity
8
0
62
0
6
CONTINUOUS
100
AcDbLine
10
-16
20
0
30
0
11
16
21
0
31
0
1001
CONDUITCAD
1000
{"id":"master-hyd-relief-3"}
0
SOLID
5
465
330
66C
100
AcDbEntity
8
0
62
0
6
CONTINUOUS
100
AcDbTrace
10
16
20
0
30
0
11
9
21
3.15
31
0
12
9
22
-3.15
32
0
13
9
23
-3.15
33
0
1001
CONDUITCAD
1000
{"id":"master-hyd-relief-4"}
0
LWPOLYLINE
5
466
330
66C
100
AcDbEntity
8
0
62
0
6
CONTINUOUS
100
AcDbPolyline
90
10
70
0
10
0
20
22
10
0
20
24.6
10
6
20
27.46
10
-6
20
30.32
10
6
20
33.18
10
-6
20
36.04
10
6
20
38.900000000000006
10
-6
20
41.760000000000005
10
0
20
45.400000000000006
10
0
20
48
1001
CONDUITCAD
1000
{"id":"master-hyd-relief-5"}
0
LWPOLYLINE
5
467
330
66C
100
AcDbEntity
8
0
62
0
6
CC_DASH_4_3
100
AcDbPolyline
90
4
70
0
10
-34
20
0
10
-34
20
-34
10
0
20
-34
10
0
20
-22
1001
CONDUITCAD
1000
{"id":"master-hyd-relief-6","dash":[4,3]}
0
ENDBLK
5
7F1
330
66C
100
AcDbEntity
8
0
100
AcDbBlockEnd
0
BLOCK
5
7F2
330
66D
100
AcDbEntity
8
0
100
AcDbBlockBegin
2
CC_PNEU_DRYER
70
0
10
0
20
0
30
0
3
CC_PNEU_DRYER
1

1001
CONDUITCAD
1000
{"ports":[{"name":"in","x":-45,"y":0,"dx":-1,"dy":0,"medium":"pneumatic","role":"connection"},{"name":"out","x":45,"y":0,"dx":1,"dy":0,"medium":"pneumatic","role":"connection"}],"symbol":{"name":"Air 
1000
dryer","category":"Pneumatics","group":"Conditioning","geometryRevision":3,"standardRefs":["ISO-1219-1","NFPC-FLUID"],"convention":"ISO-1219-1 / NFPC-FLUID family","conformity":"Original master; not s
1000
tandards-certified","normativeEntry":null,"review":{"level":"geometry-and-convention","dimensionalConformance":"not-verified","note":"New independently constructed CAD master with explicit terminal to
1000
pology."},"aliases":["pneu dryer"],"defaultLayer":"Pneumatics","labelOffset":50,"extents":{"minX":-45,"minY":-28,"maxX":45,"maxY":28}}}
0
LWPOLYLINE
5
468
330
66D
100
AcDbEntity
8
0
62
0
6
CONTINUOUS
100
AcDbPolyline
90
4
70
1
10
-28
20
0
10
0
20
28
10
28
20
0
10
0
20
-28
1001
CONDUITCAD
1000
{"id":"master-pneu-dryer-0"}
0
LINE
5
469
330
66D
100
AcDbEntity
8
0
62
0
6
CONTINUOUS
100
AcDbLine
10
-45
20
0
30
0
11
-28
21
0
31
0
1001
CONDUITCAD
1000
{"id":"master-pneu-dryer-1"}
0
LINE
5
46A
330
66D
100
AcDbEntity
8
0
62
0
6
CONTINUOUS
100
AcDbLine
10
28
20
0
30
0
11
45
21
0
31
0
1001
CONDUITCAD
1000
{"id":"master-pneu-dryer-2"}
0
LINE
5
46B
330
66D
100
AcDbEntity
8
0
62
0
6
CONTINUOUS
100
AcDbLine
10
-9
20
-19
30
0
11
-9
21
19
31
0
1001
CONDUITCAD
1000
{"id":"master-pneu-dryer-3"}
0
LINE
5
46C
330
66D
100
AcDbEntity
8
0
62
0
6
CONTINUOUS
100
AcDbLine
10
9
20
-19
30
0
11
9
21
19
31
0
1001
CONDUITCAD
1000
{"id":"master-pneu-dryer-4"}
0
ENDBLK
5
7F3
330
66D
100
AcDbEntity
8
0
100
AcDbBlockEnd
0
BLOCK
5
7F4
330
66E
100
AcDbEntity
8
0
100
AcDbBlockBegin
2
CC_PNEU_LUBRICATOR
70
0
10
0
20
0
30
0
3
CC_PNEU_LUBRICATOR
1

1001
CONDUITCAD
1000
{"ports":[{"name":"in","x":-45,"y":0,"dx":-1,"dy":0,"medium":"pneumatic","role":"connection"},{"name":"out","x":45,"y":0,"dx":1,"dy":0,"medium":"pneumatic","role":"connection"}],"symbol":{"name":"Air 
1000
lubricator","category":"Pneumatics","group":"Conditioning","geometryRevision":3,"standardRefs":["ISO-1219-1","NFPC-FLUID"],"convention":"ISO-1219-1 / NFPC-FLUID family","conformity":"Original master; 
1000
not standards-certified","normativeEntry":null,"review":{"level":"geometry-and-convention","dimensionalConformance":"not-verified","note":"New independently constructed CAD master with explicit termin
1000
al topology."},"aliases":["pneu lubricator"],"defaultLayer":"Pneumatics","labelOffset":50,"extents":{"minX":-45,"minY":-28,"maxX":45,"maxY":28}}}
0
LWPOLYLINE
5
46D
330
66E
100
AcDbEntity
8
0
62
0
6
CONTINUOUS
100
AcDbPolyline
90
4
70
1
10
-28
20
0
10
0
20
28
10
28
20
0
10
0
20
-28
1001
CONDUITCAD
1000
{"id":"master-pneu-lubricator-0"}
0
LINE
5
46E
330
66E
100
AcDbEntity
8
0
62
0
6
CONTINUOUS
100
AcDbLine
10
-45
20
0
30
0
11
-28
21
0
31
0
1001
CONDUITCAD
1000
{"id":"master-pneu-lubricator-1"}
0
LINE
5
46F
330
66E
100
AcDbEntity
8
0
62
0
6
CONTINUOUS
100
AcDbLine
10
28
20
0
30
0
11
45
21
0
31
0
1001
CONDUITCAD
1000
{"id":"master-pneu-lubricator-2"}
0
LWPOLYLINE
5
470
330
66E
100
AcDbEntity
8
0
62
0
6
CONTINUOUS
100
AcDbPolyline
90
4
70
1
10
0
20
13
10
-6
20
0
10
0
20
-7
10
6
20
0
1001
CONDUITCAD
1000
{"id":"master-pneu-lubricator-3"}
0
ENDBLK
5
7F5
330
66E
100
AcDbEntity
8
0
100
AcDbBlockEnd
0
BLOCK
5
7F6
330
66F
100
AcDbEntity
8
0
100
AcDbBlockBegin
2
CC_PNEU_REGULATOR
70
0
10
0
20
0
30
0
3
CC_PNEU_REGULATOR
1

1001
CONDUITCAD
1000
{"ports":[{"name":"in","x":-45,"y":0,"dx":-1,"dy":0,"medium":"pneumatic","role":"connection"},{"name":"out","x":45,"y":0,"dx":1,"dy":0,"medium":"pneumatic","role":"connection"}],"symbol":{"name":"Pres
1000
sure regulator","category":"Pneumatics","group":"Conditioning","geometryRevision":3,"standardRefs":["ISO-1219-1","NFPC-FLUID"],"convention":"ISO-1219-1 / NFPC-FLUID family","conformity":"Original mast
1000
er; not standards-certified","normativeEntry":null,"review":{"level":"geometry-and-convention","dimensionalConformance":"not-verified","note":"New independently constructed CAD master with explicit te
1000
rminal topology."},"aliases":["pneu regulator"],"defaultLayer":"Pneumatics","labelOffset":48,"extents":{"minX":-45,"minY":-22,"maxX":45,"maxY":50}}}
0
LWPOLYLINE
5
471
330
66F
100
AcDbEntity
8
0
62
0
6
CONTINUOUS
100
AcDbPolyline
90
4
70
1
10
-22
20
-22
10
22
20
-22
10
22
20
22
10
-22
20
22
1001
CONDUITCAD
1000
{"id":"master-pneu-regulator-0"}
0
LINE
5
472
330
66F
100
AcDbEntity
8
0
62
0
6
CONTINUOUS
100
AcDbLine
10
-45
20
0
30
0
11
-22
21
0
31
0
1001
CONDUITCAD
1000
{"id":"master-pneu-regulator-1"}
0
LINE
5
473
330
66F
100
AcDbEntity
8
0
62
0
6
CONTINUOUS
100
AcDbLine
10
22
20
0
30
0
11
45
21
0
31
0
1001
CONDUITCAD
1000
{"id":"master-pneu-regulator-2"}
0
LINE
5
474
330
66F
100
AcDbEntity
8
0
62
0
6
CONTINUOUS
100
AcDbLine
10
-16
20
0
30
0
11
16
21
0
31
0
1001
CONDUITCAD
1000
{"id":"master-pneu-regulator-3"}
0
LWPOLYLINE
5
475
330
66F
100
AcDbEntity
8
0
62
0
6
CONTINUOUS
100
AcDbPolyline
90
3
70
1
10
16
20
0
10
9
20
3.15
10
9
20
-3.15
1001
CONDUITCAD
1000
{"id":"master-pneu-regulator-4"}
0
LWPOLYLINE
5
476
330
66F
100
AcDbEntity
8
0
62
0
6
CONTINUOUS
100
AcDbPolyline
90
10
70
0
10
0
20
22
10
0
20
24.5
10
6
20
27.25
10
-6
20
30
10
6
20
32.75
10
-6
20
35.5
10
6
20
38.25
10
-6
20
41
10
0
20
44.5
10
0
20
47
1001
CONDUITCAD
1000
{"id":"master-pneu-regulator-5"}
0
LINE
5
477
330
66F
100
AcDbEntity
8
0
62
0
6
CONTINUOUS
100
AcDbLine
10
-15
20
28
30
0
11
15
21
50
31
0
1001
CONDUITCAD
1000
{"id":"master-pneu-regulator-6"}
0
LWPOLYLINE
5
478
330
66F
100
AcDbEntity
8
0
62
0
6
CONTINUOUS
100
AcDbPolyline
90
3
70
1
10
15
20
50
10
7.49236948858338
20
48.40063009155285
10
11.21796056943674
20
43.320278617661906
1001
CONDUITCAD
1000
{"id":"master-pneu-regulator-7"}
0
ENDBLK
5
7F7
330
66F
100
AcDbEntity
8
0
100
AcDbBlockEnd
0
BLOCK
5
7F8
330
670
100
AcDbEntity
8
0
100
AcDbBlockBegin
2
CC_PNEU_EXHAUST
70
0
10
0
20
0
30
0
3
CC_PNEU_EXHAUST
1

1001
CONDUITCAD
1000
{"ports":[{"name":"exhaust","x":0,"y":45,"dx":0,"dy":1,"medium":"pneumatic","role":"connection"}],"symbol":{"name":"Exhaust to atmosphere","category":"Pneumatics","group":"Connections","geometryRevisi
1000
on":3,"standardRefs":["ISO-1219-1","NFPC-FLUID"],"convention":"ISO-1219-1 / NFPC-FLUID family","conformity":"Original master; not standards-certified","normativeEntry":null,"review":{"level":"geometry
1000
-and-convention","dimensionalConformance":"not-verified","note":"New independently constructed CAD master with explicit terminal topology."},"aliases":["pneu exhaust"],"defaultLayer":"Pneumatics","lab
1000
elOffset":48,"extents":{"minX":-10,"minY":-12,"maxX":10,"maxY":45}}}
0
LINE
5
479
330
670
100
AcDbEntity
8
0
62
0
6
CONTINUOUS
100
AcDbLine
10
0
20
45
30
0
11
0
21
6
31
0
1001
CONDUITCAD
1000
{"id":"master-pneu-exhaust-0"}
0
LWPOLYLINE
5
47A
330
670
100
AcDbEntity
8
0
62
0
6
CONTINUOUS
100
AcDbPolyline
90
3
70
1
10
-10
20
6
10
10
20
6
10
0
20
-12
1001
CONDUITCAD
1000
{"id":"master-pneu-exhaust-1"}
0
ENDBLK
5
7F9
330
670
100
AcDbEntity
8
0
100
AcDbBlockEnd
0
BLOCK
5
7FA
330
671
100
AcDbEntity
8
0
100
AcDbBlockBegin
2
CC_PNEU_SILENCER
70
0
10
0
20
0
30
0
3
CC_PNEU_SILENCER
1

1001
CONDUITCAD
1000
{"ports":[{"name":"exhaust","x":0,"y":45,"dx":0,"dy":1,"medium":"pneumatic","role":"connection"}],"symbol":{"name":"Exhaust silencer","category":"Pneumatics","group":"Connections","geometryRevision":3
1000
,"standardRefs":["ISO-1219-1","NFPC-FLUID"],"convention":"ISO-1219-1 / NFPC-FLUID family","conformity":"Original master; not standards-certified","normativeEntry":null,"review":{"level":"geometry-and-
1000
convention","dimensionalConformance":"not-verified","note":"New independently constructed CAD master with explicit terminal topology."},"aliases":["pneu silencer"],"defaultLayer":"Pneumatics","labelOf
1000
fset":48,"extents":{"minX":-16,"minY":-18,"maxX":16,"maxY":45}}}
0
LINE
5
47B
330
671
100
AcDbEntity
8
0
62
0
6
CONTINUOUS
100
AcDbLine
10
0
20
45
30
0
11
0
21
18
31
0
1001
CONDUITCAD
1000
{"id":"master-pneu-silencer-0"}
0
LWPOLYLINE
5
47C
330
671
100
AcDbEntity
8
0
62
0
6
CONTINUOUS
100
AcDbPolyline
90
4
70
1
10
-16
20
-18
10
16
20
-18
10
16
20
18
10
-16
20
18
1001
CONDUITCAD
1000
{"id":"master-pneu-silencer-1"}
0
LINE
5
47D
330
671
100
AcDbEntity
8
0
62
0
6
CC_DASH_2_3
100
AcDbLine
10
-10
20
-14
30
0
11
-10
21
14
31
0
1001
CONDUITCAD
1000
{"id":"master-pneu-silencer-2","dash":[2,3]}
0
LINE
5
47E
330
671
100
AcDbEntity
8
0
62
0
6
CC_DASH_2_3
100
AcDbLine
10
0
20
-14
30
0
11
0
21
14
31
0
1001
CONDUITCAD
1000
{"id":"master-pneu-silencer-3","dash":[2,3]}
0
LINE
5
47F
330
671
100
AcDbEntity
8
0
62
0
6
CC_DASH_2_3
100
AcDbLine
10
10
20
-14
30
0
11
10
21
14
31
0
1001
CONDUITCAD
1000
{"id":"master-pneu-silencer-4","dash":[2,3]}
0
ENDBLK
5
7FB
330
671
100
AcDbEntity
8
0
100
AcDbBlockEnd
0
BLOCK
5
7FC
330
672
100
AcDbEntity
8
0
100
AcDbBlockBegin
2
CC_HVAC_FAN
70
0
10
0
20
0
30
0
3
CC_HVAC_FAN
1

1001
CONDUITCAD
1000
{"ports":[{"name":"in","x":-45,"y":0,"dx":-1,"dy":0,"medium":"air","role":"connection"},{"name":"out","x":45,"y":0,"dx":1,"dy":0,"medium":"air","role":"connection"}],"symbol":{"name":"Duct fan","categ
1000
ory":"HVAC","group":"Air & hydronic systems","geometryRevision":3,"standardRefs":["PROJECT"],"convention":"Explicit project drafting convention","conformity":"Original master; not standards-certified"
1000
,"normativeEntry":null,"review":{"level":"geometry-and-convention","dimensionalConformance":"not-verified","note":"New independently constructed CAD master with explicit terminal topology."},"aliases"
1000
:["hvac fan"],"defaultLayer":"HVAC","labelOffset":52,"extents":{"minX":-45,"minY":-30,"maxX":45,"maxY":30}}}
0
LWPOLYLINE
5
480
330
672
100
AcDbEntity
8
0
62
0
6
CONTINUOUS
100
AcDbPolyline
90
4
70
1
10
-32
20
-30
10
32
20
-30
10
32
20
30
10
-32
20
30
1001
CONDUITCAD
1000
{"id":"master-hvac-fan-0"}
0
LINE
5
481
330
672
100
AcDbEntity
8
0
62
0
6
CONTINUOUS
100
AcDbLine
10
-45
20
0
30
0
11
-32
21
0
31
0
1001
CONDUITCAD
1000
{"id":"master-hvac-fan-1"}
0
LINE
5
482
330
672
100
AcDbEntity
8
0
62
0
6
CONTINUOUS
100
AcDbLine
10
32
20
0
30
0
11
45
21
0
31
0
1001
CONDUITCAD
1000
{"id":"master-hvac-fan-2"}
0
CIRCLE
5
483
330
672
100
AcDbEntity
8
0
62
0
6
CONTINUOUS
100
AcDbCircle
10
0
20
0
30
0
40
24
1001
CONDUITCAD
1000
{"id":"master-hvac-fan-3"}
0
LINE
5
484
330
672
100
AcDbEntity
8
0
62
0
6
CONTINUOUS
100
AcDbLine
10
-16
20
0
30
0
11
16
21
0
31
0
1001
CONDUITCAD
1000
{"id":"master-hvac-fan-4"}
0
LWPOLYLINE
5
485
330
672
100
AcDbEntity
8
0
62
0
6
CONTINUOUS
100
AcDbPolyline
90
3
70
1
10
16
20
0
10
9
20
3.15
10
9
20
-3.15
1001
CONDUITCAD
1000
{"id":"master-hvac-fan-5"}
0
ENDBLK
5
7FD
330
672
100
AcDbEntity
8
0
100
AcDbBlockEnd
0
BLOCK
5
7FE
330
673
100
AcDbEntity
8
0
100
AcDbBlockBegin
2
CC_HVAC_FILTER
70
0
10
0
20
0
30
0
3
CC_HVAC_FILTER
1

1001
CONDUITCAD
1000
{"ports":[{"name":"in","x":-45,"y":0,"dx":-1,"dy":0,"medium":"air","role":"connection"},{"name":"out","x":45,"y":0,"dx":1,"dy":0,"medium":"air","role":"connection"}],"symbol":{"name":"Duct filter","ca
1000
tegory":"HVAC","group":"Air & hydronic systems","geometryRevision":3,"standardRefs":["PROJECT"],"convention":"Explicit project drafting convention","conformity":"Original master; not standards-certifi
1000
ed","normativeEntry":null,"review":{"level":"geometry-and-convention","dimensionalConformance":"not-verified","note":"New independently constructed CAD master with explicit terminal topology."},"alias
1000
es":["hvac filter"],"defaultLayer":"HVAC","labelOffset":48,"extents":{"minX":-45,"minY":-25,"maxX":45,"maxY":25}}}
0
LWPOLYLINE
5
486
330
673
100
AcDbEntity
8
0
62
0
6
CONTINUOUS
100
AcDbPolyline
90
4
70
1
10
-30
20
-25
10
30
20
-25
10
30
20
25
10
-30
20
25
1001
CONDUITCAD
1000
{"id":"master-hvac-filter-0"}
0
LINE
5
487
330
673
100
AcDbEntity
8
0
62
0
6
CONTINUOUS
100
AcDbLine
10
-45
20
0
30
0
11
-30
21
0
31
0
1001
CONDUITCAD
1000
{"id":"master-hvac-filter-1"}
0
LINE
5
488
330
673
100
AcDbEntity
8
0
62
0
6
CONTINUOUS
100
AcDbLine
10
30
20
0
30
0
11
45
21
0
31
0
1001
CONDUITCAD
1000
{"id":"master-hvac-filter-2"}
0
LINE
5
489
330
673
100
AcDbEntity
8
0
62
0
6
CC_DASH_4_3
100
AcDbLine
10
-22
20
-25
30
0
11
22
21
25
31
0
1001
CONDUITCAD
1000
{"id":"master-hvac-filter-3","dash":[4,3]}
0
ENDBLK
5
7FF
330
673
100
AcDbEntity
8
0
100
AcDbBlockEnd
0
BLOCK
5
800
330
674
100
AcDbEntity
8
0
100
AcDbBlockBegin
2
CC_HVAC_DAMPER
70
0
10
0
20
0
30
0
3
CC_HVAC_DAMPER
1

1001
CONDUITCAD
1000
{"ports":[{"name":"in","x":-45,"y":0,"dx":-1,"dy":0,"medium":"air","role":"connection"},{"name":"out","x":45,"y":0,"dx":1,"dy":0,"medium":"air","role":"connection"}],"symbol":{"name":"Manual duct damp
1000
er","category":"HVAC","group":"Air & hydronic systems","geometryRevision":3,"standardRefs":["PROJECT"],"convention":"Explicit project drafting convention","conformity":"Original master; not standards-
1000
certified","normativeEntry":null,"review":{"level":"geometry-and-convention","dimensionalConformance":"not-verified","note":"New independently constructed CAD master with explicit terminal topology."}
1000
,"aliases":["hvac damper"],"defaultLayer":"HVAC","labelOffset":48,"extents":{"minX":-45,"minY":-25,"maxX":45,"maxY":37}}}
0
LWPOLYLINE
5
48A
330
674
100
AcDbEntity
8
0
62
0
6
CONTINUOUS
100
AcDbPolyline
90
4
70
1
10
-30
20
-25
10
30
20
-25
10
30
20
25
10
-30
20
25
1001
CONDUITCAD
1000
{"id":"master-hvac-damper-0"}
0
LINE
5
48B
330
674
100
AcDbEntity
8
0
62
0
6
CONTINUOUS
100
AcDbLine
10
-45
20
0
30
0
11
-30
21
0
31
0
1001
CONDUITCAD
1000
{"id":"master-hvac-damper-1"}
0
LINE
5
48C
330
674
100
AcDbEntity
8
0
62
0
6
CONTINUOUS
100
AcDbLine
10
30
20
0
30
0
11
45
21
0
31
0
1001
CONDUITCAD
1000
{"id":"master-hvac-damper-2"}
0
LINE
5
48D
330
674
100
AcDbEntity
8
0
62
0
6
CONTINUOUS
100
AcDbLine
10
-24
20
-18
30
0
11
24
21
18
31
0
1001
CONDUITCAD
1000
{"id":"master-hvac-damper-3"}
0
LINE
5
48E
330
674
100
AcDbEntity
8
0
62
0
6
CONTINUOUS
100
AcDbLine
10
0
20
0
30
0
11
0
21
37
31
0
1001
CONDUITCAD
1000
{"id":"master-hvac-damper-4"}
0
LINE
5
48F
330
674
100
AcDbEntity
8
0
62
0
6
CONTINUOUS
100
AcDbLine
10
-8
20
37
30
0
11
8
21
37
31
0
1001
CONDUITCAD
1000
{"id":"master-hvac-damper-5"}
0
ENDBLK
5
801
330
674
100
AcDbEntity
8
0
100
AcDbBlockEnd
0
BLOCK
5
802
330
675
100
AcDbEntity
8
0
100
AcDbBlockBegin
2
CC_HVAC_MOTOR_DAMPER
70
0
10
0
20
0
30
0
3
CC_HVAC_MOTOR_DAMPER
1

1001
CONDUITCAD
1000
{"ports":[{"name":"in","x":-45,"y":0,"dx":-1,"dy":0,"medium":"air","role":"connection"},{"name":"out","x":45,"y":0,"dx":1,"dy":0,"medium":"air","role":"connection"}],"symbol":{"name":"Motorized duct d
1000
amper","category":"HVAC","group":"Air & hydronic systems","geometryRevision":3,"standardRefs":["PROJECT"],"convention":"Explicit project drafting convention","conformity":"Original master; not standar
1000
ds-certified","normativeEntry":null,"review":{"level":"geometry-and-convention","dimensionalConformance":"not-verified","note":"New independently constructed CAD master with explicit terminal topology
1000
."},"aliases":["hvac motor damper"],"defaultLayer":"HVAC","labelOffset":48,"extents":{"minX":-45,"minY":-25,"maxX":45,"maxY":55.992661810508096}}}
0
LWPOLYLINE
5
490
330
675
100
AcDbEntity
8
0
62
0
6
CONTINUOUS
100
AcDbPolyline
90
4
70
1
10
-30
20
-25
10
30
20
-25
10
30
20
25
10
-30
20
25
1001
CONDUITCAD
1000
{"id":"master-hvac-motor-damper-0"}
0
LINE
5
491
330
675
100
AcDbEntity
8
0
62
0
6
CONTINUOUS
100
AcDbLine
10
-45
20
0
30
0
11
-30
21
0
31
0
1001
CONDUITCAD
1000
{"id":"master-hvac-motor-damper-1"}
0
LINE
5
492
330
675
100
AcDbEntity
8
0
62
0
6
CONTINUOUS
100
AcDbLine
10
30
20
0
30
0
11
45
21
0
31
0
1001
CONDUITCAD
1000
{"id":"master-hvac-motor-damper-2"}
0
LINE
5
493
330
675
100
AcDbEntity
8
0
62
0
6
CONTINUOUS
100
AcDbLine
10
-24
20
-18
30
0
11
24
21
18
31
0
1001
CONDUITCAD
1000
{"id":"master-hvac-motor-damper-3"}
0
LINE
5
494
330
675
100
AcDbEntity
8
0
62
0
6
CONTINUOUS
100
AcDbLine
10
0
20
25
30
0
11
0
21
36
31
0
1001
CONDUITCAD
1000
{"id":"master-hvac-motor-damper-4"}
0
CIRCLE
5
495
330
675
100
AcDbEntity
8
0
62
0
6
CONTINUOUS
100
AcDbCircle
10
0
20
46
30
0
40
10
1001
CONDUITCAD
1000
{"id":"master-hvac-motor-damper-5"}
0
TEXT
5
496
330
675
100
AcDbEntity
8
0
62
0
6
CONTINUOUS
100
AcDbText
10
0
20
42
30
0
40
10
1
M
50
0
41
1
7
STANDARD
72
1
11
0
21
42
31
0
100
AcDbText
73
0
1001
CONDUITCAD
1000
{"id":"master-hvac-motor-damper-6"}
0
ENDBLK
5
803
330
675
100
AcDbEntity
8
0
100
AcDbBlockEnd
0
BLOCK
5
804
330
676
100
AcDbEntity
8
0
100
AcDbBlockBegin
2
CC_HVAC_FIRE_DAMPER
70
0
10
0
20
0
30
0
3
CC_HVAC_FIRE_DAMPER
1

1001
CONDUITCAD
1000
{"ports":[{"name":"in","x":-45,"y":0,"dx":-1,"dy":0,"medium":"air","role":"connection"},{"name":"out","x":45,"y":0,"dx":1,"dy":0,"medium":"air","role":"connection"}],"symbol":{"name":"Fire damper \u00
1000
b7 schematic","category":"HVAC","group":"Air & hydronic systems","geometryRevision":3,"standardRefs":["PROJECT"],"convention":"Explicit project drafting convention","conformity":"Original master; not 
1000
standards-certified","normativeEntry":null,"review":{"level":"geometry-and-convention","dimensionalConformance":"not-verified","note":"New independently constructed CAD master with explicit terminal t
1000
opology."},"aliases":["hvac fire damper"],"defaultLayer":"HVAC","labelOffset":48,"extents":{"minX":-45,"minY":-25,"maxX":45,"maxY":25}}}
0
LWPOLYLINE
5
497
330
676
100
AcDbEntity
8
0
62
0
6
CONTINUOUS
100
AcDbPolyline
90
4
70
1
10
-30
20
-25
10
30
20
-25
10
30
20
25
10
-30
20
25
1001
CONDUITCAD
1000
{"id":"master-hvac-fire-damper-0"}
0
LINE
5
498
330
676
100
AcDbEntity
8
0
62
0
6
CONTINUOUS
100
AcDbLine
10
-45
20
0
30
0
11
-30
21
0
31
0
1001
CONDUITCAD
1000
{"id":"master-hvac-fire-damper-1"}
0
LINE
5
499
330
676
100
AcDbEntity
8
0
62
0
6
CONTINUOUS
100
AcDbLine
10
30
20
0
30
0
11
45
21
0
31
0
1001
CONDUITCAD
1000
{"id":"master-hvac-fire-damper-2"}
0
LINE
5
49A
330
676
100
AcDbEntity
8
0
62
0
6
CONTINUOUS
100
AcDbLine
10
-24
20
-18
30
0
11
24
21
18
31
0
1001
CONDUITCAD
1000
{"id":"master-hvac-fire-damper-3"}
0
TEXT
5
49B
330
676
100
AcDbEntity
8
0
62
0
6
CONTINUOUS
100
AcDbText
10
0
20
34
30
0
40
11
1
FD
50
0
41
1
7
STANDARD
72
1
11
0
21
34
31
0
100
AcDbText
73
0
1001
CONDUITCAD
1000
{"id":"master-hvac-fire-damper-4"}
0
ENDBLK
5
805
330
676
100
AcDbEntity
8
0
100
AcDbBlockEnd
0
BLOCK
5
806
330
677
100
AcDbEntity
8
0
100
AcDbBlockBegin
2
CC_HVAC_HEATING_COIL
70
0
10
0
20
0
30
0
3
CC_HVAC_HEATING_COIL
1

1001
CONDUITCAD
1000
{"ports":[{"name":"in","x":-45,"y":0,"dx":-1,"dy":0,"medium":"air","role":"connection"},{"name":"out","x":45,"y":0,"dx":1,"dy":0,"medium":"air","role":"connection"}],"symbol":{"name":"Air heating coil
1000
","category":"HVAC","group":"Air & hydronic systems","geometryRevision":3,"standardRefs":["PROJECT"],"convention":"Explicit project drafting convention","conformity":"Original master; not standards-ce
1000
rtified","normativeEntry":null,"review":{"level":"geometry-and-convention","dimensionalConformance":"not-verified","note":"New independently constructed CAD master with explicit terminal topology."},"
1000
aliases":["hvac heating coil"],"defaultLayer":"HVAC","labelOffset":48,"extents":{"minX":-45,"minY":-25,"maxX":45,"maxY":25}}}
0
LWPOLYLINE
5
49C
330
677
100
AcDbEntity
8
0
62
0
6
CONTINUOUS
100
AcDbPolyline
90
4
70
1
10
-30
20
-25
10
30
20
-25
10
30
20
25
10
-30
20
25
1001
CONDUITCAD
1000
{"id":"master-hvac-heating-coil-0"}
0
LINE
5
49D
330
677
100
AcDbEntity
8
0
62
0
6
CONTINUOUS
100
AcDbLine
10
-45
20
0
30
0
11
-30
21
0
31
0
1001
CONDUITCAD
1000
{"id":"master-hvac-heating-coil-1"}
0
LINE
5
49E
330
677
100
AcDbEntity
8
0
62
0
6
CONTINUOUS
100
AcDbLine
10
30
20
0
30
0
11
45
21
0
31
0
1001
CONDUITCAD
1000
{"id":"master-hvac-heating-coil-2"}
0
LINE
5
49F
330
677
100
AcDbEntity
8
0
62
0
6
CONTINUOUS
100
AcDbLine
10
-18
20
-23
30
0
11
-18
21
23
31
0
1001
CONDUITCAD
1000
{"id":"master-hvac-heating-coil-3"}
0
LINE
5
4A0
330
677
100
AcDbEntity
8
0
62
0
6
CONTINUOUS
100
AcDbLine
10
-6
20
-23
30
0
11
-6
21
23
31
0
1001
CONDUITCAD
1000
{"id":"master-hvac-heating-coil-4"}
0
LINE
5
4A1
330
677
100
AcDbEntity
8
0
62
0
6
CONTINUOUS
100
AcDbLine
10
6
20
-23
30
0
11
6
21
23
31
0
1001
CONDUITCAD
1000
{"id":"master-hvac-heating-coil-5"}
0
LINE
5
4A2
330
677
100
AcDbEntity
8
0
62
0
6
CONTINUOUS
100
AcDbLine
10
18
20
-23
30
0
11
18
21
23
31
0
1001
CONDUITCAD
1000
{"id":"master-hvac-heating-coil-6"}
0
TEXT
5
4A3
330
677
100
AcDbEntity
8
0
62
0
6
CONTINUOUS
100
AcDbText
10
0
20
33
30
0
40
16
1
+
50
0
41
1
7
STANDARD
72
1
11
0
21
33
31
0
100
AcDbText
73
0
1001
CONDUITCAD
1000
{"id":"master-hvac-heating-coil-7"}
0
ENDBLK
5
807
330
677
100
AcDbEntity
8
0
100
AcDbBlockEnd
0
BLOCK
5
808
330
678
100
AcDbEntity
8
0
100
AcDbBlockBegin
2
CC_HVAC_COOLING_COIL
70
0
10
0
20
0
30
0
3
CC_HVAC_COOLING_COIL
1

1001
CONDUITCAD
1000
{"ports":[{"name":"in","x":-45,"y":0,"dx":-1,"dy":0,"medium":"air","role":"connection"},{"name":"out","x":45,"y":0,"dx":1,"dy":0,"medium":"air","role":"connection"}],"symbol":{"name":"Air cooling coil
1000
","category":"HVAC","group":"Air & hydronic systems","geometryRevision":3,"standardRefs":["PROJECT"],"convention":"Explicit project drafting convention","conformity":"Original master; not standards-ce
1000
rtified","normativeEntry":null,"review":{"level":"geometry-and-convention","dimensionalConformance":"not-verified","note":"New independently constructed CAD master with explicit terminal topology."},"
1000
aliases":["hvac cooling coil"],"defaultLayer":"HVAC","labelOffset":48,"extents":{"minX":-45,"minY":-25,"maxX":45,"maxY":25}}}
0
LWPOLYLINE
5
4A4
330
678
100
AcDbEntity
8
0
62
0
6
CONTINUOUS
100
AcDbPolyline
90
4
70
1
10
-30
20
-25
10
30
20
-25
10
30
20
25
10
-30
20
25
1001
CONDUITCAD
1000
{"id":"master-hvac-cooling-coil-0"}
0
LINE
5
4A5
330
678
100
AcDbEntity
8
0
62
0
6
CONTINUOUS
100
AcDbLine
10
-45
20
0
30
0
11
-30
21
0
31
0
1001
CONDUITCAD
1000
{"id":"master-hvac-cooling-coil-1"}
0
LINE
5
4A6
330
678
100
AcDbEntity
8
0
62
0
6
CONTINUOUS
100
AcDbLine
10
30
20
0
30
0
11
45
21
0
31
0
1001
CONDUITCAD
1000
{"id":"master-hvac-cooling-coil-2"}
0
LINE
5
4A7
330
678
100
AcDbEntity
8
0
62
0
6
CONTINUOUS
100
AcDbLine
10
-18
20
-23
30
0
11
-18
21
23
31
0
1001
CONDUITCAD
1000
{"id":"master-hvac-cooling-coil-3"}
0
LINE
5
4A8
330
678
100
AcDbEntity
8
0
62
0
6
CONTINUOUS
100
AcDbLine
10
-6
20
-23
30
0
11
-6
21
23
31
0
1001
CONDUITCAD
1000
{"id":"master-hvac-cooling-coil-4"}
0
LINE
5
4A9
330
678
100
AcDbEntity
8
0
62
0
6
CONTINUOUS
100
AcDbLine
10
6
20
-23
30
0
11
6
21
23
31
0
1001
CONDUITCAD
1000
{"id":"master-hvac-cooling-coil-5"}
0
LINE
5
4AA
330
678
100
AcDbEntity
8
0
62
0
6
CONTINUOUS
100
AcDbLine
10
18
20
-23
30
0
11
18
21
23
31
0
1001
CONDUITCAD
1000
{"id":"master-hvac-cooling-coil-6"}
0
TEXT
5
4AB
330
678
100
AcDbEntity
8
0
62
0
6
CONTINUOUS
100
AcDbText
10
0
20
33
30
0
40
16
1
−
50
0
41
1
7
STANDARD
72
1
11
0
21
33
31
0
100
AcDbText
73
0
1001
CONDUITCAD
1000
{"id":"master-hvac-cooling-coil-7"}
0
ENDBLK
5
809
330
678
100
AcDbEntity
8
0
100
AcDbBlockEnd
0
BLOCK
5
80A
330
679
100
AcDbEntity
8
0
100
AcDbBlockBegin
2
CC_HVAC_SILENCER
70
0
10
0
20
0
30
0
3
CC_HVAC_SILENCER
1

1001
CONDUITCAD
1000
{"ports":[{"name":"in","x":-45,"y":0,"dx":-1,"dy":0,"medium":"air","role":"connection"},{"name":"out","x":45,"y":0,"dx":1,"dy":0,"medium":"air","role":"connection"}],"symbol":{"name":"Duct attenuator"
1000
,"category":"HVAC","group":"Air & hydronic systems","geometryRevision":3,"standardRefs":["PROJECT"],"convention":"Explicit project drafting convention","conformity":"Original master; not standards-cer
1000
tified","normativeEntry":null,"review":{"level":"geometry-and-convention","dimensionalConformance":"not-verified","note":"New independently constructed CAD master with explicit terminal topology."},"a
1000
liases":["hvac silencer"],"defaultLayer":"HVAC","labelOffset":48,"extents":{"minX":-45,"minY":-25,"maxX":45,"maxY":25}}}
0
LWPOLYLINE
5
4AC
330
679
100
AcDbEntity
8
0
62
0
6
CONTINUOUS
100
AcDbPolyline
90
4
70
1
10
-30
20
-25
10
30
20
-25
10
30
20
25
10
-30
20
25
1001
CONDUITCAD
1000
{"id":"master-hvac-silencer-0"}
0
LINE
5
4AD
330
679
100
AcDbEntity
8
0
62
0
6
CONTINUOUS
100
AcDbLine
10
-45
20
0
30
0
11
-30
21
0
31
0
1001
CONDUITCAD
1000
{"id":"master-hvac-silencer-1"}
0
LINE
5
4AE
330
679
100
AcDbEntity
8
0
62
0
6
CONTINUOUS
100
AcDbLine
10
30
20
0
30
0
11
45
21
0
31
0
1001
CONDUITCAD
1000
{"id":"master-hvac-silencer-2"}
0
LWPOLYLINE
5
4AF
330
679
100
AcDbEntity
8
0
62
0
6
CONTINUOUS
100
AcDbPolyline
90
4
70
1
10
-25
20
10
10
25
20
10
10
25
20
18
10
-25
20
18
1001
CONDUITCAD
1000
{"id":"master-hvac-silencer-3"}
0
LWPOLYLINE
5
4B0
330
679
100
AcDbEntity
8
0
62
0
6
CONTINUOUS
100
AcDbPolyline
90
4
70
1
10
-25
20
-18
10
25
20
-18
10
25
20
-10
10
-25
20
-10
1001
CONDUITCAD
1000
{"id":"master-hvac-silencer-4"}
0
ENDBLK
5
80B
330
679
100
AcDbEntity
8
0
100
AcDbBlockEnd
0
BLOCK
5
80C
330
67A
100
AcDbEntity
8
0
100
AcDbBlockBegin
2
CC_HVAC_DIFFUSER
70
0
10
0
20
0
30
0
3
CC_HVAC_DIFFUSER
1

1001
CONDUITCAD
1000
{"ports":[{"name":"in","x":-45,"y":0,"dx":-1,"dy":0,"medium":"air","role":"connection"},{"name":"out","x":45,"y":0,"dx":1,"dy":0,"medium":"air","role":"connection"}],"symbol":{"name":"Supply diffuser 
1000
\u00b7 schematic","category":"HVAC","group":"Air & hydronic systems","geometryRevision":3,"standardRefs":["PROJECT"],"convention":"Explicit project drafting convention","conformity":"Original master; 
1000
not standards-certified","normativeEntry":null,"review":{"level":"geometry-and-convention","dimensionalConformance":"not-verified","note":"New independently constructed CAD master with explicit termin
1000
al topology."},"aliases":["hvac diffuser"],"defaultLayer":"HVAC","labelOffset":48,"extents":{"minX":-45,"minY":-26,"maxX":45,"maxY":26}}}
0
LWPOLYLINE
5
4B1
330
67A
100
AcDbEntity
8
0
62
0
6
CONTINUOUS
100
AcDbPolyline
90
4
70
1
10
-26
20
-26
10
26
20
-26
10
26
20
26
10
-26
20
26
1001
CONDUITCAD
1000
{"id":"master-hvac-diffuser-0"}
0
LWPOLYLINE
5
4B2
330
67A
100
AcDbEntity
8
0
62
0
6
CONTINUOUS
100
AcDbPolyline
90
4
70
1
10
-15
20
-15
10
15
20
-15
10
15
20
15
10
-15
20
15
1001
CONDUITCAD
1000
{"id":"master-hvac-diffuser-1"}
0
LINE
5
4B3
330
67A
100
AcDbEntity
8
0
62
0
6
CONTINUOUS
100
AcDbLine
10
-26
20
-26
30
0
11
26
21
26
31
0
1001
CONDUITCAD
1000
{"id":"master-hvac-diffuser-2"}
0
LINE
5
4B4
330
67A
100
AcDbEntity
8
0
62
0
6
CONTINUOUS
100
AcDbLine
10
-26
20
26
30
0
11
26
21
-26
31
0
1001
CONDUITCAD
1000
{"id":"master-hvac-diffuser-3"}
0
LINE
5
4B5
330
67A
100
AcDbEntity
8
0
62
0
6
CONTINUOUS
100
AcDbLine
10
-45
20
0
30
0
11
-26
21
0
31
0
1001
CONDUITCAD
1000
{"id":"master-hvac-diffuser-4"}
0
LINE
5
4B6
330
67A
100
AcDbEntity
8
0
62
0
6
CONTINUOUS
100
AcDbLine
10
26
20
0
30
0
11
45
21
0
31
0
1001
CONDUITCAD
1000
{"id":"master-hvac-diffuser-5"}
0
ENDBLK
5
80D
330
67A
100
AcDbEntity
8
0
100
AcDbBlockEnd
0
BLOCK
5
80E
330
67B
100
AcDbEntity
8
0
100
AcDbBlockBegin
2
CC_HVAC_RETURN_GRILLE
70
0
10
0
20
0
30
0
3
CC_HVAC_RETURN_GRILLE
1

1001
CONDUITCAD
1000
{"ports":[{"name":"in","x":-45,"y":0,"dx":-1,"dy":0,"medium":"air","role":"connection"},{"name":"out","x":45,"y":0,"dx":1,"dy":0,"medium":"air","role":"connection"}],"symbol":{"name":"Return grille \u
1000
00b7 schematic","category":"HVAC","group":"Air & hydronic systems","geometryRevision":3,"standardRefs":["PROJECT"],"convention":"Explicit project drafting convention","conformity":"Original master; no
1000
t standards-certified","normativeEntry":null,"review":{"level":"geometry-and-convention","dimensionalConformance":"not-verified","note":"New independently constructed CAD master with explicit terminal
1000
 topology."},"aliases":["hvac return grille"],"defaultLayer":"HVAC","labelOffset":48,"extents":{"minX":-45,"minY":-26,"maxX":45,"maxY":26}}}
0
LWPOLYLINE
5
4B7
330
67B
100
AcDbEntity
8
0
62
0
6
CONTINUOUS
100
AcDbPolyline
90
4
70
1
10
-26
20
-26
10
26
20
-26
10
26
20
26
10
-26
20
26
1001
CONDUITCAD
1000
{"id":"master-hvac-return-grille-0"}
0
LINE
5
4B8
330
67B
100
AcDbEntity
8
0
62
0
6
CONTINUOUS
100
AcDbLine
10
-45
20
0
30
0
11
-26
21
0
31
0
1001
CONDUITCAD
1000
{"id":"master-hvac-return-grille-1"}
0
LINE
5
4B9
330
67B
100
AcDbEntity
8
0
62
0
6
CONTINUOUS
100
AcDbLine
10
26
20
0
30
0
11
45
21
0
31
0
1001
CONDUITCAD
1000
{"id":"master-hvac-return-grille-2"}
0
LINE
5
4BA
330
67B
100
AcDbEntity
8
0
62
0
6
CONTINUOUS
100
AcDbLine
10
-26
20
-18
30
0
11
26
21
-18
31
0
1001
CONDUITCAD
1000
{"id":"master-hvac-return-grille-3"}
0
LINE
5
4BB
330
67B
100
AcDbEntity
8
0
62
0
6
CONTINUOUS
100
AcDbLine
10
-26
20
-9
30
0
11
26
21
-9
31
0
1001
CONDUITCAD
1000
{"id":"master-hvac-return-grille-4"}
0
LINE
5
4BC
330
67B
100
AcDbEntity
8
0
62
0
6
CONTINUOUS
100
AcDbLine
10
-26
20
0
30
0
11
26
21
0
31
0
1001
CONDUITCAD
1000
{"id":"master-hvac-return-grille-5"}
0
LINE
5
4BD
330
67B
100
AcDbEntity
8
0
62
0
6
CONTINUOUS
100
AcDbLine
10
-26
20
9
30
0
11
26
21
9
31
0
1001
CONDUITCAD
1000
{"id":"master-hvac-return-grille-6"}
0
LINE
5
4BE
330
67B
100
AcDbEntity
8
0
62
0
6
CONTINUOUS
100
AcDbLine
10
-26
20
18
30
0
11
26
21
18
31
0
1001
CONDUITCAD
1000
{"id":"master-hvac-return-grille-7"}
0
ENDBLK
5
80F
330
67B
100
AcDbEntity
8
0
100
AcDbBlockEnd
0
BLOCK
5
810
330
67C
100
AcDbEntity
8
0
100
AcDbBlockBegin
2
CC_HVAC_BOILER
70
0
10
0
20
0
30
0
3
CC_HVAC_BOILER
1

1001
CONDUITCAD
1000
{"ports":[{"name":"in","x":-45,"y":0,"dx":-1,"dy":0,"medium":"water","role":"connection"},{"name":"out","x":45,"y":0,"dx":1,"dy":0,"medium":"water","role":"connection"},{"name":"flue","x":0,"y":45,"dx
1000
":0,"dy":1,"medium":"water","role":"connection"}],"symbol":{"name":"Boiler \u00b7 functional","category":"HVAC","group":"Air & hydronic systems","geometryRevision":3,"standardRefs":["PROJECT"],"conven
1000
tion":"Explicit project drafting convention","conformity":"Original master; not standards-certified","normativeEntry":null,"review":{"level":"geometry-and-convention","dimensionalConformance":"not-ver
1000
ified","note":"New independently constructed CAD master with explicit terminal topology."},"aliases":["hvac boiler"],"defaultLayer":"HVAC","labelOffset":48,"extents":{"minX":-45,"minY":-22,"maxX":45,"
1000
maxY":45}}}
0
LWPOLYLINE
5
4BF
330
67C
100
AcDbEntity
8
0
62
0
6
CONTINUOUS
100
AcDbPolyline
90
4
70
1
10
-32
20
-22
10
32
20
-22
10
32
20
22
10
-32
20
22
1001
CONDUITCAD
1000
{"id":"master-hvac-boiler-0"}
0
LINE
5
4C0
330
67C
100
AcDbEntity
8
0
62
0
6
CONTINUOUS
100
AcDbLine
10
-45
20
0
30
0
11
-32
21
0
31
0
1001
CONDUITCAD
1000
{"id":"master-hvac-boiler-1"}
0
LINE
5
4C1
330
67C
100
AcDbEntity
8
0
62
0
6
CONTINUOUS
100
AcDbLine
10
32
20
0
30
0
11
45
21
0
31
0
1001
CONDUITCAD
1000
{"id":"master-hvac-boiler-2"}
0
TEXT
5
4C2
330
67C
100
AcDbEntity
8
0
62
0
6
CONTINUOUS
100
AcDbText
10
0
20
-4
30
0
40
11
1
BOILER
50
0
41
1
7
STANDARD
72
1
11
0
21
-4
31
0
100
AcDbText
73
0
1001
CONDUITCAD
1000
{"id":"master-hvac-boiler-3"}
0
LINE
5
4C3
330
67C
100
AcDbEntity
8
0
62
0
6
CONTINUOUS
100
AcDbLine
10
0
20
22
30
0
11
0
21
45
31
0
1001
CONDUITCAD
1000
{"id":"master-hvac-boiler-4"}
0
ENDBLK
5
811
330
67C
100
AcDbEntity
8
0
100
AcDbBlockEnd
0
BLOCK
5
812
330
67D
100
AcDbEntity
8
0
100
AcDbBlockBegin
2
CC_HVAC_CHILLER
70
0
10
0
20
0
30
0
3
CC_HVAC_CHILLER
1

1001
CONDUITCAD
1000
{"ports":[{"name":"in","x":-45,"y":0,"dx":-1,"dy":0,"medium":"water","role":"connection"},{"name":"out","x":45,"y":0,"dx":1,"dy":0,"medium":"water","role":"connection"}],"symbol":{"name":"Chiller \u00
1000
b7 functional","category":"HVAC","group":"Air & hydronic systems","geometryRevision":3,"standardRefs":["PROJECT"],"convention":"Explicit project drafting convention","conformity":"Original master; not
1000
 standards-certified","normativeEntry":null,"review":{"level":"geometry-and-convention","dimensionalConformance":"not-verified","note":"New independently constructed CAD master with explicit terminal 
1000
topology."},"aliases":["hvac chiller"],"defaultLayer":"HVAC","labelOffset":48,"extents":{"minX":-45,"minY":-22,"maxX":45,"maxY":22}}}
0
LWPOLYLINE
5
4C4
330
67D
100
AcDbEntity
8
0
62
0
6
CONTINUOUS
100
AcDbPolyline
90
4
70
1
10
-32
20
-22
10
32
20
-22
10
32
20
22
10
-32
20
22
1001
CONDUITCAD
1000
{"id":"master-hvac-chiller-0"}
0
LINE
5
4C5
330
67D
100
AcDbEntity
8
0
62
0
6
CONTINUOUS
100
AcDbLine
10
-45
20
0
30
0
11
-32
21
0
31
0
1001
CONDUITCAD
1000
{"id":"master-hvac-chiller-1"}
0
LINE
5
4C6
330
67D
100
AcDbEntity
8
0
62
0
6
CONTINUOUS
100
AcDbLine
10
32
20
0
30
0
11
45
21
0
31
0
1001
CONDUITCAD
1000
{"id":"master-hvac-chiller-2"}
0
TEXT
5
4C7
330
67D
100
AcDbEntity
8
0
62
0
6
CONTINUOUS
100
AcDbText
10
0
20
-4
30
0
40
11
1
CHILLER
50
0
41
1
7
STANDARD
72
1
11
0
21
-4
31
0
100
AcDbText
73
0
1001
CONDUITCAD
1000
{"id":"master-hvac-chiller-3"}
0
ENDBLK
5
813
330
67D
100
AcDbEntity
8
0
100
AcDbBlockEnd
0
BLOCK
5
814
330
67E
100
AcDbEntity
8
0
100
AcDbBlockBegin
2
CC_HVAC_RADIATOR
70
0
10
0
20
0
30
0
3
CC_HVAC_RADIATOR
1

1001
CONDUITCAD
1000
{"ports":[{"name":"in","x":-45,"y":0,"dx":-1,"dy":0,"medium":"water","role":"connection"},{"name":"out","x":45,"y":0,"dx":1,"dy":0,"medium":"water","role":"connection"}],"symbol":{"name":"Hydronic rad
1000
iator","category":"HVAC","group":"Air & hydronic systems","geometryRevision":3,"standardRefs":["PROJECT"],"convention":"Explicit project drafting convention","conformity":"Original master; not standar
1000
ds-certified","normativeEntry":null,"review":{"level":"geometry-and-convention","dimensionalConformance":"not-verified","note":"New independently constructed CAD master with explicit terminal topology
1000
."},"aliases":["hvac radiator"],"defaultLayer":"HVAC","labelOffset":48,"extents":{"minX":-45,"minY":-20,"maxX":45,"maxY":20}}}
0
LWPOLYLINE
5
4C8
330
67E
100
AcDbEntity
8
0
62
0
6
CONTINUOUS
100
AcDbPolyline
90
4
70
1
10
-30
20
-20
10
30
20
-20
10
30
20
20
10
-30
20
20
1001
CONDUITCAD
1000
{"id":"master-hvac-radiator-0"}
0
LINE
5
4C9
330
67E
100
AcDbEntity
8
0
62
0
6
CONTINUOUS
100
AcDbLine
10
-45
20
0
30
0
11
-30
21
0
31
0
1001
CONDUITCAD
1000
{"id":"master-hvac-radiator-1"}
0
LINE
5
4CA
330
67E
100
AcDbEntity
8
0
62
0
6
CONTINUOUS
100
AcDbLine
10
30
20
0
30
0
11
45
21
0
31
0
1001
CONDUITCAD
1000
{"id":"master-hvac-radiator-2"}
0
LINE
5
4CB
330
67E
100
AcDbEntity
8
0
62
0
6
CONTINUOUS
100
AcDbLine
10
-20
20
-20
30
0
11
-20
21
20
31
0
1001
CONDUITCAD
1000
{"id":"master-hvac-radiator-3"}
0
LINE
5
4CC
330
67E
100
AcDbEntity
8
0
62
0
6
CONTINUOUS
100
AcDbLine
10
-10
20
-20
30
0
11
-10
21
20
31
0
1001
CONDUITCAD
1000
{"id":"master-hvac-radiator-4"}
0
LINE
5
4CD
330
67E
100
AcDbEntity
8
0
62
0
6
CONTINUOUS
100
AcDbLine
10
0
20
-20
30
0
11
0
21
20
31
0
1001
CONDUITCAD
1000
{"id":"master-hvac-radiator-5"}
0
LINE
5
4CE
330
67E
100
AcDbEntity
8
0
62
0
6
CONTINUOUS
100
AcDbLine
10
10
20
-20
30
0
11
10
21
20
31
0
1001
CONDUITCAD
1000
{"id":"master-hvac-radiator-6"}
0
LINE
5
4CF
330
67E
100
AcDbEntity
8
0
62
0
6
CONTINUOUS
100
AcDbLine
10
20
20
-20
30
0
11
20
21
20
31
0
1001
CONDUITCAD
1000
{"id":"master-hvac-radiator-7"}
0
ENDBLK
5
815
330
67E
100
AcDbEntity
8
0
100
AcDbBlockEnd
0
BLOCK
5
816
330
67F
100
AcDbEntity
8
0
100
AcDbBlockBegin
2
CC_HVAC_EXPANSION_VESSEL
70
0
10
0
20
0
30
0
3
CC_HVAC_EXPANSION_VESSEL
1

1001
CONDUITCAD
1000
{"ports":[{"name":"water","x":0,"y":-45,"dx":0,"dy":-1,"medium":"water","role":"connection"}],"symbol":{"name":"Expansion vessel","category":"HVAC","group":"Air & hydronic systems","geometryRevision":
1000
3,"standardRefs":["PROJECT"],"convention":"Explicit project drafting convention","conformity":"Original master; not standards-certified","normativeEntry":null,"review":{"level":"geometry-and-conventio
1000
n","dimensionalConformance":"not-verified","note":"New independently constructed CAD master with explicit terminal topology."},"aliases":["hvac expansion vessel"],"defaultLayer":"HVAC","labelOffset":6
1000
7,"extents":{"minX":-22,"minY":-45,"maxX":22,"maxY":34.971763157763164}}}
0
LINE
5
4D0
330
67F
100
AcDbEntity
8
0
62
0
6
CONTINUOUS
100
AcDbLine
10
-22
20
-13
30
0
11
-22
21
13
31
0
1001
CONDUITCAD
1000
{"id":"master-hvac-expansion-vessel-0"}
0
ARC
5
4D1
330
67F
100
AcDbEntity
8
0
62
0
6
CONTINUOUS
100
AcDbCircle
10
0
20
13
30
0
40
22
100
AcDbArc
50
0
51
180
1001
CONDUITCAD
1000
{"id":"master-hvac-expansion-vessel-1"}
0
LINE
5
4D2
330
67F
100
AcDbEntity
8
0
62
0
6
CONTINUOUS
100
AcDbLine
10
22
20
13
30
0
11
22
21
-13
31
0
1001
CONDUITCAD
1000
{"id":"master-hvac-expansion-vessel-2"}
0
ARC
5
4D3
330
67F
100
AcDbEntity
8
0
62
0
6
CONTINUOUS
100
AcDbCircle
10
0
20
-13
30
0
40
22
100
AcDbArc
50
180
51
360
1001
CONDUITCAD
1000
{"id":"master-hvac-expansion-vessel-3"}
0
LINE
5
4D4
330
67F
100
AcDbEntity
8
0
62
0
6
CONTINUOUS
100
AcDbLine
10
-22
20
0
30
0
11
22
21
0
31
0
1001
CONDUITCAD
1000
{"id":"master-hvac-expansion-vessel-4"}
0
LINE
5
4D5
330
67F
100
AcDbEntity
8
0
62
0
6
CONTINUOUS
100
AcDbLine
10
0
20
-35
30
0
11
0
21
-45
31
0
1001
CONDUITCAD
1000
{"id":"master-hvac-expansion-vessel-5"}
0
ENDBLK
5
817
330
67F
100
AcDbEntity
8
0
100
AcDbBlockEnd
0
BLOCK
5
818
330
680
100
AcDbEntity
8
0
100
AcDbBlockBegin
2
CC_WATER_METER
70
0
10
0
20
0
30
0
3
CC_WATER_METER
1

1001
CONDUITCAD
1000
{"ports":[{"name":"in","x":-45,"y":0,"dx":-1,"dy":0,"medium":"water","role":"connection"},{"name":"out","x":45,"y":0,"dx":1,"dy":0,"medium":"water","role":"connection"}],"symbol":{"name":"Water meter"
1000
,"category":"Water","group":"Treatment & distribution","geometryRevision":3,"standardRefs":["PROJECT"],"convention":"Explicit project drafting convention","conformity":"Original master; not standards-
1000
certified","normativeEntry":null,"review":{"level":"geometry-and-convention","dimensionalConformance":"not-verified","note":"New independently constructed CAD master with explicit terminal topology."}
1000
,"aliases":["water meter"],"defaultLayer":"Water","labelOffset":48,"extents":{"minX":-45,"minY":-25.970550818758205,"maxX":45,"maxY":25.970550818758205}}}
0
LINE
5
4D6
330
680
100
AcDbEntity
8
0
62
0
6
CONTINUOUS
100
AcDbLine
10
-45
20
0
30
0
11
-26
21
0
31
0
1001
CONDUITCAD
1000
{"id":"master-water-meter-0"}
0
LINE
5
4D7
330
680
100
AcDbEntity
8
0
62
0
6
CONTINUOUS
100
AcDbLine
10
26
20
0
30
0
11
45
21
0
31
0
1001
CONDUITCAD
1000
{"id":"master-water-meter-1"}
0
CIRCLE
5
4D8
330
680
100
AcDbEntity
8
0
62
0
6
CONTINUOUS
100
AcDbCircle
10
0
20
0
30
0
40
26
1001
CONDUITCAD
1000
{"id":"master-water-meter-2"}
0
TEXT
5
4D9
330
680
100
AcDbEntity
8
0
62
0
6
CONTINUOUS
100
AcDbText
10
0
20
-5
30
0
40
13
1
WM
50
0
41
1
7
STANDARD
72
1
11
0
21
-5
31
0
100
AcDbText
73
0
1001
CONDUITCAD
1000
{"id":"master-water-meter-3"}
0
ENDBLK
5
819
330
680
100
AcDbEntity
8
0
100
AcDbBlockEnd
0
BLOCK
5
81A
330
681
100
AcDbEntity
8
0
100
AcDbBlockBegin
2
CC_WATER_BACKFLOW
70
0
10
0
20
0
30
0
3
CC_WATER_BACKFLOW
1

1001
CONDUITCAD
1000
{"ports":[{"name":"in","x":-45,"y":0,"dx":-1,"dy":0,"medium":"water","role":"connection"},{"name":"out","x":45,"y":0,"dx":1,"dy":0,"medium":"water","role":"connection"}],"symbol":{"name":"Double-check
1000
 backflow preventer","category":"Water","group":"Treatment & distribution","geometryRevision":3,"standardRefs":["PROJECT"],"convention":"Explicit project drafting convention","conformity":"Original ma
1000
ster; not standards-certified","normativeEntry":null,"review":{"level":"geometry-and-convention","dimensionalConformance":"not-verified","note":"New independently constructed CAD master with explicit 
1000
terminal topology."},"aliases":["water backflow"],"defaultLayer":"Water","labelOffset":48,"extents":{"minX":-45,"minY":-22,"maxX":45,"maxY":22}}}
0
LWPOLYLINE
5
4DA
330
681
100
AcDbEntity
8
0
62
0
6
CONTINUOUS
100
AcDbPolyline
90
4
70
1
10
-32
20
-22
10
32
20
-22
10
32
20
22
10
-32
20
22
1001
CONDUITCAD
1000
{"id":"master-water-backflow-0"}
0
LINE
5
4DB
330
681
100
AcDbEntity
8
0
62
0
6
CONTINUOUS
100
AcDbLine
10
-45
20
0
30
0
11
-32
21
0
31
0
1001
CONDUITCAD
1000
{"id":"master-water-backflow-1"}
0
LINE
5
4DC
330
681
100
AcDbEntity
8
0
62
0
6
CONTINUOUS
100
AcDbLine
10
32
20
0
30
0
11
45
21
0
31
0
1001
CONDUITCAD
1000
{"id":"master-water-backflow-2"}
0
LINE
5
4DD
330
681
100
AcDbEntity
8
0
62
0
6
CONTINUOUS
100
AcDbLine
10
-25
20
-12
30
0
11
-25
21
12
31
0
1001
CONDUITCAD
1000
{"id":"master-water-backflow-3"}
0
LINE
5
4DE
330
681
100
AcDbEntity
8
0
62
0
6
CONTINUOUS
100
AcDbLine
10
-25
20
12
30
0
11
-5
21
-9
31
0
1001
CONDUITCAD
1000
{"id":"master-water-backflow-4"}
0
CIRCLE
5
4DF
330
681
100
AcDbEntity
8
0
62
0
6
CONTINUOUS
100
AcDbCircle
10
-25
20
12
30
0
40
2
1001
CONDUITCAD
1000
{"id":"master-water-backflow-5"}
0
LINE
5
4E0
330
681
100
AcDbEntity
8
0
62
0
6
CONTINUOUS
100
AcDbLine
10
3
20
-12
30
0
11
3
21
12
31
0
1001
CONDUITCAD
1000
{"id":"master-water-backflow-6"}
0
LINE
5
4E1
330
681
100
AcDbEntity
8
0
62
0
6
CONTINUOUS
100
AcDbLine
10
3
20
12
30
0
11
23
21
-9
31
0
1001
CONDUITCAD
1000
{"id":"master-water-backflow-7"}
0
CIRCLE
5
4E2
330
681
100
AcDbEntity
8
0
62
0
6
CONTINUOUS
100
AcDbCircle
10
3
20
12
30
0
40
2
1001
CONDUITCAD
1000
{"id":"master-water-backflow-8"}
0
ENDBLK
5
81B
330
681
100
AcDbEntity
8
0
100
AcDbBlockEnd
0
BLOCK
5
81C
330
682
100
AcDbEntity
8
0
100
AcDbBlockBegin
2
CC_WATER_HEATER
70
0
10
0
20
0
30
0
3
CC_WATER_HEATER
1

1001
CONDUITCAD
1000
{"ports":[{"name":"in","x":-45,"y":0,"dx":-1,"dy":0,"medium":"water","role":"connection"},{"name":"out","x":45,"y":0,"dx":1,"dy":0,"medium":"water","role":"connection"}],"symbol":{"name":"Storage wate
1000
r heater","category":"Water","group":"Treatment & distribution","geometryRevision":3,"standardRefs":["PROJECT"],"convention":"Explicit project drafting convention","conformity":"Original master; not s
1000
tandards-certified","normativeEntry":null,"review":{"level":"geometry-and-convention","dimensionalConformance":"not-verified","note":"New independently constructed CAD master with explicit terminal to
1000
pology."},"aliases":["water heater"],"defaultLayer":"Water","labelOffset":67,"extents":{"minX":-45,"minY":-45,"maxX":45,"maxY":45}}}
0
LINE
5
4E3
330
682
100
AcDbEntity
8
0
62
0
6
CONTINUOUS
100
AcDbLine
10
-27
20
-18
30
0
11
-27
21
18
31
0
1001
CONDUITCAD
1000
{"id":"master-water-heater-0"}
0
ARC
5
4E4
330
682
100
AcDbEntity
8
0
62
0
6
CONTINUOUS
100
AcDbCircle
10
0
20
18
30
0
40
27
100
AcDbArc
50
0
51
180
1001
CONDUITCAD
1000
{"id":"master-water-heater-1"}
0
LINE
5
4E5
330
682
100
AcDbEntity
8
0
62
0
6
CONTINUOUS
100
AcDbLine
10
27
20
18
30
0
11
27
21
-18
31
0
1001
CONDUITCAD
1000
{"id":"master-water-heater-2"}
0
ARC
5
4E6
330
682
100
AcDbEntity
8
0
62
0
6
CONTINUOUS
100
AcDbCircle
10
0
20
-18
30
0
40
27
100
AcDbArc
50
180
51
360
1001
CONDUITCAD
1000
{"id":"master-water-heater-3"}
0
LINE
5
4E7
330
682
100
AcDbEntity
8
0
62
0
6
CONTINUOUS
100
AcDbLine
10
-45
20
0
30
0
11
-27
21
0
31
0
1001
CONDUITCAD
1000
{"id":"master-water-heater-4"}
0
LINE
5
4E8
330
682
100
AcDbEntity
8
0
62
0
6
CONTINUOUS
100
AcDbLine
10
27
20
0
30
0
11
45
21
0
31
0
1001
CONDUITCAD
1000
{"id":"master-water-heater-5"}
0
TEXT
5
4E9
330
682
100
AcDbEntity
8
0
62
0
6
CONTINUOUS
100
AcDbText
10
0
20
-5
30
0
40
13
1
WH
50
0
41
1
7
STANDARD
72
1
11
0
21
-5
31
0
100
AcDbText
73
0
1001
CONDUITCAD
1000
{"id":"master-water-heater-6"}
0
ENDBLK
5
81D
330
682
100
AcDbEntity
8
0
100
AcDbBlockEnd
0
BLOCK
5
81E
330
683
100
AcDbEntity
8
0
100
AcDbBlockBegin
2
CC_WATER_SOFTENER
70
0
10
0
20
0
30
0
3
CC_WATER_SOFTENER
1

1001
CONDUITCAD
1000
{"ports":[{"name":"in","x":-45,"y":0,"dx":-1,"dy":0,"medium":"water","role":"connection"},{"name":"out","x":45,"y":0,"dx":1,"dy":0,"medium":"water","role":"connection"}],"symbol":{"name":"Water soften
1000
er","category":"Water","group":"Treatment & distribution","geometryRevision":3,"standardRefs":["PROJECT"],"convention":"Explicit project drafting convention","conformity":"Original master; not standar
1000
ds-certified","normativeEntry":null,"review":{"level":"geometry-and-convention","dimensionalConformance":"not-verified","note":"New independently constructed CAD master with explicit terminal topology
1000
."},"aliases":["water softener"],"defaultLayer":"Water","labelOffset":67,"extents":{"minX":-45,"minY":-45,"maxX":45,"maxY":45}}}
0
LINE
5
4EA
330
683
100
AcDbEntity
8
0
62
0
6
CONTINUOUS
100
AcDbLine
10
-27
20
-18
30
0
11
-27
21
18
31
0
1001
CONDUITCAD
1000
{"id":"master-water-softener-0"}
0
ARC
5
4EB
330
683
100
AcDbEntity
8
0
62
0
6
CONTINUOUS
100
AcDbCircle
10
0
20
18
30
0
40
27
100
AcDbArc
50
0
51
180
1001
CONDUITCAD
1000
{"id":"master-water-softener-1"}
0
LINE
5
4EC
330
683
100
AcDbEntity
8
0
62
0
6
CONTINUOUS
100
AcDbLine
10
27
20
18
30
0
11
27
21
-18
31
0
1001
CONDUITCAD
1000
{"id":"master-water-softener-2"}
0
ARC
5
4ED
330
683
100
AcDbEntity
8
0
62
0
6
CONTINUOUS
100
AcDbCircle
10
0
20
-18
30
0
40
27
100
AcDbArc
50
180
51
360
1001
CONDUITCAD
1000
{"id":"master-water-softener-3"}
0
LINE
5
4EE
330
683
100
AcDbEntity
8
0
62
0
6
CONTINUOUS
100
AcDbLine
10
-45
20
0
30
0
11
-27
21
0
31
0
1001
CONDUITCAD
1000
{"id":"master-water-softener-4"}
0
LINE
5
4EF
330
683
100
AcDbEntity
8
0
62
0
6
CONTINUOUS
100
AcDbLine
10
27
20
0
30
0
11
45
21
0
31
0
1001
CONDUITCAD
1000
{"id":"master-water-softener-5"}
0
LWPOLYLINE
5
4F0
330
683
100
AcDbEntity
8
0
62
0
6
CONTINUOUS
100
AcDbPolyline
90
4
70
1
10
-21
20
-20
10
21
20
-20
10
21
20
20
10
-21
20
20
1001
CONDUITCAD
1000
{"id":"master-water-softener-6"}
0
TEXT
5
4F1
330
683
100
AcDbEntity
8
0
62
0
6
CONTINUOUS
100
AcDbText
10
0
20
-5
30
0
40
13
1
IX
50
0
41
1
7
STANDARD
72
1
11
0
21
-5
31
0
100
AcDbText
73
0
1001
CONDUITCAD
1000
{"id":"master-water-softener-7"}
0
ENDBLK
5
81F
330
683
100
AcDbEntity
8
0
100
AcDbBlockEnd
0
BLOCK
5
820
330
684
100
AcDbEntity
8
0
100
AcDbBlockBegin
2
CC_WATER_RO
70
0
10
0
20
0
30
0
3
CC_WATER_RO
1

1001
CONDUITCAD
1000
{"ports":[{"name":"in","x":-45,"y":0,"dx":-1,"dy":0,"medium":"water","role":"connection"},{"name":"out","x":45,"y":0,"dx":1,"dy":0,"medium":"water","role":"connection"},{"name":"reject","x":0,"y":-45,
1000
"dx":0,"dy":-1,"medium":"water","role":"connection"}],"symbol":{"name":"Reverse-osmosis membrane","category":"Water","group":"Treatment & distribution","geometryRevision":3,"standardRefs":["PROJECT"],
1000
"convention":"Explicit project drafting convention","conformity":"Original master; not standards-certified","normativeEntry":null,"review":{"level":"geometry-and-convention","dimensionalConformance":"
1000
not-verified","note":"New independently constructed CAD master with explicit terminal topology."},"aliases":["water ro"],"defaultLayer":"Water","labelOffset":67,"extents":{"minX":-45,"minY":-45,"maxX"
1000
:45,"maxY":22}}}
0
LWPOLYLINE
5
4F2
330
684
100
AcDbEntity
8
0
62
0
6
CONTINUOUS
100
AcDbPolyline
90
4
70
1
10
-32
20
-22
10
32
20
-22
10
32
20
22
10
-32
20
22
1001
CONDUITCAD
1000
{"id":"master-water-ro-0"}
0
LINE
5
4F3
330
684
100
AcDbEntity
8
0
62
0
6
CONTINUOUS
100
AcDbLine
10
-45
20
0
30
0
11
-32
21
0
31
0
1001
CONDUITCAD
1000
{"id":"master-water-ro-1"}
0
LINE
5
4F4
330
684
100
AcDbEntity
8
0
62
0
6
CONTINUOUS
100
AcDbLine
10
32
20
0
30
0
11
45
21
0
31
0
1001
CONDUITCAD
1000
{"id":"master-water-ro-2"}
0
LINE
5
4F5
330
684
100
AcDbEntity
8
0
62
0
6
CONTINUOUS
100
AcDbLine
10
-7
20
-22
30
0
11
-7
21
22
31
0
1001
CONDUITCAD
1000
{"id":"master-water-ro-3"}
0
LINE
5
4F6
330
684
100
AcDbEntity
8
0
62
0
6
CONTINUOUS
100
AcDbLine
10
7
20
-22
30
0
11
7
21
22
31
0
1001
CONDUITCAD
1000
{"id":"master-water-ro-4"}
0
LINE
5
4F7
330
684
100
AcDbEntity
8
0
62
0
6
CONTINUOUS
100
AcDbLine
10
0
20
-22
30
0
11
0
21
-45
31
0
1001
CONDUITCAD
1000
{"id":"master-water-ro-5"}
0
ENDBLK
5
821
330
684
100
AcDbEntity
8
0
100
AcDbBlockEnd
0
BLOCK
5
822
330
685
100
AcDbEntity
8
0
100
AcDbBlockBegin
2
CC_WATER_UV
70
0
10
0
20
0
30
0
3
CC_WATER_UV
1

1001
CONDUITCAD
1000
{"ports":[{"name":"in","x":-45,"y":0,"dx":-1,"dy":0,"medium":"water","role":"connection"},{"name":"out","x":45,"y":0,"dx":1,"dy":0,"medium":"water","role":"connection"}],"symbol":{"name":"UV disinfect
1000
ion","category":"Water","group":"Treatment & distribution","geometryRevision":3,"standardRefs":["PROJECT"],"convention":"Explicit project drafting convention","conformity":"Original master; not standa
1000
rds-certified","normativeEntry":null,"review":{"level":"geometry-and-convention","dimensionalConformance":"not-verified","note":"New independently constructed CAD master with explicit terminal topolog
1000
y."},"aliases":["water uv"],"defaultLayer":"Water","labelOffset":48,"extents":{"minX":-45,"minY":-22,"maxX":45,"maxY":22}}}
0
LWPOLYLINE
5
4F8
330
685
100
AcDbEntity
8
0
62
0
6
CONTINUOUS
100
AcDbPolyline
90
4
70
1
10
-32
20
-22
10
32
20
-22
10
32
20
22
10
-32
20
22
1001
CONDUITCAD
1000
{"id":"master-water-uv-0"}
0
LINE
5
4F9
330
685
100
AcDbEntity
8
0
62
0
6
CONTINUOUS
100
AcDbLine
10
-45
20
0
30
0
11
-32
21
0
31
0
1001
CONDUITCAD
1000
{"id":"master-water-uv-1"}
0
LINE
5
4FA
330
685
100
AcDbEntity
8
0
62
0
6
CONTINUOUS
100
AcDbLine
10
32
20
0
30
0
11
45
21
0
31
0
1001
CONDUITCAD
1000
{"id":"master-water-uv-2"}
0
LINE
5
4FB
330
685
100
AcDbEntity
8
0
62
0
6
CONTINUOUS
100
AcDbLine
10
-22
20
10
30
0
11
22
21
10
31
0
1001
CONDUITCAD
1000
{"id":"master-water-uv-3"}
0
TEXT
5
4FC
330
685
100
AcDbEntity
8
0
62
0
6
CONTINUOUS
100
AcDbText
10
0
20
-12
30
0
40
13
1
UV
50
0
41
1
7
STANDARD
72
1
11
0
21
-12
31
0
100
AcDbText
73
0
1001
CONDUITCAD
1000
{"id":"master-water-uv-4"}
0
ENDBLK
5
823
330
685
100
AcDbEntity
8
0
100
AcDbBlockEnd
0
BLOCK
5
824
330
686
100
AcDbEntity
8
0
100
AcDbBlockBegin
2
CC_WATER_SCREEN
70
0
10
0
20
0
30
0
3
CC_WATER_SCREEN
1

1001
CONDUITCAD
1000
{"ports":[{"name":"in","x":-45,"y":0,"dx":-1,"dy":0,"medium":"water","role":"connection"},{"name":"out","x":45,"y":0,"dx":1,"dy":0,"medium":"water","role":"connection"}],"symbol":{"name":"Coarse scree
1000
n","category":"Water","group":"Treatment & distribution","geometryRevision":3,"standardRefs":["PROJECT"],"convention":"Explicit project drafting convention","conformity":"Original master; not standard
1000
s-certified","normativeEntry":null,"review":{"level":"geometry-and-convention","dimensionalConformance":"not-verified","note":"New independently constructed CAD master with explicit terminal topology.
1000
"},"aliases":["water screen"],"defaultLayer":"Water","labelOffset":52,"extents":{"minX":-45,"minY":-30,"maxX":45,"maxY":30}}}
0
LWPOLYLINE
5
4FD
330
686
100
AcDbEntity
8
0
62
0
6
CONTINUOUS
100
AcDbPolyline
90
4
70
1
10
-25
20
-30
10
25
20
-30
10
25
20
30
10
-25
20
30
1001
CONDUITCAD
1000
{"id":"master-water-screen-0"}
0
LINE
5
4FE
330
686
100
AcDbEntity
8
0
62
0
6
CONTINUOUS
100
AcDbLine
10
-45
20
0
30
0
11
-25
21
0
31
0
1001
CONDUITCAD
1000
{"id":"master-water-screen-1"}
0
LINE
5
4FF
330
686
100
AcDbEntity
8
0
62
0
6
CONTINUOUS
100
AcDbLine
10
25
20
0
30
0
11
45
21
0
31
0
1001
CONDUITCAD
1000
{"id":"master-water-screen-2"}
0
LINE
5
500
330
686
100
AcDbEntity
8
0
62
0
6
CONTINUOUS
100
AcDbLine
10
-18
20
-30
30
0
11
-18
21
30
31
0
1001
CONDUITCAD
1000
{"id":"master-water-screen-3"}
0
LINE
5
501
330
686
100
AcDbEntity
8
0
62
0
6
CONTINUOUS
100
AcDbLine
10
-9
20
-30
30
0
11
-9
21
30
31
0
1001
CONDUITCAD
1000
{"id":"master-water-screen-4"}
0
LINE
5
502
330
686
100
AcDbEntity
8
0
62
0
6
CONTINUOUS
100
AcDbLine
10
0
20
-30
30
0
11
0
21
30
31
0
1001
CONDUITCAD
1000
{"id":"master-water-screen-5"}
0
LINE
5
503
330
686
100
AcDbEntity
8
0
62
0
6
CONTINUOUS
100
AcDbLine
10
9
20
-30
30
0
11
9
21
30
31
0
1001
CONDUITCAD
1000
{"id":"master-water-screen-6"}
0
LINE
5
504
330
686
100
AcDbEntity
8
0
62
0
6
CONTINUOUS
100
AcDbLine
10
18
20
-30
30
0
11
18
21
30
31
0
1001
CONDUITCAD
1000
{"id":"master-water-screen-7"}
0
ENDBLK
5
825
330
686
100
AcDbEntity
8
0
100
AcDbBlockEnd
0
BLOCK
5
826
330
687
100
AcDbEntity
8
0
100
AcDbBlockBegin
2
CC_WATER_DOSING
70
0
10
0
20
0
30
0
3
CC_WATER_DOSING
1

1001
CONDUITCAD
1000
{"ports":[{"name":"in","x":-45,"y":0,"dx":-1,"dy":0,"medium":"water","role":"connection"},{"name":"out","x":45,"y":0,"dx":1,"dy":0,"medium":"water","role":"connection"}],"symbol":{"name":"Chemical dos
1000
ing pump","category":"Water","group":"Treatment & distribution","geometryRevision":3,"standardRefs":["PROJECT"],"convention":"Explicit project drafting convention","conformity":"Original master; not s
1000
tandards-certified","normativeEntry":null,"review":{"level":"geometry-and-convention","dimensionalConformance":"not-verified","note":"New independently constructed CAD master with explicit terminal to
1000
pology."},"aliases":["water dosing"],"defaultLayer":"Water","labelOffset":48,"extents":{"minX":-45,"minY":-25.970550818758205,"maxX":45,"maxY":26}}}
0
LINE
5
505
330
687
100
AcDbEntity
8
0
62
0
6
CONTINUOUS
100
AcDbLine
10
-45
20
0
30
0
11
-26
21
0
31
0
1001
CONDUITCAD
1000
{"id":"master-water-dosing-0"}
0
LINE
5
506
330
687
100
AcDbEntity
8
0
62
0
6
CONTINUOUS
100
AcDbLine
10
26
20
0
30
0
11
45
21
0
31
0
1001
CONDUITCAD
1000
{"id":"master-water-dosing-1"}
0
CIRCLE
5
507
330
687
100
AcDbEntity
8
0
62
0
6
CONTINUOUS
100
AcDbCircle
10
0
20
0
30
0
40
26
1001
CONDUITCAD
1000
{"id":"master-water-dosing-2"}
0
LWPOLYLINE
5
508
330
687
100
AcDbEntity
8
0
62
0
6
CONTINUOUS
100
AcDbPolyline
90
4
70
1
10
-15
20
-14
10
15
20
-14
10
15
20
14
10
-15
20
14
1001
CONDUITCAD
1000
{"id":"master-water-dosing-3"}
0
LINE
5
509
330
687
100
AcDbEntity
8
0
62
0
6
CONTINUOUS
100
AcDbLine
10
0
20
14
30
0
11
0
21
26
31
0
1001
CONDUITCAD
1000
{"id":"master-water-dosing-4"}
0
ENDBLK
5
827
330
687
100
AcDbEntity
8
0
100
AcDbBlockEnd
0
BLOCK
5
828
330
688
100
AcDbEntity
8
0
100
AcDbBlockBegin
2
CC_WATER_DRAIN
70
0
10
0
20
0
30
0
3
CC_WATER_DRAIN
1

1001
CONDUITCAD
1000
{"ports":[{"name":"waste","x":0,"y":-45,"dx":0,"dy":-1,"medium":"water","role":"connection"}],"symbol":{"name":"Floor drain \u00b7 schematic","category":"Water","group":"Treatment & distribution","geo
1000
metryRevision":3,"standardRefs":["PROJECT"],"convention":"Explicit project drafting convention","conformity":"Original master; not standards-certified","normativeEntry":null,"review":{"level":"geometr
1000
y-and-convention","dimensionalConformance":"not-verified","note":"New independently constructed CAD master with explicit terminal topology."},"aliases":["water drain"],"defaultLayer":"Water","labelOff
1000
set":67,"extents":{"minX":-25,"minY":-45,"maxX":25,"maxY":25}}}
0
LWPOLYLINE
5
50A
330
688
100
AcDbEntity
8
0
62
0
6
CONTINUOUS
100
AcDbPolyline
90
4
70
1
10
-25
20
-25
10
25
20
-25
10
25
20
25
10
-25
20
25
1001
CONDUITCAD
1000
{"id":"master-water-drain-0"}
0
LINE
5
50B
330
688
100
AcDbEntity
8
0
62
0
6
CONTINUOUS
100
AcDbLine
10
-25
20
-25
30
0
11
25
21
25
31
0
1001
CONDUITCAD
1000
{"id":"master-water-drain-1"}
0
LINE
5
50C
330
688
100
AcDbEntity
8
0
62
0
6
CONTINUOUS
100
AcDbLine
10
-25
20
25
30
0
11
25
21
-25
31
0
1001
CONDUITCAD
1000
{"id":"master-water-drain-2"}
0
LINE
5
50D
330
688
100
AcDbEntity
8
0
62
0
6
CONTINUOUS
100
AcDbLine
10
0
20
-25
30
0
11
0
21
-45
31
0
1001
CONDUITCAD
1000
{"id":"master-water-drain-3"}
0
ENDBLK
5
829
330
688
100
AcDbEntity
8
0
100
AcDbBlockEnd
0
BLOCK
5
82A
330
689
100
AcDbEntity
8
0
100
AcDbBlockBegin
2
CC_WATER_TAP
70
0
10
0
20
0
30
0
3
CC_WATER_TAP
1

1001
CONDUITCAD
1000
{"ports":[{"name":"supply","x":-45,"y":0,"dx":-1,"dy":0,"medium":"water","role":"connection"},{"name":"outlet","x":30,"y":-20,"dx":1,"dy":0,"medium":"water","role":"connection"}],"symbol":{"name":"Wat
1000
er draw-off tap","category":"Water","group":"Treatment & distribution","geometryRevision":3,"standardRefs":["PROJECT"],"convention":"Explicit project drafting convention","conformity":"Original master
1000
; not standards-certified","normativeEntry":null,"review":{"level":"geometry-and-convention","dimensionalConformance":"not-verified","note":"New independently constructed CAD master with explicit term
1000
inal topology."},"aliases":["water tap"],"defaultLayer":"Water","labelOffset":48,"extents":{"minX":-45,"minY":-20,"maxX":30,"maxY":20}}}
0
LWPOLYLINE
5
50E
330
689
100
AcDbEntity
8
0
62
0
6
CONTINUOUS
100
AcDbPolyline
90
4
70
0
10
-45
20
0
10
8
20
0
10
8
20
-20
10
30
20
-20
1001
CONDUITCAD
1000
{"id":"master-water-tap-0"}
0
LINE
5
50F
330
689
100
AcDbEntity
8
0
62
0
6
CONTINUOUS
100
AcDbLine
10
-8
20
0
30
0
11
-8
21
20
31
0
1001
CONDUITCAD
1000
{"id":"master-water-tap-1"}
0
LINE
5
510
330
689
100
AcDbEntity
8
0
62
0
6
CONTINUOUS
100
AcDbLine
10
-20
20
20
30
0
11
4
21
20
31
0
1001
CONDUITCAD
1000
{"id":"master-water-tap-2"}
0
ENDBLK
5
82B
330
689
100
AcDbEntity
8
0
100
AcDbBlockEnd
0
BLOCK
5
82C
330
68A
100
AcDbEntity
8
0
100
AcDbBlockBegin
2
CC_WATER_SUMP
70
0
10
0
20
0
30
0
3
CC_WATER_SUMP
1

1001
CONDUITCAD
1000
{"ports":[{"name":"in","x":-45,"y":0,"dx":-1,"dy":0,"medium":"water","role":"connection"},{"name":"out","x":45,"y":0,"dx":1,"dy":0,"medium":"water","role":"connection"}],"symbol":{"name":"Sump / colle
1000
ction pit","category":"Water","group":"Treatment & distribution","geometryRevision":3,"standardRefs":["PROJECT"],"convention":"Explicit project drafting convention","conformity":"Original master; not 
1000
standards-certified","normativeEntry":null,"review":{"level":"geometry-and-convention","dimensionalConformance":"not-verified","note":"New independently constructed CAD master with explicit terminal t
1000
opology."},"aliases":["water sump"],"defaultLayer":"Water","labelOffset":52,"extents":{"minX":-45,"minY":-30,"maxX":45,"maxY":28}}}
0
LWPOLYLINE
5
511
330
68A
100
AcDbEntity
8
0
62
0
6
CONTINUOUS
100
AcDbPolyline
90
4
70
0
10
-32
20
28
10
-32
20
-30
10
32
20
-30
10
32
20
28
1001
CONDUITCAD
1000
{"id":"master-water-sump-0"}
0
LINE
5
512
330
68A
100
AcDbEntity
8
0
62
0
6
CONTINUOUS
100
AcDbLine
10
-45
20
0
30
0
11
-32
21
0
31
0
1001
CONDUITCAD
1000
{"id":"master-water-sump-1"}
0
LINE
5
513
330
68A
100
AcDbEntity
8
0
62
0
6
CONTINUOUS
100
AcDbLine
10
32
20
0
30
0
11
45
21
0
31
0
1001
CONDUITCAD
1000
{"id":"master-water-sump-2"}
0
LINE
5
514
330
68A
100
AcDbEntity
8
0
62
0
6
CONTINUOUS
100
AcDbLine
10
-28
20
-6
30
0
11
28
21
-6
31
0
1001
CONDUITCAD
1000
{"id":"master-water-sump-3"}
0
ENDBLK
5
82D
330
68A
100
AcDbEntity
8
0
100
AcDbBlockEnd
0
BLOCK
5
82E
330
68B
100
AcDbEntity
8
0
100
AcDbBlockBegin
2
CC_WATER_AIR_RELEASE
70
0
10
0
20
0
30
0
3
CC_WATER_AIR_RELEASE
1

1001
CONDUITCAD
1000
{"ports":[{"name":"water","x":0,"y":-45,"dx":0,"dy":-1,"medium":"water","role":"connection"},{"name":"vent","x":22,"y":38,"dx":1,"dy":0,"medium":"water","role":"connection"}],"symbol":{"name":"Automat
1000
ic air-release valve","category":"Water","group":"Treatment & distribution","geometryRevision":3,"standardRefs":["PROJECT"],"convention":"Explicit project drafting convention","conformity":"Original m
1000
aster; not standards-certified","normativeEntry":null,"review":{"level":"geometry-and-convention","dimensionalConformance":"not-verified","note":"New independently constructed CAD master with explicit
1000
 terminal topology."},"aliases":["water air release"],"defaultLayer":"Water","labelOffset":67,"extents":{"minX":-18,"minY":-45,"maxX":22,"maxY":38}}}
0
LWPOLYLINE
5
515
330
68B
100
AcDbEntity
8
0
62
0
6
CONTINUOUS
100
AcDbPolyline
90
4
70
1
10
-18
20
-25
10
18
20
-25
10
18
20
25
10
-18
20
25
1001
CONDUITCAD
1000
{"id":"master-water-air-release-0"}
0
CIRCLE
5
516
330
68B
100
AcDbEntity
8
0
62
0
6
CONTINUOUS
100
AcDbCircle
10
0
20
-8
30
0
40
10
1001
CONDUITCAD
1000
{"id":"master-water-air-release-1"}
0
LINE
5
517
330
68B
100
AcDbEntity
8
0
62
0
6
CONTINUOUS
100
AcDbLine
10
0
20
-25
30
0
11
0
21
-45
31
0
1001
CONDUITCAD
1000
{"id":"master-water-air-release-2"}
0
LWPOLYLINE
5
518
330
68B
100
AcDbEntity
8
0
62
0
6
CONTINUOUS
100
AcDbPolyline
90
3
70
0
10
0
20
25
10
0
20
38
10
22
20
38
1001
CONDUITCAD
1000
{"id":"master-water-air-release-3"}
0
ENDBLK
5
82F
330
68B
100
AcDbEntity
8
0
100
AcDbBlockEnd
0
BLOCK
5
830
330
68C
100
AcDbEntity
8
0
100
AcDbBlockBegin
2
CC_AUTO_PLC
70
0
10
0
20
0
30
0
3
CC_AUTO_PLC
1

1001
CONDUITCAD
1000
{"ports":[{"name":"in","x":-45,"y":0,"dx":-1,"dy":0,"medium":"signal","role":"connection"},{"name":"out","x":45,"y":0,"dx":1,"dy":0,"medium":"signal","role":"connection"}],"symbol":{"name":"Programmab
1000
le logic controller","category":"Automation","group":"Control & I/O","representation":"functional block","geometryRevision":3,"standardRefs":["PROJECT"],"convention":"Explicit project drafting convent
1000
ion","conformity":"Original master; not standards-certified","normativeEntry":null,"review":{"level":"geometry-and-convention","dimensionalConformance":"not-verified","note":"New independently constru
1000
cted CAD master with explicit terminal topology."},"aliases":["auto plc"],"defaultLayer":"Automation","labelOffset":48,"extents":{"minX":-45,"minY":-22,"maxX":45,"maxY":22}}}
0
LWPOLYLINE
5
519
330
68C
100
AcDbEntity
8
0
62
0
6
CONTINUOUS
100
AcDbPolyline
90
4
70
1
10
-32
20
-22
10
32
20
-22
10
32
20
22
10
-32
20
22
1001
CONDUITCAD
1000
{"id":"master-auto-plc-0"}
0
LINE
5
51A
330
68C
100
AcDbEntity
8
0
62
0
6
CONTINUOUS
100
AcDbLine
10
-45
20
0
30
0
11
-32
21
0
31
0
1001
CONDUITCAD
1000
{"id":"master-auto-plc-1"}
0
LINE
5
51B
330
68C
100
AcDbEntity
8
0
62
0
6
CONTINUOUS
100
AcDbLine
10
32
20
0
30
0
11
45
21
0
31
0
1001
CONDUITCAD
1000
{"id":"master-auto-plc-2"}
0
TEXT
5
51C
330
68C
100
AcDbEntity
8
0
62
0
6
CONTINUOUS
100
AcDbText
10
0
20
-4
30
0
40
11
1
PLC
50
0
41
1
7
STANDARD
72
1
11
0
21
-4
31
0
100
AcDbText
73
0
1001
CONDUITCAD
1000
{"id":"master-auto-plc-3"}
0
ENDBLK
5
831
330
68C
100
AcDbEntity
8
0
100
AcDbBlockEnd
0
BLOCK
5
832
330
68D
100
AcDbEntity
8
0
100
AcDbBlockBegin
2
CC_AUTO_DI
70
0
10
0
20
0
30
0
3
CC_AUTO_DI
1

1001
CONDUITCAD
1000
{"ports":[{"name":"in","x":-45,"y":0,"dx":-1,"dy":0,"medium":"signal","role":"connection"},{"name":"out","x":45,"y":0,"dx":1,"dy":0,"medium":"signal","role":"connection"}],"symbol":{"name":"Digital in
1000
put module","category":"Automation","group":"Control & I/O","representation":"functional block","geometryRevision":3,"standardRefs":["PROJECT"],"convention":"Explicit project drafting convention","con
1000
formity":"Original master; not standards-certified","normativeEntry":null,"review":{"level":"geometry-and-convention","dimensionalConformance":"not-verified","note":"New independently constructed CAD 
1000
master with explicit terminal topology."},"aliases":["auto di"],"defaultLayer":"Automation","labelOffset":48,"extents":{"minX":-45,"minY":-22,"maxX":45,"maxY":22}}}
0
LWPOLYLINE
5
51D
330
68D
100
AcDbEntity
8
0
62
0
6
CONTINUOUS
100
AcDbPolyline
90
4
70
1
10
-32
20
-22
10
32
20
-22
10
32
20
22
10
-32
20
22
1001
CONDUITCAD
1000
{"id":"master-auto-di-0"}
0
LINE
5
51E
330
68D
100
AcDbEntity
8
0
62
0
6
CONTINUOUS
100
AcDbLine
10
-45
20
0
30
0
11
-32
21
0
31
0
1001
CONDUITCAD
1000
{"id":"master-auto-di-1"}
0
LINE
5
51F
330
68D
100
AcDbEntity
8
0
62
0
6
CONTINUOUS
100
AcDbLine
10
32
20
0
30
0
11
45
21
0
31
0
1001
CONDUITCAD
1000
{"id":"master-auto-di-2"}
0
TEXT
5
520
330
68D
100
AcDbEntity
8
0
62
0
6
CONTINUOUS
100
AcDbText
10
0
20
-4
30
0
40
11
1
DI
50
0
41
1
7
STANDARD
72
1
11
0
21
-4
31
0
100
AcDbText
73
0
1001
CONDUITCAD
1000
{"id":"master-auto-di-3"}
0
ENDBLK
5
833
330
68D
100
AcDbEntity
8
0
100
AcDbBlockEnd
0
BLOCK
5
834
330
68E
100
AcDbEntity
8
0
100
AcDbBlockBegin
2
CC_AUTO_DO
70
0
10
0
20
0
30
0
3
CC_AUTO_DO
1

1001
CONDUITCAD
1000
{"ports":[{"name":"in","x":-45,"y":0,"dx":-1,"dy":0,"medium":"signal","role":"connection"},{"name":"out","x":45,"y":0,"dx":1,"dy":0,"medium":"signal","role":"connection"}],"symbol":{"name":"Digital ou
1000
tput module","category":"Automation","group":"Control & I/O","representation":"functional block","geometryRevision":3,"standardRefs":["PROJECT"],"convention":"Explicit project drafting convention","co
1000
nformity":"Original master; not standards-certified","normativeEntry":null,"review":{"level":"geometry-and-convention","dimensionalConformance":"not-verified","note":"New independently constructed CAD
1000
 master with explicit terminal topology."},"aliases":["auto do"],"defaultLayer":"Automation","labelOffset":48,"extents":{"minX":-45,"minY":-22,"maxX":45,"maxY":22}}}
0
LWPOLYLINE
5
521
330
68E
100
AcDbEntity
8
0
62
0
6
CONTINUOUS
100
AcDbPolyline
90
4
70
1
10
-32
20
-22
10
32
20
-22
10
32
20
22
10
-32
20
22
1001
CONDUITCAD
1000
{"id":"master-auto-do-0"}
0
LINE
5
522
330
68E
100
AcDbEntity
8
0
62
0
6
CONTINUOUS
100
AcDbLine
10
-45
20
0
30
0
11
-32
21
0
31
0
1001
CONDUITCAD
1000
{"id":"master-auto-do-1"}
0
LINE
5
523
330
68E
100
AcDbEntity
8
0
62
0
6
CONTINUOUS
100
AcDbLine
10
32
20
0
30
0
11
45
21
0
31
0
1001
CONDUITCAD
1000
{"id":"master-auto-do-2"}
0
TEXT
5
524
330
68E
100
AcDbEntity
8
0
62
0
6
CONTINUOUS
100
AcDbText
10
0
20
-4
30
0
40
11
1
DO
50
0
41
1
7
STANDARD
72
1
11
0
21
-4
31
0
100
AcDbText
73
0
1001
CONDUITCAD
1000
{"id":"master-auto-do-3"}
0
ENDBLK
5
835
330
68E
100
AcDbEntity
8
0
100
AcDbBlockEnd
0
BLOCK
5
836
330
68F
100
AcDbEntity
8
0
100
AcDbBlockBegin
2
CC_AUTO_AI
70
0
10
0
20
0
30
0
3
CC_AUTO_AI
1

1001
CONDUITCAD
1000
{"ports":[{"name":"in","x":-45,"y":0,"dx":-1,"dy":0,"medium":"signal","role":"connection"},{"name":"out","x":45,"y":0,"dx":1,"dy":0,"medium":"signal","role":"connection"}],"symbol":{"name":"Analog inp
1000
ut module","category":"Automation","group":"Control & I/O","representation":"functional block","geometryRevision":3,"standardRefs":["PROJECT"],"convention":"Explicit project drafting convention","conf
1000
ormity":"Original master; not standards-certified","normativeEntry":null,"review":{"level":"geometry-and-convention","dimensionalConformance":"not-verified","note":"New independently constructed CAD m
1000
aster with explicit terminal topology."},"aliases":["auto ai"],"defaultLayer":"Automation","labelOffset":48,"extents":{"minX":-45,"minY":-22,"maxX":45,"maxY":22}}}
0
LWPOLYLINE
5
525
330
68F
100
AcDbEntity
8
0
62
0
6
CONTINUOUS
100
AcDbPolyline
90
4
70
1
10
-32
20
-22
10
32
20
-22
10
32
20
22
10
-32
20
22
1001
CONDUITCAD
1000
{"id":"master-auto-ai-0"}
0
LINE
5
526
330
68F
100
AcDbEntity
8
0
62
0
6
CONTINUOUS
100
AcDbLine
10
-45
20
0
30
0
11
-32
21
0
31
0
1001
CONDUITCAD
1000
{"id":"master-auto-ai-1"}
0
LINE
5
527
330
68F
100
AcDbEntity
8
0
62
0
6
CONTINUOUS
100
AcDbLine
10
32
20
0
30
0
11
45
21
0
31
0
1001
CONDUITCAD
1000
{"id":"master-auto-ai-2"}
0
TEXT
5
528
330
68F
100
AcDbEntity
8
0
62
0
6
CONTINUOUS
100
AcDbText
10
0
20
-4
30
0
40
11
1
AI
50
0
41
1
7
STANDARD
72
1
11
0
21
-4
31
0
100
AcDbText
73
0
1001
CONDUITCAD
1000
{"id":"master-auto-ai-3"}
0
ENDBLK
5
837
330
68F
100
AcDbEntity
8
0
100
AcDbBlockEnd
0
BLOCK
5
838
330
690
100
AcDbEntity
8
0
100
AcDbBlockBegin
2
CC_AUTO_AO
70
0
10
0
20
0
30
0
3
CC_AUTO_AO
1

1001
CONDUITCAD
1000
{"ports":[{"name":"in","x":-45,"y":0,"dx":-1,"dy":0,"medium":"signal","role":"connection"},{"name":"out","x":45,"y":0,"dx":1,"dy":0,"medium":"signal","role":"connection"}],"symbol":{"name":"Analog out
1000
put module","category":"Automation","group":"Control & I/O","representation":"functional block","geometryRevision":3,"standardRefs":["PROJECT"],"convention":"Explicit project drafting convention","con
1000
formity":"Original master; not standards-certified","normativeEntry":null,"review":{"level":"geometry-and-convention","dimensionalConformance":"not-verified","note":"New independently constructed CAD 
1000
master with explicit terminal topology."},"aliases":["auto ao"],"defaultLayer":"Automation","labelOffset":48,"extents":{"minX":-45,"minY":-22,"maxX":45,"maxY":22}}}
0
LWPOLYLINE
5
529
330
690
100
AcDbEntity
8
0
62
0
6
CONTINUOUS
100
AcDbPolyline
90
4
70
1
10
-32
20
-22
10
32
20
-22
10
32
20
22
10
-32
20
22
1001
CONDUITCAD
1000
{"id":"master-auto-ao-0"}
0
LINE
5
52A
330
690
100
AcDbEntity
8
0
62
0
6
CONTINUOUS
100
AcDbLine
10
-45
20
0
30
0
11
-32
21
0
31
0
1001
CONDUITCAD
1000
{"id":"master-auto-ao-1"}
0
LINE
5
52B
330
690
100
AcDbEntity
8
0
62
0
6
CONTINUOUS
100
AcDbLine
10
32
20
0
30
0
11
45
21
0
31
0
1001
CONDUITCAD
1000
{"id":"master-auto-ao-2"}
0
TEXT
5
52C
330
690
100
AcDbEntity
8
0
62
0
6
CONTINUOUS
100
AcDbText
10
0
20
-4
30
0
40
11
1
AO
50
0
41
1
7
STANDARD
72
1
11
0
21
-4
31
0
100
AcDbText
73
0
1001
CONDUITCAD
1000
{"id":"master-auto-ao-3"}
0
ENDBLK
5
839
330
690
100
AcDbEntity
8
0
100
AcDbBlockEnd
0
BLOCK
5
83A
330
691
100
AcDbEntity
8
0
100
AcDbBlockBegin
2
CC_AUTO_VFD
70
0
10
0
20
0
30
0
3
CC_AUTO_VFD
1

1001
CONDUITCAD
1000
{"ports":[{"name":"in","x":-45,"y":0,"dx":-1,"dy":0,"medium":"signal","role":"connection"},{"name":"out","x":45,"y":0,"dx":1,"dy":0,"medium":"signal","role":"connection"}],"symbol":{"name":"Variable-f
1000
requency drive","category":"Automation","group":"Control & I/O","representation":"functional block","geometryRevision":3,"standardRefs":["PROJECT"],"convention":"Explicit project drafting convention",
1000
"conformity":"Original master; not standards-certified","normativeEntry":null,"review":{"level":"geometry-and-convention","dimensionalConformance":"not-verified","note":"New independently constructed 
1000
CAD master with explicit terminal topology."},"aliases":["auto vfd"],"defaultLayer":"Automation","labelOffset":48,"extents":{"minX":-45,"minY":-22,"maxX":45,"maxY":22}}}
0
LWPOLYLINE
5
52D
330
691
100
AcDbEntity
8
0
62
0
6
CONTINUOUS
100
AcDbPolyline
90
4
70
1
10
-32
20
-22
10
32
20
-22
10
32
20
22
10
-32
20
22
1001
CONDUITCAD
1000
{"id":"master-auto-vfd-0"}
0
LINE
5
52E
330
691
100
AcDbEntity
8
0
62
0
6
CONTINUOUS
100
AcDbLine
10
-45
20
0
30
0
11
-32
21
0
31
0
1001
CONDUITCAD
1000
{"id":"master-auto-vfd-1"}
0
LINE
5
52F
330
691
100
AcDbEntity
8
0
62
0
6
CONTINUOUS
100
AcDbLine
10
32
20
0
30
0
11
45
21
0
31
0
1001
CONDUITCAD
1000
{"id":"master-auto-vfd-2"}
0
TEXT
5
530
330
691
100
AcDbEntity
8
0
62
0
6
CONTINUOUS
100
AcDbText
10
0
20
-4
30
0
40
11
1
VFD
50
0
41
1
7
STANDARD
72
1
11
0
21
-4
31
0
100
AcDbText
73
0
1001
CONDUITCAD
1000
{"id":"master-auto-vfd-3"}
0
ENDBLK
5
83B
330
691
100
AcDbEntity
8
0
100
AcDbBlockEnd
0
BLOCK
5
83C
330
692
100
AcDbEntity
8
0
100
AcDbBlockBegin
2
CC_AUTO_SAFETY_RELAY
70
0
10
0
20
0
30
0
3
CC_AUTO_SAFETY_RELAY
1

1001
CONDUITCAD
1000
{"ports":[{"name":"in","x":-45,"y":0,"dx":-1,"dy":0,"medium":"signal","role":"connection"},{"name":"out","x":45,"y":0,"dx":1,"dy":0,"medium":"signal","role":"connection"}],"symbol":{"name":"Safety rel
1000
ay \u00b7 functional","category":"Automation","group":"Control & I/O","representation":"functional block","geometryRevision":3,"standardRefs":["PROJECT"],"convention":"Explicit project drafting conven
1000
tion","conformity":"Original master; not standards-certified","normativeEntry":null,"review":{"level":"geometry-and-convention","dimensionalConformance":"not-verified","note":"New independently constr
1000
ucted CAD master with explicit terminal topology."},"aliases":["auto safety relay"],"defaultLayer":"Automation","labelOffset":48,"extents":{"minX":-45,"minY":-22,"maxX":45,"maxY":22}}}
0
LWPOLYLINE
5
531
330
692
100
AcDbEntity
8
0
62
0
6
CONTINUOUS
100
AcDbPolyline
90
4
70
1
10
-32
20
-22
10
32
20
-22
10
32
20
22
10
-32
20
22
1001
CONDUITCAD
1000
{"id":"master-auto-safety-relay-0"}
0
LINE
5
532
330
692
100
AcDbEntity
8
0
62
0
6
CONTINUOUS
100
AcDbLine
10
-45
20
0
30
0
11
-32
21
0
31
0
1001
CONDUITCAD
1000
{"id":"master-auto-safety-relay-1"}
0
LINE
5
533
330
692
100
AcDbEntity
8
0
62
0
6
CONTINUOUS
100
AcDbLine
10
32
20
0
30
0
11
45
21
0
31
0
1001
CONDUITCAD
1000
{"id":"master-auto-safety-relay-2"}
0
TEXT
5
534
330
692
100
AcDbEntity
8
0
62
0
6
CONTINUOUS
100
AcDbText
10
0
20
-4
30
0
40
11
1
SAFE
50
0
41
1
7
STANDARD
72
1
11
0
21
-4
31
0
100
AcDbText
73
0
1001
CONDUITCAD
1000
{"id":"master-auto-safety-relay-3"}
0
ENDBLK
5
83D
330
692
100
AcDbEntity
8
0
100
AcDbBlockEnd
0
BLOCK
5
83E
330
693
100
AcDbEntity
8
0
100
AcDbBlockBegin
2
CC_AUTO_PID_BLOCK
70
0
10
0
20
0
30
0
3
CC_AUTO_PID_BLOCK
1

1001
CONDUITCAD
1000
{"ports":[{"name":"in","x":-45,"y":0,"dx":-1,"dy":0,"medium":"signal","role":"connection"},{"name":"out","x":45,"y":0,"dx":1,"dy":0,"medium":"signal","role":"connection"}],"symbol":{"name":"PID contro
1000
l function","category":"Automation","group":"Control & I/O","representation":"functional block","geometryRevision":3,"standardRefs":["PROJECT"],"convention":"Explicit project drafting convention","con
1000
formity":"Original master; not standards-certified","normativeEntry":null,"review":{"level":"geometry-and-convention","dimensionalConformance":"not-verified","note":"New independently constructed CAD 
1000
master with explicit terminal topology."},"aliases":["auto pid block"],"defaultLayer":"Automation","labelOffset":48,"extents":{"minX":-45,"minY":-22,"maxX":45,"maxY":22}}}
0
LWPOLYLINE
5
535
330
693
100
AcDbEntity
8
0
62
0
6
CONTINUOUS
100
AcDbPolyline
90
4
70
1
10
-32
20
-22
10
32
20
-22
10
32
20
22
10
-32
20
22
1001
CONDUITCAD
1000
{"id":"master-auto-pid-block-0"}
0
LINE
5
536
330
693
100
AcDbEntity
8
0
62
0
6
CONTINUOUS
100
AcDbLine
10
-45
20
0
30
0
11
-32
21
0
31
0
1001
CONDUITCAD
1000
{"id":"master-auto-pid-block-1"}
0
LINE
5
537
330
693
100
AcDbEntity
8
0
62
0
6
CONTINUOUS
100
AcDbLine
10
32
20
0
30
0
11
45
21
0
31
0
1001
CONDUITCAD
1000
{"id":"master-auto-pid-block-2"}
0
TEXT
5
538
330
693
100
AcDbEntity
8
0
62
0
6
CONTINUOUS
100
AcDbText
10
0
20
-4
30
0
40
11
1
PID
50
0
41
1
7
STANDARD
72
1
11
0
21
-4
31
0
100
AcDbText
73
0
1001
CONDUITCAD
1000
{"id":"master-auto-pid-block-3"}
0
ENDBLK
5
83F
330
693
100
AcDbEntity
8
0
100
AcDbBlockEnd
0
BLOCK
5
840
330
694
100
AcDbEntity
8
0
100
AcDbBlockBegin
2
CC_AUTO_GATEWAY
70
0
10
0
20
0
30
0
3
CC_AUTO_GATEWAY
1

1001
CONDUITCAD
1000
{"ports":[{"name":"in","x":-45,"y":0,"dx":-1,"dy":0,"medium":"signal","role":"connection"},{"name":"out","x":45,"y":0,"dx":1,"dy":0,"medium":"signal","role":"connection"}],"symbol":{"name":"Industrial
1000
 protocol gateway","category":"Automation","group":"Control & I/O","representation":"functional block","geometryRevision":3,"standardRefs":["PROJECT"],"convention":"Explicit project drafting conventio
1000
n","conformity":"Original master; not standards-certified","normativeEntry":null,"review":{"level":"geometry-and-convention","dimensionalConformance":"not-verified","note":"New independently construct
1000
ed CAD master with explicit terminal topology."},"aliases":["auto gateway"],"defaultLayer":"Automation","labelOffset":48,"extents":{"minX":-45,"minY":-22,"maxX":45,"maxY":22}}}
0
LWPOLYLINE
5
539
330
694
100
AcDbEntity
8
0
62
0
6
CONTINUOUS
100
AcDbPolyline
90
4
70
1
10
-32
20
-22
10
32
20
-22
10
32
20
22
10
-32
20
22
1001
CONDUITCAD
1000
{"id":"master-auto-gateway-0"}
0
LINE
5
53A
330
694
100
AcDbEntity
8
0
62
0
6
CONTINUOUS
100
AcDbLine
10
-45
20
0
30
0
11
-32
21
0
31
0
1001
CONDUITCAD
1000
{"id":"master-auto-gateway-1"}
0
LINE
5
53B
330
694
100
AcDbEntity
8
0
62
0
6
CONTINUOUS
100
AcDbLine
10
32
20
0
30
0
11
45
21
0
31
0
1001
CONDUITCAD
1000
{"id":"master-auto-gateway-2"}
0
TEXT
5
53C
330
694
100
AcDbEntity
8
0
62
0
6
CONTINUOUS
100
AcDbText
10
0
20
-4
30
0
40
11
1
GW
50
0
41
1
7
STANDARD
72
1
11
0
21
-4
31
0
100
AcDbText
73
0
1001
CONDUITCAD
1000
{"id":"master-auto-gateway-3"}
0
ENDBLK
5
841
330
694
100
AcDbEntity
8
0
100
AcDbBlockEnd
0
BLOCK
5
842
330
695
100
AcDbEntity
8
0
100
AcDbBlockBegin
2
CC_AUTO_HMI
70
0
10
0
20
0
30
0
3
CC_AUTO_HMI
1

1001
CONDUITCAD
1000
{"ports":[{"name":"in","x":-45,"y":0,"dx":-1,"dy":0,"medium":"signal","role":"connection"},{"name":"out","x":45,"y":0,"dx":1,"dy":0,"medium":"signal","role":"connection"}],"symbol":{"name":"Operator H
1000
MI","category":"Automation","group":"Control & I/O","geometryRevision":3,"standardRefs":["PROJECT"],"convention":"Explicit project drafting convention","conformity":"Original master; not standards-cer
1000
tified","normativeEntry":null,"review":{"level":"geometry-and-convention","dimensionalConformance":"not-verified","note":"New independently constructed CAD master with explicit terminal topology."},"a
1000
liases":["auto hmi"],"defaultLayer":"Automation","labelOffset":48,"extents":{"minX":-45,"minY":-24,"maxX":45,"maxY":24}}}
0
LWPOLYLINE
5
53D
330
695
100
AcDbEntity
8
0
62
0
6
CONTINUOUS
100
AcDbPolyline
90
4
70
1
10
-32
20
-24
10
32
20
-24
10
32
20
24
10
-32
20
24
1001
CONDUITCAD
1000
{"id":"master-auto-hmi-0"}
0
LWPOLYLINE
5
53E
330
695
100
AcDbEntity
8
0
62
0
6
CONTINUOUS
100
AcDbPolyline
90
4
70
1
10
-25
20
-14
10
25
20
-14
10
25
20
17
10
-25
20
17
1001
CONDUITCAD
1000
{"id":"master-auto-hmi-1"}
0
CIRCLE
5
53F
330
695
100
AcDbEntity
8
0
62
0
6
CONTINUOUS
100
AcDbCircle
10
0
20
-19
30
0
40
2
1001
CONDUITCAD
1000
{"id":"master-auto-hmi-2"}
0
LINE
5
540
330
695
100
AcDbEntity
8
0
62
0
6
CONTINUOUS
100
AcDbLine
10
-45
20
0
30
0
11
-32
21
0
31
0
1001
CONDUITCAD
1000
{"id":"master-auto-hmi-3"}
0
LINE
5
541
330
695
100
AcDbEntity
8
0
62
0
6
CONTINUOUS
100
AcDbLine
10
32
20
0
30
0
11
45
21
0
31
0
1001
CONDUITCAD
1000
{"id":"master-auto-hmi-4"}
0
TEXT
5
542
330
695
100
AcDbEntity
8
0
62
0
6
CONTINUOUS
100
AcDbText
10
0
20
-2
30
0
40
12
1
HMI
50
0
41
1
7
STANDARD
72
1
11
0
21
-2
31
0
100
AcDbText
73
0
1001
CONDUITCAD
1000
{"id":"master-auto-hmi-5"}
0
ENDBLK
5
843
330
695
100
AcDbEntity
8
0
100
AcDbBlockEnd
0
BLOCK
5
844
330
696
100
AcDbEntity
8
0
100
AcDbBlockBegin
2
CC_AUTO_PROXIMITY
70
0
10
0
20
0
30
0
3
CC_AUTO_PROXIMITY
1

1001
CONDUITCAD
1000
{"ports":[{"name":"in","x":-45,"y":0,"dx":-1,"dy":0,"medium":"signal","role":"connection"},{"name":"out","x":45,"y":0,"dx":1,"dy":0,"medium":"signal","role":"connection"}],"symbol":{"name":"Inductive 
1000
proximity sensor","category":"Automation","group":"Sensors","geometryRevision":3,"standardRefs":["PROJECT"],"convention":"Explicit project drafting convention","conformity":"Original master; not stand
1000
ards-certified","normativeEntry":null,"review":{"level":"geometry-and-convention","dimensionalConformance":"not-verified","note":"New independently constructed CAD master with explicit terminal topolo
1000
gy."},"aliases":["auto proximity"],"defaultLayer":"Automation","labelOffset":48,"extents":{"minX":-45,"minY":-18,"maxX":45,"maxY":18}}}
0
LWPOLYLINE
5
543
330
696
100
AcDbEntity
8
0
62
0
6
CONTINUOUS
100
AcDbPolyline
90
4
70
1
10
-27
20
-18
10
27
20
-18
10
27
20
18
10
-27
20
18
1001
CONDUITCAD
1000
{"id":"master-auto-proximity-0"}
0
LINE
5
544
330
696
100
AcDbEntity
8
0
62
0
6
CONTINUOUS
100
AcDbLine
10
-45
20
0
30
0
11
-27
21
0
31
0
1001
CONDUITCAD
1000
{"id":"master-auto-proximity-1"}
0
LINE
5
545
330
696
100
AcDbEntity
8
0
62
0
6
CONTINUOUS
100
AcDbLine
10
27
20
0
30
0
11
45
21
0
31
0
1001
CONDUITCAD
1000
{"id":"master-auto-proximity-2"}
0
LINE
5
546
330
696
100
AcDbEntity
8
0
62
0
6
CONTINUOUS
100
AcDbLine
10
-18
20
-8
30
0
11
-18
21
8
31
0
1001
CONDUITCAD
1000
{"id":"master-auto-proximity-3"}
0
ARC
5
547
330
696
100
AcDbEntity
8
0
62
0
6
CONTINUOUS
100
AcDbCircle
10
-8
20
0
30
0
40
7
100
AcDbArc
50
-90
51
90
1001
CONDUITCAD
1000
{"id":"master-auto-proximity-4"}
0
ARC
5
548
330
696
100
AcDbEntity
8
0
62
0
6
CONTINUOUS
100
AcDbCircle
10
1
20
0
30
0
40
7
100
AcDbArc
50
-90
51
90
1001
CONDUITCAD
1000
{"id":"master-auto-proximity-5"}
0
ARC
5
549
330
696
100
AcDbEntity
8
0
62
0
6
CONTINUOUS
100
AcDbCircle
10
10
20
0
30
0
40
7
100
AcDbArc
50
-90
51
90
1001
CONDUITCAD
1000
{"id":"master-auto-proximity-6"}
0
ENDBLK
5
845
330
696
100
AcDbEntity
8
0
100
AcDbBlockEnd
0
BLOCK
5
846
330
697
100
AcDbEntity
8
0
100
AcDbBlockBegin
2
CC_AUTO_PHOTOEYE
70
0
10
0
20
0
30
0
3
CC_AUTO_PHOTOEYE
1

1001
CONDUITCAD
1000
{"ports":[{"name":"in","x":-45,"y":0,"dx":-1,"dy":0,"medium":"signal","role":"connection"},{"name":"out","x":45,"y":0,"dx":1,"dy":0,"medium":"signal","role":"connection"}],"symbol":{"name":"Photoelect
1000
ric sensor","category":"Automation","group":"Sensors","geometryRevision":3,"standardRefs":["PROJECT"],"convention":"Explicit project drafting convention","conformity":"Original master; not standards-c
1000
ertified","normativeEntry":null,"review":{"level":"geometry-and-convention","dimensionalConformance":"not-verified","note":"New independently constructed CAD master with explicit terminal topology."},
1000
"aliases":["auto photoeye"],"defaultLayer":"Automation","labelOffset":48,"extents":{"minX":-45,"minY":-18,"maxX":45,"maxY":18}}}
0
LWPOLYLINE
5
54A
330
697
100
AcDbEntity
8
0
62
0
6
CONTINUOUS
100
AcDbPolyline
90
4
70
1
10
-27
20
-18
10
27
20
-18
10
27
20
18
10
-27
20
18
1001
CONDUITCAD
1000
{"id":"master-auto-photoeye-0"}
0
LINE
5
54B
330
697
100
AcDbEntity
8
0
62
0
6
CONTINUOUS
100
AcDbLine
10
-45
20
0
30
0
11
-27
21
0
31
0
1001
CONDUITCAD
1000
{"id":"master-auto-photoeye-1"}
0
LINE
5
54C
330
697
100
AcDbEntity
8
0
62
0
6
CONTINUOUS
100
AcDbLine
10
27
20
0
30
0
11
45
21
0
31
0
1001
CONDUITCAD
1000
{"id":"master-auto-photoeye-2"}
0
LINE
5
54D
330
697
100
AcDbEntity
8
0
62
0
6
CONTINUOUS
100
AcDbLine
10
-17
20
-9
30
0
11
0
21
9
31
0
1001
CONDUITCAD
1000
{"id":"master-auto-photoeye-3"}
0
LWPOLYLINE
5
54E
330
697
100
AcDbEntity
8
0
62
0
6
CONTINUOUS
100
AcDbPolyline
90
3
70
1
10
0
20
9
10
-7.09645616127794
20
6.073772060986984
10
-2.51627330021409
20
1.748043803315571
1001
CONDUITCAD
1000
{"id":"master-auto-photoeye-4"}
0
LINE
5
54F
330
697
100
AcDbEntity
8
0
62
0
6
CONTINUOUS
100
AcDbLine
10
0
20
-9
30
0
11
17
21
9
31
0
1001
CONDUITCAD
1000
{"id":"master-auto-photoeye-5"}
0
LWPOLYLINE
5
550
330
697
100
AcDbEntity
8
0
62
0
6
CONTINUOUS
100
AcDbPolyline
90
3
70
1
10
17
20
9
10
9.90354383872206
20
6.073772060986984
10
14.48372669978591
20
1.748043803315571
1001
CONDUITCAD
1000
{"id":"master-auto-photoeye-6"}
0
ENDBLK
5
847
330
697
100
AcDbEntity
8
0
100
AcDbBlockEnd
0
BLOCK
5
848
330
698
100
AcDbEntity
8
0
100
AcDbBlockBegin
2
CC_FIRE_PANEL
70
0
10
0
20
0
30
0
3
CC_FIRE_PANEL
1

1001
CONDUITCAD
1000
{"ports":[{"name":"in","x":-45,"y":0,"dx":-1,"dy":0,"medium":"alarm","role":"connection"},{"name":"out","x":45,"y":0,"dx":1,"dy":0,"medium":"alarm","role":"connection"}],"symbol":{"name":"Fire-alarm c
1000
ontrol panel","category":"Fire","group":"Alarm system topology","representation":"project functional symbol","safetySign":false,"geometryRevision":3,"standardRefs":["PROJECT"],"convention":"Explicit p
1000
roject drafting convention","conformity":"Original master; not standards-certified","normativeEntry":null,"review":{"level":"geometry-and-convention","dimensionalConformance":"not-verified","note":"Ne
1000
w independently constructed CAD master with explicit terminal topology."},"aliases":["fire panel"],"defaultLayer":"Fire","labelOffset":48,"extents":{"minX":-45,"minY":-22,"maxX":45,"maxY":22}}}
0
LWPOLYLINE
5
551
330
698
100
AcDbEntity
8
0
62
0
6
CONTINUOUS
100
AcDbPolyline
90
4
70
1
10
-32
20
-22
10
32
20
-22
10
32
20
22
10
-32
20
22
1001
CONDUITCAD
1000
{"id":"master-fire-panel-0"}
0
LINE
5
552
330
698
100
AcDbEntity
8
0
62
0
6
CONTINUOUS
100
AcDbLine
10
-45
20
0
30
0
11
-32
21
0
31
0
1001
CONDUITCAD
1000
{"id":"master-fire-panel-1"}
0
LINE
5
553
330
698
100
AcDbEntity
8
0
62
0
6
CONTINUOUS
100
AcDbLine
10
32
20
0
30
0
11
45
21
0
31
0
1001
CONDUITCAD
1000
{"id":"master-fire-panel-2"}
0
TEXT
5
554
330
698
100
AcDbEntity
8
0
62
0
6
CONTINUOUS
100
AcDbText
10
0
20
-4
30
0
40
11
1
FACP
50
0
41
1
7
STANDARD
72
1
11
0
21
-4
31
0
100
AcDbText
73
0
1001
CONDUITCAD
1000
{"id":"master-fire-panel-3"}
0
ENDBLK
5
849
330
698
100
AcDbEntity
8
0
100
AcDbBlockEnd
0
BLOCK
5
84A
330
699
100
AcDbEntity
8
0
100
AcDbBlockBegin
2
CC_FIRE_SMOKE
70
0
10
0
20
0
30
0
3
CC_FIRE_SMOKE
1

1001
CONDUITCAD
1000
{"ports":[{"name":"in","x":-45,"y":0,"dx":-1,"dy":0,"medium":"alarm","role":"connection"},{"name":"out","x":45,"y":0,"dx":1,"dy":0,"medium":"alarm","role":"connection"}],"symbol":{"name":"Smoke detect
1000
or","category":"Fire","group":"Alarm system topology","representation":"project functional symbol","safetySign":false,"geometryRevision":3,"standardRefs":["PROJECT"],"convention":"Explicit project dra
1000
fting convention","conformity":"Original master; not standards-certified","normativeEntry":null,"review":{"level":"geometry-and-convention","dimensionalConformance":"not-verified","note":"New independ
1000
ently constructed CAD master with explicit terminal topology."},"aliases":["fire smoke"],"defaultLayer":"Fire","labelOffset":48,"extents":{"minX":-45,"minY":-25.970550818758205,"maxX":45,"maxY":25.970
1000
550818758205}}}
0
LINE
5
555
330
699
100
AcDbEntity
8
0
62
0
6
CONTINUOUS
100
AcDbLine
10
-45
20
0
30
0
11
-26
21
0
31
0
1001
CONDUITCAD
1000
{"id":"master-fire-smoke-0"}
0
LINE
5
556
330
699
100
AcDbEntity
8
0
62
0
6
CONTINUOUS
100
AcDbLine
10
26
20
0
30
0
11
45
21
0
31
0
1001
CONDUITCAD
1000
{"id":"master-fire-smoke-1"}
0
CIRCLE
5
557
330
699
100
AcDbEntity
8
0
62
0
6
CONTINUOUS
100
AcDbCircle
10
0
20
0
30
0
40
26
1001
CONDUITCAD
1000
{"id":"master-fire-smoke-2"}
0
TEXT
5
558
330
699
100
AcDbEntity
8
0
62
0
6
CONTINUOUS
100
AcDbText
10
0
20
-4
30
0
40
11
1
SD
50
0
41
1
7
STANDARD
72
1
11
0
21
-4
31
0
100
AcDbText
73
0
1001
CONDUITCAD
1000
{"id":"master-fire-smoke-3"}
0
ENDBLK
5
84B
330
699
100
AcDbEntity
8
0
100
AcDbBlockEnd
0
BLOCK
5
84C
330
69A
100
AcDbEntity
8
0
100
AcDbBlockBegin
2
CC_FIRE_HEAT
70
0
10
0
20
0
30
0
3
CC_FIRE_HEAT
1

1001
CONDUITCAD
1000
{"ports":[{"name":"in","x":-45,"y":0,"dx":-1,"dy":0,"medium":"alarm","role":"connection"},{"name":"out","x":45,"y":0,"dx":1,"dy":0,"medium":"alarm","role":"connection"}],"symbol":{"name":"Heat detecto
1000
r","category":"Fire","group":"Alarm system topology","representation":"project functional symbol","safetySign":false,"geometryRevision":3,"standardRefs":["PROJECT"],"convention":"Explicit project draf
1000
ting convention","conformity":"Original master; not standards-certified","normativeEntry":null,"review":{"level":"geometry-and-convention","dimensionalConformance":"not-verified","note":"New independe
1000
ntly constructed CAD master with explicit terminal topology."},"aliases":["fire heat"],"defaultLayer":"Fire","labelOffset":48,"extents":{"minX":-45,"minY":-25.970550818758205,"maxX":45,"maxY":25.97055
1000
0818758205}}}
0
LINE
5
559
330
69A
100
AcDbEntity
8
0
62
0
6
CONTINUOUS
100
AcDbLine
10
-45
20
0
30
0
11
-26
21
0
31
0
1001
CONDUITCAD
1000
{"id":"master-fire-heat-0"}
0
LINE
5
55A
330
69A
100
AcDbEntity
8
0
62
0
6
CONTINUOUS
100
AcDbLine
10
26
20
0
30
0
11
45
21
0
31
0
1001
CONDUITCAD
1000
{"id":"master-fire-heat-1"}
0
CIRCLE
5
55B
330
69A
100
AcDbEntity
8
0
62
0
6
CONTINUOUS
100
AcDbCircle
10
0
20
0
30
0
40
26
1001
CONDUITCAD
1000
{"id":"master-fire-heat-2"}
0
TEXT
5
55C
330
69A
100
AcDbEntity
8
0
62
0
6
CONTINUOUS
100
AcDbText
10
0
20
-4
30
0
40
11
1
HD
50
0
41
1
7
STANDARD
72
1
11
0
21
-4
31
0
100
AcDbText
73
0
1001
CONDUITCAD
1000
{"id":"master-fire-heat-3"}
0
ENDBLK
5
84D
330
69A
100
AcDbEntity
8
0
100
AcDbBlockEnd
0
BLOCK
5
84E
330
69B
100
AcDbEntity
8
0
100
AcDbBlockBegin
2
CC_FIRE_CALL
70
0
10
0
20
0
30
0
3
CC_FIRE_CALL
1

1001
CONDUITCAD
1000
{"ports":[{"name":"in","x":-45,"y":0,"dx":-1,"dy":0,"medium":"alarm","role":"connection"},{"name":"out","x":45,"y":0,"dx":1,"dy":0,"medium":"alarm","role":"connection"}],"symbol":{"name":"Manual call 
1000
point","category":"Fire","group":"Alarm system topology","representation":"project functional symbol","safetySign":false,"geometryRevision":3,"standardRefs":["PROJECT"],"convention":"Explicit project 
1000
drafting convention","conformity":"Original master; not standards-certified","normativeEntry":null,"review":{"level":"geometry-and-convention","dimensionalConformance":"not-verified","note":"New indep
1000
endently constructed CAD master with explicit terminal topology."},"aliases":["fire call"],"defaultLayer":"Fire","labelOffset":48,"extents":{"minX":-45,"minY":-22,"maxX":45,"maxY":22}}}
0
LWPOLYLINE
5
55D
330
69B
100
AcDbEntity
8
0
62
0
6
CONTINUOUS
100
AcDbPolyline
90
4
70
1
10
-32
20
-22
10
32
20
-22
10
32
20
22
10
-32
20
22
1001
CONDUITCAD
1000
{"id":"master-fire-call-0"}
0
LINE
5
55E
330
69B
100
AcDbEntity
8
0
62
0
6
CONTINUOUS
100
AcDbLine
10
-45
20
0
30
0
11
-32
21
0
31
0
1001
CONDUITCAD
1000
{"id":"master-fire-call-1"}
0
LINE
5
55F
330
69B
100
AcDbEntity
8
0
62
0
6
CONTINUOUS
100
AcDbLine
10
32
20
0
30
0
11
45
21
0
31
0
1001
CONDUITCAD
1000
{"id":"master-fire-call-2"}
0
TEXT
5
560
330
69B
100
AcDbEntity
8
0
62
0
6
CONTINUOUS
100
AcDbText
10
0
20
-4
30
0
40
11
1
MCP
50
0
41
1
7
STANDARD
72
1
11
0
21
-4
31
0
100
AcDbText
73
0
1001
CONDUITCAD
1000
{"id":"master-fire-call-3"}
0
ENDBLK
5
84F
330
69B
100
AcDbEntity
8
0
100
AcDbBlockEnd
0
BLOCK
5
850
330
69C
100
AcDbEntity
8
0
100
AcDbBlockBegin
2
CC_FIRE_SOUNDER
70
0
10
0
20
0
30
0
3
CC_FIRE_SOUNDER
1

1001
CONDUITCAD
1000
{"ports":[{"name":"in","x":-45,"y":0,"dx":-1,"dy":0,"medium":"alarm","role":"connection"},{"name":"out","x":45,"y":0,"dx":1,"dy":0,"medium":"alarm","role":"connection"}],"symbol":{"name":"Alarm sounde
1000
r","category":"Fire","group":"Alarm system topology","representation":"project functional symbol","safetySign":false,"geometryRevision":3,"standardRefs":["PROJECT"],"convention":"Explicit project draf
1000
ting convention","conformity":"Original master; not standards-certified","normativeEntry":null,"review":{"level":"geometry-and-convention","dimensionalConformance":"not-verified","note":"New independe
1000
ntly constructed CAD master with explicit terminal topology."},"aliases":["fire sounder"],"defaultLayer":"Fire","labelOffset":48,"extents":{"minX":-45,"minY":-25.970550818758205,"maxX":45,"maxY":25.97
1000
0550818758205}}}
0
LINE
5
561
330
69C
100
AcDbEntity
8
0
62
0
6
CONTINUOUS
100
AcDbLine
10
-45
20
0
30
0
11
-26
21
0
31
0
1001
CONDUITCAD
1000
{"id":"master-fire-sounder-0"}
0
LINE
5
562
330
69C
100
AcDbEntity
8
0
62
0
6
CONTINUOUS
100
AcDbLine
10
26
20
0
30
0
11
45
21
0
31
0
1001
CONDUITCAD
1000
{"id":"master-fire-sounder-1"}
0
CIRCLE
5
563
330
69C
100
AcDbEntity
8
0
62
0
6
CONTINUOUS
100
AcDbCircle
10
0
20
0
30
0
40
26
1001
CONDUITCAD
1000
{"id":"master-fire-sounder-2"}
0
TEXT
5
564
330
69C
100
AcDbEntity
8
0
62
0
6
CONTINUOUS
100
AcDbText
10
0
20
-4
30
0
40
11
1
SND
50
0
41
1
7
STANDARD
72
1
11
0
21
-4
31
0
100
AcDbText
73
0
1001
CONDUITCAD
1000
{"id":"master-fire-sounder-3"}
0
ENDBLK
5
851
330
69C
100
AcDbEntity
8
0
100
AcDbBlockEnd
0
BLOCK
5
852
330
69D
100
AcDbEntity
8
0
100
AcDbBlockBegin
2
CC_FIRE_STROBE
70
0
10
0
20
0
30
0
3
CC_FIRE_STROBE
1

1001
CONDUITCAD
1000
{"ports":[{"name":"in","x":-45,"y":0,"dx":-1,"dy":0,"medium":"alarm","role":"connection"},{"name":"out","x":45,"y":0,"dx":1,"dy":0,"medium":"alarm","role":"connection"}],"symbol":{"name":"Alarm strobe
1000
","category":"Fire","group":"Alarm system topology","representation":"project functional symbol","safetySign":false,"geometryRevision":3,"standardRefs":["PROJECT"],"convention":"Explicit project draft
1000
ing convention","conformity":"Original master; not standards-certified","normativeEntry":null,"review":{"level":"geometry-and-convention","dimensionalConformance":"not-verified","note":"New independen
1000
tly constructed CAD master with explicit terminal topology."},"aliases":["fire strobe"],"defaultLayer":"Fire","labelOffset":48,"extents":{"minX":-45,"minY":-22,"maxX":45,"maxY":22}}}
0
LWPOLYLINE
5
565
330
69D
100
AcDbEntity
8
0
62
0
6
CONTINUOUS
100
AcDbPolyline
90
4
70
1
10
-32
20
-22
10
32
20
-22
10
32
20
22
10
-32
20
22
1001
CONDUITCAD
1000
{"id":"master-fire-strobe-0"}
0
LINE
5
566
330
69D
100
AcDbEntity
8
0
62
0
6
CONTINUOUS
100
AcDbLine
10
-45
20
0
30
0
11
-32
21
0
31
0
1001
CONDUITCAD
1000
{"id":"master-fire-strobe-1"}
0
LINE
5
567
330
69D
100
AcDbEntity
8
0
62
0
6
CONTINUOUS
100
AcDbLine
10
32
20
0
30
0
11
45
21
0
31
0
1001
CONDUITCAD
1000
{"id":"master-fire-strobe-2"}
0
TEXT
5
568
330
69D
100
AcDbEntity
8
0
62
0
6
CONTINUOUS
100
AcDbText
10
0
20
-4
30
0
40
11
1
STR
50
0
41
1
7
STANDARD
72
1
11
0
21
-4
31
0
100
AcDbText
73
0
1001
CONDUITCAD
1000
{"id":"master-fire-strobe-3"}
0
ENDBLK
5
853
330
69D
100
AcDbEntity
8
0
100
AcDbBlockEnd
0
BLOCK
5
854
330
69E
100
AcDbEntity
8
0
100
AcDbBlockBegin
2
CC_FIRE_MONITOR
70
0
10
0
20
0
30
0
3
CC_FIRE_MONITOR
1

1001
CONDUITCAD
1000
{"ports":[{"name":"in","x":-45,"y":0,"dx":-1,"dy":0,"medium":"alarm","role":"connection"},{"name":"out","x":45,"y":0,"dx":1,"dy":0,"medium":"alarm","role":"connection"}],"symbol":{"name":"Monitor modu
1000
le","category":"Fire","group":"Alarm system topology","representation":"project functional symbol","safetySign":false,"geometryRevision":3,"standardRefs":["PROJECT"],"convention":"Explicit project dra
1000
fting convention","conformity":"Original master; not standards-certified","normativeEntry":null,"review":{"level":"geometry-and-convention","dimensionalConformance":"not-verified","note":"New independ
1000
ently constructed CAD master with explicit terminal topology."},"aliases":["fire monitor"],"defaultLayer":"Fire","labelOffset":48,"extents":{"minX":-45,"minY":-22,"maxX":45,"maxY":22}}}
0
LWPOLYLINE
5
569
330
69E
100
AcDbEntity
8
0
62
0
6
CONTINUOUS
100
AcDbPolyline
90
4
70
1
10
-32
20
-22
10
32
20
-22
10
32
20
22
10
-32
20
22
1001
CONDUITCAD
1000
{"id":"master-fire-monitor-0"}
0
LINE
5
56A
330
69E
100
AcDbEntity
8
0
62
0
6
CONTINUOUS
100
AcDbLine
10
-45
20
0
30
0
11
-32
21
0
31
0
1001
CONDUITCAD
1000
{"id":"master-fire-monitor-1"}
0
LINE
5
56B
330
69E
100
AcDbEntity
8
0
62
0
6
CONTINUOUS
100
AcDbLine
10
32
20
0
30
0
11
45
21
0
31
0
1001
CONDUITCAD
1000
{"id":"master-fire-monitor-2"}
0
TEXT
5
56C
330
69E
100
AcDbEntity
8
0
62
0
6
CONTINUOUS
100
AcDbText
10
0
20
-4
30
0
40
11
1
MON
50
0
41
1
7
STANDARD
72
1
11
0
21
-4
31
0
100
AcDbText
73
0
1001
CONDUITCAD
1000
{"id":"master-fire-monitor-3"}
0
ENDBLK
5
855
330
69E
100
AcDbEntity
8
0
100
AcDbBlockEnd
0
BLOCK
5
856
330
69F
100
AcDbEntity
8
0
100
AcDbBlockBegin
2
CC_FIRE_INTERFACE
70
0
10
0
20
0
30
0
3
CC_FIRE_INTERFACE
1

1001
CONDUITCAD
1000
{"ports":[{"name":"in","x":-45,"y":0,"dx":-1,"dy":0,"medium":"alarm","role":"connection"},{"name":"out","x":45,"y":0,"dx":1,"dy":0,"medium":"alarm","role":"connection"}],"symbol":{"name":"Fire-control
1000
 interface","category":"Fire","group":"Alarm system topology","representation":"project functional symbol","safetySign":false,"geometryRevision":3,"standardRefs":["PROJECT"],"convention":"Explicit pro
1000
ject drafting convention","conformity":"Original master; not standards-certified","normativeEntry":null,"review":{"level":"geometry-and-convention","dimensionalConformance":"not-verified","note":"New 
1000
independently constructed CAD master with explicit terminal topology."},"aliases":["fire interface"],"defaultLayer":"Fire","labelOffset":48,"extents":{"minX":-45,"minY":-22,"maxX":45,"maxY":22}}}
0
LWPOLYLINE
5
56D
330
69F
100
AcDbEntity
8
0
62
0
6
CONTINUOUS
100
AcDbPolyline
90
4
70
1
10
-32
20
-22
10
32
20
-22
10
32
20
22
10
-32
20
22
1001
CONDUITCAD
1000
{"id":"master-fire-interface-0"}
0
LINE
5
56E
330
69F
100
AcDbEntity
8
0
62
0
6
CONTINUOUS
100
AcDbLine
10
-45
20
0
30
0
11
-32
21
0
31
0
1001
CONDUITCAD
1000
{"id":"master-fire-interface-1"}
0
LINE
5
56F
330
69F
100
AcDbEntity
8
0
62
0
6
CONTINUOUS
100
AcDbLine
10
32
20
0
30
0
11
45
21
0
31
0
1001
CONDUITCAD
1000
{"id":"master-fire-interface-2"}
0
TEXT
5
570
330
69F
100
AcDbEntity
8
0
62
0
6
CONTINUOUS
100
AcDbText
10
0
20
-4
30
0
40
11
1
IF
50
0
41
1
7
STANDARD
72
1
11
0
21
-4
31
0
100
AcDbText
73
0
1001
CONDUITCAD
1000
{"id":"master-fire-interface-3"}
0
ENDBLK
5
857
330
69F
100
AcDbEntity
8
0
100
AcDbBlockEnd
0
BLOCK
5
858
330
6A0
100
AcDbEntity
8
0
100
AcDbBlockBegin
2
CC_NET_ROUTER
70
0
10
0
20
0
30
0
3
CC_NET_ROUTER
1

1001
CONDUITCAD
1000
{"ports":[{"name":"in","x":-45,"y":0,"dx":-1,"dy":0,"medium":"data","role":"connection"},{"name":"out","x":45,"y":0,"dx":1,"dy":0,"medium":"data","role":"connection"},{"name":"branch","x":0,"y":-40,"d
1000
x":0,"dy":-1,"medium":"data","role":"connection"}],"symbol":{"name":"Router","category":"Network","group":"Network topology","representation":"vendor-neutral functional symbol","geometryRevision":3,"s
1000
tandardRefs":["PROJECT"],"convention":"Explicit project drafting convention","conformity":"Original master; not standards-certified","normativeEntry":null,"review":{"level":"geometry-and-convention","
1000
dimensionalConformance":"not-verified","note":"New independently constructed CAD master with explicit terminal topology."},"aliases":["net router"],"defaultLayer":"Network","labelOffset":62,"extents":
1000
{"minX":-45,"minY":-40,"maxX":45,"maxY":22}}}
0
LWPOLYLINE
5
571
330
6A0
100
AcDbEntity
8
0
62
0
6
CONTINUOUS
100
AcDbPolyline
90
4
70
1
10
-32
20
-22
10
32
20
-22
10
32
20
22
10
-32
20
22
1001
CONDUITCAD
1000
{"id":"master-net-router-0"}
0
LINE
5
572
330
6A0
100
AcDbEntity
8
0
62
0
6
CONTINUOUS
100
AcDbLine
10
-45
20
0
30
0
11
-32
21
0
31
0
1001
CONDUITCAD
1000
{"id":"master-net-router-1"}
0
LINE
5
573
330
6A0
100
AcDbEntity
8
0
62
0
6
CONTINUOUS
100
AcDbLine
10
32
20
0
30
0
11
45
21
0
31
0
1001
CONDUITCAD
1000
{"id":"master-net-router-2"}
0
TEXT
5
574
330
6A0
100
AcDbEntity
8
0
62
0
6
CONTINUOUS
100
AcDbText
10
0
20
-4
30
0
40
11
1
RTR
50
0
41
1
7
STANDARD
72
1
11
0
21
-4
31
0
100
AcDbText
73
0
1001
CONDUITCAD
1000
{"id":"master-net-router-3"}
0
LINE
5
575
330
6A0
100
AcDbEntity
8
0
62
0
6
CONTINUOUS
100
AcDbLine
10
0
20
-22
30
0
11
0
21
-40
31
0
1001
CONDUITCAD
1000
{"id":"master-net-router-4"}
0
ENDBLK
5
859
330
6A0
100
AcDbEntity
8
0
100
AcDbBlockEnd
0
BLOCK
5
85A
330
6A1
100
AcDbEntity
8
0
100
AcDbBlockBegin
2
CC_NET_SWITCH
70
0
10
0
20
0
30
0
3
CC_NET_SWITCH
1

1001
CONDUITCAD
1000
{"ports":[{"name":"in","x":-45,"y":0,"dx":-1,"dy":0,"medium":"data","role":"connection"},{"name":"out","x":45,"y":0,"dx":1,"dy":0,"medium":"data","role":"connection"},{"name":"branch","x":0,"y":-40,"d
1000
x":0,"dy":-1,"medium":"data","role":"connection"}],"symbol":{"name":"Network switch","category":"Network","group":"Network topology","representation":"vendor-neutral functional symbol","geometryRevisi
1000
on":3,"standardRefs":["PROJECT"],"convention":"Explicit project drafting convention","conformity":"Original master; not standards-certified","normativeEntry":null,"review":{"level":"geometry-and-conve
1000
ntion","dimensionalConformance":"not-verified","note":"New independently constructed CAD master with explicit terminal topology."},"aliases":["net switch"],"defaultLayer":"Network","labelOffset":62,"e
1000
xtents":{"minX":-45,"minY":-40,"maxX":45,"maxY":22}}}
0
LWPOLYLINE
5
576
330
6A1
100
AcDbEntity
8
0
62
0
6
CONTINUOUS
100
AcDbPolyline
90
4
70
1
10
-32
20
-22
10
32
20
-22
10
32
20
22
10
-32
20
22
1001
CONDUITCAD
1000
{"id":"master-net-switch-0"}
0
LINE
5
577
330
6A1
100
AcDbEntity
8
0
62
0
6
CONTINUOUS
100
AcDbLine
10
-45
20
0
30
0
11
-32
21
0
31
0
1001
CONDUITCAD
1000
{"id":"master-net-switch-1"}
0
LINE
5
578
330
6A1
100
AcDbEntity
8
0
62
0
6
CONTINUOUS
100
AcDbLine
10
32
20
0
30
0
11
45
21
0
31
0
1001
CONDUITCAD
1000
{"id":"master-net-switch-2"}
0
TEXT
5
579
330
6A1
100
AcDbEntity
8
0
62
0
6
CONTINUOUS
100
AcDbText
10
0
20
-4
30
0
40
11
1
SW
50
0
41
1
7
STANDARD
72
1
11
0
21
-4
31
0
100
AcDbText
73
0
1001
CONDUITCAD
1000
{"id":"master-net-switch-3"}
0
LINE
5
57A
330
6A1
100
AcDbEntity
8
0
62
0
6
CONTINUOUS
100
AcDbLine
10
0
20
-22
30
0
11
0
21
-40
31
0
1001
CONDUITCAD
1000
{"id":"master-net-switch-4"}
0
ENDBLK
5
85B
330
6A1
100
AcDbEntity
8
0
100
AcDbBlockEnd
0
BLOCK
5
85C
330
6A2
100
AcDbEntity
8
0
100
AcDbBlockBegin
2
CC_NET_FIREWALL
70
0
10
0
20
0
30
0
3
CC_NET_FIREWALL
1

1001
CONDUITCAD
1000
{"ports":[{"name":"in","x":-45,"y":0,"dx":-1,"dy":0,"medium":"data","role":"connection"},{"name":"out","x":45,"y":0,"dx":1,"dy":0,"medium":"data","role":"connection"},{"name":"branch","x":0,"y":-40,"d
1000
x":0,"dy":-1,"medium":"data","role":"connection"}],"symbol":{"name":"Firewall","category":"Network","group":"Network topology","representation":"vendor-neutral functional symbol","geometryRevision":3,
1000
"standardRefs":["PROJECT"],"convention":"Explicit project drafting convention","conformity":"Original master; not standards-certified","normativeEntry":null,"review":{"level":"geometry-and-convention"
1000
,"dimensionalConformance":"not-verified","note":"New independently constructed CAD master with explicit terminal topology."},"aliases":["net firewall"],"defaultLayer":"Network","labelOffset":62,"exten
1000
ts":{"minX":-45,"minY":-40,"maxX":45,"maxY":24}}}
0
LWPOLYLINE
5
57B
330
6A2
100
AcDbEntity
8
0
62
0
6
CONTINUOUS
100
AcDbPolyline
90
4
70
1
10
-30
20
-24
10
30
20
-24
10
30
20
24
10
-30
20
24
1001
CONDUITCAD
1000
{"id":"master-net-firewall-0"}
0
LINE
5
57C
330
6A2
100
AcDbEntity
8
0
62
0
6
CONTINUOUS
100
AcDbLine
10
-45
20
0
30
0
11
-30
21
0
31
0
1001
CONDUITCAD
1000
{"id":"master-net-firewall-1"}
0
LINE
5
57D
330
6A2
100
AcDbEntity
8
0
62
0
6
CONTINUOUS
100
AcDbLine
10
30
20
0
30
0
11
45
21
0
31
0
1001
CONDUITCAD
1000
{"id":"master-net-firewall-2"}
0
LINE
5
57E
330
6A2
100
AcDbEntity
8
0
62
0
6
CONTINUOUS
100
AcDbLine
10
-30
20
-8
30
0
11
30
21
-8
31
0
1001
CONDUITCAD
1000
{"id":"master-net-firewall-3"}
0
LINE
5
57F
330
6A2
100
AcDbEntity
8
0
62
0
6
CONTINUOUS
100
AcDbLine
10
-30
20
8
30
0
11
30
21
8
31
0
1001
CONDUITCAD
1000
{"id":"master-net-firewall-4"}
0
LINE
5
580
330
6A2
100
AcDbEntity
8
0
62
0
6
CONTINUOUS
100
AcDbLine
10
0
20
-24
30
0
11
0
21
-8
31
0
1001
CONDUITCAD
1000
{"id":"master-net-firewall-5"}
0
LINE
5
581
330
6A2
100
AcDbEntity
8
0
62
0
6
CONTINUOUS
100
AcDbLine
10
-15
20
-8
30
0
11
-15
21
8
31
0
1001
CONDUITCAD
1000
{"id":"master-net-firewall-6"}
0
LINE
5
582
330
6A2
100
AcDbEntity
8
0
62
0
6
CONTINUOUS
100
AcDbLine
10
15
20
-8
30
0
11
15
21
8
31
0
1001
CONDUITCAD
1000
{"id":"master-net-firewall-7"}
0
LINE
5
583
330
6A2
100
AcDbEntity
8
0
62
0
6
CONTINUOUS
100
AcDbLine
10
0
20
8
30
0
11
0
21
24
31
0
1001
CONDUITCAD
1000
{"id":"master-net-firewall-8"}
0
LINE
5
584
330
6A2
100
AcDbEntity
8
0
62
0
6
CONTINUOUS
100
AcDbLine
10
0
20
-24
30
0
11
0
21
-40
31
0
1001
CONDUITCAD
1000
{"id":"master-net-firewall-9"}
0
ENDBLK
5
85D
330
6A2
100
AcDbEntity
8
0
100
AcDbBlockEnd
0
BLOCK
5
85E
330
6A3
100
AcDbEntity
8
0
100
AcDbBlockBegin
2
CC_NET_SERVER
70
0
10
0
20
0
30
0
3
CC_NET_SERVER
1

1001
CONDUITCAD
1000
{"ports":[{"name":"in","x":-45,"y":0,"dx":-1,"dy":0,"medium":"data","role":"connection"},{"name":"out","x":45,"y":0,"dx":1,"dy":0,"medium":"data","role":"connection"},{"name":"branch","x":0,"y":-40,"d
1000
x":0,"dy":-1,"medium":"data","role":"connection"}],"symbol":{"name":"Server","category":"Network","group":"Network topology","representation":"vendor-neutral functional symbol","geometryRevision":3,"s
1000
tandardRefs":["PROJECT"],"convention":"Explicit project drafting convention","conformity":"Original master; not standards-certified","normativeEntry":null,"review":{"level":"geometry-and-convention","
1000
dimensionalConformance":"not-verified","note":"New independently constructed CAD master with explicit terminal topology."},"aliases":["net server"],"defaultLayer":"Network","labelOffset":62,"extents":
1000
{"minX":-45,"minY":-40,"maxX":45,"maxY":32}}}
0
LWPOLYLINE
5
585
330
6A3
100
AcDbEntity
8
0
62
0
6
CONTINUOUS
100
AcDbPolyline
90
4
70
1
10
-27
20
-32
10
27
20
-32
10
27
20
32
10
-27
20
32
1001
CONDUITCAD
1000
{"id":"master-net-server-0"}
0
LINE
5
586
330
6A3
100
AcDbEntity
8
0
62
0
6
CONTINUOUS
100
AcDbLine
10
-45
20
0
30
0
11
-27
21
0
31
0
1001
CONDUITCAD
1000
{"id":"master-net-server-1"}
0
LINE
5
587
330
6A3
100
AcDbEntity
8
0
62
0
6
CONTINUOUS
100
AcDbLine
10
27
20
0
30
0
11
45
21
0
31
0
1001
CONDUITCAD
1000
{"id":"master-net-server-2"}
0
LWPOLYLINE
5
588
330
6A3
100
AcDbEntity
8
0
62
0
6
CONTINUOUS
100
AcDbPolyline
90
4
70
1
10
-21
20
-27
10
21
20
-27
10
21
20
-13
10
-21
20
-13
1001
CONDUITCAD
1000
{"id":"master-net-server-3"}
0
CIRCLE
5
589
330
6A3
100
AcDbEntity
8
0
62
0
6
CONTINUOUS
100
AcDbCircle
10
12
20
-20
30
0
40
2
1001
CONDUITCAD
1000
{"id":"master-net-server-4"}
0
LWPOLYLINE
5
58A
330
6A3
100
AcDbEntity
8
0
62
0
6
CONTINUOUS
100
AcDbPolyline
90
4
70
1
10
-21
20
-7
10
21
20
-7
10
21
20
7
10
-21
20
7
1001
CONDUITCAD
1000
{"id":"master-net-server-5"}
0
CIRCLE
5
58B
330
6A3
100
AcDbEntity
8
0
62
0
6
CONTINUOUS
100
AcDbCircle
10
12
20
0
30
0
40
2
1001
CONDUITCAD
1000
{"id":"master-net-server-6"}
0
LWPOLYLINE
5
58C
330
6A3
100
AcDbEntity
8
0
62
0
6
CONTINUOUS
100
AcDbPolyline
90
4
70
1
10
-21
20
13
10
21
20
13
10
21
20
27
10
-21
20
27
1001
CONDUITCAD
1000
{"id":"master-net-server-7"}
0
CIRCLE
5
58D
330
6A3
100
AcDbEntity
8
0
62
0
6
CONTINUOUS
100
AcDbCircle
10
12
20
20
30
0
40
2
1001
CONDUITCAD
1000
{"id":"master-net-server-8"}
0
LINE
5
58E
330
6A3
100
AcDbEntity
8
0
62
0
6
CONTINUOUS
100
AcDbLine
10
0
20
-32
30
0
11
0
21
-40
31
0
1001
CONDUITCAD
1000
{"id":"master-net-server-9"}
0
ENDBLK
5
85F
330
6A3
100
AcDbEntity
8
0
100
AcDbBlockEnd
0
BLOCK
5
860
330
6A4
100
AcDbEntity
8
0
100
AcDbBlockBegin
2
CC_NET_WORKSTATION
70
0
10
0
20
0
30
0
3
CC_NET_WORKSTATION
1

1001
CONDUITCAD
1000
{"ports":[{"name":"in","x":-45,"y":0,"dx":-1,"dy":0,"medium":"data","role":"connection"},{"name":"out","x":45,"y":0,"dx":1,"dy":0,"medium":"data","role":"connection"},{"name":"branch","x":0,"y":-40,"d
1000
x":0,"dy":-1,"medium":"data","role":"connection"}],"symbol":{"name":"Workstation","category":"Network","group":"Network topology","representation":"vendor-neutral functional symbol","geometryRevision"
1000
:3,"standardRefs":["PROJECT"],"convention":"Explicit project drafting convention","conformity":"Original master; not standards-certified","normativeEntry":null,"review":{"level":"geometry-and-conventi
1000
on","dimensionalConformance":"not-verified","note":"New independently constructed CAD master with explicit terminal topology."},"aliases":["net workstation"],"defaultLayer":"Network","labelOffset":62,
1000
"extents":{"minX":-45,"minY":-40,"maxX":45,"maxY":22}}}
0
LWPOLYLINE
5
58F
330
6A4
100
AcDbEntity
8
0
62
0
6
CONTINUOUS
100
AcDbPolyline
90
4
70
1
10
-32
20
-22
10
32
20
-22
10
32
20
22
10
-32
20
22
1001
CONDUITCAD
1000
{"id":"master-net-workstation-0"}
0
LINE
5
590
330
6A4
100
AcDbEntity
8
0
62
0
6
CONTINUOUS
100
AcDbLine
10
-45
20
0
30
0
11
-32
21
0
31
0
1001
CONDUITCAD
1000
{"id":"master-net-workstation-1"}
0
LINE
5
591
330
6A4
100
AcDbEntity
8
0
62
0
6
CONTINUOUS
100
AcDbLine
10
32
20
0
30
0
11
45
21
0
31
0
1001
CONDUITCAD
1000
{"id":"master-net-workstation-2"}
0
TEXT
5
592
330
6A4
100
AcDbEntity
8
0
62
0
6
CONTINUOUS
100
AcDbText
10
0
20
-4
30
0
40
11
1
PC
50
0
41
1
7
STANDARD
72
1
11
0
21
-4
31
0
100
AcDbText
73
0
1001
CONDUITCAD
1000
{"id":"master-net-workstation-3"}
0
LINE
5
593
330
6A4
100
AcDbEntity
8
0
62
0
6
CONTINUOUS
100
AcDbLine
10
0
20
-22
30
0
11
0
21
-40
31
0
1001
CONDUITCAD
1000
{"id":"master-net-workstation-4"}
0
ENDBLK
5
861
330
6A4
100
AcDbEntity
8
0
100
AcDbBlockEnd
0
BLOCK
5
862
330
6A5
100
AcDbEntity
8
0
100
AcDbBlockBegin
2
CC_NET_AP
70
0
10
0
20
0
30
0
3
CC_NET_AP
1

1001
CONDUITCAD
1000
{"ports":[{"name":"in","x":-45,"y":0,"dx":-1,"dy":0,"medium":"data","role":"connection"},{"name":"out","x":45,"y":0,"dx":1,"dy":0,"medium":"data","role":"connection"},{"name":"branch","x":0,"y":-40,"d
1000
x":0,"dy":-1,"medium":"data","role":"connection"}],"symbol":{"name":"Wireless access point","category":"Network","group":"Network topology","representation":"vendor-neutral functional symbol","geometr
1000
yRevision":3,"standardRefs":["PROJECT"],"convention":"Explicit project drafting convention","conformity":"Original master; not standards-certified","normativeEntry":null,"review":{"level":"geometry-an
1000
d-convention","dimensionalConformance":"not-verified","note":"New independently constructed CAD master with explicit terminal topology."},"aliases":["net ap"],"defaultLayer":"Network","labelOffset":62
1000
,"extents":{"minX":-45,"minY":-40,"maxX":45,"maxY":41}}}
0
LWPOLYLINE
5
594
330
6A5
100
AcDbEntity
8
0
62
0
6
CONTINUOUS
100
AcDbPolyline
90
4
70
1
10
-32
20
-22
10
32
20
-22
10
32
20
22
10
-32
20
22
1001
CONDUITCAD
1000
{"id":"master-net-ap-0"}
0
LINE
5
595
330
6A5
100
AcDbEntity
8
0
62
0
6
CONTINUOUS
100
AcDbLine
10
-45
20
0
30
0
11
-32
21
0
31
0
1001
CONDUITCAD
1000
{"id":"master-net-ap-1"}
0
LINE
5
596
330
6A5
100
AcDbEntity
8
0
62
0
6
CONTINUOUS
100
AcDbLine
10
32
20
0
30
0
11
45
21
0
31
0
1001
CONDUITCAD
1000
{"id":"master-net-ap-2"}
0
TEXT
5
597
330
6A5
100
AcDbEntity
8
0
62
0
6
CONTINUOUS
100
AcDbText
10
0
20
-4
30
0
40
11
1
AP
50
0
41
1
7
STANDARD
72
1
11
0
21
-4
31
0
100
AcDbText
73
0
1001
CONDUITCAD
1000
{"id":"master-net-ap-3"}
0
ARC
5
598
330
6A5
100
AcDbEntity
8
0
62
0
6
CONTINUOUS
100
AcDbCircle
10
0
20
23
30
0
40
10
100
AcDbArc
50
0
51
180
1001
CONDUITCAD
1000
{"id":"master-net-ap-4"}
0
ARC
5
599
330
6A5
100
AcDbEntity
8
0
62
0
6
CONTINUOUS
100
AcDbCircle
10
0
20
23
30
0
40
18
100
AcDbArc
50
0
51
180
1001
CONDUITCAD
1000
{"id":"master-net-ap-5"}
0
LINE
5
59A
330
6A5
100
AcDbEntity
8
0
62
0
6
CONTINUOUS
100
AcDbLine
10
0
20
-22
30
0
11
0
21
-40
31
0
1001
CONDUITCAD
1000
{"id":"master-net-ap-6"}
0
ENDBLK
5
863
330
6A5
100
AcDbEntity
8
0
100
AcDbBlockEnd
0
BLOCK
5
864
330
6A6
100
AcDbEntity
8
0
100
AcDbBlockBegin
2
CC_NET_PATCH
70
0
10
0
20
0
30
0
3
CC_NET_PATCH
1

1001
CONDUITCAD
1000
{"ports":[{"name":"in","x":-45,"y":0,"dx":-1,"dy":0,"medium":"data","role":"connection"},{"name":"out","x":45,"y":0,"dx":1,"dy":0,"medium":"data","role":"connection"},{"name":"branch","x":0,"y":-40,"d
1000
x":0,"dy":-1,"medium":"data","role":"connection"}],"symbol":{"name":"Patch panel","category":"Network","group":"Network topology","representation":"vendor-neutral functional symbol","geometryRevision"
1000
:3,"standardRefs":["PROJECT"],"convention":"Explicit project drafting convention","conformity":"Original master; not standards-certified","normativeEntry":null,"review":{"level":"geometry-and-conventi
1000
on","dimensionalConformance":"not-verified","note":"New independently constructed CAD master with explicit terminal topology."},"aliases":["net patch"],"defaultLayer":"Network","labelOffset":62,"exten
1000
ts":{"minX":-45,"minY":-40,"maxX":45,"maxY":22}}}
0
LWPOLYLINE
5
59B
330
6A6
100
AcDbEntity
8
0
62
0
6
CONTINUOUS
100
AcDbPolyline
90
4
70
1
10
-32
20
-22
10
32
20
-22
10
32
20
22
10
-32
20
22
1001
CONDUITCAD
1000
{"id":"master-net-patch-0"}
0
LINE
5
59C
330
6A6
100
AcDbEntity
8
0
62
0
6
CONTINUOUS
100
AcDbLine
10
-45
20
0
30
0
11
-32
21
0
31
0
1001
CONDUITCAD
1000
{"id":"master-net-patch-1"}
0
LINE
5
59D
330
6A6
100
AcDbEntity
8
0
62
0
6
CONTINUOUS
100
AcDbLine
10
32
20
0
30
0
11
45
21
0
31
0
1001
CONDUITCAD
1000
{"id":"master-net-patch-2"}
0
TEXT
5
59E
330
6A6
100
AcDbEntity
8
0
62
0
6
CONTINUOUS
100
AcDbText
10
0
20
-4
30
0
40
11
1
PATCH
50
0
41
1
7
STANDARD
72
1
11
0
21
-4
31
0
100
AcDbText
73
0
1001
CONDUITCAD
1000
{"id":"master-net-patch-3"}
0
LINE
5
59F
330
6A6
100
AcDbEntity
8
0
62
0
6
CONTINUOUS
100
AcDbLine
10
0
20
-22
30
0
11
0
21
-40
31
0
1001
CONDUITCAD
1000
{"id":"master-net-patch-4"}
0
ENDBLK
5
865
330
6A6
100
AcDbEntity
8
0
100
AcDbBlockEnd
0
BLOCK
5
866
330
6A7
100
AcDbEntity
8
0
100
AcDbBlockBegin
2
CC_NET_PHONE
70
0
10
0
20
0
30
0
3
CC_NET_PHONE
1

1001
CONDUITCAD
1000
{"ports":[{"name":"in","x":-45,"y":0,"dx":-1,"dy":0,"medium":"data","role":"connection"},{"name":"out","x":45,"y":0,"dx":1,"dy":0,"medium":"data","role":"connection"},{"name":"branch","x":0,"y":-40,"d
1000
x":0,"dy":-1,"medium":"data","role":"connection"}],"symbol":{"name":"IP telephone","category":"Network","group":"Network topology","representation":"vendor-neutral functional symbol","geometryRevision
1000
":3,"standardRefs":["PROJECT"],"convention":"Explicit project drafting convention","conformity":"Original master; not standards-certified","normativeEntry":null,"review":{"level":"geometry-and-convent
1000
ion","dimensionalConformance":"not-verified","note":"New independently constructed CAD master with explicit terminal topology."},"aliases":["net phone"],"defaultLayer":"Network","labelOffset":62,"exte
1000
nts":{"minX":-45,"minY":-40,"maxX":45,"maxY":22}}}
0
LWPOLYLINE
5
5A0
330
6A7
100
AcDbEntity
8
0
62
0
6
CONTINUOUS
100
AcDbPolyline
90
4
70
1
10
-32
20
-22
10
32
20
-22
10
32
20
22
10
-32
20
22
1001
CONDUITCAD
1000
{"id":"master-net-phone-0"}
0
LINE
5
5A1
330
6A7
100
AcDbEntity
8
0
62
0
6
CONTINUOUS
100
AcDbLine
10
-45
20
0
30
0
11
-32
21
0
31
0
1001
CONDUITCAD
1000
{"id":"master-net-phone-1"}
0
LINE
5
5A2
330
6A7
100
AcDbEntity
8
0
62
0
6
CONTINUOUS
100
AcDbLine
10
32
20
0
30
0
11
45
21
0
31
0
1001
CONDUITCAD
1000
{"id":"master-net-phone-2"}
0
TEXT
5
5A3
330
6A7
100
AcDbEntity
8
0
62
0
6
CONTINUOUS
100
AcDbText
10
0
20
-4
30
0
40
11
1
TEL
50
0
41
1
7
STANDARD
72
1
11
0
21
-4
31
0
100
AcDbText
73
0
1001
CONDUITCAD
1000
{"id":"master-net-phone-3"}
0
LINE
5
5A4
330
6A7
100
AcDbEntity
8
0
62
0
6
CONTINUOUS
100
AcDbLine
10
0
20
-22
30
0
11
0
21
-40
31
0
1001
CONDUITCAD
1000
{"id":"master-net-phone-4"}
0
ENDBLK
5
867
330
6A7
100
AcDbEntity
8
0
100
AcDbBlockEnd
0
BLOCK
5
868
330
6A8
100
AcDbEntity
8
0
100
AcDbBlockBegin
2
CC_NET_CAMERA
70
0
10
0
20
0
30
0
3
CC_NET_CAMERA
1

1001
CONDUITCAD
1000
{"ports":[{"name":"in","x":-45,"y":0,"dx":-1,"dy":0,"medium":"data","role":"connection"},{"name":"out","x":45,"y":0,"dx":1,"dy":0,"medium":"data","role":"connection"},{"name":"branch","x":0,"y":-40,"d
1000
x":0,"dy":-1,"medium":"data","role":"connection"}],"symbol":{"name":"IP camera","category":"Network","group":"Network topology","representation":"vendor-neutral functional symbol","geometryRevision":3
1000
,"standardRefs":["PROJECT"],"convention":"Explicit project drafting convention","conformity":"Original master; not standards-certified","normativeEntry":null,"review":{"level":"geometry-and-convention
1000
","dimensionalConformance":"not-verified","note":"New independently constructed CAD master with explicit terminal topology."},"aliases":["net camera"],"defaultLayer":"Network","labelOffset":62,"extent
1000
s":{"minX":-45,"minY":-40,"maxX":45,"maxY":22}}}
0
LWPOLYLINE
5
5A5
330
6A8
100
AcDbEntity
8
0
62
0
6
CONTINUOUS
100
AcDbPolyline
90
4
70
1
10
-32
20
-22
10
32
20
-22
10
32
20
22
10
-32
20
22
1001
CONDUITCAD
1000
{"id":"master-net-camera-0"}
0
LINE
5
5A6
330
6A8
100
AcDbEntity
8
0
62
0
6
CONTINUOUS
100
AcDbLine
10
-45
20
0
30
0
11
-32
21
0
31
0
1001
CONDUITCAD
1000
{"id":"master-net-camera-1"}
0
LINE
5
5A7
330
6A8
100
AcDbEntity
8
0
62
0
6
CONTINUOUS
100
AcDbLine
10
32
20
0
30
0
11
45
21
0
31
0
1001
CONDUITCAD
1000
{"id":"master-net-camera-2"}
0
TEXT
5
5A8
330
6A8
100
AcDbEntity
8
0
62
0
6
CONTINUOUS
100
AcDbText
10
0
20
-4
30
0
40
11
1
CAM
50
0
41
1
7
STANDARD
72
1
11
0
21
-4
31
0
100
AcDbText
73
0
1001
CONDUITCAD
1000
{"id":"master-net-camera-3"}
0
LINE
5
5A9
330
6A8
100
AcDbEntity
8
0
62
0
6
CONTINUOUS
100
AcDbLine
10
0
20
-22
30
0
11
0
21
-40
31
0
1001
CONDUITCAD
1000
{"id":"master-net-camera-4"}
0
ENDBLK
5
869
330
6A8
100
AcDbEntity
8
0
100
AcDbBlockEnd
0
BLOCK
5
86A
330
6A9
100
AcDbEntity
8
0
100
AcDbBlockBegin
2
CC_NET_CLOUD
70
0
10
0
20
0
30
0
3
CC_NET_CLOUD
1

1001
CONDUITCAD
1000
{"ports":[{"name":"in","x":-45,"y":0,"dx":-1,"dy":0,"medium":"data","role":"connection"},{"name":"out","x":45,"y":0,"dx":1,"dy":0,"medium":"data","role":"connection"},{"name":"branch","x":0,"y":-40,"d
1000
x":0,"dy":-1,"medium":"data","role":"connection"}],"symbol":{"name":"External network","category":"Network","group":"Network topology","representation":"vendor-neutral functional symbol","geometryRevi
1000
sion":3,"standardRefs":["PROJECT"],"convention":"Explicit project drafting convention","conformity":"Original master; not standards-certified","normativeEntry":null,"review":{"level":"geometry-and-con
1000
vention","dimensionalConformance":"not-verified","note":"New independently constructed CAD master with explicit terminal topology."},"aliases":["net cloud"],"defaultLayer":"Network","labelOffset":62,"
1000
extents":{"minX":-45,"minY":-40,"maxX":45,"maxY":22}}}
0
LWPOLYLINE
5
5AA
330
6A9
100
AcDbEntity
8
0
62
0
6
CONTINUOUS
100
AcDbPolyline
90
4
70
1
10
-32
20
-22
10
32
20
-22
10
32
20
22
10
-32
20
22
1001
CONDUITCAD
1000
{"id":"master-net-cloud-0"}
0
LINE
5
5AB
330
6A9
100
AcDbEntity
8
0
62
0
6
CONTINUOUS
100
AcDbLine
10
-45
20
0
30
0
11
-32
21
0
31
0
1001
CONDUITCAD
1000
{"id":"master-net-cloud-1"}
0
LINE
5
5AC
330
6A9
100
AcDbEntity
8
0
62
0
6
CONTINUOUS
100
AcDbLine
10
32
20
0
30
0
11
45
21
0
31
0
1001
CONDUITCAD
1000
{"id":"master-net-cloud-2"}
0
TEXT
5
5AD
330
6A9
100
AcDbEntity
8
0
62
0
6
CONTINUOUS
100
AcDbText
10
0
20
-4
30
0
40
11
1
WAN
50
0
41
1
7
STANDARD
72
1
11
0
21
-4
31
0
100
AcDbText
73
0
1001
CONDUITCAD
1000
{"id":"master-net-cloud-3"}
0
LINE
5
5AE
330
6A9
100
AcDbEntity
8
0
62
0
6
CONTINUOUS
100
AcDbLine
10
0
20
-22
30
0
11
0
21
-40
31
0
1001
CONDUITCAD
1000
{"id":"master-net-cloud-4"}
0
ENDBLK
5
86B
330
6A9
100
AcDbEntity
8
0
100
AcDbBlockEnd
0
ENDSEC
0
SECTION
2
ENTITIES
0
MESH
5
100
330
5C9
100
AcDbEntity
8
Equipment
62
7
420
5543588
60
1
100
AcDbSubDMesh
71
2
72
0
91
0
92
8
10
0
20
0
30
0
10
100
20
0
30
0
10
100
20
80
30
0
10
0
20
80
30
0
10
0
20
0
30
40
10
100
20
0
30
40
10
100
20
80
30
40
10
0
20
80
30
40
93
30
90
4
90
0
90
3
90
2
90
1
90
4
90
4
90
5
90
6
90
7
90
4
90
0
90
1
90
5
90
4
90
4
90
1
90
2
90
6
90
5
90
4
90
2
90
3
90
7
90
6
90
4
90
3
90
0
90
4
90
7
94
0
95
0
90
0
1001
CONDUITCAD
1000
{"id":"e-mukasc3x-11p","label":"Box","feature3d":{"version":1,"kind":"box","parameters":{"width":"100","depth":"80","height":"40","x":"0","y":"0","z":"0"},"inputs":[],"suppressed":false},"model3dConsu
1000
med":true,"model3dUserHidden":false}
0
MESH
5
101
330
5C9
100
AcDbEntity
8
Equipment
62
7
420
5543588
100
AcDbSubDMesh
71
2
72
0
91
0
92
396
10
100
20
23.999999999999996
30
28
10
100
20
0
30
28
10
100
20
0
30
0
10
100
20
80
30
0
10
100
20
80
30
28
10
100
20
8.058475991972067
30
28
10
100
20
8.058475991972067
30
35.97076200401396
10
100
20
0
30
40
10
100
20
8.058475991972067
30
40
10
100
20
66.93420341977895
30
36
10
100
20
66.93420341977895
30
28
10
100
20
80
30
36
10
100
20
80
30
40
10
100
20
66.93420341977895
30
40
10
100
20
23.065796580221065
30
28
10
100
20
23.06579658022107
30
28.467101709889466
10
100
20
23.065796580221065
30
40
10
100
20
55.26609990349576
30
36
10
100
20
55.26609990349575
30
28
10
100
20
55.26609990349576
30
40
10
100
20
34.73390009650426
30
28
10
100
20
34.73390009650426
30
40
10
100
20
44.73390009650422
30
36
10
100
20
44.73390009650422
30
28
10
100
20
44.73390009650422
30
40
10
30
20
0
30
28
10
0
20
0
30
28
10
0
20
0
30
0
10
0
20
0
30
40
10
45.07563760856719
20
0
30
28
10
45.07563760856719
20
0
30
40
10
45.07563760856719
20
0
30
36
10
49.075637608567305
20
0
30
28
10
49.075637608567305
20
0
30
36
10
49.075637608567305
20
0
30
40
10
60.9243623914327
20
0
30
28
10
60.924362391432695
20
0
30
40
10
73.27394938193459
20
0
30
28
10
73.27394938193459
20
0
30
40
10
88.28126997018353
20
0
30
28
10
88.28126997018353
20
0
30
40
10
70
20
80
30
28
10
0
20
80
30
0
10
0
20
80
30
28
10
55.60783741555885
20
80
30
28
10
0
20
80
30
40
10
55.60783741555885
20
80
30
40
10
59.60783741555876
20
80
30
36
10
59.60783741555876
20
80
30
28
10
55.60783741555885
20
80
30
36
10
59.60783741555876
20
80
30
40
10
69.13181375820336
20
80
30
36
10
69.13181375820336
20
80
30
28
10
69.13181375820336
20
80
30
40
10
80.60800009039417
20
80
30
28
10
80.60800009039417
20
80
30
32.243200036157674
10
80.60800009039417
20
80
30
36
10
80.60800009039417
20
80
30
40
10
97.46975665075766
20
80
30
36
10
97.46975665075766
20
80
30
28
10
90
20
80
30
36
10
97.46975665075766
20
80
30
38.987902660303064
10
97.46975665075766
20
80
30
40
10
50.309174623014606
20
39.752660301588314
30
40
10
51.306667563398385
20
47.32937140592268
30
40
10
57.17037086855459
20
61.48560345096275
30
40
10
53.000000000000014
20
29.80849177454956
30
40
10
51.85347408157976
20
38.51722073473619
30
40
10
51
20
45.00000000000001
30
40
10
52.20577136594005
20
49.5
30
40
10
56.29383749998991
20
54.82767151174663
30
40
10
53.87653336856472
20
36.46642371376589
30
40
10
53.60869421675712
20
37.1130446265943
30
40
10
51.306667563398385
20
42.670628594077314
30
40
10
53.63603896932106
20
51.36396103067892
30
40
10
56.08525213855097
20
53.24330839474251
30
40
10
53.92802958743648
20
36.85757633005082
30
40
10
52.20577136594005
20
40.5
30
40
10
54.08511873000367
20
38.05078683077005
30
40
10
55.5
20
52.79422863405995
30
40
10
56.056475529126025
20
53.02472834535269
30
40
10
53.63603896932107
20
38.63603896932107
30
40
10
54.113895339428616
20
38.26936688015989
30
40
10
56.32435633348581
20
34.940514933211354
30
40
10
56.08525213855098
20
36.75669160525749
30
40
10
55.5
20
37.20577136594005
30
40
10
56.05647552912603
20
36.97527165464731
30
40
10
56.11758091491482
20
53.48886983076756
30
40
10
58.267800394531235
20
53.77195159562014
30
40
10
57.670628594077314
20
53.693332436601615
30
40
10
60.028588921067026
20
31.977128863146383
30
40
10
58.35216914442941
20
36.024364224135326
30
40
10
57.670628594077314
20
36.306667563398385
30
40
10
58.26780039453128
20
36.22804840437986
30
40
10
58.446952320837525
20
54.204462605834046
30
40
10
60.59717180045395
20
53.92138084098148
30
40
10
60.000000000000014
20
54
30
40
10
69.65147797276887
20
24.278817621784903
30
40
10
60.73138309994562
20
35.903711588198945
30
40
10
60
20
36
30
40
10
60.59717180045392
20
36.07861915901852
30
40
10
60.882161359562524
20
54.29278646540659
30
40
10
62.88584693504875
20
53.46283272530885
30
40
10
62.329371405922664
20
53.69333243660162
30
40
10
63.06075450586833
20
36.40295597519944
30
40
10
62.329371405922686
20
36.306667563398385
30
40
10
62.88584693504875
20
36.53716727469114
30
40
10
63.25725255947387
20
53.747822284417424
30
40
10
64.9778563701075
20
52.4275565448988
30
40
10
64.50000000000001
20
52.79422863405994
30
40
10
65.18154055035203
20
37.48807470520308
30
40
10
64.5
20
37.20577136594005
30
40
10
64.9778563701075
20
37.57244345510121
30
40
10
65.41036738032142
20
52.606708471205096
30
40
10
66.7306331198401
20
50.886104660571384
30
40
10
66.36396103067892
20
51.36396103067892
30
40
10
66.94921316922995
20
39.08511873000367
30
40
10
66.36396103067892
20
38.63603896932108
30
40
10
66.7306331198401
20
39.11389533942862
30
40
10
67.19477460525496
20
50.94721004636017
30
40
10
68.02472834535268
20
48.94352447087396
30
40
10
67.79422863405995
20
49.50000000000001
30
40
10
97.97877056362628
20
44.999999999999986
30
40
10
68.24330839474251
20
41.08525213855098
30
40
10
67.79422863405995
20
40.49999999999999
30
40
10
68.0247283453527
20
41.05647552912603
30
40
10
68.77195159562014
20
46.732199605468736
30
40
10
78.98938528181286
20
42.49999999999995
30
40
10
68.48886983076756
20
48.88241908508517
30
40
10
68.69333243660161
20
47.32937140592268
30
40
10
68.97563577586469
20
43.35216914442942
30
40
10
72.95385137588003
20
45.000000000000014
30
40
10
68.69333243660162
20
42.67062859407732
30
40
10
68.77195159562015
20
43.26780039453128
30
40
10
69.09628841180105
20
44.268616900054376
30
40
10
69.82962913144532
20
43.70590477448742
30
40
10
68.92138084098147
20
44.40282819954608
30
40
10
69
20
45.00000000000001
30
40
10
0
20
56
30
28
10
54.241936567897
20
39.241936567897
30
36
10
53.63603896932107
20
38.63603896932107
30
36
10
54.11389533942862
20
38.269366880159886
30
36
10
54.337656326442875
20
39.969000317540896
30
36
10
54.58868833850207
20
41.87577775556521
30
36
10
52.20577136594005
20
40.5
30
36
10
54.773065372581094
20
43.27626037046305
30
36
10
54.81716953757254
20
43.61126476308514
30
36
10
51.306667563398385
20
42.670628594077314
30
36
10
55
20
45
30
36
10
51
20
45
30
36
10
55.170370868554656
20
46.294095225512606
30
36
10
51.306667563398385
20
47.329371405922686
30
36
10
55.32736787862613
20
47.48660591044858
30
36
10
55.35320133098212
20
47.68283046242747
30
36
10
52.20577136594005
20
49.5
30
36
10
55.494385148316105
20
48.75522802359238
30
36
10
55.58168253005259
20
49.41831746994741
30
36
10
53.63603896932107
20
51.36396103067892
30
36
10
55.6951425083881
20
50.280131567019104
30
36
10
55.928434300657656
20
52.05215865761564
30
36
10
55.5
20
52.79422863405995
30
36
10
55.969028644325086
20
52.3605033104809
30
36
10
56.05647552912603
20
53.0247283453527
30
36
10
55.928434300657656
20
37.94784134238436
30
36
10
55.5
20
37.20577136594005
30
36
10
56.05647552912603
20
36.9752716546473
30
36
10
55.83271454211179
20
38.67490509202821
30
36
10
55.58168253005259
20
40.58168253005259
30
36
10
55.39730549597357
20
41.98216514495042
30
36
10
55.35320133098212
20
42.31716953757253
30
36
10
55.170370868554656
20
43.705904774487394
30
36
10
55.6698729810778
20
47.5
30
36
10
56.13016492450569
20
48.61124305247468
30
36
10
56.205904774487394
20
48.794095225512606
30
36
10
56.619834782655346
20
49.793410665104894
30
36
10
56.875777755565196
20
50.41131166149795
30
36
10
57.20842558054966
20
51.21439455206934
30
36
10
57.89240250724808
20
52.86566092485495
30
36
10
57.670628594077314
20
53.693332436601615
30
36
10
58.01141910081476
20
53.15299239919108
30
36
10
58.26780039453123
20
53.77195159562014
30
36
10
57.89240250724809
20
37.134339075145114
30
36
10
57.670628594077314
20
36.306667563398385
30
36
10
58.26780039453128
20
36.22804840437986
30
36
10
57.61176637497098
20
37.81185463178045
30
36
10
56.87577775556521
20
39.58868833850208
30
36
10
56.33521164350316
20
40.89373037760157
30
36
10
56.2059047744874
20
41.2059047744874
30
36
10
55.66987298107781
20
42.5
30
36
10
56.46446609406726
20
48.53553390593274
30
36
10
57.196684835575354
20
49.48977994833593
30
36
10
57.31716953757254
20
49.64679866901787
30
36
10
57.9756370905695
20
50.50493029127617
30
36
10
58.382783564014666
20
51.03553390593272
30
36
10
58.91194983610191
20
51.725156818168614
30
36
10
60
20
53.14313139868462
30
36
10
60
20
54
30
36
10
60.18932805929859
20
53.389868529353336
30
36
10
60.59717180045396
20
53.92138084098148
30
36
10
60
20
36.856868601315334
30
36
10
60
20
36
30
36
10
60.59717180045392
20
36.078619159018515
30
36
10
59.55357238263323
20
37.43866439940476
30
36
10
58.38278356401466
20
38.96446609406726
30
36
10
57.52286706117888
20
40.08513109908773
30
36
10
57.31716953757253
20
40.353201330982124
30
36
10
56.46446609406726
20
41.46446609406726
30
36
10
57.5
20
49.33012701892219
30
36
10
58.4542460424032
20
50.06234576043028
30
36
10
58.61126476308514
20
50.18283046242746
30
36
10
59.46939638534344
20
50.84129801542442
30
36
10
60
20
51.24844448886959
30
36
10
60.68962291223588
20
51.777610760956826
30
36
10
62.10759749275191
20
52.865660924854915
30
36
10
62.329371405922686
20
53.693332436601615
30
36
10
62.35433462342061
20
53.0549889841535
30
36
10
62.88584693504875
20
53.46283272530886
30
36
10
62.107597492751914
20
37.13433907514508
30
36
10
62.329371405922686
20
36.306667563398385
30
36
10
62.88584693504875
20
36.53716727469114
30
36
10
61.525801694662476
20
37.580766692511865
30
36
10
60
20
38.75155551113041
30
36
10
58.87933499497952
20
39.6114720139662
30
36
10
58.61126476308514
20
39.81716953757254
30
36
10
57.5
20
40.66987298107781
30
36
10
58.705904774487394
20
49.829629131445344
30
36
10
59.81714782696207
20
50.289921074873234
30
36
10
60
20
50.36566092485494
30
36
10
60.99931543959229
20
50.7795909330229
30
36
10
61.61721643598534
20
51.03553390593276
30
36
10
62.42029932655673
20
51.36818173091722
30
36
10
64.07156569934236
20
52.052158657615664
30
36
10
64.5
20
52.79422863405995
30
36
10
64.35889717367846
20
52.17117525118233
30
36
10
64.9778563701075
20
52.4275565448988
30
36
10
64.07156569934234
20
37.94784134238434
30
36
10
64.5
20
37.20577136594005
30
36
10
64.9778563701075
20
37.5724434551012
30
36
10
63.39405014270707
20
38.22847747466144
30
36
10
61.61721643598534
20
38.96446609406724
30
36
10
60.31217439688585
20
39.5050322061293
30
36
10
60
20
39.63433907514506
30
36
10
58.705904774487394
20
40.170370868554656
30
36
10
60
20
50
30
36
10
61.192510684935975
20
50.15699701007148
30
36
10
61.388735236914854
20
50.18283046242746
30
36
10
62.461132798079774
20
50.32401427976146
30
36
10
63.12422224443479
20
50.41131166149793
30
36
10
63.98603634150649
20
50.524771639833446
30
36
10
65.758063432103
20
50.758063432103
30
36
10
66.36396103067892
20
51.36396103067893
30
36
10
66.06640808496827
20
50.79865777577043
30
36
10
66.7306331198401
20
50.886104660571384
30
36
10
65.75806343210299
20
39.241936567897
30
36
10
66.36396103067892
20
38.63603896932107
30
36
10
66.7306331198401
20
39.11389533942862
30
36
10
65.0309996824591
20
39.337656326442875
30
36
10
63.12422224443479
20
39.58868833850207
30
36
10
61.72373962953696
20
39.773065372581094
30
36
10
61.38873523691486
20
39.81716953757254
30
36
10
60
20
40
30
36
10
61.2940952255126
20
49.829629131445344
30
36
10
62.48660591044858
20
49.672632121373866
30
36
10
62.68283046242747
20
49.64679866901788
30
36
10
63.75522802359238
20
49.50561485168389
30
36
10
64.41831746994741
20
49.41831746994741
30
36
10
65.28013156701911
20
49.30485749161189
30
36
10
67.05215865761564
20
49.07156569934234
30
36
10
67.79422863405995
20
49.5
30
36
10
67.3605033104809
20
49.03097135567491
30
36
10
68.0247283453527
20
48.94352447087396
30
36
10
67.05215865761565
20
40.928434300657656
30
36
10
67.79422863405995
20
40.5
30
36
10
68.0247283453527
20
41.05647552912603
30
36
10
66.32509490797179
20
40.83271454211179
30
36
10
64.41831746994741
20
40.58168253005259
30
36
10
63.01783485504958
20
40.39730549597357
30
36
10
62.68283046242747
20
40.35320133098212
30
36
10
61.294095225512606
20
40.170370868554656
30
36
10
62.5
20
49.33012701892219
30
36
10
63.61124305247467
20
48.8698350754943
30
36
10
63.7940952255126
20
48.7940952255126
30
36
10
64.79341066510489
20
48.38016521734464
30
36
10
65.41131166149793
20
48.12422224443479
30
36
10
66.21439455206934
20
47.79157441945033
30
36
10
67.8656609248549
20
47.107597492751914
30
36
10
68.69333243660161
20
47.32937140592269
30
36
10
68.15299239919104
20
46.98858089918522
30
36
10
68.77195159562014
20
46.732199605468736
30
36
10
67.8656609248549
20
42.8924025072481
30
36
10
68.69333243660162
20
42.670628594077314
30
36
10
68.77195159562015
20
43.26780039453128
30
36
10
67.18814536821955
20
42.61176637497098
30
36
10
65.41131166149793
20
41.87577775556522
30
36
10
64.10626962239843
20
41.33521164350316
30
36
10
63.7940952255126
20
41.2059047744874
30
36
10
62.5
20
40.66987298107781
30
36
10
68.38986852935336
20
44.81067194070142
30
36
10
69
20
45
30
36
10
68.14313139868466
20
45
30
36
10
68.92138084098148
20
44.40282819954608
30
36
10
63.53553390593274
20
48.53553390593274
30
36
10
64.48977994833594
20
47.803315164424646
30
36
10
64.64679866901787
20
47.68283046242746
30
36
10
65.50493029127617
20
47.02436290943051
30
36
10
66.03553390593274
20
46.61721643598534
30
36
10
66.72515681816861
20
46.0880501638981
30
36
10
67.56133560059524
20
44.55357238263323
30
36
10
66.03553390593274
20
43.38278356401466
30
36
10
64.91486890091227
20
42.52286706117888
30
36
10
64.64679866901788
20
42.31716953757253
30
36
10
63.53553390593274
20
41.46446609406726
30
36
10
66.77761076095685
20
44.310377087764124
30
36
10
66.24844448886961
20
45
30
36
10
66.95059741539384
20
44.08493649053891
30
36
10
64.3301270189222
20
47.5
30
36
10
65.06234576043029
20
46.54575395759681
30
36
10
65.18283046242748
20
46.38873523691487
30
36
10
65.84129801542443
20
45.53060361465657
30
36
10
65.38852798603382
20
43.87933499497953
30
36
10
65.18283046242748
20
43.61126476308513
30
36
10
64.3301270189222
20
42.5
30
36
10
65.67513902507416
20
44.25285377319328
30
36
10
65.36566092485494
20
45
30
36
10
64.82962913144534
20
46.294095225512606
30
36
10
65.28992107487323
20
45.18285217303793
30
36
10
64.82962913144534
20
43.705904774487394
30
36
10
65.08819045102521
20
44.330127018922184
30
36
10
65
20
45
30
36
10
60.59717180045392
20
36.078619159018515
30
37.025808244140094
10
62.32859037296783
20
36.30656473845918
30
40
10
62.88584693504875
20
36.53716727469114
30
37.02580824414014
10
64.49927219315029
20
37.20546989847212
30
40
10
60.59717180045396
20
53.92138084098148
30
38.97553339664634
10
60.000781032954855
20
53.999897175060795
30
40
10
64.9778563701075
20
52.4275565448988
30
38.97553339664644
10
64.50062498191049
20
52.79374906857303
30
40
10
62.88584693504875
20
53.46283272530886
30
38.97553339664636
10
62.33009921277239
20
53.69303096913368
30
40
10
58.26780039453128
20
36.22804840437986
30
37.02580824414018
10
59.999218967045145
20
36.000102824939205
30
40
10
64.9778563701075
20
37.5724434551012
30
37.025808244140066
10
66.36333604876842
20
38.63555940383415
30
40
10
58.26780039453123
20
53.77195159562014
30
38.975533396646405
10
57.67140962703217
20
53.69343526154082
30
40
10
66.7306331198401
20
50.886104660571384
30
38.975533396646355
10
66.36444059616585
20
51.36333604876843
30
40
10
56.05647552912603
20
36.9752716546473
30
37.02580824414007
10
57.66990078722761
20
36.30696903086632
30
40
10
66.7306331198401
20
39.11389533942862
30
37.02580824414015
10
67.79374906857302
20
40.4993750180895
30
40
10
56.05647552912603
20
53.0247283453527
30
38.975533396646426
10
55.5007278068497
20
52.79453010152788
30
40
10
68.0247283453527
20
48.94352447087396
30
38.975533396646405
10
67.79453010152788
20
49.4992721931503
30
40
10
54.11389533942862
20
38.269366880159886
30
37.02580824414015
10
55.4993750180895
20
37.20625093142697
30
40
10
68.0247283453527
20
41.05647552912603
30
37.02580824414008
10
68.69303096913369
20
42.66990078722761
30
40
10
53.63555940383415
20
38.63666395123157
30
40
10
53.63666395123157
20
51.36444059616585
30
40
10
68.77195159562014
20
46.732199605468736
30
38.97553339664634
10
68.69343526154081
20
47.32859037296784
30
40
10
52.20546989847212
20
40.5007278068497
30
40
10
52.20625093142697
20
49.5006249819105
30
40
10
68.77195159562015
20
43.26780039453128
30
37.02580824414018
10
68.92138084098148
20
44.40282819954608
30
38.9755333966464
10
68.9998971750608
20
44.999218967045145
30
40
10
51.30696903086632
20
47.33009921277239
30
40
10
51.30656473845918
20
42.67140962703217
30
40
10
51.000102824939205
20
45.000781032954855
30
40
10
56.46446609406726
20
48.53553390593274
30
28
10
57.5
20
49.33012701892219
30
28
10
56.46446609406726
20
41.46446609406726
30
28
10
55.66987298107781
20
42.5
30
28
10
57.5
20
40.66987298107781
30
28
10
55.6698729810778
20
47.5
30
28
10
58.705904774487394
20
49.829629131445344
30
28
10
55.170370868554656
20
43.705904774487394
30
28
10
58.705904774487394
20
40.170370868554656
30
28
10
55.170370868554656
20
46.294095225512606
30
28
10
60
20
50
30
28
10
55
20
45
30
28
10
60
20
40
30
28
10
61.2940952255126
20
49.829629131445344
30
28
10
64.82962913144534
20
43.705904774487394
30
28
10
65
20
45
30
28
10
60
20
45
30
28
10
64.3301270189222
20
42.5
30
28
10
63.53553390593274
20
41.46446609406726
30
28
10
62.5
20
40.66987298107781
30
28
10
61.294095225512606
20
40.170370868554656
30
28
10
62.5
20
49.33012701892219
30
28
10
63.53553390593274
20
48.53553390593274
30
28
10
64.3301270189222
20
47.5
30
28
10
64.82962913144534
20
46.294095225512606
30
28
93
2129
90
6
90
0
90
14
90
5
90
1
90
2
90
3
90
7
90
0
90
3
90
4
90
10
90
18
90
23
90
20
90
4
90
5
90
6
90
7
90
1
90
3
90
6
90
8
90
7
90
4
90
9
90
10
90
4
90
11
90
4
90
9
90
11
90
12
90
13
90
4
90
5
90
14
90
15
90
6
90
4
90
6
90
15
90
16
90
8
90
4
90
17
90
18
90
10
90
9
90
4
90
17
90
9
90
13
90
19
90
3
90
14
90
0
90
15
90
5
90
15
90
0
90
20
90
21
90
16
90
4
90
22
90
23
90
18
90
17
90
4
90
22
90
17
90
19
90
24
90
5
90
20
90
23
90
22
90
24
90
21
90
4
90
25
90
26
90
27
90
2
90
8
90
25
90
2
90
1
90
39
90
37
90
35
90
32
90
29
90
3
90
25
90
28
90
26
90
5
90
25
90
29
90
31
90
30
90
28
90
4
90
31
90
29
90
32
90
33
90
4
90
31
90
33
90
34
90
30
90
5
90
32
90
35
90
36
90
34
90
33
90
4
90
35
90
37
90
38
90
36
90
4
90
37
90
39
90
40
90
38
90
4
90
39
90
1
90
7
90
40
90
6
90
41
90
54
90
59
90
4
90
3
90
42
90
6
90
41
90
42
90
43
90
44
90
48
90
52
90
5
90
44
90
43
90
45
90
46
90
49
90
4
90
47
90
48
90
44
90
49
90
4
90
47
90
49
90
46
90
50
90
4
90
51
90
52
90
48
90
47
90
4
90
51
90
47
90
50
90
53
90
3
90
54
90
41
90
55
90
5
90
56
90
55
90
41
90
52
90
51
90
4
90
56
90
51
90
53
90
57
90
5
90
58
90
59
90
54
90
55
90
60
90
3
90
60
90
55
90
56
90
3
90
58
90
60
90
61
90
5
90
61
90
60
90
56
90
57
90
62
90
4
90
59
90
58
90
11
90
4
90
4
90
58
90
61
90
12
90
11
90
3
90
61
90
62
90
12
90
4
90
63
90
45
90
28
90
30
90
6
90
63
90
68
90
370
90
64
90
46
90
45
90
6
90
64
90
368
90
69
90
65
90
50
90
46
90
5
90
66
90
67
90
63
90
30
90
34
90
5
90
68
90
63
90
67
90
73
90
369
90
5
90
69
90
364
90
74
90
70
90
65
90
4
90
66
90
71
90
72
90
67
90
5
90
73
90
67
90
72
90
77
90
363
90
6
90
74
90
360
90
79
90
75
90
87
90
70
90
3
90
71
90
76
90
72
90
6
90
77
90
72
90
76
90
78
90
81
90
359
90
4
90
79
90
352
90
80
90
75
90
3
90
81
90
78
90
82
90
6
90
83
90
76
90
71
90
66
90
34
90
36
90
7
90
84
90
85
90
356
90
82
90
78
90
76
90
83
90
3
90
85
90
84
90
86
90
9
90
87
90
89
90
344
90
88
90
94
90
53
90
50
90
65
90
70
90
4
90
89
90
87
90
75
90
80
90
4
90
90
90
83
90
36
90
38
90
7
90
91
90
92
90
348
90
86
90
84
90
83
90
90
90
3
90
92
90
91
90
93
90
7
90
94
90
96
90
334
90
95
90
101
90
57
90
53
90
3
90
96
90
94
90
88
90
4
90
97
90
90
90
38
90
40
90
7
90
98
90
99
90
340
90
93
90
91
90
90
90
97
90
3
90
99
90
98
90
100
90
7
90
101
90
103
90
338
90
102
90
107
90
62
90
57
90
3
90
103
90
101
90
95
90
3
90
97
90
40
90
7
90
8
90
104
90
105
90
330
90
100
90
98
90
97
90
7
90
8
90
3
90
105
90
104
90
106
90
8
90
107
90
109
90
336
90
108
90
113
90
13
90
12
90
62
90
3
90
109
90
107
90
102
90
7
90
110
90
111
90
332
90
106
90
104
90
8
90
16
90
3
90
111
90
110
90
112
90
7
90
113
90
115
90
346
90
114
90
119
90
19
90
13
90
3
90
115
90
113
90
108
90
7
90
116
90
117
90
342
90
112
90
110
90
16
90
21
90
3
90
117
90
116
90
118
90
8
90
119
90
121
90
354
90
120
90
128
90
122
90
24
90
19
90
3
90
121
90
119
90
114
90
9
90
122
90
127
90
123
90
124
90
350
90
118
90
116
90
21
90
24
90
3
90
124
90
123
90
125
90
7
90
126
90
131
90
127
90
122
90
128
90
129
90
362
90
3
90
129
90
128
90
120
90
8
90
130
90
132
90
358
90
125
90
123
90
127
90
131
90
135
90
3
90
132
90
130
90
133
90
5
90
134
90
135
90
131
90
126
90
137
90
4
90
136
90
134
90
137
90
367
90
5
90
133
90
130
90
135
90
134
90
136
90
4
90
138
90
43
90
42
90
27
90
3
90
138
90
27
90
26
90
3
90
138
90
45
90
43
90
4
90
138
90
26
90
28
90
45
90
3
90
2
90
27
90
42
90
3
90
42
90
3
90
2
90
3
90
139
90
140
90
141
90
3
90
142
90
140
90
139
90
4
90
142
90
143
90
144
90
140
90
3
90
145
90
144
90
143
90
4
90
145
90
146
90
147
90
144
90
3
90
147
90
146
90
148
90
3
90
148
90
149
90
147
90
3
90
149
90
148
90
150
90
3
90
150
90
151
90
149
90
3
90
152
90
151
90
150
90
4
90
152
90
153
90
154
90
151
90
3
90
155
90
154
90
153
90
4
90
155
90
156
90
157
90
154
90
3
90
158
90
157
90
156
90
4
90
158
90
159
90
160
90
157
90
3
90
161
90
160
90
159
90
3
90
161
90
162
90
160
90
3
90
163
90
164
90
165
90
3
90
166
90
164
90
163
90
5
90
166
90
167
90
139
90
141
90
164
90
4
90
168
90
142
90
139
90
167
90
4
90
142
90
168
90
169
90
143
90
4
90
145
90
143
90
169
90
170
90
3
90
145
90
170
90
146
90
3
90
146
90
170
90
148
90
3
90
152
90
150
90
171
90
3
90
152
90
171
90
153
90
4
90
172
90
155
90
153
90
171
90
4
90
155
90
172
90
173
90
156
90
4
90
174
90
158
90
156
90
173
90
4
90
158
90
174
90
175
90
159
90
4
90
176
90
161
90
159
90
175
90
5
90
161
90
176
90
177
90
178
90
162
90
3
90
179
90
178
90
177
90
3
90
179
90
180
90
178
90
3
90
181
90
182
90
183
90
3
90
184
90
182
90
181
90
5
90
184
90
185
90
163
90
165
90
182
90
4
90
186
90
166
90
163
90
185
90
4
90
166
90
186
90
187
90
167
90
4
90
168
90
167
90
187
90
188
90
3
90
168
90
188
90
169
90
3
90
169
90
188
90
170
90
3
90
172
90
171
90
189
90
3
90
172
90
189
90
173
90
4
90
190
90
174
90
173
90
189
90
4
90
174
90
190
90
191
90
175
90
4
90
192
90
176
90
175
90
191
90
4
90
176
90
192
90
193
90
177
90
4
90
194
90
179
90
177
90
193
90
5
90
179
90
194
90
195
90
196
90
180
90
3
90
197
90
196
90
195
90
3
90
197
90
198
90
196
90
3
90
199
90
200
90
201
90
3
90
202
90
200
90
199
90
5
90
202
90
203
90
181
90
183
90
200
90
4
90
204
90
184
90
181
90
203
90
4
90
184
90
204
90
205
90
185
90
4
90
186
90
185
90
205
90
206
90
3
90
186
90
206
90
187
90
3
90
187
90
206
90
188
90
3
90
190
90
189
90
207
90
3
90
190
90
207
90
191
90
4
90
208
90
192
90
191
90
207
90
4
90
192
90
208
90
209
90
193
90
4
90
210
90
194
90
193
90
209
90
4
90
194
90
210
90
211
90
195
90
4
90
212
90
197
90
195
90
211
90
5
90
197
90
212
90
213
90
214
90
198
90
3
90
215
90
214
90
213
90
3
90
215
90
216
90
214
90
3
90
217
90
218
90
219
90
3
90
220
90
218
90
217
90
5
90
220
90
221
90
199
90
201
90
218
90
4
90
222
90
202
90
199
90
221
90
4
90
202
90
222
90
223
90
203
90
4
90
204
90
203
90
223
90
224
90
3
90
204
90
224
90
205
90
3
90
205
90
224
90
206
90
3
90
208
90
207
90
225
90
3
90
208
90
225
90
209
90
4
90
226
90
210
90
209
90
225
90
4
90
210
90
226
90
227
90
211
90
4
90
228
90
212
90
211
90
227
90
4
90
212
90
228
90
229
90
213
90
4
90
230
90
215
90
213
90
229
90
5
90
215
90
230
90
231
90
232
90
216
90
3
90
233
90
232
90
231
90
3
90
233
90
234
90
232
90
3
90
235
90
236
90
237
90
3
90
238
90
236
90
235
90
5
90
238
90
239
90
217
90
219
90
236
90
4
90
240
90
220
90
217
90
239
90
4
90
220
90
240
90
241
90
221
90
4
90
222
90
221
90
241
90
242
90
3
90
222
90
242
90
223
90
3
90
223
90
242
90
224
90
3
90
226
90
225
90
243
90
3
90
226
90
243
90
227
90
4
90
244
90
228
90
227
90
243
90
4
90
228
90
244
90
245
90
229
90
4
90
246
90
230
90
229
90
245
90
4
90
230
90
246
90
247
90
231
90
4
90
248
90
233
90
231
90
247
90
5
90
233
90
248
90
249
90
250
90
234
90
3
90
251
90
250
90
249
90
3
90
251
90
252
90
250
90
3
90
253
90
254
90
255
90
3
90
256
90
254
90
253
90
5
90
256
90
257
90
235
90
237
90
254
90
4
90
258
90
238
90
235
90
257
90
4
90
238
90
258
90
259
90
239
90
4
90
240
90
239
90
259
90
260
90
3
90
240
90
260
90
241
90
3
90
241
90
260
90
242
90
3
90
244
90
243
90
261
90
3
90
244
90
261
90
245
90
4
90
262
90
246
90
245
90
261
90
4
90
246
90
262
90
263
90
247
90
4
90
264
90
248
90
247
90
263
90
4
90
248
90
264
90
265
90
249
90
4
90
266
90
251
90
249
90
265
90
5
90
251
90
266
90
267
90
268
90
252
90
3
90
269
90
268
90
267
90
3
90
269
90
270
90
268
90
3
90
271
90
272
90
273
90
3
90
274
90
272
90
271
90
5
90
274
90
275
90
253
90
255
90
272
90
4
90
276
90
256
90
253
90
275
90
4
90
256
90
276
90
277
90
257
90
4
90
258
90
257
90
277
90
278
90
3
90
258
90
278
90
259
90
3
90
259
90
278
90
260
90
3
90
262
90
261
90
279
90
3
90
262
90
279
90
263
90
4
90
280
90
264
90
263
90
279
90
4
90
264
90
280
90
281
90
265
90
4
90
282
90
266
90
265
90
281
90
4
90
266
90
282
90
283
90
267
90
4
90
284
90
269
90
267
90
283
90
5
90
269
90
284
90
285
90
286
90
270
90
3
90
287
90
286
90
285
90
3
90
287
90
288
90
286
90
3
90
289
90
290
90
291
90
3
90
292
90
290
90
289
90
5
90
292
90
293
90
271
90
273
90
290
90
4
90
294
90
274
90
271
90
293
90
4
90
274
90
294
90
295
90
275
90
4
90
276
90
275
90
295
90
296
90
3
90
276
90
296
90
277
90
3
90
277
90
296
90
278
90
3
90
297
90
298
90
299
90
3
90
297
90
300
90
298
90
3
90
280
90
279
90
301
90
3
90
280
90
301
90
281
90
4
90
302
90
282
90
281
90
301
90
4
90
282
90
302
90
303
90
283
90
4
90
304
90
284
90
283
90
303
90
4
90
284
90
304
90
305
90
285
90
4
90
306
90
287
90
285
90
305
90
5
90
287
90
306
90
299
90
298
90
288
90
3
90
307
90
297
90
299
90
7
90
297
90
307
90
314
90
308
90
289
90
291
90
300
90
4
90
309
90
292
90
289
90
308
90
4
90
292
90
309
90
310
90
293
90
4
90
294
90
293
90
310
90
311
90
3
90
294
90
311
90
295
90
3
90
295
90
311
90
296
90
4
90
312
90
307
90
299
90
313
90
3
90
314
90
307
90
312
90
3
90
302
90
301
90
315
90
3
90
302
90
315
90
303
90
4
90
316
90
304
90
303
90
315
90
4
90
304
90
316
90
317
90
305
90
4
90
318
90
306
90
305
90
317
90
4
90
306
90
318
90
313
90
299
90
4
90
319
90
312
90
313
90
322
90
5
90
314
90
312
90
319
90
320
90
308
90
4
90
309
90
308
90
320
90
321
90
3
90
309
90
321
90
310
90
3
90
310
90
321
90
311
90
3
90
322
90
313
90
323
90
3
90
316
90
315
90
324
90
3
90
316
90
324
90
317
90
4
90
325
90
318
90
317
90
324
90
4
90
318
90
325
90
323
90
313
90
5
90
319
90
322
90
323
90
327
90
326
90
3
90
319
90
326
90
320
90
3
90
320
90
326
90
321
90
3
90
327
90
323
90
328
90
3
90
325
90
324
90
328
90
3
90
325
90
328
90
323
90
3
90
327
90
328
90
326
90
3
90
329
90
201
90
200
90
4
90
100
90
329
90
200
90
99
90
5
90
329
90
330
90
105
90
218
90
201
90
3
90
330
90
329
90
100
90
3
90
331
90
219
90
218
90
4
90
106
90
331
90
218
90
105
90
5
90
331
90
332
90
111
90
236
90
219
90
3
90
332
90
331
90
106
90
5
90
333
90
334
90
96
90
196
90
198
90
3
90
334
90
333
90
95
90
3
90
333
90
198
90
214
90
4
90
95
90
333
90
214
90
103
90
5
90
335
90
336
90
109
90
232
90
234
90
3
90
336
90
335
90
108
90
3
90
335
90
234
90
250
90
4
90
108
90
335
90
250
90
115
90
5
90
337
90
338
90
103
90
214
90
216
90
3
90
338
90
337
90
102
90
3
90
337
90
216
90
232
90
4
90
102
90
337
90
232
90
109
90
3
90
339
90
183
90
182
90
4
90
93
90
339
90
182
90
92
90
5
90
339
90
340
90
99
90
200
90
183
90
3
90
340
90
339
90
93
90
3
90
341
90
237
90
236
90
4
90
112
90
341
90
236
90
111
90
5
90
341
90
342
90
117
90
254
90
237
90
3
90
342
90
341
90
112
90
5
90
343
90
344
90
89
90
178
90
180
90
3
90
344
90
343
90
88
90
3
90
343
90
180
90
196
90
4
90
88
90
343
90
196
90
96
90
5
90
345
90
346
90
115
90
250
90
252
90
3
90
346
90
345
90
114
90
3
90
345
90
252
90
268
90
4
90
114
90
345
90
268
90
121
90
3
90
347
90
165
90
164
90
4
90
86
90
347
90
164
90
85
90
5
90
347
90
348
90
92
90
182
90
165
90
3
90
348
90
347
90
86
90
3
90
349
90
255
90
254
90
4
90
118
90
349
90
254
90
117
90
5
90
349
90
350
90
124
90
272
90
255
90
3
90
350
90
349
90
118
90
5
90
351
90
352
90
79
90
160
90
162
90
3
90
352
90
351
90
80
90
3
90
351
90
162
90
178
90
4
90
80
90
351
90
178
90
89
90
5
90
353
90
354
90
121
90
268
90
270
90
3
90
354
90
353
90
120
90
3
90
353
90
270
90
286
90
4
90
120
90
353
90
286
90
129
90
3
90
355
90
141
90
140
90
4
90
82
90
355
90
140
90
81
90
5
90
355
90
356
90
85
90
164
90
141
90
3
90
356
90
355
90
82
90
3
90
357
90
273
90
272
90
4
90
125
90
357
90
272
90
124
90
5
90
357
90
358
90
132
90
290
90
273
90
3
90
358
90
357
90
125
90
4
90
359
90
81
90
140
90
144
90
3
90
359
90
144
90
77
90
4
90
360
90
74
90
157
90
160
90
3
90
360
90
160
90
79
90
5
90
361
90
362
90
129
90
286
90
288
90
3
90
362
90
361
90
126
90
3
90
361
90
288
90
298
90
4
90
126
90
361
90
298
90
137
90
4
90
363
90
77
90
144
90
147
90
3
90
363
90
147
90
73
90
4
90
364
90
69
90
154
90
157
90
3
90
364
90
157
90
74
90
3
90
365
90
291
90
290
90
4
90
133
90
365
90
290
90
132
90
5
90
366
90
367
90
137
90
298
90
300
90
3
90
367
90
366
90
136
90
4
90
365
90
366
90
300
90
291
90
4
90
136
90
366
90
365
90
133
90
4
90
368
90
64
90
151
90
154
90
3
90
368
90
154
90
69
90
4
90
369
90
73
90
147
90
149
90
3
90
369
90
149
90
68
90
4
90
370
90
68
90
149
90
151
90
3
90
370
90
151
90
64
90
3
90
189
90
371
90
372
90
3
90
372
90
207
90
189
90
3
90
206
90
373
90
374
90
3
90
374
90
188
90
206
90
3
90
224
90
375
90
373
90
3
90
373
90
206
90
224
90
3
90
171
90
376
90
371
90
3
90
371
90
189
90
171
90
3
90
207
90
372
90
377
90
3
90
377
90
225
90
207
90
3
90
188
90
374
90
378
90
3
90
378
90
170
90
188
90
3
90
242
90
379
90
375
90
3
90
375
90
224
90
242
90
3
90
150
90
380
90
376
90
3
90
376
90
171
90
150
90
3
90
225
90
377
90
381
90
3
90
381
90
243
90
225
90
3
90
170
90
378
90
382
90
3
90
382
90
148
90
170
90
3
90
260
90
383
90
379
90
3
90
379
90
242
90
260
90
3
90
148
90
382
90
380
90
3
90
380
90
150
90
148
90
3
90
243
90
381
90
384
90
3
90
384
90
261
90
243
90
3
90
385
90
386
90
387
90
3
90
388
90
385
90
387
90
3
90
389
90
388
90
387
90
3
90
390
90
389
90
387
90
3
90
391
90
390
90
387
90
3
90
383
90
391
90
387
90
3
90
379
90
383
90
387
90
3
90
375
90
379
90
387
90
3
90
373
90
375
90
387
90
3
90
374
90
373
90
387
90
3
90
378
90
374
90
387
90
3
90
382
90
378
90
387
90
3
90
380
90
382
90
387
90
3
90
376
90
380
90
387
90
3
90
371
90
376
90
387
90
3
90
372
90
371
90
387
90
3
90
377
90
372
90
387
90
3
90
381
90
377
90
387
90
3
90
384
90
381
90
387
90
3
90
392
90
384
90
387
90
3
90
393
90
392
90
387
90
3
90
394
90
393
90
387
90
3
90
395
90
394
90
387
90
3
90
386
90
395
90
387
90
3
90
301
90
393
90
394
90
3
90
394
90
315
90
301
90
3
90
321
90
388
90
389
90
3
90
389
90
311
90
321
90
3
90
311
90
389
90
390
90
3
90
390
90
296
90
311
90
3
90
315
90
394
90
395
90
3
90
395
90
324
90
315
90
3
90
279
90
392
90
393
90
3
90
393
90
301
90
279
90
3
90
326
90
385
90
388
90
3
90
388
90
321
90
326
90
3
90
296
90
390
90
391
90
3
90
391
90
278
90
296
90
3
90
324
90
395
90
386
90
3
90
386
90
328
90
324
90
3
90
261
90
384
90
392
90
3
90
392
90
279
90
261
90
3
90
328
90
386
90
385
90
3
90
385
90
326
90
328
90
3
90
278
90
391
90
383
90
3
90
383
90
260
90
278
94
0
95
0
90
0
1001
CONDUITCAD
1000
{"id":"e-mukasdgh-11w","label":"Hole","feature3d":{"version":1,"kind":"hole","parameters":{"face":1,"u":10,"v":5,"diameter":"10","through":"0","depth":"12","holeType":"1","counterDiameter":18,"counter
1000
Depth":4,"sinkAngle":90,"segments":24},"inputs":["e-mukasc3x-11p"],"suppressed":false,"attachment":{"face":1,"vertices":[4,5,6,7],"vertexCount":8,"faceCount":6}},"model3dConsumed":false,"model3dUserHi
1000
dden":false}
0
ENDSEC
0
SECTION
2
OBJECTS
0
DICTIONARY
5
872
330
0
100
AcDbDictionary
281
1
3
ACAD_LAYOUT
350
873
3
ACAD_GROUP
350
874
3
CONDUITCAD_METADATA
350
877
0
DICTIONARY
5
873
330
872
100
AcDbDictionary
281
1
3
Model
350
875
3
Layout1
350
876
0
DICTIONARY
5
874
330
872
100
AcDbDictionary
281
1
0
LAYOUT
5
875
330
873
100
AcDbPlotSettings
1

2

4

6

40
0
41
0
42
0
43
0
44
420
45
297
46
0
47
0
48
0
49
0
140
0
141
0
142
1
143
1
70
0
72
1
73
0
74
5
7

75
16
76
0
77
0
78
300
147
1
148
0
149
0
100
AcDbLayout
1
Model
70
1
71
0
10
0
20
0
11
420
21
297
12
0
22
0
32
0
14
0
24
0
34
0
15
420
25
297
35
0
146
0
13
0
23
0
33
0
16
1
26
0
36
0
17
0
27
1
37
0
76
0
330
5C9
0
LAYOUT
5
876
330
873
100
AcDbPlotSettings
1

2

4

6

40
0
41
0
42
0
43
0
44
420
45
297
46
0
47
0
48
0
49
0
140
0
141
0
142
1
143
1
70
0
72
1
73
0
74
5
7

75
16
76
0
77
0
78
300
147
1
148
0
149
0
100
AcDbLayout
1
Layout1
70
1
71
1
10
0
20
0
11
420
21
297
12
0
22
0
32
0
14
0
24
0
34
0
15
420
25
297
35
0
146
0
13
0
23
0
33
0
16
1
26
0
36
0
17
0
27
1
37
0
76
0
330
5CA
0
XRECORD
5
877
330
872
100
AcDbXrecord
280
1
1
{"parameters":{"grid":"10","pipeWidth":"2","valveSize":"64"},"constraints":[],"metadata":{"author":"","description":""}}
0
ENDSEC
0
EOF
